﻿<xml><article id="47232490" name="Aviso de Anulacao da Nota de Emp" idOficio="11500939" pubName="DO3" artType="Aviso de Anulação" pubDate="02/01/2026" artClass="00070:00019:00004:00005:00002:00002:00000:00000:00000:00000:00108:00000" artCategory="Poder Judiciário/Tribunal Regional Eleitoral do Ceará/Diretoria-Geral/Secretaria de Administração/Coordenadoria de Material e Patrimônio/Seção de Licitações e Contratos" artSize="12" artNotes="ok" numberPage="155" pdfPage="http://pesquisa.in.gov.br/imprensa/jsp/visualiza/index.jsp?data=02/01/2026&amp;jornal=530&amp;pagina=155" editionNumber="1" highlightType="" highlightPriority="" highlight="" highlightimage="" highlightimagename="" idMateria="23465746">
  <body>
    <Identifica><![CDATA[ AVISO DE ANULAÇÃO]]></Identifica>
    <Data><![CDATA[]]></Data>
    <Ementa />
    <Titulo />
    <SubTitulo />
    <Texto><![CDATA[<p class="identifica">AVISO DE ANULAÇÃO</p><p>ANULAÇÃO DE NOTA DE EMPENHO</p><p>A Diretora-Geral do Tribunal Regional Eleitoral do Ceará FAZ SABER que anulou a Nota de Empenho 2025NE000736, emitida em nome da empresa TRÊS D INDÚSTRIA COMÉRCIO E SERVIÇOS LTDA, CNPJ 36.346.785/0001-04, no valor de R$ 6.915,48 (seis mil, novecentos e quinze reais e quarenta e oito centavos), para aquisição de placa de identificação. Processo SEI n.º 2025.0.000018117-0. Assina, pelo TRE, Orleanes Cavalcanti de Oliveira Viana Gomes, Diretora-Geral do TRE-CE. DATA: 29/12/2025</p><p class="assina">Orleanes Cavalcanti de Oliveira Viana Gomes</p><p></p>]]></Texto>
  </body>
  <Midias />
</article></xml>