﻿<xml><article id="47239099" name="2025-12-28/11497651/COMPRASNETWS" idOficio="11497651" pubName="DO3" artType="Extrato de Contrato" pubDate="02/01/2026" artClass="00025:00083:00000:00000:00000:00000:00000:00000:00000:00000:00030:00001" artCategory="Ministério da Educação/Instituto Federal de Educação, Ciência e Tecnologia de Santa Catarina" artSize="12" artNotes="" numberPage="22" pdfPage="http://pesquisa.in.gov.br/imprensa/jsp/visualiza/index.jsp?data=02/01/2026&amp;jornal=530&amp;pagina=22" editionNumber="1" highlightType="" highlightPriority="" highlight="" highlightimage="" highlightimagename="" idMateria="23461131">
  <body>
    <Identifica><![CDATA[ EXTRATO DE CONTRATO Nº 212/2025 - UASG 158516]]></Identifica>
    <Data><![CDATA[]]></Data>
    <Ementa />
    <Titulo />
    <SubTitulo />
    <Texto><![CDATA[<p class="identifica">EXTRATO DE CONTRATO Nº 212/2025 - UASG 158516</p><p>Nº Processo: 23292.028494/2025-11.</p><p>Dispensa Nº 273/2025. Contratante: INST.FED.DE EDUC.,CIENC.E TEC.DE STA.CAT/IFSC.</p><p>Contratado: 22.656.883/0001-25 - QPRO SOLUCOES EM AUDIO LTDA. Objeto: Licença de software de edição de partitura musical para orquestra de jaraguá do sul-centro,.</p><p>Fundamento Legal: LEI 14.133/2021 - Artigo: 75 - Inciso: III - Alinea: B. Vigência: 10/11/2025 a 10/11/2026. Valor Total: R$ 4.431,18. Data de Assinatura: 03/11/2025.</p><p>(COMPRASNET 4.0 - 28/12/2025).</p>]]></Texto>
  </body>
  <Midias />
</article></xml>