﻿<xml><article id="47232261" name="SISEDI PARA 2 DE JANEIRO DE 2026" idOficio="11503967" pubName="DO3" artType="Edital de Notificação" pubDate="02/01/2026" artClass="00044:00020:00002:00000:00000:00000:00000:00000:00000:00000:00063:00000" artCategory="Ministério da Previdência Social/Instituto Nacional do Seguro Social/Presidência" artSize="12" artNotes="" numberPage="115" pdfPage="http://pesquisa.in.gov.br/imprensa/jsp/visualiza/index.jsp?data=02/01/2026&amp;jornal=530&amp;pagina=115" editionNumber="1" highlightType="" highlightPriority="" highlight="" highlightimage="" highlightimagename="" idMateria="23470854">
  <body>
    <Identifica><![CDATA[ EDITAL DE NOTIFICAÇÃO]]></Identifica>
    <Data><![CDATA[]]></Data>
    <Ementa />
    <Titulo />
    <SubTitulo />
    <Texto><![CDATA[<p class="identifica">EDITAL DE NOTIFICAÇÃO</p><p>Conforme inciso IV do parágrafo 2º do art. 69 da Lei 8.212/91 e art. 26 da Lei 9.784/99, ficam NOTIFICADOS os cidadãos abaixo listados por meio deste edital para (1) manifestação em revisão de autotutela administrativa e (2) comparecimento ou representação em data, horário e local abaixo determinados. Faculta-se o prazo legal contado a partir do primeiro dia útil após quinze dias da publicação deste edital para apresentar defesa, provas ou documentos dos quais dispuser; interpor recurso ou ressarcir o erário. O acesso aos autos e/ou manifestação poderá ser realizado por meio dos canais remotos. Decorrido o prazo legal ou data de convocação, o Processo Administrativo terá continuidade independentemente do comparecimento ou manifestação do interessado.</p><p>APRESENTAÇÃO DE DEFESA, PROVAS OU DOCUMENTOS: Maria Aldalice Lima de Melo (NB: 5315279967, CPF: 473*****00, Protocolo: 1723344372); Antonio Aires de Almeida (NB: 6074382674, CPF: 304*****91, Protocolo: 424650356); Francisca Chagas da Silva (NB: 1028840800, CPF: 001*****00, Protocolo: 487081360, Representante Legal: Francisco Goncalves da Silva, CPF 607*****34); Cleide Moreira de Mendonca (NB: 6103082580, CPF: 898*****72, Protocolo: 1243857256); Beatriz de Paula Silva (NB: 5221150332, CPF: 896*****49, Protocolo: 1689296409); Francisca Pereira de Sousa (NB: 5171032560, CPF: 260*****53, Protocolo: 252279791); Maria Felicia de Oliveira (NB: 1272422981, CPF: 010*****05, Protocolo: 2060695844); Hugo Schott (NB: 5240838018, CPF: 562*****34, Protocolo: 645267693); Marco Antonio Souza Soares Barbosa (NB: 1134344349, CPF: 300*****15, Protocolo: 1308088353); Antonio Boaventura Carneiro (NB: 6031078442, CPF: 104*****20, Protocolo: 1927764327); Eva Aureta Schons (NB: 6168021268, CPF: 657*****68, Protocolo: 1440298313); Murilo Porto Dias (NB: 6228864380, CPF: 141*****31, Protocolo: 1314796493, Representante Legal: Amanda de Souza Porto Dias, CPF 045*****38); Zilda Moreira de Souza (NB: 7137606343, CPF: 035*****53, Protocolo: 2049289757); Dinah da Costa Lima (NB: 7144444116, CPF: 624*****34, Protocolo: 961422201); Iolanda Pinheiro de Sousa (NB: 7131825990, CPF: 153*****68, Protocolo: 1007134050); Loide Silva (NB: 7014633652, CPF: 406*****00, Protocolo: 49732738); Ernane Guedes (NB: 5214321720, CPF: 683*****68, Protocolo: 199898638);</p><p>INTERPOSIÇÃO DE RECURSO: Bruno Guedes Pereira (NB: 5352289172, CPF: 355*****11, Representante Legal: Adao Batista Pereira, CPF 101*****74); Acyr Goncalves Pinto (NB: 7130296306, CPF: 355*****49, Protocolo: 1720551176);</p><p>RESSARCIMENTO AO ERÁRIO: Ana Escarban (NB: 1338266559, CPF: 016*****66, Protocolo: 1833024644);</p><p class="assina">Gilberto Waller Junior</p><p class="cargo">Presidente</p>]]></Texto>
  </body>
  <Midias />
</article></xml>