﻿<xml><article id="47238645" name="2025-12-30/11501968/COMPRASNETWS" idOficio="11501968" pubName="DO3" artType="Extrato de Contrato" pubDate="02/01/2026" artClass="00033:00046:00015:00000:00000:00000:00000:00000:00000:00000:00030:00001" artCategory="Ministério da Justiça e Segurança Pública/Polícia Rodoviária Federal/Superintendência Regional da Policia Rodoviária Federal  em Goiás" artSize="12" artNotes="" numberPage="106" pdfPage="http://pesquisa.in.gov.br/imprensa/jsp/visualiza/index.jsp?data=02/01/2026&amp;jornal=530&amp;pagina=106" editionNumber="1" highlightType="" highlightPriority="" highlight="" highlightimage="" highlightimagename="" idMateria="23467131">
  <body>
    <Identifica><![CDATA[ EXTRATO DE CONTRATO Nº 11/2025 - UASG 200121]]></Identifica>
    <Data><![CDATA[]]></Data>
    <Ementa />
    <Titulo />
    <SubTitulo />
    <Texto><![CDATA[<p class="identifica">EXTRATO DE CONTRATO Nº 11/2025 - UASG 200121</p><p>Nº Processo: 08662.016916/2025-66.</p><p>Pregão Nº 90007/2025. Contratante: SUPERINTENDENCIA DA PRF EM GOIAS.</p><p>Contratado: 39.685.137/0001-62 - LIMA SERVICOS AMBIENTAIS LTDA. Objeto: O objeto do presente instrumento é a contratação de serviços comuns de dedetização em geral,</p><p>desinsetização, desratização e descupinização, de modo que se eliminem roedores, aracnídeos e insetos voadores e</p><p>rasteiros, de forma periódica e preventiva, bem como desalojamento e/ou prevenção contra a ocupação de aves e</p><p>morcegos, com fornecimento de material/substâncias adequados às finalidades elencadas, autorizados pela</p><p>vigilância sanitária e empregados por mão de obra qualificada, objetivando manter todos os ambientes das unidades</p><p>operacionais e administrativas da sprf-go permanentemente higienizados e livres das citadas pragas, nas</p><p>condições estabelecidas no termo de referência..</p><p>Fundamento Legal: LEI 14.133/2021. Vigência: 02/01/2026 a 02/01/2028. Valor Total: R$ 28.908,82. Data de Assinatura: 29/12/2025.</p><p>(COMPRASNET 4.0 - 30/12/2025).</p>]]></Texto>
  </body>
  <Midias />
</article></xml>