﻿<xml><article id="47232616" name="PILARPE" idOficio="11499196" pubName="DO3" artType="Aviso" pubDate="02/01/2026" artClass="00075:00002:00097:00000:00000:00000:00000:00000:00000:00000:00107:00000" artCategory="Prefeituras/Estado de Alagoas/Prefeitura Municipal de Pilar" artSize="12" artNotes="" numberPage="160" pdfPage="http://pesquisa.in.gov.br/imprensa/jsp/visualiza/index.jsp?data=02/01/2026&amp;jornal=530&amp;pagina=160" editionNumber="1" highlightType="" highlightPriority="" highlight="" highlightimage="" highlightimagename="" idMateria="23463168">
  <body>
    <Identifica><![CDATA[AVISO DE LICITAÇÃO]]></Identifica>
    <Data><![CDATA[Pilar-AL, 29 de dezembro de 2025.]]></Data>
    <Ementa />
    <Titulo />
    <SubTitulo />
    <Texto><![CDATA[<p class="identifica">AVISO DE LICITAÇÃO</p><p class="identifica">Pregão Eletrônico nº 90048/2025 - UASG - 982837</p><p>O Município de Pilar/AL, pessoa jurídica de direito público interno, torna público a publicação da licitação. Pregão Eletrônico nº 90048/2025. Objeto: Registro de Preços para futura e eventual aquisição de eletrodomésticos e eletrônicos. Data: 19 de janeiro de 2026, às 09:00h. Local: www.comprasnet.gov.br, Edital Disponível também no Portal de Pilar: https://sistema-smas.com.br/pncp/pilar/editais, informações no E-mail: licitacao@pilar.al.gov.br</p><p class="data">Pilar-AL, 29 de dezembro de 2025.</p><p class="assina">Paulo Sérgio Gomes Freitas</p><p class="cargo">Pregoeiro</p>]]></Texto>
  </body>
  <Midias />
</article></xml>