﻿<xml><article id="47237400" name="2025-12-30/11503148/COMPRASNETWS" idOficio="11503148" pubName="DO3" artType="Extrato de Termo Aditivo" pubDate="02/01/2026" artClass="00040:00024:00044:00000:00000:00000:00000:00000:00000:00000:00053:00001" artCategory="Ministério do Planejamento e Orçamento/Fundação Instituto Brasileiro de Geografia e Estatística/Unidade Estadual no Rio de Janeiro" artSize="12" artNotes="" numberPage="110" pdfPage="http://pesquisa.in.gov.br/imprensa/jsp/visualiza/index.jsp?data=02/01/2026&amp;jornal=530&amp;pagina=110" editionNumber="1" highlightType="" highlightPriority="" highlight="" highlightimage="" highlightimagename="" idMateria="23468579">
  <body>
    <Identifica><![CDATA[ EXTRATO DE TERMO ADITIVO Nº 2/2025 - UASG 114631]]></Identifica>
    <Data><![CDATA[]]></Data>
    <Ementa />
    <Titulo />
    <SubTitulo />
    <Texto><![CDATA[<p class="identifica">EXTRATO DE TERMO ADITIVO Nº 2/2025 - UASG 114631</p><p>Número do Contrato: 11/2024.</p><p>Nº Processo: 03633.000073/2024-29.</p><p>Pregão. Nº 90004/2024. Contratante: UNIDADE ESTADUAL DO IBGE NO RIO DE JANEIRO. Contratado: 23.314.240/0001-66 - AVANTE MARKETING E LOGISTICA LTDA. Objeto: Prorrogação do prazo de vigência por 12 meses e acréscimo de 21,43% ao quantitativo do contrato. Vigência: 01/01/2026 a 01/01/2027. Valor Total Atualizado do Contrato: R$ 603.960,36. Data de Assinatura: 26/12/2025.</p><p>(COMPRASNET 4.0 - 26/12/2025).</p>]]></Texto>
  </body>
  <Midias />
</article></xml>