﻿<xml><article id="47236869" name="2025-12-31/11504072/COMPRASNETWS" idOficio="11504072" pubName="DO3" artType="Extrato de Termo Aditivo" pubDate="02/01/2026" artClass="00025:00074:00029:00000:00000:00000:00000:00000:00000:00000:00053:00001" artCategory="Ministério da Educação/Instituto Federal de Educação, Ciência e Tecnologia da Paraíba/Campus Itabaiana" artSize="12" artNotes="" numberPage="20" pdfPage="http://pesquisa.in.gov.br/imprensa/jsp/visualiza/index.jsp?data=02/01/2026&amp;jornal=530&amp;pagina=20" editionNumber="1" highlightType="" highlightPriority="" highlight="" highlightimage="" highlightimagename="" idMateria="23470997">
  <body>
    <Identifica><![CDATA[ EXTRATO DE TERMO ADITIVO Nº 1/2025 - UASG 155894]]></Identifica>
    <Data><![CDATA[]]></Data>
    <Ementa />
    <Titulo />
    <SubTitulo />
    <Texto><![CDATA[<p class="identifica">EXTRATO DE TERMO ADITIVO Nº 1/2025 - UASG 155894</p><p>Número do Contrato: 9/2024.</p><p>Nº Processo: 23798.000628/2024-67.</p><p>Pregão. Nº 90011/2024. Contratante: IFPB - CAMPUS ITABAIANA. Contratado: 10.181.964/0001-37 - OCA VIAGENS E TURISMO DA AMAZONIA LIMITADA. Objeto: Prorrogação da vigência do Contrato N° 09/2024 por mais 12 meses, a partir de 09/01/2026 a 09/01/2027.. Vigência: 09/01/2026 a 09/01/2027. Valor Total Atualizado do Contrato: R$ 92.249,67. Data de Assinatura: 30/12/2025.</p><p>(COMPRASNET 4.0 - 30/12/2025).</p>]]></Texto>
  </body>
  <Midias />
</article></xml>