﻿<xml><article id="47238210" name="2025-12-31/11504078/COMPRASNETWS" idOficio="11504078" pubName="DO3" artType="Extrato de Contrato" pubDate="02/01/2026" artClass="00025:00130:00000:00000:00000:00000:00000:00000:00000:00000:00030:00001" artCategory="Ministério da Educação/Universidade Federal de São Paulo" artSize="12" artNotes="" numberPage="92" pdfPage="http://pesquisa.in.gov.br/imprensa/jsp/visualiza/index.jsp?data=02/01/2026&amp;jornal=530&amp;pagina=92" editionNumber="1" highlightType="" highlightPriority="" highlight="" highlightimage="" highlightimagename="" idMateria="23471003">
  <body>
    <Identifica><![CDATA[ EXTRATO DE CONTRATO Nº 190/2025 - UASG 153031]]></Identifica>
    <Data><![CDATA[]]></Data>
    <Ementa />
    <Titulo />
    <SubTitulo />
    <Texto><![CDATA[<p class="identifica">EXTRATO DE CONTRATO Nº 190/2025 - UASG 153031</p><p>Nº Processo: 23089.032063/2025-64.</p><p>Dispensa Nº 654/2025. Contratante: UNIFESP-UNIVERSIDADE FEDERAL DE SAO PAULO.</p><p>Contratado: 07.437.996/0001-46 - FUNDACAO DE APOIO A UNIVERSIDADE FEDERAL DE SAO PAULO. Objeto: Prestação de serviço de gerenciamento financeiro e administrativo do projeto "cursinho popular helena pignateri".</p><p>Fundamento Legal: LEI 14.133/2021 - Artigo: 75 - Inciso: XV. Vigência: 31/12/2025 a 29/12/2026. Valor Total: R$ 200.000,00. Data de Assinatura: 30/12/2025.</p><p>(COMPRASNET 4.0 - 31/12/2025).</p>]]></Texto>
  </body>
  <Midias />
</article></xml>