﻿<xml><article id="47232255" name="COHAB BAIXADA SANTISTA -31-12-Li" idOficio="11503453" pubName="DO3" artType="Aviso de Licitação" pubDate="02/01/2026" artClass="00074:00025:00012:00000:00000:00000:00000:00000:00000:00000:00079:00000" artCategory="Governo do Estado/Governo do Estado de São Paulo/Companhia de Habitação da Baixada Santista" artSize="12" artNotes="" numberPage="160" pdfPage="http://pesquisa.in.gov.br/imprensa/jsp/visualiza/index.jsp?data=02/01/2026&amp;jornal=530&amp;pagina=160" editionNumber="1" highlightType="" highlightPriority="" highlight="" highlightimage="" highlightimagename="" idMateria="23468999">
  <body>
    <Identifica><![CDATA[ AVISO DE LICITAÇÃO Nº 11/2025]]></Identifica>
    <Data><![CDATA[ Santos, 30 de dezembro de 2025.  ]]></Data>
    <Ementa />
    <Titulo />
    <SubTitulo />
    <Texto><![CDATA[<p>CNPJ nº 58.158.635/0001-00</p><p class="identifica">AVISO DE LICITAÇÃO Nº 11/2025</p><p>A Companhia de Habitação da Baixada Santista COHAB SANTISTA, situada na Praça dos Andradas nº 12, 5º Andar - Centro - Santos, CEP 11.010-904, comunica que, de acordo com a Lei Federal 13.303/2016, está procedendo à licitação nº 011/2025, pregão eletrônico, tipo maior desconto, processo nº 849/2025. OBJETO: Contratação de empresa de engenharia especializada para a execução de serviços técnicos de diagnóstico, planejamento, remoção, manejo, transporte e destinação final ambientalmente adequada dos resíduos sólidos gerados pela remoção de moradias onde as famílias serão atendidas no Conjunto Habitacional Cubatão WZ e Conjunto Habitacional Novo Horizonte. Início do prazo para envio da proposta eletrônica: 06/01/2026 - Abertura: 28/01/2026 às 10:00 horas. A sessão pública será realizada no endereço eletrônico www.bll.org.br. O edital poderá ser consultado no site www.cohabsantista.com.br.</p><p class="data">Santos, 30 de dezembro de 2025.</p><p class="assina">Maurício Prado</p><p class="cargo">Diretor Presidente</p>]]></Texto>
  </body>
  <Midias />
</article></xml>