﻿<xml><article id="47237154" name="2025-12-31/11504031/SICONV_23470" idOficio="11504031" pubName="DO3" artType="Extrato de Convênio" pubDate="02/01/2026" artClass="00032:00029:00000:00000:00000:00000:00000:00000:00000:00000:00031:00001" artCategory="Ministério da Integração e do Desenvolvimento Regional/Secretaria Nacional de Políticas de Desenvolvimento Regional e Territorial" artSize="12" artNotes="" numberPage="99" pdfPage="http://pesquisa.in.gov.br/imprensa/jsp/visualiza/index.jsp?data=02/01/2026&amp;jornal=530&amp;pagina=99" editionNumber="1" highlightType="" highlightPriority="" highlight="" highlightimage="" highlightimagename="" idMateria="23470941">
  <body>
    <Identifica><![CDATA[ EXTRATO DE CONVÊNIO]]></Identifica>
    <Data><![CDATA[]]></Data>
    <Ementa />
    <Titulo />
    <SubTitulo />
    <Texto><![CDATA[<p class="identifica">EXTRATO DE CONVÊNIO</p><p>Espécie: Convênio Código 990767, Nº Processo: 59000023850202595, Concedente: MINISTÉRIO DA INTEGRAÇÃO E DO DESENVOLVIMENTO REGIONAL, Convenente: MUNICIPIO DE ARATUBA CNPJ nº 07387525000170, Objeto: Pavimentação na Zona Rural do município de Aratuba - CE., Valor Total: R$ 1.650.000,00, Valor de Contrapartida: R$ 26.500,00, Valor a ser transferido ou descentralizado por exercício: 2025 - R$ 1.623.500,00, Crédito Orçamentário: Num Empenho: 2025NE001689, Valor: R$ 1.623.500,00, PTRES: 258247, Fonte Recurso: 3129000000, ND: 444042, Vigência: 29/12/2025 a 29/12/2029, Data de Assinatura: 29/12/2025, Signatários: Concedente: DANIEL ALEX FORTUNATO CPF nº ***.182.211-**, Convenente: JOERLY RODRIGUES VICTOR CPF nº ***.684.543-**.</p>]]></Texto>
  </body>
  <Midias />
</article></xml>