﻿<xml><article id="47231972" name="2025_12_30_Extrato rescisao DIGE" idOficio="11502976" pubName="DO3" artType="Extrato de Rescisão" pubDate="02/01/2026" artClass="00025:00070:00000:00000:00000:00000:00000:00000:00000:00000:00106:00000" artCategory="Ministério da Educação/Instituto Federal de Educação, Ciência e Tecnologia de Mato Grosso do Sul" artSize="12" artNotes="" numberPage="19" pdfPage="http://pesquisa.in.gov.br/imprensa/jsp/visualiza/index.jsp?data=02/01/2026&amp;jornal=530&amp;pagina=19" editionNumber="1" highlightType="" highlightPriority="" highlight="" highlightimage="" highlightimagename="" idMateria="23468387">
  <body>
    <Identifica><![CDATA[ EXTRATO DE RESCISÃO]]></Identifica>
    <Data><![CDATA[]]></Data>
    <Ementa />
    <Titulo />
    <SubTitulo />
    <Texto><![CDATA[<p class="identifica">EXTRATO DE RESCISÃO</p><p>ESPÉCIE: Rescisão do Contrato Administrativo de Prestação de Serviços nº 019/2024 - DIPES/IFMS. Contratante: Instituto Federal de Educação, Ciência e Tecnologia de Mato Grosso do Sul (IFMS). Contratado: ROGÉRIO RIBEIRO ANTONIO. Motivo da Rescisão: O Contrato está sendo rescindido, de acordo com o artigo 12, parágrafo 2º, da Lei nº 8.745, de 9 de dezembro de 1993. Data da rescisão: 24/12/2025. Campus Naviraí.</p>]]></Texto>
  </body>
  <Midias />
</article></xml>