﻿<xml><article id="47232562" name="DOU Betim (1)" idOficio="11503905" pubName="DO3" artType="Extrato de Termo Aditivo" pubDate="02/01/2026" artClass="00025:00071:02616:00000:00000:00000:00000:00000:00000:00000:00053:00000" artCategory="Ministério da Educação/Instituto Federal de Educação, Ciência e Tecnologia de Minas Gerais/Pró-Reitoria de Extensão, Esporte e Cultura" artSize="12" artNotes="" numberPage="19" pdfPage="http://pesquisa.in.gov.br/imprensa/jsp/visualiza/index.jsp?data=02/01/2026&amp;jornal=530&amp;pagina=19" editionNumber="1" highlightType="" highlightPriority="" highlight="" highlightimage="" highlightimagename="" idMateria="23470686">
  <body>
    <Identifica><![CDATA[ extrato de termo aditivo]]></Identifica>
    <Data><![CDATA[]]></Data>
    <Ementa />
    <Titulo />
    <SubTitulo />
    <Texto><![CDATA[<p class="identifica">extrato de termo aditivo</p><p>PRIMEIRO TERMO ADITIVO (Nº 1/2025) AO ACORDO DE COOPERAÇÃO Nº 3/2025/BT</p><p>PRIMEIRO TERMO ADITIVO (Nº 01/2025) AO ACORDO DE COOPERAÇÃO Nº 03/2025/BT. Processo nº. 23792.001196/2024-61. Celebrantes: INSTITUTO FEDERAL DE EDUCAÇÃO, CIÊNCIA E TECNOLOGIA DE MINAS GERAIS - CAMPUS BETIM - E A FUNDAÇÃO ARTHUR BERNARDES. Objeto: alterar o ACORDO DE COOPERAÇÃO Nº 03/2025/BT e seu Plano de Trabalho vinculado, relativo à implementação, consolidação e execução compartilhada da gestão das taxas de inscrição do Projeto de Extensão - ENA PROFMAT 2025/2026 - IFMG - campus Betim - Turma 2025/2026. Fundamento Legal: Lei nº 14.133/21, da Lei nº. 8.958/94 e das demais normas aplicáveis à matéria.</p>]]></Texto>
  </body>
  <Midias />
</article></xml>