﻿<xml><article id="47233739" name="aditivo pregao eletronico n 9002" idOficio="11497841" pubName="DO3" artType="Extrato de Termo Aditivo" pubDate="02/01/2026" artClass="00041:00023:00000:00000:00000:00000:00000:00000:00000:00000:00053:00000" artCategory="Ministério de Portos e Aeroportos/Companhia Docas do Ceará" artSize="12" artNotes="" numberPage="115" pdfPage="http://pesquisa.in.gov.br/imprensa/jsp/visualiza/index.jsp?data=02/01/2026&amp;jornal=530&amp;pagina=115" editionNumber="1" highlightType="" highlightPriority="" highlight="" highlightimage="" highlightimagename="" idMateria="23461402">
  <body>
    <Identifica><![CDATA[extrato de termo aditivo]]></Identifica>
    <Data><![CDATA[]]></Data>
    <Ementa />
    <Titulo />
    <SubTitulo />
    <Texto><![CDATA[<p class="identifica">extrato de termo aditivo</p><p>1º TERMO ADITIVO AO EDITAL DO PREGÃO pregão eletrônico nº 90027/2025</p><p>Objeto: O Coordenador da Coordenadoria de Compras e Licitações - CODCOL da Companhia Docas do Ceará, no uso de suas atribuições legais, considerando a ausência de publicação do aviso de licitação do Pregão Eletrônico nº 90027/2025, cujo objeto é a Contratação de Pessoa Jurídica especializada para fornecimento de assistência à saúde odontológica, através de plano privado, na modalidade de contrato como operadora de plano de assistência à saúde odontológica, na modalidade de contratação coletiva por adesão, custo per capita (faixa etária única), conforme Termo de Referência e demais condições deste Edital e seus anexos, resolve alterar o ato convocatório do referido certame nos seguintes termos:</p><p>Cláusula 1ª - o quadro de ''Datas e Horários'' do Edital do Pregão Eletrônico nº 90027/2025, constante no processo SEI 50900.000964/2025-76, passa a vigorar com a seguinte redação:</p><p>DATAS E HORÁRIOS</p><p>Edital a partir de 02/01/2026, às 10h00min;</p><p>Entrega das propostas a partir de; 02/01/2026, às 10h10min;</p><p>Abertura da sessão pública para lances: 23/01/2026, às 14h00min</p>]]></Texto>
  </body>
  <Midias />
</article></xml>