﻿<xml><article id="47232321" name="ATO EDITAL NA 085-Ed. 006_2025-D" idOficio="11501809" pubName="DO3" artType="Edital" pubDate="02/01/2026" artClass="00025:00160:00000:00000:00000:00000:00000:00000:00000:00000:00056:00085" artCategory="Ministério da Educação/Fundação Universidade Federal de Sergipe" artSize="12" artNotes="" numberPage="93" pdfPage="http://pesquisa.in.gov.br/imprensa/jsp/visualiza/index.jsp?data=02/01/2026&amp;jornal=530&amp;pagina=93" editionNumber="1" highlightType="" highlightPriority="" highlight="" highlightimage="" highlightimagename="" idMateria="23466968">
  <body>
    <Identifica><![CDATA[ EDITAL DE HOMOLOGAÇÃO Nº 85, DE 30 DE DEZEMBRO DE 2025]]></Identifica>
    <Data><![CDATA[]]></Data>
    <Ementa />
    <Titulo />
    <SubTitulo />
    <Texto><![CDATA[<p class="identifica">EDITAL DE HOMOLOGAÇÃO Nº 85, DE 30 DE DEZEMBRO DE 2025</p><p>A Universidade Federal de Sergipe torna público o resultado final do Processo Seletivo Simplificado para contratação de Professor Substituto, objeto do Edital nº 006/2025, com extrato publicado no D.O.U. em 14/08/2025, e Edital Complementar nº 01, publicado na página do Edital em 04/09/2025, conforme informações que seguem:</p><p /><p></p><table><tr /><tr><td rowspan="1" colspan="5"><p>Departamento de Ciências Florestais / Cidade Universitária Prof. José Aloísio de Campos</p></td></tr><tr><td rowspan="1" colspan="1"><p>Processo</p></td><td rowspan="1" colspan="4"><p>23113.023680/2025-24</p></td></tr><tr><td rowspan="1" colspan="1"><p>Matérias de Ensino</p></td><td rowspan="1" colspan="4"><p>Recuperação de Áreas Degradadas; Produção e Tecnologia de Sementes Florestais; Tópicos Especiais em Conservação da Natureza; Gestão Ambiental em Indústria de Base Florestal; Propagação de Essências Florestais; Avaliação de Impactos Ambientais; Fitossociologia: Fundamentos e Métodos</p></td></tr><tr><td rowspan="1" colspan="1"><p>Disciplinas</p></td><td rowspan="1" colspan="4"><p>Recuperação de Áreas Degradadas; Produção e Tecnologia de Sementes Florestais; Tópicos Especiais em Conservação da Natureza; Gestão Ambiental em Indústria de Base Florestal; Propagação de Essências Florestais; Avaliação de Impactos Ambientais; Fitossociologia: Fundamentos e Métodos.</p></td></tr><tr><td rowspan="1" colspan="5"><p>Resultado Final</p></td></tr><tr><td rowspan="1" colspan="1"><p>Categoria</p></td><td rowspan="1" colspan="1"><p>Classificação</p></td><td rowspan="1" colspan="1"><p>Nome</p></td><td rowspan="1" colspan="1"><p>CPF</p></td><td rowspan="1" colspan="1"><p>Nota</p></td></tr><tr><td rowspan="1" colspan="1"><p>Ampla Concorrência</p></td><td rowspan="1" colspan="1"><p>1º LUGAR</p></td><td rowspan="1" colspan="1"><p>SHEILA VALERIA ALVARES CARVALHO</p></td><td rowspan="1" colspan="1"><p>***.836.705-**</p></td><td rowspan="1" colspan="1"><p>86,00</p></td></tr><tr><td rowspan="1" colspan="1" /><td rowspan="1" colspan="1"><p>2º LUGAR</p></td><td rowspan="1" colspan="1"><p>VALDINETE VIEIRA NUNES</p></td><td rowspan="1" colspan="1"><p>***.912.555-**</p></td><td rowspan="1" colspan="1"><p>85,92</p></td></tr><tr><td rowspan="1" colspan="1" /><td rowspan="1" colspan="1"><p>3º LUGAR</p></td><td rowspan="1" colspan="1"><p>MARIA FERNANDA TORRES OLIVEIRA</p></td><td rowspan="1" colspan="1"><p>***.844.165-**</p></td><td rowspan="1" colspan="1"><p>78,60</p></td></tr><tr><td rowspan="1" colspan="1"><p>Cotas (Lei nº 15.142/2025)</p></td><td rowspan="1" colspan="1"><p>1º LUGAR</p></td><td rowspan="1" colspan="1"><p>MARIA FERNANDA TORRES OLIVEIRA</p></td><td rowspan="1" colspan="1"><p>***.844.165-**</p></td><td rowspan="1" colspan="1"><p>78,60</p></td></tr><tr><td rowspan="1" colspan="1"><p>Cotas (Decreto nº 9.508/2018)</p></td><td rowspan="1" colspan="4"><p>Não houve candidatos aprovados</p></td></tr></table><p>ANDRÉ MAURÍCIO CONCEIÇÃO DE SOUZA</p><p class="cargo">Reitor</p>]]></Texto>
  </body>
  <Midias />
</article></xml>