﻿<xml><article id="47237235" name="2025-12-31/11504074/COMPRASNETWS" idOficio="11504074" pubName="DO3" artType="Extrato de Contrato" pubDate="02/01/2026" artClass="00033:00045:00000:00000:00000:00000:00000:00000:00000:00000:00030:00001" artCategory="Ministério da Justiça e Segurança Pública/Polícia Federal" artSize="12" artNotes="" numberPage="105" pdfPage="http://pesquisa.in.gov.br/imprensa/jsp/visualiza/index.jsp?data=02/01/2026&amp;jornal=530&amp;pagina=105" editionNumber="1" highlightType="" highlightPriority="" highlight="" highlightimage="" highlightimagename="" idMateria="23470999">
  <body>
    <Identifica><![CDATA[ EXTRATO DE CONTRATO Nº 82/2025 - UASG 200334]]></Identifica>
    <Data><![CDATA[]]></Data>
    <Ementa />
    <Titulo />
    <SubTitulo />
    <Texto><![CDATA[<p class="identifica">EXTRATO DE CONTRATO Nº 82/2025 - UASG 200334</p><p>Nº Processo: 08200.047341/2025-61.</p><p>Pregão Nº 90031/2024. Contratante: COORDENACAO GERAL DE ADMINISTRACAO CGAD/DLOG/.</p><p>Contratado: 355.XXX.XXX-40 - ANTONIO AMARAL VILAS BOAS NETO. Objeto: Aquisição de placas balísticas do tipo stand alone (conjunto frontal e dorsal) e coletes modulares porta placa balística do tipo plate carrier, nos termos da tabela abaixo e nas condições estabelecidas no termo de referência.junto à empresa burn proof gear llc inscritan no ein (cnpj) nº us 47-5262226.</p><p>Fundamento Legal: LEI 14.133/2021. Vigência: 29/12/2025 a 29/12/2026. Valor Total: R$ 6.905.190,18. Data de Assinatura: 29/12/2025.</p><p>(COMPRASNET 4.0 - 30/12/2025).</p>]]></Texto>
  </body>
  <Midias />
</article></xml>