﻿<xml><article id="47231599" name="7004546046 - Divulgacao DOU" idOficio="11492549" pubName="DO3" artType="Aviso de Licitação" pubDate="02/01/2026" artClass="00035:00056:00063:00000:00000:00000:00000:00000:00000:00000:00079:00000" artCategory="Ministério de Minas e Energia/Petróleo Brasileiro S.A./Petrobras Transporte S.A." artSize="12" artNotes="" numberPage="108" pdfPage="http://pesquisa.in.gov.br/imprensa/jsp/visualiza/index.jsp?data=02/01/2026&amp;jornal=530&amp;pagina=108" editionNumber="1" highlightType="" highlightPriority="" highlight="" highlightimage="" highlightimagename="" idMateria="23453413">
  <body>
    <Identifica><![CDATA[ AVISO DE LICITAÇÃO Nº 7004546046]]></Identifica>
    <Data><![CDATA[]]></Data>
    <Ementa />
    <Titulo />
    <SubTitulo />
    <Texto><![CDATA[<p></p><p class="identifica">AVISO DE LICITAÇÃO Nº 7004546046</p><p>Objeto: Serviço de movimentação de carga com caminhão Munck e guindaste no Rio de Janeiro..</p><p>Abertura das propostas em 16/01/2026 às 12h00.</p><p>Início da disputa em 16/01/2026 às 14h30.</p><p>Obs.: A consulta ao edital e o processamento da licitação serão realizadas no portal www.petronect.com.br.</p><p class="assina">PATRICK MOYSES PROENÇA</p><p class="cargo">Pregoeiro(a)</p>]]></Texto>
  </body>
  <Midias />
</article></xml>