﻿<xml><article id="47238858" name="2025-08-28/11250562/COMPRASNETWS" idOficio="11250562" pubName="DO3" artType="Extrato de Contrato" pubDate="02/01/2026" artClass="00016:00011:00014:00007:00003:00000:00000:00000:00000:00000:00030:00001" artCategory="Ministério da Defesa/Comando do Exército/Comando Militar do Sudeste/2ª Região Militar/Hospital Militar de Área de São Paulo" artSize="12" artNotes="" numberPage="8" pdfPage="http://pesquisa.in.gov.br/imprensa/jsp/visualiza/index.jsp?data=02/01/2026&amp;jornal=530&amp;pagina=8" editionNumber="1" highlightType="" highlightPriority="" highlight="" highlightimage="" highlightimagename="" idMateria="23049469">
  <body>
    <Identifica><![CDATA[ EXTRATO DE CONTRATO Nº 21/2025 - UASG 160495]]></Identifica>
    <Data><![CDATA[]]></Data>
    <Ementa />
    <Titulo />
    <SubTitulo />
    <Texto><![CDATA[<p class="identifica">EXTRATO DE CONTRATO Nº 21/2025 - UASG 160495</p><p>Nº Processo: 64287.003340/2025-72.</p><p>Pregão Nº 90015/2025. Contratante: HOSPITAL MILITAR DE AREA DE SAO PAULO.</p><p>Contratado: 17.858.631/0001-49 - MATRIX COMERCIALIZADORA DE ENERGIA ELETRICA S/A. Objeto: O objeto do presente instrumento é a contratação de o fornecimento de energia elétrica</p><p>na modalidade varejista (aquisição de energia no mercado livre).</p><p>Fundamento Legal: LEI 14.133/2021 - Artigo: 28 - Inciso: I. Vigência: 02/01/2026 a 01/07/2031. Valor Total: R$ 7.552.408,00. Data de Assinatura: 27/08/2025.</p><p>(COMPRASNET 4.0 - 27/08/2025).</p>]]></Texto>
  </body>
  <Midias />
</article></xml>