﻿<xml><article id="47232378" name="DOU 02 01 2026" idOficio="11502692" pubName="DO3" artType="Aviso de Licitação" pubDate="02/01/2026" artClass="00074:00020:00032:00000:00000:00000:00000:00000:00000:00000:00078:00000" artCategory="Governo do Estado/Governo do Estado do Rio Grande do Sul/SUBSECRETARIA DA ADMINISTRAÇÃO CENTRAL DE LICITAÇÕES" artSize="12" artNotes="" numberPage="160" pdfPage="http://pesquisa.in.gov.br/imprensa/jsp/visualiza/index.jsp?data=02/01/2026&amp;jornal=530&amp;pagina=160" editionNumber="1" highlightType="" highlightPriority="" highlight="" highlightimage="" highlightimagename="" idMateria="23467967">
  <body>
    <Identifica><![CDATA[ AVISO DE LICITAÇÃO]]></Identifica>
    <Data><![CDATA[ Porto Alegre-RS, 30 de Dezembro de 2025.]]></Data>
    <Ementa />
    <Titulo />
    <SubTitulo />
    <Texto><![CDATA[<p></p><p class="identifica">AVISO DE LICITAÇÃO</p><p class="identifica">CONCORRÊNCIA nº 3/2026</p><p>Contratação integrada de empresa especializada para a elaboração de projetos básicos e executivos, execução de obra e fornecimento de bens, para a implantação do Centro Estadual de Logística Humanitária (CELOG), a partir da reforma e ampliação de edificação existente. Abertura dia 10/04/2026, às 09 horas. Processo 25/0804-0001681-2. Os dados necessários da referida licitação estão disponíveis nos sites www.compras.rs.gov.br e www.celic.rs.gov.br.</p><p class="data">Porto Alegre-RS, 30 de Dezembro de 2025.</p><p class="assina">Felipe Moreira Cruzeiro</p><p class="cargo">Subsecretário CELIC/SPGG</p><p class="identifica">AVISO DE REVOGAÇÃO</p><p class="identifica">PREGÃO ELETRÔNICO nº 25/2025</p><p>O Diretor Adjunto do DELIC/CELIC, no uso de suas atribuições e nos termos do art. 71 da Lei 14.133/2021, torna pública a Revogação DO LOTE 67 DA ETAPA 02 do Pregão Eletrônico, acima informado, Processo 25/1300-0003607-7. Os dados necessários da referida licitação estão disponíveis nos sites www.celic.rs.gov.br e www.compras.rs.gov.br.</p><p class="data">Porto Alegre-RS, 30 de Dezembro de 2025.</p><p class="assina">Felipe Moreira Cruzeiro</p><p class="cargo">Subsecretário CELIC/SPGG</p>]]></Texto>
  </body>
  <Midias />
</article></xml>