﻿<xml><article id="47237409" name="2025-12-30/11502328/COMPRASNETWS" idOficio="11502328" pubName="DO3" artType="Extrato de Contrato" pubDate="02/01/2026" artClass="00016:00010:00010:00019:00316:00000:00000:00000:00000:00000:00030:00001" artCategory="Ministério da Defesa/Comando da Aeronáutica/Comando de Preparo/II Comando Aéreo Regional/Base Aérea de Natal" artSize="12" artNotes="" numberPage="6" pdfPage="http://pesquisa.in.gov.br/imprensa/jsp/visualiza/index.jsp?data=02/01/2026&amp;jornal=530&amp;pagina=6" editionNumber="1" highlightType="" highlightPriority="" highlight="" highlightimage="" highlightimagename="" idMateria="23467550">
  <body>
    <Identifica><![CDATA[ EXTRATO DO CONTRATO DE CESSÃO DE USO NÃO ONEROSO Nº 12/BANT/2025]]></Identifica>
    <Data><![CDATA[]]></Data>
    <Ementa />
    <Titulo />
    <SubTitulo />
    <Texto><![CDATA[<p class="identifica">EXTRATO DO CONTRATO DE CESSÃO DE USO NÃO ONEROSO Nº 12/BANT/2025</p><p>Nº Processo: 67222.004907/2025-71.</p><p>Alienação nº 246/2025. Contratante: BASE AÉREA DE NATAL.</p><p>Contratado: 08.241.739/0001-05 - ESTADO DO RIO GRANDE DO NORTE. Objeto: Cessão de uso não oneroso das Edificações E-137 e E-138, destinadas à instalação do Centro de Formação e Aperfeiçoamento de Praças (CFAP) do CBMRN. Fundamento Legal: Lei nº 14.133/21. Vigência: 03/11/2025 a 03/11/2030. Data de Assinatura: 03/11/2025.</p><p>(COMPRASNET 4.0 - 30/12/2025).</p>]]></Texto>
  </body>
  <Midias />
</article></xml>