﻿<xml><article id="47231780" name="CAPIMGROSSOADJ" idOficio="11499196" pubName="DO3" artType="Aviso" pubDate="02/01/2026" artClass="00075:00005:00146:00000:00000:00000:00000:00000:00000:00000:00107:00000" artCategory="Prefeituras/Estado da Bahia/Prefeitura Municipal de Capim Grosso" artSize="12" artNotes="" numberPage="161" pdfPage="http://pesquisa.in.gov.br/imprensa/jsp/visualiza/index.jsp?data=02/01/2026&amp;jornal=530&amp;pagina=161" editionNumber="1" highlightType="" highlightPriority="" highlight="" highlightimage="" highlightimagename="" idMateria="23463144">
  <body>
    <Identifica><![CDATA[ AVISO DE ADJUDICAÇÃO E HOMOLOGAÇÃO]]></Identifica>
    <Data><![CDATA[ Capim Grosso - BA, 29 de dezembro de 2025. ]]></Data>
    <Ementa />
    <Titulo />
    <SubTitulo />
    <Texto><![CDATA[<p class="identifica">AVISO DE ADJUDICAÇÃO E HOMOLOGAÇÃO</p><p class="identifica">CREDENCIAMENTO Nº 32/2025</p><p>O Prefeito do Município de Capim Grosso - Bahia, ADJUDICA e HOMOLOGA o resultado do credenciamento nº 032/2025, cujo objeto é Credenciamento para pessoas jurídicas preferencialmente mei (microempreendedor individual) para prestação de serviços de construção, manutenção preventiva e corretiva por meio dos seguintes serviços: pedreiro, auxiliar de pedreiro, carpinteiro, eletricista, encanador, pintor, jardineiro, serralheiro, mestre de obras e pintura artística, para atender às necessidades das Secretarias Municipais de Capim Grosso - Bahia. Credenciado: 64.119.130 Rodrigo Soares Almeida, CNPJ Nº 64.119.130/0001-20, R$ 20.325,00</p><p class="data">Capim Grosso - BA, 29 de dezembro de 2025.</p><p class="assina">José Sivaldo Rios de Carvalho</p>]]></Texto>
  </body>
  <Midias />
</article></xml>