﻿<xml><article id="47236998" name="2025-12-31/11504087/SICONV_23470" idOficio="11504087" pubName="DO3" artType="Extrato de Convênio" pubDate="02/01/2026" artClass="00032:00029:00000:00000:00000:00000:00000:00000:00000:00000:00031:00001" artCategory="Ministério da Integração e do Desenvolvimento Regional/Secretaria Nacional de Políticas de Desenvolvimento Regional e Territorial" artSize="12" artNotes="" numberPage="99" pdfPage="http://pesquisa.in.gov.br/imprensa/jsp/visualiza/index.jsp?data=02/01/2026&amp;jornal=530&amp;pagina=99" editionNumber="1" highlightType="" highlightPriority="" highlight="" highlightimage="" highlightimagename="" idMateria="23470978">
  <body>
    <Identifica><![CDATA[ EXTRATO DE CONVÊNIO]]></Identifica>
    <Data><![CDATA[]]></Data>
    <Ementa />
    <Titulo />
    <SubTitulo />
    <Texto><![CDATA[<p class="identifica">EXTRATO DE CONVÊNIO</p><p>Espécie: Convênio Código 989656, Nº Processo: 59000023350202553, Concedente: MINISTÉRIO DA INTEGRAÇÃO E DO DESENVOLVIMENTO REGIONAL, Convenente: MUNICIPIO DE SANTA RITA DO PARDO CNPJ nº 01561372000150, Objeto: Aquisição de máquinas e equipamentos para o Munícipio de Santa Rita do Pardo/MS, Valor Total: R$ 760.000,00, Valor de Contrapartida: R$ 137.175,00, Valor a ser transferido ou descentralizado por exercício: 2025 - R$ 622.825,00, Crédito Orçamentário: Num Empenho: 2025NE001556, Valor: R$ 622.825,00, PTRES: 258248, Fonte Recurso: 3129000000, ND: 444042, Vigência: 30/12/2025 a 30/09/2028, Data de Assinatura: 30/12/2025, Signatários: Concedente: DANIEL ALEX FORTUNATO CPF nº ***.182.211-**, Convenente: LUCIO ROBERTO CALIXTO COSTA CPF nº ***.411.898-**.</p>]]></Texto>
  </body>
  <Midias />
</article></xml>