﻿<xml><article id="47232595" name="Extrato do Termo de Compromisso" idOficio="11504027" pubName="DO3" artType="Extrato de Compromisso" pubDate="02/01/2026" artClass="00041:00018:00000:00000:00000:00000:00000:00000:00000:00000:00028:00000" artCategory="Ministério de Portos e Aeroportos/Secretaria Nacional de Portos" artSize="12" artNotes="" numberPage="111" pdfPage="http://pesquisa.in.gov.br/imprensa/jsp/visualiza/index.jsp?data=02/01/2026&amp;jornal=530&amp;pagina=111" editionNumber="1" highlightType="" highlightPriority="" highlight="" highlightimage="" highlightimagename="" idMateria="23470937">
  <body>
    <Identifica><![CDATA[ extrato do Termo de Compromisso nº 5/2025]]></Identifica>
    <Data><![CDATA[]]></Data>
    <Ementa />
    <Titulo />
    <SubTitulo />
    <Texto><![CDATA[<p class="identifica">extrato do Termo de Compromisso nº 5/2025</p><p>Processo nº50020.000730/2025-15- Extrato do Termo de Compromisso MPOR nº 005/2025 - TRANSFEREGOV.BR nº 977346/2025, celebrado entre o Ministério de Portos e Aeroportos, inscrito no CNPJ/MF sob o nº 49.582.441/0001-38, e o ESTADO DE SANTA CATARINA, representado pela SECRETARIA DE ESTADO DE PORTOS, AEROPORTOS E FERROVIAS - SPAF, pessoa jurídica de direito público, inscrita no CNPJ/MF sob o nº 50.111.680/0001-99, contando, ainda, com a interveniência da SCPAR PORTO DE IMBITUBA, sociedade de economia mista do Estado de Santa Catarina, inscrita no CNPJ/MF sob o nº 17.315.067/0001-18. Objeto: Elaboração de projeto executivo e execução das obras de recuperação e reforço estrutural do molhe de abrigo do Porto de Imbituba. Data da Assinatura: 29/12/2025. Signatários: BRUNO NERI DA SILVA, pelo Ministério de Portos e Aeroportos (Repassador), JOSÉ ROBERTO MARTINS, pelo Secretaria de Estado de Portos, Aeroportos e Ferrovias -SPAF (Recebedor), CHRISTIANO LOPES DE OLIVEIRA, pela SCPAR PORTO DE IMBITUBA (Interveniente).</p>]]></Texto>
  </body>
  <Midias />
</article></xml>