﻿<xml><article id="47233754" name="EXTRATO DE ATA DE REGISTRO DE PR" idOficio="11504034" pubName="DO3" artType="Extrato da Ata" pubDate="02/01/2026" artClass="00032:00038:00015:00013:00000:00000:00000:00000:00000:00000:00181:00000" artCategory="Ministério da Integração e do Desenvolvimento Regional/Companhia de Desenvolvimento dos Vales do São Francisco e do Parnaíba/4ª Superintendência Regional/Secretaria Regional de Licitações" artSize="12" artNotes="" numberPage="103" pdfPage="http://pesquisa.in.gov.br/imprensa/jsp/visualiza/index.jsp?data=02/01/2026&amp;jornal=530&amp;pagina=103" editionNumber="1" highlightType="" highlightPriority="" highlight="" highlightimage="" highlightimagename="" idMateria="23470945">
  <body>
    <Identifica><![CDATA[ EXTRATO DE REGISTRO DE PREÇOS]]></Identifica>
    <Data><![CDATA[]]></Data>
    <Ementa />
    <Titulo />
    <SubTitulo />
    <Texto><![CDATA[<p></p><p class="identifica">EXTRATO DE REGISTRO DE PREÇOS</p><p>Espécie: Ata de Registro de Preços referente ao Pregão Eletrônico nº 90010/2025, da CODEVASF/4ªSR - Processo nº 59540.000722/2025-66-e. OBJETO: Eventual fornecimento, transporte, carga e descarga de caminhões e veículos, por Sistema de Registro de Preços - SRP, destinados ao atendimento de diversos municípios e comunidades rurais, na área de atuação da 4ª Superintendência Regional da Codevasf, no estado de Sergipe, conforme condições, quantidades e exigências, descritos no Edital. MODALIDADE DE LICITAÇÃO: Pregão Eletrônico nº 90010/2025 - SRP - CODEVASF/4ªSR. FUNDAMENTO: Leis nº 13.303/2016, nº 8.248, de 23/10/91, Lei Complementar nº 123/2006, Decretos: nº 8.538/15, nº 5.450/05 e nº 7.174/10, nº 6.204/07 e 7.892/13. O Resultado foi homologado pelo Diretor Presidente da Codevasf, Sr. LUCAS FELIPE DE OLIVEIRA, através da Resolução da Diretoria Executiva nº 1841/2025, de 26/12/2025, constante à peça113 do Processo nº 59540.000722/2025-66-e e publicado no Diário Oficial da União do dia 30/12/2025, Edição 248, seção 3, página 36. ASSINATURA: 30/12/2025. VIGÊNCIA: 30/12/2025 a 30/12/2026. FORNECEDOR: MANUPA COMÉRCIO EXPORTAÇÃO IMPORTAÇÃO DE EQUIPAMENTOS E VEÍCULOS ADAPTADOS LTDA., CNPJ: 03.093.776/0007-87 - Item 02 - VALOR TOTAL DO ITEM: R$ 2.235.000,00 (dois milhões, duzentos e trinta e cinco mil reais). Esta Ata encontra-se disponível na íntegra no site http://www.codevasf.gov.br/ - CODEVASF/4ªSR. JOCIMÁRIO DIAS DOS SANTOS - Superintendente Regional da Codevasf/4ªSR - DATA: 02/01/2026.</p>]]></Texto>
  </body>
  <Midias />
</article></xml>