﻿<xml><article id="47238183" name="2025-12-30/11503944/COMPRASNETWS" idOficio="11503944" pubName="DO3" artType="Extrato de Contrato" pubDate="02/01/2026" artClass="00025:00052:00013:00000:00000:00000:00000:00000:00000:00000:00030:00001" artCategory="Ministério da Educação/Colégio Pedro II/Campus São Cristovão II" artSize="12" artNotes="" numberPage="16" pdfPage="http://pesquisa.in.gov.br/imprensa/jsp/visualiza/index.jsp?data=02/01/2026&amp;jornal=530&amp;pagina=16" editionNumber="1" highlightType="" highlightPriority="" highlight="" highlightimage="" highlightimagename="" idMateria="23470827">
  <body>
    <Identifica><![CDATA[ EXTRATO DE CONTRATO Nº 2/2025 - UASG 155631]]></Identifica>
    <Data><![CDATA[]]></Data>
    <Ementa />
    <Titulo />
    <SubTitulo />
    <Texto><![CDATA[<p class="identifica">EXTRATO DE CONTRATO Nº 2/2025 - UASG 155631</p><p>Nº Processo: 23778.000004/2025-69.</p><p>Pregão Nº 90030/2024.</p><p>Contratante: COLEGIO PEDRO II - CAMPUS SAO CRISTOVAO II.</p><p>Contratado: 14.892.351/0001-69 - R L P COMERCIO E SERVICOS LTDA.</p><p>Objeto: O objeto do presente instrumento é a contratação de empresa especializada para prestação deserviços de manutenção preventiva e corretiva e serviços correlatos, incluídas instalações e desinstalações, nos aparelhos de ar-condicionado, com assistência técnica e eventual fornecimento de peças, materiais, insumos, componentes de equipamentos e ferramentas necessárias para o bom funcionamento dos sistemas de ar, suprindo a demanda do campus são cristóvão ii do colégio pedro ii, conforme as condições estabelecidas no termo de referência.</p><p>O prazo de vigência da contratação é de 5 (cinco) anos,contados de 10/02/2025, prorrogável por até 10 anos, na forma dos artigos 106 e 107 da lei n.º 14.133 de 2021.</p><p>O valor total da contratação é de r$ 689.998,00 (seiscentos e oitenta e nove mil, novecentos e noventa e oito reais)..</p><p>Fundamento Legal: LEI 14.133/2021.</p><p>Vigência: 10/02/2025 a 10/02/2026.</p><p>Valor Total: R$ 689.998,00.</p><p>Data de Assinatura: 05/02/2025.</p>]]></Texto>
  </body>
  <Midias />
</article></xml>