﻿<xml><article id="47237211" name="2025-12-30/11503821/COMPRASNETWS" idOficio="11503821" pubName="DO3" artType="Extrato de Contrato" pubDate="02/01/2026" artClass="00033:00045:00012:00003:00000:00000:00000:00000:00000:00000:00030:00001" artCategory="Ministério da Justiça e Segurança Pública/Polícia Federal/Diretoria Técnico-Científica/Instituto Nacional de Criminalística" artSize="12" artNotes="" numberPage="105" pdfPage="http://pesquisa.in.gov.br/imprensa/jsp/visualiza/index.jsp?data=02/01/2026&amp;jornal=530&amp;pagina=105" editionNumber="1" highlightType="" highlightPriority="" highlight="" highlightimage="" highlightimagename="" idMateria="23470645">
  <body>
    <Identifica><![CDATA[ EXTRATO DE CONTRATO Nº 43/2025 - UASG 200406]]></Identifica>
    <Data><![CDATA[]]></Data>
    <Ementa />
    <Titulo />
    <SubTitulo />
    <Texto><![CDATA[<p class="identifica">EXTRATO DE CONTRATO Nº 43/2025 - UASG 200406</p><p>Nº Processo: 08201.000236/2025-58.</p><p>Inexigibilidade Nº 264/2025. Contratante: DIRETORIA TECNICO-CIENTIFICA-DITEC/DPF.</p><p>Contratado: 67.774.679/0001-47 - NOVA ANALITICA IMPORTACAO E EXPORTACAO LTDA. Objeto: Contratação de serviços comuns continuados de manutenção preventiva e corretiva do equipamento microscópio eletrônico de varredura com detector de energia dispersiva (mev/eds), modelo phenom pro-x, da marca thermo fisher, que compõe o parque tecnológico do laboratório de microvestígios do serviço de perícias em locais de crime do instituto nacional de criminalística (seploc/dpemap/inc/ditec /pf), contemplando o fornecimento de peças e translado de técnico, a serem executados sem regime de dedicação exclusiva de mão de obra, nas condições estabelecidas no termo de referência..</p><p>Fundamento Legal: LEI 14.133/2021 - Artigo: 74 - Inciso: I. Vigência: 30/12/2025 a 30/12/2030. Valor Total: R$ 1.523.684,06. Data de Assinatura: 30/12/2025.</p><p>(COMPRASNET 4.0 - 30/12/2025).</p>]]></Texto>
  </body>
  <Midias />
</article></xml>