﻿<xml><article id="47232832" name="extrato posse 2026" idOficio="11500561" pubName="DO3" artType="Extrato da Ata" pubDate="02/01/2026" artClass="00071:00460:00000:00000:00000:00000:00000:00000:00000:00000:00181:00000" artCategory="Entidades de Fiscalização do Exercício das Profissões Liberais/CONSELHO REGIONAL DE ODONTOLOGIA DO RIO GRANDE DO SUL" artSize="12" artNotes="" numberPage="158" pdfPage="http://pesquisa.in.gov.br/imprensa/jsp/visualiza/index.jsp?data=02/01/2026&amp;jornal=530&amp;pagina=158" editionNumber="1" highlightType="" highlightPriority="" highlight="" highlightimage="" highlightimagename="" idMateria="23465232">
  <body>
    <Identifica><![CDATA[ AVISO RESULTADO DE ELEIÇÃO]]></Identifica>
    <Data><![CDATA[ Em 2 de janeiro de 2026.]]></Data>
    <Ementa />
    <Titulo />
    <SubTitulo />
    <Texto><![CDATA[<p class="identifica">AVISO RESULTADO DE ELEIÇÃO</p><p>ELEIÇÃO DA DIRETORIA E COMISSÃO DE TOMADA DE CONTAS GESTÃO 2026/2027 DO CONSELHO REGIONAL DE ODONTOLOGIA DO RIO GRANDE DO SUL.</p><p>O Presidente do Conselho Regional de Odontologia do Rio Grande do Sul, CRO/RS, no uso de suas atribuições, nos termos do artigo 8º do Regimento Interno aprovado pela Decisão CFO 04/2022 informa que em 01 de janeiro de 2026 foi realizada a eleição entre os conselheiros efetivos, obedecendo ao ritual estabelecido no artigo 100 do Regimento Eleitoral (Res. CFO 267-2024) e foram eleitos para a Diretoria do CRO/RS, gestão 01/01/2026 a 31/12/2027: Presidente CD Nelson Freitas Eguia, CRO/RS 9659; Secretário CD Everson Martins, CRO/RS 13969 e Tesoureiro CD João Gilberto de Souza, CRO/RS 5960. Conforme artigo 47 do Regimento Interno e 101 do Regimento Eleitoral (Res. CFO 267-2024), o Plenário realizou a eleição dos membros da Comissão de Tomada de Contas, gestão 01/01/2026 a 31/12/2027 sendo eleitos: Presidente CD Daniel Vitor Silva, CRO/RS-CD 8.957; CD Diego Augusto da Rosa Pretto, CRO/RS-CD 12.189 e CD Ângelo Paulo Tomazini Ozelame, CRO/RS-CD 19.624, membros. Os Conselheiros foram empossados em seus respectivos cargos como determina o artigo 100 do Regimento Eleitoral (Resolução CFO 267/2024).</p><p class="data">Em 2 de janeiro de 2026.</p><p class="assina">Nelson Freitas Eguia</p>]]></Texto>
  </body>
  <Midias />
</article></xml>