﻿<xml><article id="47231852" name="EDITAL 3438 - PROF. MAG. SUPERIO" idOficio="11500005" pubName="DO3" artType="Edital" pubDate="02/01/2026" artClass="00025:00111:00001:00000:00000:00000:00000:00000:00000:00000:00056:03438" artCategory="Ministério da Educação/Universidade Federal de Minas Gerais/Reitoria" artSize="24" artNotes="" numberPage="68" pdfPage="http://pesquisa.in.gov.br/imprensa/jsp/visualiza/index.jsp?data=02/01/2026&amp;jornal=530&amp;pagina=68" editionNumber="1" highlightType="" highlightPriority="" highlight="" highlightimage="" highlightimagename="" idMateria="23464175">
  <body>
    <Identifica />
    <Data><![CDATA[]]></Data>
    <Ementa />
    <Titulo />
    <SubTitulo />
    <Texto><![CDATA[<p>a) Prova Didática;</p><p>b) Prova de Títulos;</p><p>c) Prova Escrita.</p><p>11. DA APURAÇÃO DO RESULTADO</p><p>11.1. A apuração do resultado do Concurso será realizada em sessão pública.</p><p>11.2. Os envelopes lacrados, contendo as notas de cada um dos Examinadores, serão abertos, um a um, pelo Presidente da Comissão Examinadora, que lerá, em voz alta, o nome do Examinador, o nome do candidato, a identificação da prova, a nota atribuída e a classificação obtida pelo candidato.</p><p>11.3. O Secretário da Comissão Examinadora anotará, em local visível a todos os presentes, as notas lidas pelo Presidente.</p><p>11.4. Concluída a leitura das notas, o Presidente da Comissão Examinadora verificará quais candidatos obtiveram, de três ou mais Examinadores, a média igual ou superior a setenta pontos, que serão considerados aprovados, enquanto os demais serão considerados reprovados.</p><p>11.5. Os candidatos aprovados serão classificados da seguinte forma:</p><p>I- cada Examinador fará uma lista dos candidatos aprovados, em ordem decrescente de suas respectivas médias, considerados os critérios de desempate previstos no subitem 10.5 deste edital.</p><p>II- para cada Examinador, será considerado indicado aquele candidato que constar do topo de sua lista;</p><p>III- ficará classificado em primeiro lugar o candidato indicado pelo maior número de Examinadores;</p><p>IV- retirado das listas o candidato classificado em primeiro lugar, será classificado em segundo lugar o candidato que alcançar o maior número de posições no topo das listas dos Examinadores, dentre os candidatos remanescentes;</p><p>V- o mesmo procedimento acima será usado sucessivamente para todas as classificações, até o último candidato aprovado.</p><p>11.6. Na hipótese de ocorrer empate, como critérios de desempate, terá preferência, sucessivamente nesta ordem, o candidato que:</p><p>a) tiver idade igual ou superior a 60 (sessenta) anos, conforme estabelece a Lei n.º 10.741/2003 (Estatuto da Pessoa Idosa), sendo considerada para esse fim, a data de realização das provas;</p><p>b) tiver a maior média aritmética simples das notas finais atribuídas pelos Examinadores;</p><p>c) tiver a maior média aritmética das notas atribuídas pelos Examinadores em cada prova, observado o disposto no subitem 10.5 deste Edital;</p><p>d) tiver maior idade;</p><p>e) tiver exercido a função de jurado (conforme artigo 440 do Código de Processo Penal). Para comprovação do exercício da função de jurado serão aceitos (original ou autenticado em cartório) atestados, declarações, certidões ou outro documento público emitido por Tribunais de Justiça Estaduais e Regionais Federais do País. A entrega da documentação que comprove o exercício da função de jurado deverá ocorrer no ato da inscrição.</p><p>11.6.1. Permanecendo ainda o empate, o desempate ocorrerá por sorteio a ser realizado publicamente, durante a sessão de apuração final do resultado do Concurso.</p><p>11.7. Após a promulgação do resultado, será elaborado o Parecer Final da Comissão Examinadora, que conterá, obrigatoriamente:</p><p>I- os quadros de notas e médias atribuídas pelos Examinadores, individualmente, a cada candidato, com a identificação nominal de todos os concorrentes e dos Examinadores;</p><p>II- a relação nominal dos candidatos aprovados;</p><p>III - o(s) nome(s) do(s) candidato(s) indicado(s) para assumir a(s) vaga(s) em Concurso.</p><p>11.8. O Parecer Final da Comissão Examinadora deverá registrar a justificativa de cada um de seus componentes, para as notas atribuídas aos candidatos, avaliados individualmente.</p><p>11.9. O Secretário da Comissão Examinadora lavrará ata de cada prova e sessão do Concurso, as quais serão assinadas por todos os membros da referida Comissão.</p><p>11.10. Concluídos os trabalhos e lavradas as atas, a Comissão Examinadora divulgará os resultados em sessão pública final, em horário e data que serão comunicados aos candidatos, durante a realização do Concurso.</p><p>12. DA HOMOLOGAÇÃO DO RESULTADO FINAL E DA ORDEM DE NOMEAÇÃO</p><p>12.1. O Parecer Final da Comissão Examinadora, com resultado final do Concurso, será submetido, findo o prazo de recurso, à consideração da Câmara Departamental.</p><p>12.1.1. A homologação do Parecer Final da Comissão Examinadora pela Câmara Departamental, ou instância equivalente, observará as seguintes condições:</p><p>I - Na ausência de candidatos cotistas aprovados, a homologação poderá ocorrer após o decurso do prazo recursal contra o resultado do parecer final da comissão examinadora e desde que não haja recurso pendente de resposta.</p><p>II - Quando houver candidatos cotistas aprovados, a homologação somente ocorrerá após a conclusão dos procedimentos de confirmação complementar à autodeclaração (para pessoas pretas, pardas, indígenas ou quilombolas) e/ou de caracterização da deficiência (para pessoas com deficiência), incluindo resposta à eventual interposição de recurso.</p><p>12.2. Será publicado no Diário Oficial da União o Edital de resultado final do Concurso público, com a relação dos candidatos aprovados no certame por ordem de classificação.</p><p>12.2.1. O resultado final será publicado em cinco listas: ampla concorrência; pessoas pretas e pardas; indígenas; quilombolas; e pessoas com deficiência.</p><p>12.2.2. Na lista de ampla concorrência deverão figurar todos os candidatos aprovados, inclusive os inscritos nas vagas reservadas para candidatos autodeclarados pessoas pretas e pardas, indígenas e quilombolas e para pessoas com deficiência, por ordem decrescente de classificação.</p><p>12.2.3. Na lista de candidatos pessoas pretas e pardas deverão figurar todos os candidatos aprovados inscritos nesta modalidade.</p><p>12.2.4. Na lista de candidatos pessoas indígenas deverão figurar todos os candidatos aprovados inscritos nesta modalidade.</p><p>12.2.5. Na lista de candidatos pessoas quilombolas deverão figurar todos os candidatos aprovados inscritos nesta modalidade.</p><p>12.2.6. Na lista de candidatos pessoas com deficiência deverão figurar todos os candidatos aprovados inscritos nesta modalidade.</p><p>12.3. A nomeação dos candidatos aprovados respeitará os critérios de alternância e proporcionalidade, que consideram a relação entre o número de vagas total e o número de vagas reservadas a candidatos com deficiência e a candidatos pessoas pretas e pardas, indígenas e quilombolas, observada a aplicação dos critérios dispostos no Edital de Condições Gerais 1.835, de 04 de setembro de 2024, conforme demonstrado a seguir:</p><p>a) a ordem de convocação dos candidatos inscritos na(s) vaga(s) reservada(s) às pessoas com deficiência, respeitando-se a ordem de classificação nas vagas reservadas, será da seguinte forma: a primeira vaga a ser destinada à pessoa com deficiência será a 5.ª vaga; a segunda vaga será a 21.ª, a terceira vaga será a 41.ª e, assim, sucessivamente;</p><p>b) a ordem de convocação dos candidatos pessoas pretas e pardas, respeitando-se a ordem de classificação nas vagas reservadas, será da seguinte forma: a primeira vaga a ser destinada será a 2.ª vaga; a segunda vaga será a 6.ª, a terceira vaga será a 10.ª, a quarta será a 14.ª e, assim, sucessivamente.</p><p>c) a ordem de convocação dos candidatos pessoas indígenas, respeitando-se a ordem de classificação nas vagas reservadas, será da seguinte forma: a primeira vaga a ser destinada será a 17.ª vaga; a segunda vaga será a 50.ª e, assim, sucessivamente.</p><p>d) a ordem de convocação dos candidatos pessoas quilombolas, respeitando-se a ordem de classificação nas vagas reservadas, será da seguinte forma: a primeira vaga a ser destinada será a 25.ª vaga; a segunda vaga será a 75.ª e, assim, sucessivamente.</p><p>13. DA INVESTIDURA NO CARGO</p><p>13.1. A aprovação no Concurso não assegura ao candidato o direito de ingresso no quadro de servidores da UFMG, mas apenas expectativa de direito à investidura, ficando a concretização desse ato condicionada à observância das disposições legais pertinentes, da rigorosa ordem de classificação, do prazo de validade do Concurso e da apresentação da documentação exigida em lei.</p><p>13.2. A posse do candidato aprovado observará o limite de vagas estabelecido no presente Edital, exceto se a ampliação desse limite for autorizada pelo órgão competente para tal fim.</p><p>13.3. Sem prejuízo da documentação apresentada por ocasião da inscrição, o candidato nomeado e convocado deverá apresentar os seguintes documentos no ato da posse:</p><p>a) Formulário de Declaração de Bens e Rendas - DBR (anexo I) ou Formulário de Autorização de Acesso aos Dados de Bens e Rendas das Declarações de Ajuste Anual do Imposto de Renda Pessoa Física (anexo II), conforme dispõe a Instrução Normativa - TCU n.º 67, de 06/07/2011, publicada no DOU de 08/07/2011;</p><p>b) Declaração quanto ao exercício, ou não, de outro cargo, emprego ou função públicos;</p><p>c) Declaração de que não é beneficiário do Seguro Desemprego, de que trata a Lei n.º 7.998/1990;</p><p>d) Prévia inspeção médica oficial;</p><p>e) Comprovação, quando for o caso, de obtenção da nacionalidade brasileira ou da autorização de residência comprovada por meio de certidão de registro ou documento equivalente;</p><p>f) Comprovação de quitação com o Serviço Militar, quando for o caso, e com a Justiça Eleitoral, dispensável no caso de estrangeiro;</p><p>g) Certificado de Igualdade e de Outorga do Gozo de Direitos Políticos, emitido pelo Ministério da Justiça, se português equiparado;</p><p>h) Carteira de Identidade;</p><p>i) Carteira de Trabalho e Previdência Social;</p><p>j) Certidão de Nascimento ou Casamento;</p><p>k) CPF;</p><p>l) PIS ou PASEP, se já cadastrado;</p><p>m) Grupo Sanguíneo e Fator Rh;</p><p>n) Plano de trabalho;</p><p>o) Comprovação dos graus acadêmicos obtidos.</p><p>13.4. O candidato nomeado somente será empossado se for julgado apto física e mentalmente para o exercício do cargo, por Médico Oficial da UFMG.</p><p>13.5. A admissão do candidato far-se-á no Regime de Trabalho especificado para a(s) vaga(s), e segundo o Regime Jurídico Único do Servidor Público Federal, Lei n.º 8.112/1990, e o disposto na Lei n.º 12.772/2012, alterada pela Lei n.º 12.863/2013.</p><p>13.6. A efetivação no regime de Dedicação Exclusiva, se for o caso, estará condicionada à apresentação de plano de trabalho individual, aprovado pela Câmara Departamental própria e submetido à Comissão Permanente de Pessoal Docente (CPPD).</p><p>13.7. O candidato nomeado para o cargo de provimento efetivo fica sujeito, nos termos do artigo 41, "caput", da Constituição Federal, com redação dada pela Emenda Constitucional n.º 19, de 04/06/1998, a estágio probatório por período de 3 (três) anos, durante o qual sua aptidão, capacidade e desempenho no cargo serão objetos de avaliação pela Congregação da Unidade, posteriormente homologada pelo dirigente máximo da instituição.</p><p>13.8. A posse do candidato aprovado deverá ocorrer no prazo máximo de trinta dias, contados da data da publicação do ato de provimento no Diário Oficial da União.</p><p>13.9. O candidato aprovado, depois de empossado em cargo público, deverá entrar em exercício no prazo máximo de quinze dias, contados da data da posse.</p><p>13.10. O prazo de validade do Concurso será de 1 (um) ano, contado a partir da publicação do Edital de Homologação do resultado final, podendo ser prorrogado por igual período, a critério do órgão interessado no certame, de acordo com o artigo 12 da Lei n.º 8.112/1990.</p><p>13.11. Não será fornecido ao candidato qualquer documento comprobatório de classificação e/ou notas, valendo para tal fim a homologação do resultado final do Concurso publicada no Diário Oficial da União.</p><p>14. DOS RECURSOS</p><p>14.1. Caberá recurso à instância imediatamente superior contra qualquer ato praticado por autoridade ou Órgão competente, por estrita arguição de ilegalidade.</p><p>14.1.1. Recursos contra decisão da Comissão Examinadora serão apresentados à Câmara Departamental ou estrutura equivalente no prazo de dez dias, contados a partir da data de divulgação do resultado do concurso na sessão pública final informada no subitem 11.10 deste Edital.</p><p>14.2. Os recursos serão apresentados à Congregação, em última instância, contra a homologação ou a anulação total ou parcial do Concurso, no prazo de dez dias, contados a partir de sua divulgação oficial por Edital publicado no sítio eletrônico informado no Quadro 1 deste Edital.</p><p>14.2.1. O Diretor da Unidade deverá cientificar os demais candidatos do respectivo concurso sobre a interposição de recurso, disponibilizar, para consulta, o inteiro teor da documentação apresentada pelo recursante, e solicitar que, caso queiram, se manifestem no prazo de dez dias, apresentando suas alegações.</p><p>14.2.2. O procedimento descrito no item 14.2.1 se aplica apenas nas hipóteses de recursos interpostos contra a homologação ou a anulação total ou parcial do Concurso de que trata o item 14.2.</p><p>14.3. A autoridade que preside o Órgão a que for apresentado o pedido de reconsideração ou de interposição de recurso decidirá, em exame preliminar, sobre os requisitos de sua admissibilidade.</p><p>14.3.1. O pedido de reconsideração e a interposição de recurso somente serão recebidos:</p><p>I- por escrito;</p><p>II- dentro do prazo;</p><p>III- pelo órgão competente;</p><p>IV- por quem seja legitimado;</p><p>V- por correio eletrônico ao endereço secgeral@medicina.ufmg.br, mediante confirmação de recebimento.</p><p>14.3.2. O pedido deve ser protocolizado perante a autoridade ou órgão contra o qual se interpõe o recurso ou o pedido de reconsideração.</p><p>14.3.3. Na hipótese de sua admissibilidade, o pedido de reconsideração ou o recurso será julgado, observado o disposto no artigo 126 do Regimento Geral da UFMG.</p><p>14.3.4. A decisão do órgão competente deverá ser precedida por exame e parecer de relator(es) indicado(s) pela autoridade ou órgão competente.</p><p>15. DAS DISPOSIÇÕES GERAIS</p><p>15.1. Os prazos expressos em dias, no presente Edital, serão contados de modo contínuo.</p><p>15.2. A contagem do prazo exclui o dia do começo e inclui o dia do vencimento.</p><p>15.3. Quando a data inicial ou final coincidir com dia em que não houver expediente, presencial ou por meio de trabalho remoto, na Secretaria do órgão pertinente ou em que o expediente for encerrado antes do horário normal, o prazo será prorrogado para o primeiro dia útil subsequente.</p><p>15.4. O candidato, ao efetuar sua inscrição neste concurso público, autoriza que a UFMG disponha de seus dados pessoais e dados pessoais sensíveis, exclusivamente de forma a possibilitar a efetiva execução do concurso público, em conformidade com a Lei Federal n.º 13.709, de 2018, a Lei Geral de Proteção de Dados Pessoais - LGPD.</p><p>15.5. O Concurso não será interrompido em caso de falha técnica na(s) página(s) eletrônica(s) citada(s) no presente Edital.</p><p>15.6. A UFMG reserva-se o direito de exigir, a qualquer tempo, a apresentação de documentos originais ou cópias autenticadas de documentos, pessoalmente ou por envio postal.</p><p>15.7. A qualquer tempo, poderá haver anulação da inscrição, das provas, da nomeação e da posse do candidato, quando verificada a falsidade em qualquer declaração, documento e/ou irregularidade e utilização de meios ilícitos durante a realização das provas, observado o devido processo legal.</p><p>15.8. A inscrição do candidato implicará a aceitação e o cumprimento das normas para o concurso público contidas nos comunicados, neste edital e em outros a serem publicados, das quais não poderá alegar desconhecimento.</p><p>15.9. A UFMG poderá realizar o aproveitamento interno de candidatos homologados para ter exercício em Departamento/Estrutura Equivalente diverso daquele para o qual prestou concurso.</p><p>15.10. Os casos omissos serão resolvidos pela Reitora da Universidade Federal de Minas Gerais. Processo 23072.240371/2025-41.</p><p class="assina">SANDRA REGINA GOULART ALMEIDA</p><p></p>]]></Texto>
  </body>
  <Midias />
</article></xml>