﻿<xml><article id="47231608" name="EDITAL_16_2025_Alteracao Resulta" idOficio="11504048" pubName="DO3" artType="Edital" pubDate="02/01/2026" artClass="00025:00139:00001:00000:00000:00000:00000:00000:00000:00000:00056:00000" artCategory="Ministério da Educação/Fundação Coordenação de Aperfeiçoamento de Pessoal de Nível Superior/Gabinete" artSize="12" artNotes="" numberPage="93" pdfPage="http://pesquisa.in.gov.br/imprensa/jsp/visualiza/index.jsp?data=02/01/2026&amp;jornal=530&amp;pagina=93" editionNumber="1" highlightType="" highlightPriority="" highlight="" highlightimage="" highlightimagename="" idMateria="23470958">
  <body>
    <Identifica><![CDATA[EDITAL Nº 16/2025 ]]></Identifica>
    <Data><![CDATA[]]></Data>
    <Ementa />
    <Titulo />
    <SubTitulo />
    <Texto><![CDATA[<p class="identifica">EDITAL Nº 16/2025</p><p class="identifica">ALTERAÇÃO RESULTADO PRELIMINAR</p><p>PROGRAMA CAPES/Universidade em Buffalo (CAPES/UB) - Professor Visitante</p><p>PROCESSO Nº 23038.003238/2025-21</p><p>O PRESIDENTE SUBSTITUTO DA COORDENAÇÃO DE APERFEIÇOAMENTO DE PESSOAL DE NÍVEL SUPERIOR - CAPES, Fundação Pública inscrita no CNPJ nº 00.889.834/0001-08, no cumprimento das atribuições conferidas pela Lei nº 8.405, de 9 de janeiro de 1992 e pelo Estatuto aprovado pelo Decreto no 11.238, de 18 de outubro de 2022, no uso de suas atribuições, torna pública a alteração do resultado preliminar da CAPES, conforme item 9.5 do Edital 16/2025 no âmbito do Programa CAPES/Universidade em Buffalo (CAPES/UB), publicado no DOU de 11/08/20205, seção 3, pág. 114.</p><p>A alteração do resultado preliminar do Edital nº 16/2025 está disponível na página da CAPES https://www.gov.br/capes/pt-br</p><p class="assina">ANTONIO GOMES DE SOUZA FILHO</p>]]></Texto>
  </body>
  <Midias />
</article></xml>