﻿<xml><article id="47238618" name="2025-12-30/11501516/COMPRASNETWS" idOficio="11501516" pubName="DO3" artType="Extrato de Contrato" pubDate="02/01/2026" artClass="00025:00109:00000:00000:00000:00000:00000:00000:00000:00000:00030:00001" artCategory="Ministério da Educação/Universidade Federal de Juiz de Fora" artSize="12" artNotes="" numberPage="52" pdfPage="http://pesquisa.in.gov.br/imprensa/jsp/visualiza/index.jsp?data=02/01/2026&amp;jornal=530&amp;pagina=52" editionNumber="1" highlightType="" highlightPriority="" highlight="" highlightimage="" highlightimagename="" idMateria="23466543">
  <body>
    <Identifica><![CDATA[ EXTRATO DE CONTRATO Nº 80/2025 - UASG 153061]]></Identifica>
    <Data><![CDATA[]]></Data>
    <Ementa />
    <Titulo />
    <SubTitulo />
    <Texto><![CDATA[<p class="identifica">EXTRATO DE CONTRATO Nº 80/2025 - UASG 153061</p><p>Nº Processo: 23071.006162/2025-80.</p><p>Dispensa Nº 514/2025. Contratante: UNIVERSIDADE FEDERAL DE JUIZ DE FORA.</p><p>Contratado: 00.703.697/0001-67 - FUNDACAO DE APOIO E DESENVOL AO ENS PESQ E EXTENSAO. Objeto: Contratação de serviços técnicos especializados, a serem prestados por entidade privada sem fins lucrativos, qualificada como Fundação de Apoio, especificamente a Fundação de Apoio e Desenvolvimento ao Ensino, Pesquisa e Extensão - FADEPE, para o gerenciamento administrativo e financeiro do projeto institucional - UFJF e FADEPE - Política de inovação: Instituto de Ciências Exatas, com vistas a aprimorar e fomentar a transferência de tecnologia, a prestação de serviços e a inovação no âmbito do Instituto de Ciências Exatas (ICE) da Universidade Federal de Juiz de Fora (UFJF), em consonância com as finalidades estatutárias da entidade contratada, nos termos do art. 75, inciso XV, da Lei nº 14.133/2021, da Lei nº 8.958/1994 e do Decreto nº 7.423/2010.</p><p>Fundamento Legal: LEI 14.133/2021 - Artigo: 75 - Inciso: XV. Vigência: 29/12/2025 a 29/12/2026. Valor Total: R$ 109.836,41. Data de Assinatura: 29/12/2025.</p><p>(COMPRASNET 4.0 - 30/12/2025).</p>]]></Texto>
  </body>
  <Midias />
</article></xml>