﻿<xml><article id="47237364" name="2025-12-31/11504059/COMPRASNETWS" idOficio="11504059" pubName="DO3" artType="Extrato de Termo Aditivo" pubDate="02/01/2026" artClass="00025:00100:00026:00000:00000:00000:00000:00000:00000:00000:00053:00001" artCategory="Ministério da Educação/Universidade Federal do Ceará/Pró-Reitoria de Planejamento e Administração" artSize="12" artNotes="" numberPage="52" pdfPage="http://pesquisa.in.gov.br/imprensa/jsp/visualiza/index.jsp?data=02/01/2026&amp;jornal=530&amp;pagina=52" editionNumber="1" highlightType="" highlightPriority="" highlight="" highlightimage="" highlightimagename="" idMateria="23471009">
  <body>
    <Identifica><![CDATA[ EXTRATO DE TERMO ADITIVO Nº 4/2025 - UASG 153045]]></Identifica>
    <Data><![CDATA[]]></Data>
    <Ementa />
    <Titulo />
    <SubTitulo />
    <Texto><![CDATA[<p class="identifica">EXTRATO DE TERMO ADITIVO Nº 4/2025 - UASG 153045</p><p>Número do Contrato: 84/2024.</p><p>Nº Processo: 23067.035854/2024-13.</p><p>Dispensa. Nº 181/2024. Contratante: UNIVERSIDADE FEDERAL DO CEARÁ. Contratado: 05.330.436/0001-62 - FUNDAÇÃO CEARENSE DE PESQUISA E CULTURA. Objeto: Prorrogar a vigência contratual por mais 04 (quatro) meses, a partir de 29/01/2026 (início de vigência prorrogada) até 30/05/2026 (final da vigência prorrogada). Valor Total Atualizado do Contrato: R$ 2.193.069,98. Data de Assinatura: 30/12/2025.</p><p>(COMPRASNET 4.0 - 30/12/2025).</p>]]></Texto>
  </body>
  <Midias />
</article></xml>