﻿<xml><article id="47238438" name="2025-12-28/11497664/COMPRASNETWS" idOficio="11497664" pubName="DO3" artType="Extrato de Termo Aditivo" pubDate="02/01/2026" artClass="00025:00083:00000:00000:00000:00000:00000:00000:00000:00000:00053:00001" artCategory="Ministério da Educação/Instituto Federal de Educação, Ciência e Tecnologia de Santa Catarina" artSize="12" artNotes="" numberPage="22" pdfPage="http://pesquisa.in.gov.br/imprensa/jsp/visualiza/index.jsp?data=02/01/2026&amp;jornal=530&amp;pagina=22" editionNumber="1" highlightType="" highlightPriority="" highlight="" highlightimage="" highlightimagename="" idMateria="23461156">
  <body>
    <Identifica><![CDATA[ EXTRATO DE TERMO ADITIVO Nº 1/2025 - UASG 158516]]></Identifica>
    <Data><![CDATA[]]></Data>
    <Ementa />
    <Titulo />
    <SubTitulo />
    <Texto><![CDATA[<p class="identifica">EXTRATO DE TERMO ADITIVO Nº 1/2025 - UASG 158516</p><p>Número do Contrato: 40/2025.</p><p>Nº Processo: 23292.022565/2024-91.</p><p>Pregão. Nº 92111/2024. Contratante: INST.FED.DE EDUC.,CIENC.E TEC.DE STA.CAT/IFSC. Contratado: 05.792.339/0001-91 - LIMTEC SERVICOS ESPECIALIZADOS LTDA. Objeto: Prorrogação contratual.. Vigência: 03/02/2026 a 03/02/2027. Valor Total Atualizado do Contrato: R$ 238.900,32. Data de Assinatura: 26/12/2025.</p><p>(COMPRASNET 4.0 - 26/12/2025).</p>]]></Texto>
  </body>
  <Midias />
</article></xml>