﻿<xml><article id="47237577" name="2025-12-30/11503903/COMPRASNETWS" idOficio="11503903" pubName="DO3" artType="Extrato de Apostilamento" pubDate="02/01/2026" artClass="00025:00068:00000:00000:00000:00000:00000:00000:00000:00000:00142:00001" artCategory="Ministério da Educação/Instituto Federal de Educação, Ciência e Tecnologia do Maranhão" artSize="12" artNotes="" numberPage="19" pdfPage="http://pesquisa.in.gov.br/imprensa/jsp/visualiza/index.jsp?data=02/01/2026&amp;jornal=530&amp;pagina=19" editionNumber="1" highlightType="" highlightPriority="" highlight="" highlightimage="" highlightimagename="" idMateria="23470684">
  <body>
    <Identifica><![CDATA[ EXTRATO DE APOSTILAMENTO Nº 1/2025 - UASG 158128]]></Identifica>
    <Data><![CDATA[]]></Data>
    <Ementa />
    <Titulo />
    <SubTitulo />
    <Texto><![CDATA[<p class="identifica">EXTRATO DE APOSTILAMENTO Nº 1/2025 - UASG 158128</p><p>Número do Contrato: 8/2025.</p><p>Nº Processo: 23249.059761/2024-46.</p><p>Contratante: INST.FED.DE EDUC.,CIENC.E TEC.DO MARANHAO. Contratado: 42.622.000/0001-73 - S S CONSTRUCOES E MANUTENCOES LTDA. Objeto: Reajuste de preços do execução do remanescente da obra de reforma do campus zé doca. Vigência: 24/01/2025 a 19/02/2026. Valor Total Atualizado do Contrato: R$ 2.360.318,08. Data de Assinatura: 23/07/2025.</p><p>(COMPRASNET 4.0 - 23/07/2025).</p>]]></Texto>
  </body>
  <Midias />
</article></xml>