﻿<xml><article id="47237328" name="2025-12-30/11503921/COMPRASNETWS" idOficio="11503921" pubName="DO3" artType="Retificação" pubDate="02/01/2026" artClass="00025:00052:00013:00000:00000:00000:00000:00000:00000:00000:00127:00001" artCategory="Ministério da Educação/Colégio Pedro II/Campus São Cristovão II" artSize="12" artNotes="" numberPage="16" pdfPage="http://pesquisa.in.gov.br/imprensa/jsp/visualiza/index.jsp?data=02/01/2026&amp;jornal=530&amp;pagina=16" editionNumber="1" highlightType="" highlightPriority="" highlight="" highlightimage="" highlightimagename="" idMateria="23470848">
  <body>
    <Identifica><![CDATA[ RETIFICAÇÃO]]></Identifica>
    <Data><![CDATA[]]></Data>
    <Ementa />
    <Titulo />
    <SubTitulo />
    <Texto><![CDATA[<p class="identifica">RETIFICAÇÃO</p><p>NO EXTRATO DE CONTRATO Nº 50000/2024 publicado no D.O de 2025-09-25, Seção 3. onde se lê: o objeto do presente instrumento é a contratação de serviços com execução de obra de adequação e reforma da instalação elétrica do teatro mário lago no campus são cristóvão ii com vistas a atender a revitalização dos sistemas de climatização dos ambientes, dentre outras demandas de aumento de carga elétrica, excluindo a subestação elétrica, do campus são cristóvão ii do colégio pedro ii, incluindo serviços de elaboração de projeto as built, remoção da instalação antiga (ex. Cabeamento, quadros, luminárias), execução de instalação elétrica aparente (ex.: eletrocalhas, eletrodutos, pontos de tomada diversos, quadros e luminárias), execução de serviços de intervenção civil (furo em laje / alvenaria, recomposição de piso, pintura de paredes e demais necessários), nos termos da tabela abaixo, conforme condições e exigências estabelecidas neste instrumento, nas condições estabelecidas no termo de referência.</p><p>o(s) serviço(s) objeto desta contratação são caracterizados como especial(is), pois devido a sua alta heterogeneidade ou complexidade não podem ser enquadrados na definição de serviços comuns de engenharia, nos termos do art. 6º, xxi, "a" e "b", da lei n. 14.133, de 2021.</p><p>o prazo de vigência da contratação é de 12 (doze) meses contados da assinatura do contrato, na forma do artigo 105 da lei n° 14.133, de 2021.</p><p>o valor total da contratação é de r$ 451.255,48 (quatrocentos e cinquenta e um mil, duzentos e cinquenta e cinco reais e quarenta e oito centavos). . Leia-se: o objeto do presente instrumento é a contratação de serviços com execução de obra de adequação e reforma da instalação elétrica do teatro mário lago no campus são cristóvão ii com vistas a atender a revitalização dos sistemas de climatização dos ambientes, dentre outras demandas de aumento de carga elétrica, excluindo a subestação elétrica, do campus são cristóvão ii do colégio pedro ii, incluindo serviços de elaboração de projeto as built, remoção da instalação antiga (ex. Cabeamento, quadros, luminárias), execução de instalação elétrica aparente (ex.: eletrocalhas, eletrodutos, pontos de tomada diversos, quadros e luminárias), execução de serviços de intervenção civil (furo em laje / alvenaria, recomposição de piso, pintura de paredes e demais necessários), nos termos da tabela abaixo, conforme condições e exigências estabelecidas neste instrumento, nas condições estabelecidas no termo de referência.</p><p>o(s) serviço(s) objeto desta contratação são caracterizados como especial(is), pois devido a sua alta heterogeneidade ou complexidade não podem ser enquadrados na definição de serviços comuns de engenharia, nos termos do art. 6º, xxi, "a" e "b", da lei n. 14.133, de 2021.</p><p>o prazo de vigência da contratação é de 12 (doze) meses contados da assinatura do contrato, na forma do artigo 105 da lei n° 14.133, de 2021.</p><p>o valor total da contratação é de r$ 451.255,48 (quatrocentos e cinquenta e um mil, duzentos e cinquenta e cinco reais e quarenta e oito centavos). Processo: 23778.000452/2023-09.</p>]]></Texto>
  </body>
  <Midias />
</article></xml>