﻿<xml><article id="47238180" name="2025-12-26/11496774/siasgnet_234" idOficio="11496774" pubName="DO3" artType="Aviso de Licitação-Pregão" pubDate="02/01/2026" artClass="00070:00048:00000:00000:00000:00000:00000:00000:00000:00000:00163:00001" artCategory="Poder Judiciário/Tribunal Regional do Trabalho da 7ª Região" artSize="12" artNotes="" numberPage="156" pdfPage="http://pesquisa.in.gov.br/imprensa/jsp/visualiza/index.jsp?data=02/01/2026&amp;jornal=530&amp;pagina=156" editionNumber="1" highlightType="" highlightPriority="" highlight="" highlightimage="" highlightimagename="" idMateria="23459530">
  <body>
    <Identifica><![CDATA[ AVISO DE LICITAÇÃO]]></Identifica>
    <Data><![CDATA[]]></Data>
    <Ementa />
    <Titulo />
    <SubTitulo />
    <Texto><![CDATA[<p class="identifica">AVISO DE LICITAÇÃO</p><p class="identifica">Pregão Eletrônico Nº 90043/2025 - UASG 80004</p><p>Nº Processo: 7409/2025. Objeto: Contratação de serviços de Manutenção Predial de impermeabilização de lajes e reservatórios das edificações do TRT 7ª Região no Estado do Ceará, por empreitada por preço unitário, Grupo Único, municípios de Juazeiro do Norte e Iguatu, mediante Sistema de Registro de Preços visando eventual contratação de empresa, nos termos e condições estabelecidas no edital e seus anexos.. Total de Itens Licitados: 1. Edital: 02/01/2026 das 08h00 às 17h59. Endereço: Avenida Santos Dumont, Nº3384, Aldeota - Fortaleza/CE ou https://www.gov.br/compras/edital/80004-5-90043-2025. Entrega das Propostas: a partir de 02/01/2026 às 08h00 no site www.gov.br/compras. Abertura das Propostas: 27/01/2026 às 10h00 no site www.gov.br/compras.</p><p class="assina">CELIO RICARDO LIMA MAIA</p><p class="cargo">Pregoeiro</p><p>(SIASGnet - 26/12/2025) 80004-00001-2025NE009999</p>]]></Texto>
  </body>
  <Midias />
</article></xml>