﻿<xml><article id="47233720" name="25-12-31 - Extrato Minacu" idOficio="11504096" pubName="DO3" artType="Extrato de Adesão" pubDate="02/01/2026" artClass="00017:00028:00041:00000:00000:00000:00000:00000:00000:00000:00017:00000" artCategory="Ministério do Desenvolvimento Agrário e Agricultura Familiar/Instituto Nacional de Colonização e Reforma Agrária/Superintendência Regional em Goiás" artSize="12" artNotes="" numberPage="11" pdfPage="http://pesquisa.in.gov.br/imprensa/jsp/visualiza/index.jsp?data=02/01/2026&amp;jornal=530&amp;pagina=11" editionNumber="1" highlightType="" highlightPriority="" highlight="" highlightimage="" highlightimagename="" idMateria="23470987">
  <body>
    <Identifica><![CDATA[ EXTRATO DE ADESÃO]]></Identifica>
    <Data><![CDATA[]]></Data>
    <Ementa />
    <Titulo />
    <SubTitulo />
    <Texto><![CDATA[<p class="identifica">EXTRATO DE ADESÃO</p><p>Acordo de Adesão Terra Cidadã firmado entre o INCRA e a Prefeitura Municipal de Minaçu/GO. CNPJ: 02.215.275/0001-78. Objeto: Execução de atividades previstas no PROGRAMA TERRA CIDADÃ que tem como finalidade ampliar a capacidade operacional das ações de reforma agrária e de governança fundiária geridas pelo Instituto Nacional de Colonização e Reforma Agrária (INCRA) e pelo Ministério do Desenvolvimento Agrário e Agricultura Familiar (MDA), conforme especificações estabelecidas no PLANO DE TRABALHO. Valor total: Para a execução do objeto do presente Acordo não haverá transferência de recursos entre as partes para a manutenção do "Serviço de Apoio à Reforma Agrária e Governança Fundiária". VIGÊNCIA: O prazo de vigência deste ACORDO será de 60 meses, a contar da data da publicação no Diário Oficial da União - DOU, podendo ser prorrogado mediante a celebração de TERMO ADITIVO. Processo: 54000.138551/2025-31. Assinatura: Goiânia-GO, 17 de dezembro de 2025. Signatários: ELIAS D'ÂNGELO BORGES - Superintendente Regional do INCRA/GO e CARLOS ALBERTO LEREIA DA SILVA - Prefeitura Municipal de Minaçu/GO. Goiania/GO, 31/12/2025 ELIAS DANGELO BORGES Superintendente Regional do INCRA em Goias</p>]]></Texto>
  </body>
  <Midias />
</article></xml>