﻿<xml><article id="47236806" name="2025-12-30/11501610/siasgnet_234" idOficio="11501610" pubName="DO3" artType="Aviso de Licitação-Pregão" pubDate="02/01/2026" artClass="00016:00011:00010:00009:00032:00000:00000:00000:00000:00000:00163:00001" artCategory="Ministério da Defesa/Comando do Exército/Comando Militar do Nordeste/10ª Região Militar/25º Batalhão de Caçadores" artSize="12" artNotes="" numberPage="8" pdfPage="http://pesquisa.in.gov.br/imprensa/jsp/visualiza/index.jsp?data=02/01/2026&amp;jornal=530&amp;pagina=8" editionNumber="1" highlightType="" highlightPriority="" highlight="" highlightimage="" highlightimagename="" idMateria="23466664">
  <body>
    <Identifica><![CDATA[ AVISO DE LICITAÇÃO]]></Identifica>
    <Data><![CDATA[]]></Data>
    <Ementa />
    <Titulo />
    <SubTitulo />
    <Texto><![CDATA[<p class="identifica">AVISO DE LICITAÇÃO</p><p class="identifica">Pregão Eletrônico Nº 90010/2025 - UASG 160204</p><p>Nº Processo: 64024004928202534. Objeto: Contratação de Serviço de dedetização, higienização e limpeza das instalações do 25º Batalhão de Caçadores e do 2º Batalhão de Engenharia de Construção, UG's participantes do Grupo de Coordenação e Acompanhamento das Licitações e Contratos (GCALC), da guarnição de Teresina-PI. Total de Itens Licitados: 39. Edital: 02/01/2026 das 09h30 às 11h45 e das 13h30 às 16h30. Endereço: Praca Marechal Floriano Peixoto S/n - Centro, - Teresina/PI ou https://www.gov.br/compras/edital/160204-5-90010-2025. Entrega das Propostas: a partir de 02/01/2026 às 09h30 no site www.gov.br/compras. Abertura das Propostas: 20/01/2026 às 09h30 no site www.gov.br/compras. Informações Gerais: .</p><p class="assina">ROGERIO ALEX AQUINO DE CASTRO</p><p class="cargo">Ordenador de Despesas</p><p>(SIASGnet - 30/12/2025) 160204-00001-2025NE800000</p>]]></Texto>
  </body>
  <Midias />
</article></xml>