﻿<xml><article id="47237373" name="2025-12-30/11502139/COMPRASNETWS" idOficio="11502139" pubName="DO3" artType="Extrato de Contrato" pubDate="02/01/2026" artClass="00032:00034:00015:00000:00000:00000:00000:00000:00000:00000:00030:00001" artCategory="Ministério da Integração e do Desenvolvimento Regional/Departamento Nacional de Obras Contra as Secas/Coordenadoria Estadual no Ceará" artSize="12" artNotes="" numberPage="102" pdfPage="http://pesquisa.in.gov.br/imprensa/jsp/visualiza/index.jsp?data=02/01/2026&amp;jornal=530&amp;pagina=102" editionNumber="1" highlightType="" highlightPriority="" highlight="" highlightimage="" highlightimagename="" idMateria="23467327">
  <body>
    <Identifica><![CDATA[ EXTRATO DE CONTRATO Nº 1/2025 - UASG 193003]]></Identifica>
    <Data><![CDATA[]]></Data>
    <Ementa />
    <Titulo />
    <SubTitulo />
    <Texto><![CDATA[<p class="identifica">EXTRATO DE CONTRATO Nº 1/2025 - UASG 193003</p><p>Nº Processo: 59402.003191/2024-67.</p><p>Pregão Nº 90001/2025. Contratante: DNOCS CEST/CE - FORTALEZA-CE.</p><p>Contratado: 05.340.639/0001-30 - PRIME CONSULTORIA E ASSESSORIA EMPRESARIAL LTDA. Objeto: O objeto do presente instrumento é a contratação de serviços de empresa especializada, de forma continuada, por meio de sistema informatizada, de administração e gerenciamento de manutenção preventiva e corretiva dos veículos da frota da coordenadoria estadual do dnocs no estado do ceará - cest-ce, com fornecimento de peças, pneus, acessórios, componentes e materiais recomendados pelos fabricantes, além de reboque por guincho, nos termos da tabela abaixo, nas condições estabelecidas no termo de referência..</p><p>Fundamento Legal: LEI 14.133/2021. Vigência: 29/12/2025 a 29/12/2026. Valor Total: R$ 3.108.236,99. Data de Assinatura: 29/12/2025.</p><p>(COMPRASNET 4.0 - 29/12/2025).</p>]]></Texto>
  </body>
  <Midias />
</article></xml>