﻿<xml><article id="47237781" name="2025-12-31/11504068/COMPRASNETWS" idOficio="11504068" pubName="DO3" artType="Extrato de Contrato" pubDate="02/01/2026" artClass="00032:00034:00000:00000:00000:00000:00000:00000:00000:00000:00030:00001" artCategory="Ministério da Integração e do Desenvolvimento Regional/Departamento Nacional de Obras Contra as Secas" artSize="12" artNotes="" numberPage="100" pdfPage="http://pesquisa.in.gov.br/imprensa/jsp/visualiza/index.jsp?data=02/01/2026&amp;jornal=530&amp;pagina=100" editionNumber="1" highlightType="" highlightPriority="" highlight="" highlightimage="" highlightimagename="" idMateria="23470992">
  <body>
    <Identifica><![CDATA[ EXTRATO DE CONTRATO Nº 92/2025 - UASG 193002]]></Identifica>
    <Data><![CDATA[]]></Data>
    <Ementa />
    <Titulo />
    <SubTitulo />
    <Texto><![CDATA[<p class="identifica">EXTRATO DE CONTRATO Nº 92/2025 - UASG 193002</p><p>Nº Processo: 59400.006543/2025-37.</p><p>Pregão Nº 90005/2025. Contratante: DEPARTAMENTO NACIONAL DE OBRAS CONT.AS SECAS.</p><p>Contratado: 48.161.058/0001-43 - BAUMASTER IMPORTACAO E COMERCIO DE MAQUINAS LTDA. Objeto: O objeto do presente instrumento é a contratação de aquisição de caminhões, escavadeiras hidráulicas, motoniveladoras, retroescavadeiras, tratores e implementos agrícolas, nas condições estabelecidas no termo de referência.plantadeira e adubadeira mecanizada 4 linhas, tipo engate hidráulico. Demais especificações técnicas no anexo..</p><p>Fundamento Legal: LEI 14.133/2021. Vigência: 31/12/2025 a 31/12/2026. Valor Total: R$ 137.475,00. Data de Assinatura: 31/12/2025.</p><p>(COMPRASNET 4.0 - 31/12/2025).</p>]]></Texto>
  </body>
  <Midias />
</article></xml>