﻿<xml><article id="47232228" name="Aviso Sao Jose - DOU" idOficio="11501136" pubName="DO3" artType="Aviso de Licitação" pubDate="02/01/2026" artClass="00073:00665:02030:00000:00000:00000:00000:00000:00000:00000:00079:00000" artCategory="Ineditoriais/ASSOCIAÇÃO DE APOIO DA ESCOLA ESTADUAL SAO JOSÉ" artSize="12" artNotes="" numberPage="158" pdfPage="http://pesquisa.in.gov.br/imprensa/jsp/visualiza/index.jsp?data=02/01/2026&amp;jornal=530&amp;pagina=158" editionNumber="1" highlightType="" highlightPriority="" highlight="" highlightimage="" highlightimagename="" idMateria="23465944">
  <body>
    <Identifica><![CDATA[ AVISO DE LICITAÇÃO]]></Identifica>
    <Data><![CDATA[ Piraquê - TO, 30 de dezembro de 2025.]]></Data>
    <Ementa />
    <Titulo />
    <SubTitulo />
    <Texto><![CDATA[<p class="identifica">AVISO DE LICITAÇÃO</p><p class="identifica">PREGÃO ELETRÔNICO N° 2/2025</p><p>EXCLUSIVO ME/EPP - ABERTO/FECHADO</p><p>A Secretaria da Educação em apoio A ASSOCIAÇÃO DE APOIO DA ESCOLA ESTADUAL SÃO JOSÉ, CNPJ nº. 01.243.654/0001-09, localizada na Avenida Cesar Batista Nepomuceno, Nº 821 - Centro - Piraquê - TO, por meio da pregoeira Cícera Macêdo da Silva promoverá Licitação na modalidade Pregão Eletrônico, para a aquisição de Gêneros Alimentícios para fornecimento de alimentação para a demanda do ano letivo de 2026, destinados aos alunos matriculados na Escola Estadual São José, por meio do Programa Nacional de Alimentação Escolar/PNAE. Data da abertura: 26 de janeiro de 2026, às 08h00m. O Edital poderá ser examinado ou retirado no Portal de Compras do Governo Federal: www.comprasgovernamentais.gov.br, ou na Unidade Escolar. Maiores informações poderão ser obtidas das 08h às 17h. Tel: (63) 992223842 e através do e-mail: saojosepiraque@ue.seduc.to.gov.br.</p><p class="data">Piraquê - TO, 30 de dezembro de 2025.</p><p class="assina">Jair Rodrigues Lopes</p><p class="cargo">Presidente</p>]]></Texto>
  </body>
  <Midias />
</article></xml>