﻿<xml><article id="47232197" name="02-AVISO DE CREDENCIAMENTO ELETR" idOficio="11491883" pubName="DO3" artType="Aviso de Credenciamento" pubDate="02/01/2026" artClass="00075:00005:00306:00000:00000:00000:00000:00000:00000:00000:00073:00000" artCategory="Prefeituras/Estado da Bahia/Prefeitura Municipal de Lapão" artSize="12" artNotes="" numberPage="161" pdfPage="http://pesquisa.in.gov.br/imprensa/jsp/visualiza/index.jsp?data=02/01/2026&amp;jornal=530&amp;pagina=161" editionNumber="1" highlightType="" highlightPriority="" highlight="" highlightimage="" highlightimagename="" idMateria="23452478">
  <body>
    <Identifica><![CDATA[ AVISO DE CREDENCIAMENTO ELETRÔNICO Nº 1/2026]]></Identifica>
    <Data><![CDATA[]]></Data>
    <Ementa />
    <Titulo />
    <SubTitulo />
    <Texto><![CDATA[<p class="identifica">AVISO DE CREDENCIAMENTO ELETRÔNICO Nº 1/2026</p><p>Objeto: Credenciamento de pessoas físicas e/ou jurídicas para prestação de serviços médicos de apoio, controle e assistência na área de saúde, visando o atendimento da população nas Unidades da Rede Pública de Saúde do município de Lapão-BA. Edital disponível no site: link http://lapao.ba.gov.br/transparencia/compras/licitacoes e Portal Nacional de Contratações Públicas. Informações: Fone: (74) 99926-3809, e-mail: cpl@lapao.ba.gov.br, período de recebimento de documentação de credenciamento: a partir de 02 de Janeiro de 2026 à 31 de dezembro de 2026;</p><p>A documentação deve ser inserida através do portal https://bnc.org.br/: maiores Informações: via plataforma. Prefeitura Municipal de Lapão, Avenida Justiniano de Castro Dourado, 135, Bloco C, Centro Administrativo, Lapão - Bahia.</p><p class="assina">POLIANA BRAGA TAVARES</p><p class="cargo">Agente de Contratações</p>]]></Texto>
  </body>
  <Midias />
</article></xml>