﻿<xml><article id="47233880" name="Ext_Primeiro_Termo_Aditivo_DOU_G" idOficio="11503876" pubName="DO3" artType="Extrato de Termo Aditivo" pubDate="02/01/2026" artClass="00025:00064:00008:00000:00000:00000:00000:00000:00000:00000:00053:00000" artCategory="Ministério da Educação/Instituto Federal de Educação, Ciência e Tecnologia Farroupilha/Campus São Borja" artSize="12" artNotes="" numberPage="19" pdfPage="http://pesquisa.in.gov.br/imprensa/jsp/visualiza/index.jsp?data=02/01/2026&amp;jornal=530&amp;pagina=19" editionNumber="1" highlightType="" highlightPriority="" highlight="" highlightimage="" highlightimagename="" idMateria="23470743">
  <body>
    <Identifica><![CDATA[EXTRATO De TERMO ADITIVO]]></Identifica>
    <Data><![CDATA[]]></Data>
    <Ementa />
    <Titulo />
    <SubTitulo />
    <Texto><![CDATA[<p class="identifica">EXTRATO De TERMO ADITIVO</p><p>EXTRATO DO PRIMEIRO TERMO ADITIVO AO CONTRATO Nº 18/2025</p><p>Espécie: Contrato de Professor Substituto de acordo com a Lei n° 8.745/93 e legislação complementar. CONTRATANTE: Instituto Federal de Educação, Ciência e Tecnologia Farroupilha - Campus São Borja. CONTRATADA: GIANE TAIS CRUZ GUEDES. Objeto: Contrato de Professor Substituto por Prazo Determinado. Período: 22/12/2025 a 17/07/2026. Data da Assinatura: 26/12/2025. PATRICIA ALESSANDRA MENEGUZZI METZ DONICHT, pela CONTRATANTE e GIANE TAIS CRUZ GUEDES, pela CONTRATADA.</p>]]></Texto>
  </body>
  <Midias />
</article></xml>