﻿<xml><article id="47238840" name="2025-12-28/11497600/COMPRASNETWS" idOficio="11497600" pubName="DO3" artType="Extrato de Termo Aditivo" pubDate="02/01/2026" artClass="00025:00083:00000:00000:00000:00000:00000:00000:00000:00000:00053:00001" artCategory="Ministério da Educação/Instituto Federal de Educação, Ciência e Tecnologia de Santa Catarina" artSize="12" artNotes="" numberPage="22" pdfPage="http://pesquisa.in.gov.br/imprensa/jsp/visualiza/index.jsp?data=02/01/2026&amp;jornal=530&amp;pagina=22" editionNumber="1" highlightType="" highlightPriority="" highlight="" highlightimage="" highlightimagename="" idMateria="23461089">
  <body>
    <Identifica><![CDATA[ EXTRATO DE TERMO ADITIVO Nº 3/2025 - UASG 158516]]></Identifica>
    <Data><![CDATA[]]></Data>
    <Ementa />
    <Titulo />
    <SubTitulo />
    <Texto><![CDATA[<p class="identifica">EXTRATO DE TERMO ADITIVO Nº 3/2025 - UASG 158516</p><p>Número do Contrato: 138/2022.</p><p>Nº Processo: 23292.034948/2022-48.</p><p>Inexigibilidade. Nº 41028/2022. Contratante: INST.FED.DE EDUC.,CIENC.E TEC.DE STA.CAT/IFSC. Contratado: 06.216.475/0001-04 - GB PRINT SERVICOS DE INFORMATICA LTDA. Objeto: Prorrogação contratual.. Vigência: 02/01/2026 a 02/01/2027. Valor Total Atualizado do Contrato: R$ 6.711,45. Data de Assinatura: 27/10/2025.</p><p>(COMPRASNET 4.0 - 27/10/2025).</p>]]></Texto>
  </body>
  <Midias />
</article></xml>