﻿<xml><article id="47232946" name="3 - Publicacao DOU - edital 01-2" idOficio="11502605" pubName="DO3" artType="Edital de Processo Seletivo" pubDate="02/01/2026" artClass="00025:00063:00030:00000:00000:00000:00000:00000:00000:00000:00060:00000" artCategory="Ministério da Educação/Instituto Federal de Educação, Ciência e Tecnologia do Espírito Santo/Campus Barra de São Francisco" artSize="12" artNotes="" numberPage="18" pdfPage="http://pesquisa.in.gov.br/imprensa/jsp/visualiza/index.jsp?data=02/01/2026&amp;jornal=530&amp;pagina=18" editionNumber="1" highlightType="" highlightPriority="" highlight="" highlightimage="" highlightimagename="" idMateria="23467879">
  <body>
    <Identifica><![CDATA[ EDITAL Nº 1, de 31 de Dezembro de 2025]]></Identifica>
    <Data><![CDATA[]]></Data>
    <Ementa />
    <Titulo />
    <SubTitulo />
    <Texto><![CDATA[<p class="identifica">EDITAL Nº 1, de 31 de Dezembro de 2025</p><p class="identifica">abertura das inscrições para o Processo Seletivo Simplificado</p><p>O DIRETOR GERAL DO INSTITUTO FEDERAL DE EDUCACAO, CIENCIA E TECNOLOGIA DO ESPIRITO SANTO . CAMPUS BARRA DE SAO FRANCISCO, no uso de suas atribuicoes legais, torna publica a abertura das inscricoes para o Processo Seletivo Simplificado com vistas a contratacao de Professor Substituto na area de Letras Português- Inglês, com a finalidade de atender a necessidade temporaria de excepcional interesse publico no Ifes, conforme quadro de vagas a seguir:</p><p /><p></p><table><tr /><tr><td rowspan="1" colspan="1"><p>AREA DE ESTUDO/ DISCIPLINA</p></td><td rowspan="1" colspan="1"><p>REQUISITOS PARA INGRESSO</p></td><td rowspan="1" colspan="1"><p>REGIME DE TRABALHO</p></td><td rowspan="1" colspan="1"><p>VAGAS</p></td></tr><tr><td rowspan="1" colspan="1"><p>1. Letras Português- Inglês</p></td><td rowspan="1" colspan="1"><p>Licenciatura em Letras Português/Inglês ou Bacharelado em Letras Português/Inglês (tabela capes Área 80201008 e/ou 80202004). Podendo ter Pós-Graduação Lato Sensu (Especialização) ou Stricto Sensu (Mestrado ou Doutorado) em qualquer área do conhecimento.</p></td><td rowspan="1" colspan="1"><p>40h</p></td><td rowspan="1" colspan="1"><p>01</p></td></tr></table><p>1. Periodo de Inscricao: 02/01/2026 a 18/01/2026 (ate as 23h55min).</p><p>2. Forma de Inscricao: as inscricoes sao gratuitas e serao realizadas exclusivamente atraves do preenchimento de formulario eletronico da Plataforma Google Formularios acessando o link abaixo: https://forms.gle/CgGYp1nwFPXDhSE1A .</p><p>3. . O Processo Seletivo Simplificado será realizado em duas etapas, sendo: Prova de Títulos (classificatória e eliminatória) e Prova de Desempenho Didático (eliminatória).</p><p>4. A remuneracao mensal varia de R$ 4.326.60 a R$ 8.058,29, dependendo da titulacao do aprovado e do pre-requisito estabelecido no edital, mais auxilio-alimentacao de R$ 1.000,00, auxilio-transporte e auxilio pre-escolar (para filhos menores de seis anos de idade).</p><p>5. O edital completo encontra-se a disposicao dos candidatos no link: https://saofrancisco.ifes.edu.br/index.php/processos-seletivos/substitutos-e-temporarios</p><p class="assina">Conceicao Regina Pinto de Oliveira</p><p class="cargo">substituta</p>]]></Texto>
  </body>
  <Midias />
</article></xml>