﻿<xml><article id="47231764" name="21000.037121-2020-39" idOficio="11504012" pubName="DO3" artType="Edital de Notificação" pubDate="02/01/2026" artClass="00008:00002:00007:00000:00000:00000:00000:00000:00000:00000:00063:00000" artCategory="Ministério da Agricultura e Pecuária/Secretaria Executiva/Subsecretaria de Gestão de Pessoas e de Gestão do Conhecimento" artSize="12" artNotes="" numberPage="1" pdfPage="http://pesquisa.in.gov.br/imprensa/jsp/visualiza/index.jsp?data=02/01/2026&amp;jornal=530&amp;pagina=1" editionNumber="1" highlightType="" highlightPriority="" highlight="" highlightimage="" highlightimagename="" idMateria="23470915">
  <body>
    <Identifica><![CDATA[ EDITAL DE NOTIFICAÇÃO ]]></Identifica>
    <Data><![CDATA[Em 19 de dezembro de 2025.]]></Data>
    <Ementa />
    <Titulo />
    <SubTitulo />
    <Texto><![CDATA[<p class="identifica">EDITAL DE NOTIFICAÇÃO</p><p>O Ministério da Agricultura e Pecuária, por meio da Subsecretaria de Gestão de Pessoas e de Gestão do Conhecimento, notifica o(a) Sr(a) NORALDINO BORBOREMA FILHO - CPF xxx.685.769-xx, após esgotadas as tentativas de lhe dar ciência por meio de e-mail e remessa postal, tendo em vista estar em local incerto e não sabido para envio de correspondência, quanto à reposição ao Erário em decorrência do recebimento indevido de valores correspondentes a sua exoneração do cargo de Auxiliar Operacional em Agropecuária, classe S, padrão III, código da vaga 3532, ocorrida em 8 de julho de 2021, conforme Portaria de Pessoal SE/MAPA Nº 1.097, publicada no Diário Oficial da União no dia 12 de julho de 2021. O prazo legal para interposição de recurso administrativo é de 15 (quinze) dias, contados a partir desta notificação, por meio do e-mail (copag@agro.gov.br). O processo relativo ao assunto está cadastrado no Sistema Eletrônico de Informações - SEI - sob o número 21000.037121/2020-39. Para fins de acesso ao processo, deverá ser encaminhada solicitação ao e-mail (copag@agro.gov.br).</p><p class="data">Em 19 de dezembro de 2025.</p><p class="assina">ALYSSON DE CARVALHO PINHEIRO LAGO</p><p class="cargo">Subsecretário de Gestão de Pessoas e de Gestão do Conhecimento Substituto</p>]]></Texto>
  </body>
  <Midias />
</article></xml>