﻿<xml><article id="47232439" name="BANZAEPE" idOficio="11502347" pubName="DO3" artType="Aviso" pubDate="02/01/2026" artClass="00075:00005:00083:00000:00000:00000:00000:00000:00000:00000:00107:00000" artCategory="Prefeituras/Estado da Bahia/PREFEITURA MUNICIPAL DE BANZAÊ" artSize="12" artNotes="" numberPage="160" pdfPage="http://pesquisa.in.gov.br/imprensa/jsp/visualiza/index.jsp?data=02/01/2026&amp;jornal=530&amp;pagina=160" editionNumber="1" highlightType="" highlightPriority="" highlight="" highlightimage="" highlightimagename="" idMateria="23467574">
  <body>
    <Identifica><![CDATA[ AVISO DE LICITAÇÃO  PREGÃO ELETRÔNICO SRP Nº 43/2025-PE]]></Identifica>
    <Data><![CDATA[]]></Data>
    <Ementa />
    <Titulo />
    <SubTitulo />
    <Texto><![CDATA[<p class="identifica">AVISO DE LICITAÇÃO PREGÃO ELETRÔNICO SRP Nº 43/2025-PE</p><p>A Pregoeira Oficial da Prefeitura Municipal de Banzaê-BA torna público para conhecimento dos interessados, a realização do Pregão Eletrônico nº. 43-2025-PE, no dia 15/01/2026, aquisição de material de Didático, higiene e limpeza, em cumprimento ao Inciso VIII do Art. 70 da LDB, afim de atender as Escolas de Educação Infantil e Creches do Município de Banzaê- Estado da Bahia. Edital disponível no site - https://bll.org.br/ ou através do e-mail: licitacaobanzae4@outlook.com - Banzaê - Ba, nos horários das 08:00hs às 12:00hs.</p><p class="assina">GLAUCE DA CRUZ SILVA</p>]]></Texto>
  </body>
  <Midias />
</article></xml>