﻿<xml><article id="47238264" name="2025-12-03/11447594/siasgnet_233" idOficio="11447594" pubName="DO3" artType="Aviso de Licitação-Pregão" pubDate="02/01/2026" artClass="00016:00012:00026:00004:00001:00000:00000:00000:00000:00000:00163:00001" artCategory="Ministério da Defesa/Comando da Marinha/Diretoria-Geral de Navegação/Diretoria de Hidrografia e Navegação/Base de Hidrografia da Marinha em Niterói" artSize="12" artNotes="" numberPage="10" pdfPage="http://pesquisa.in.gov.br/imprensa/jsp/visualiza/index.jsp?data=02/01/2026&amp;jornal=530&amp;pagina=10" editionNumber="1" highlightType="" highlightPriority="" highlight="" highlightimage="" highlightimagename="" idMateria="23383451">
  <body>
    <Identifica><![CDATA[ AVISO DE LICITAÇÃO]]></Identifica>
    <Data><![CDATA[]]></Data>
    <Ementa />
    <Titulo />
    <SubTitulo />
    <Texto><![CDATA[<p class="identifica">AVISO DE LICITAÇÃO</p><p class="identifica">Pregão Eletrônico Nº 90014/2025 - UASG 751212</p><p>Nº Processo: 63999050249202557. Objeto: Contratação de empresa especializada para prestação de serviços comuns de engenharia inerentes à manutenção predial corretiva ou preventiva, com fornecimento de material.. Total de Itens Licitados: 43. Edital: 02/01/2026 das 08h00 às 11h30 e das 13h00 às 15h30. Endereço: Rua Barao de Jaceguai, S/nº, Ponta da Armação - Niterói/RJ ou https://www.gov.br/compras/edital/751212-5-90014-2025. Entrega das Propostas: a partir de 02/01/2026 às 08h00 no site www.gov.br/compras. Abertura das Propostas: 22/01/2026 às 09h00 no site www.gov.br/compras. Informações Gerais: O licitante poderá realizar vistoria, não obrigatória, nas instalações do local de execução dos serviços, acompanhado por servidor designado para esse fim, de segunda a sexta-feira, das 08h às 16h devendo o agendamento ser efetuado previamente pelo telefone (21) 2189-3286 / 3288 ou pelo e-mail: casse.silva@marinha.mil.br ou nathalia.ferreira@marinha.mil.br..</p><p class="assina">EDUARDO PEREIRA DE REZENDE</p><p class="cargo">Ordenador de Despesas</p><p>(SIASGnet - 03/12/2025) 751212-00001-2025NE000001</p>]]></Texto>
  </body>
  <Midias />
</article></xml>