﻿<xml><article id="47236977" name="2025-12-30/11500976/COMPRASNETWS" idOficio="11500976" pubName="DO3" artType="Extrato de Apostilamento" pubDate="02/01/2026" artClass="00025:00073:00006:00000:00000:00000:00000:00000:00000:00000:00142:00001" artCategory="Ministério da Educação/Instituto Federal de Educação, Ciência e Tecnologia do Pará/Campus Belém" artSize="12" artNotes="" numberPage="20" pdfPage="http://pesquisa.in.gov.br/imprensa/jsp/visualiza/index.jsp?data=02/01/2026&amp;jornal=530&amp;pagina=20" editionNumber="1" highlightType="" highlightPriority="" highlight="" highlightimage="" highlightimagename="" idMateria="23465794">
  <body>
    <Identifica><![CDATA[ EXTRATO TERMO DE APOSTILAMENTO AO CONTRATO Nº 13/2023]]></Identifica>
    <Data><![CDATA[]]></Data>
    <Ementa />
    <Titulo />
    <SubTitulo />
    <Texto><![CDATA[<p class="identifica">EXTRATO TERMO DE APOSTILAMENTO AO CONTRATO Nº 13/2023</p><p>UASG 158306 - Nº Processo 23051.006657/2025-43.</p><p>Edital de Concorrência Eletrônica nº 001/2023. Contratante: INST. FED. DO PARA/CAMPUS BELEM. Contratado: 03.374.268/0001-81 - ELSHADAY ENGENHARIA LTDA. Objeto: REAJUSTAR POR ÍNDICE ECONÔMICO-FINANCEIRO os valores do Contrato nº 013/2023-IFPA/Belém, firmado para execução da Conclusão da Obra do Bloco L do IFPA Campus Belém, em razão dos efeitos inflacionários, com base na variação do INCC/IPCA acumulados no período de Julho/2024 à Julho/2025, bem como corrigir o erro material identificado no 1º Termo de Apostilamento firmado. Valor mensal atualizado do contrato: R$ 559.740,43, perfazendo o total de R$11.194.808,65. Data de Assinatura: 25/12/2025.</p>]]></Texto>
  </body>
  <Midias />
</article></xml>