﻿<xml><article id="47236875" name="2025-12-31/11504079/SICONV_23471" idOficio="11504079" pubName="DO3" artType="Extrato de Convênio" pubDate="02/01/2026" artClass="00015:00025:00000:00000:00000:00000:00000:00000:00000:00000:00031:00001" artCategory="Ministério da Cultura/Secretaria de Formação Artística e Cultural, Livro e Leitura" artSize="12" artNotes="" numberPage="5" pdfPage="http://pesquisa.in.gov.br/imprensa/jsp/visualiza/index.jsp?data=02/01/2026&amp;jornal=530&amp;pagina=5" editionNumber="1" highlightType="" highlightPriority="" highlight="" highlightimage="" highlightimagename="" idMateria="23471004">
  <body>
    <Identifica><![CDATA[ EXTRATO DE CONVÊNIO]]></Identifica>
    <Data><![CDATA[]]></Data>
    <Ementa />
    <Titulo />
    <SubTitulo />
    <Texto><![CDATA[<p class="identifica">EXTRATO DE CONVÊNIO</p><p>Espécie: Convênio Código 988738, Nº Processo: 01400034234202577, Concedente: MINISTERIO DA CULTURA, Convenente: MUNICIPIO DE URUCUIA CNPJ nº 25223850000180, Objeto: Modernização e Equipagem da Biblioteca Pública Municipal Guimarães Rosa., Valor Total: R$ 201.000,00, Valor de Contrapartida: R$ 1.000,00, Valor a ser transferido ou descentralizado por exercício: 2025 - R$ 200.000,00, Crédito Orçamentário: Num Empenho: 2025NE000166, Valor: R$ 45.000,00, PTRES: 257887, Fonte Recurso: 1000000000, ND: 444041; Num Empenho: 2025NE000165, Valor: R$ 155.000,00, PTRES: 257887, Fonte Recurso: 1000000000, ND: 334041, Vigência: 30/12/2025 a 30/04/2027, Data de Assinatura: 30/12/2025, Signatários: Concedente: FABIANO DOS SANTOS CPF nº ***.429.043-**, Convenente: JOSE AILSON DANTAS QUEIROZ CPF nº ***.822.274-**.</p>]]></Texto>
  </body>
  <Midias />
</article></xml>