﻿<xml><article id="47238270" name="2025-12-30/11503902/COMPRASNETWS" idOficio="11503902" pubName="DO3" artType="Extrato de Contrato" pubDate="02/01/2026" artClass="00025:00100:00026:00000:00000:00000:00000:00000:00000:00000:00030:00001" artCategory="Ministério da Educação/Universidade Federal do Ceará/Pró-Reitoria de Planejamento e Administração" artSize="12" artNotes="" numberPage="52" pdfPage="http://pesquisa.in.gov.br/imprensa/jsp/visualiza/index.jsp?data=02/01/2026&amp;jornal=530&amp;pagina=52" editionNumber="1" highlightType="" highlightPriority="" highlight="" highlightimage="" highlightimagename="" idMateria="23470683">
  <body>
    <Identifica><![CDATA[ EXTRATO DE CONTRATO Nº 123/2025 - UASG 153045]]></Identifica>
    <Data><![CDATA[]]></Data>
    <Ementa />
    <Titulo />
    <SubTitulo />
    <Texto><![CDATA[<p class="identifica">EXTRATO DE CONTRATO Nº 123/2025 - UASG 153045</p><p>Nº Processo: 23067.065055/2025-52.</p><p>Dispensa Nº 325/2025. Contratante: UNIVERSIDADE FEDERAL DO CEARA.</p><p>Contratado: 31.302.808/0001-57 - FUNDACAO DE APOIO A CULTURA, A PESQUISA E AO DESENVOLVIMENTO INSTITUCIONAL, CIEN. Objeto: O presente contrato tem como objeto a prestação de suporte administrativo e financeiro da fundação de apoio nos termos do art. 1º da lei nº 8.958/1994 c.c. Parágrafo único do art. 1º do decreto nº 7.423/2010 e, subsidiariamente, do art. 75, xv, da lei nº 14.133/2021, na execução do projeto institucional denominado: "programa centros de acesso a direitos e inclusão social (cais) em fortaleza (ce)", consoante as disposições expressas no plano de trabalho anexo (anexo i), que integra este instrumento para todos os fins..</p><p>Fundamento Legal: LEI 14.133/2021 - Artigo: 75 - Inciso: XV. Vigência: 30/12/2025 a 30/12/2026. Valor Total: R$ 7.570.440,80. Data de Assinatura: 30/12/2025.</p><p>(COMPRASNET 4.0 - 30/12/2025).</p>]]></Texto>
  </body>
  <Midias />
</article></xml>