﻿<xml><article id="47237136" name="2025-12-30/11503878/COMPRASNETWS" idOficio="11503878" pubName="DO3" artType="Extrato de Contrato" pubDate="02/01/2026" artClass="00025:00067:00000:00000:00000:00000:00000:00000:00000:00000:00030:00001" artCategory="Ministério da Educação/Instituto Federal de Educação, Ciência e Tecnologia de Goiás" artSize="12" artNotes="" numberPage="19" pdfPage="http://pesquisa.in.gov.br/imprensa/jsp/visualiza/index.jsp?data=02/01/2026&amp;jornal=530&amp;pagina=19" editionNumber="1" highlightType="" highlightPriority="" highlight="" highlightimage="" highlightimagename="" idMateria="23470791">
  <body>
    <Identifica><![CDATA[ EXTRATO DE CONTRATO Nº 130/2025 - UASG 158153]]></Identifica>
    <Data><![CDATA[]]></Data>
    <Ementa />
    <Titulo />
    <SubTitulo />
    <Texto><![CDATA[<p class="identifica">EXTRATO DE CONTRATO Nº 130/2025 - UASG 158153</p><p>Nº Processo: 23379.000825/2025-06.</p><p>Pregão Nº 90001/2025. Contratante: INST.FED.DE EDUC.,CIENC.E TEC.DE GOIAS.</p><p>Contratado: 29.237.694/0001-67 - W.A TERCEIRIZADOS LTDA. Objeto: Prestação dos serviços de motorista, incluindo pagamento de diárias para o IFG Câmpus Luziânia, nas condições estabelecidas no termo de referência..</p><p>Fundamento Legal: MP 1.221/2024 - Artigo: 2 - Inciso: II. Vigência: 11/12/2025 a 11/12/2027. Valor Total: R$ 541.824,64. Data de Assinatura: 10/12/2025.</p><p>(COMPRASNET 4.0 - 29/12/2025).</p>]]></Texto>
  </body>
  <Midias />
</article></xml>