﻿<xml><article id="47238585" name="2025-12-30/11503052/COMPRASNETWS" idOficio="11503052" pubName="DO3" artType="Extrato de Contrato" pubDate="02/01/2026" artClass="00041:00019:00000:00000:00000:00000:00000:00000:00000:00000:00030:00001" artCategory="Ministério de Portos e Aeroportos/Agência Nacional de Aviação Civil" artSize="12" artNotes="" numberPage="111" pdfPage="http://pesquisa.in.gov.br/imprensa/jsp/visualiza/index.jsp?data=02/01/2026&amp;jornal=530&amp;pagina=111" editionNumber="1" highlightType="" highlightPriority="" highlight="" highlightimage="" highlightimagename="" idMateria="23468462">
  <body>
    <Identifica><![CDATA[ EXTRATO DE CONTRATO Nº 42/2025 - UASG 113214]]></Identifica>
    <Data><![CDATA[]]></Data>
    <Ementa />
    <Titulo />
    <SubTitulo />
    <Texto><![CDATA[<p class="identifica">EXTRATO DE CONTRATO Nº 42/2025 - UASG 113214</p><p>Nº Processo: 00058.075699/2025-62.</p><p>Pregão Nº 90018/2025. Contratante: AGÊNCIA NACIONAL DE AVIAÇÃO CIVIL.</p><p>Contratado: 21.508.986/0001-85 - BUONO CAFFE MAQUINAS AUTOMATICAS LTDA. Objeto: Contratação de serviços comuns de fornecimento de café e bebidas quentes, por meio de máquinas automáticas, compreendendo o emprego de todos os equipamentos, materiais e insumos necessários à execução dos serviços, nas dependências da Agência Nacional de Aviação Civil (ANAC) em Brasília/DF.</p><p>Fundamento Legal: LEI 14.133/2021. Vigência: 02/01/2026 a 02/07/2028. Valor Total: R$ 372.000,00. Data de Assinatura: 30/12/2025.</p><p>(COMPRASNET 4.0 - 30/12/2025).</p>]]></Texto>
  </body>
  <Midias />
</article></xml>