﻿<xml><article id="47233115" name="UBERLANDIA 523" idOficio="11504092" pubName="DO3" artType="Aviso" pubDate="02/01/2026" artClass="00075:00012:01087:00005:00000:00000:00000:00000:00000:00000:00107:00000" artCategory="Prefeituras/Estado de Minas Gerais/PREFEITURA MUNICIPAL DE UBERLÂNDIA/SECRETARIA MUNICIPAL DE ADMINISTRAÇÃO" artSize="12" artNotes="" numberPage="163" pdfPage="http://pesquisa.in.gov.br/imprensa/jsp/visualiza/index.jsp?data=02/01/2026&amp;jornal=530&amp;pagina=163" editionNumber="1" highlightType="" highlightPriority="" highlight="" highlightimage="" highlightimagename="" idMateria="23470983">
  <body>
    <Identifica><![CDATA[ AVISO DE LICITAÇÃO]]></Identifica>
    <Data><![CDATA[Uberlândia/MG, 31 de dezembro de 2025.]]></Data>
    <Ementa />
    <Titulo />
    <SubTitulo />
    <Texto><![CDATA[<p class="identifica">AVISO DE LICITAÇÃO</p><p class="identifica">PREGÃO ELETRÔNICO Nº 523/2025</p><p>COMPRASNET Nº. 90523/2025 - LEI FEDERAL Nº. 14.133/2021. PARTICIPAÇÃO AMPLA CONCORRÊNCIA. CRITÉRIO DE JULGAMENTO "MAIOR DESCONTO SOBRE PREÇO GLOBAL". CONTRATANTE: PREFEITURA MUNICIPAL DE UBERLÂNDIA - SECRETARIA MUNICIPAL DE EDUCAÇÃO - Objeto: Contratação de empresa especializada, no ramo de engenharia, para prestação de serviços de preservação de edificações através de manutenção preventiva, corretiva e emergencial, com fornecimento de peças, materiais de consumo, insumos e mão de obra, bem como para a realização de serviços de manutenção nos sistemas, equipamentos e estrutura física das edificações da Secretaria Municipal de Educação de Uberlândia, e em quaisquer novas instalações que venham a ser ocupadas por esta. VALOR ANUAL ESTIMADO DA CONTRATAÇÃO: R$6.587.868,52. DATA DA SESSÃO PÚBLICA: Dia 21/01/2026 às 09h (horário de Brasília), no site www.gov.br/compras. UASG: 926922.</p><p class="data">Uberlândia/MG, 31 de dezembro de 2025.</p><p class="assina">MARIA BARBOSA POLICARPO</p><p class="cargo">Diretora de Compras</p>]]></Texto>
  </body>
  <Midias />
</article></xml>