﻿<xml><article id="47231771" name="EDITAIS GO - COMISSAO PRO-FUNDAC" idOficio="11503202" pubName="DO3" artType="Aviso" pubDate="02/01/2026" artClass="00073:14559:00000:00000:00000:00000:00000:00000:00000:00000:00107:00000" artCategory="Ineditoriais/COMISSÃO PRÓ-FUNDAÇÃO DO SINDICATO DOS EMPREGADOS DAS EMPRESAS LOCADORAS DE VEÍCULOS AUTOMOTORES, EQUIPAMENTOS E BENS MÓVEIS DO ESTADO DA BAHIA" artSize="12" artNotes="" numberPage="159" pdfPage="http://pesquisa.in.gov.br/imprensa/jsp/visualiza/index.jsp?data=02/01/2026&amp;jornal=530&amp;pagina=159" editionNumber="1" highlightType="" highlightPriority="" highlight="" highlightimage="" highlightimagename="" idMateria="23468659">
  <body>
    <Identifica><![CDATA[ EDITAL ]]></Identifica>
    <Data><![CDATA[Iguaí - BA, 2 de janeiro de 2025.]]></Data>
    <Ementa />
    <Titulo />
    <SubTitulo />
    <Texto><![CDATA[<p class="identifica">EDITAL</p><p class="identifica">ASSEMBLEIA GERAL EXTRAORDINÁRIA</p><p>A Comissão Pró-Fundação do Sindicato dos Empregados das Empresas Locadoras de Veículos Automotores, Equipamentos e Bens Móveis do Estado da Bahia, representado pela subscritora a Sr.a Erika Santos Porto Dutra, CPF: ***.777.***-25, RG: 11.***.***-80, por meio do presente e edital em conformidade com a Portaria MTE Nº 3.472, de 04 de outubro de 2023, que dispõe sobre os procedimentos para o registro das entidades sindicais, convoca a Categoria Profissional dos empregados das empresas Locadoras de Veículos Automotores, Equipamentos e Bens Móveis, do Estado da Bahia, para participarem da Assembleia Geral Extraordinária de Pró-fundação do sindicato, a realizar-se no dia 14/02/2026, às 08h00min, na Rua Iraci, s/n, Iguaí/BA, CEP 45280-000, com a seguinte ordem do dia: 1) Aprovação da Fundação do Sindicato; 2) Aprovação do Estatuto; 3) Eleição e posse da Diretoria Executiva e Conselho Fiscal.</p><p class="data">Iguaí - BA, 2 de janeiro de 2025.</p><p class="assina">Erika Santos Porto Dutra</p><p class="cargo">Subscritora</p>]]></Texto>
  </body>
  <Midias />
</article></xml>