﻿<xml><article id="47238831" name="2025-12-31/11504060/COMPRASNETWS" idOficio="11504060" pubName="DO3" artType="Extrato de Contrato" pubDate="02/01/2026" artClass="00048:00021:00000:00000:00000:00000:00000:00000:00000:00000:00030:00001" artCategory="Ministério do Trabalho e Emprego/Fundação Jorge Duprat Figueiredo, de Segurança e Medicina do Trabalho" artSize="12" artNotes="" numberPage="120" pdfPage="http://pesquisa.in.gov.br/imprensa/jsp/visualiza/index.jsp?data=02/01/2026&amp;jornal=530&amp;pagina=120" editionNumber="1" highlightType="" highlightPriority="" highlight="" highlightimage="" highlightimagename="" idMateria="23471010">
  <body>
    <Identifica><![CDATA[ EXTRATO DE CONTRATO Nº 20/2025 - UASG 264001]]></Identifica>
    <Data><![CDATA[]]></Data>
    <Ementa />
    <Titulo />
    <SubTitulo />
    <Texto><![CDATA[<p class="identifica">EXTRATO DE CONTRATO Nº 20/2025 - UASG 264001</p><p>Nº Processo: 47648.001485/2025-73.</p><p>Pregão Nº 90001/2025. Contratante: FUNDACENTRO - FUND.JORGE DUPRAT/CTN/SEDE - SP.</p><p>Contratado: 59.717.553/0006-17 - GRUPO MULTI S.A. Objeto: Aquisição de equipamentos móveis (notebooks).</p><p>Fundamento Legal: LEI 14.133/2021 - Artigo: 28 - Inciso: I. Vigência: 30/12/2025 a 29/12/2026. Valor Total: R$ 277.356,00. Data de Assinatura: 30/12/2025.</p><p>(COMPRASNET 4.0 - 31/12/2025).</p>]]></Texto>
  </body>
  <Midias />
</article></xml>