﻿<xml><article id="47237187" name="2025-12-30/11502058/siasgnet_234" idOficio="11502058" pubName="DO3" artType="Aviso de Licitação-Pregão" pubDate="02/01/2026" artClass="00025:00153:00000:00000:00000:00000:00000:00000:00000:00000:00163:00001" artCategory="Ministério da Educação/Fundação Universidade Federal de Pelotas" artSize="12" artNotes="" numberPage="93" pdfPage="http://pesquisa.in.gov.br/imprensa/jsp/visualiza/index.jsp?data=02/01/2026&amp;jornal=530&amp;pagina=93" editionNumber="1" highlightType="" highlightPriority="" highlight="" highlightimage="" highlightimagename="" idMateria="23467219">
  <body>
    <Identifica><![CDATA[ AVISO DE LICITAÇÃO]]></Identifica>
    <Data><![CDATA[]]></Data>
    <Ementa />
    <Titulo />
    <SubTitulo />
    <Texto><![CDATA[<p class="identifica">AVISO DE LICITAÇÃO</p><p class="identifica">Pregão Eletrônico Nº 90053/2025 - UASG 154047</p><p>Nº Processo: 23110042324202530. Objeto: Aquisição de eletrodomésticos, impressora e chuveiro. Total de Itens Licitados: 58. Edital: 02/01/2026 das 08h00 às 12h00 e das 14h00 às 17h59. Endereço: Rua Gomes Carneiro Num. 01, - Pelotas/RS ou https://www.gov.br/compras/edital/154047-5-90053-2025. Entrega das Propostas: a partir de 02/01/2026 às 08h00 no site www.gov.br/compras. Abertura das Propostas: 15/01/2026 às 09h00 no site www.gov.br/compras. Informações Gerais: .</p><p class="assina">ANA SIMEONIDIS</p><p class="cargo">Pregoeira</p><p>(SIASGnet - 30/12/2025) 154047-15264-2025NE008000</p>]]></Texto>
  </body>
  <Midias />
</article></xml>