﻿<xml><article id="47238636" name="2025-12-30/11503945/SICONV_23470" idOficio="11503945" pubName="DO3" artType="Extrato de Convênio" pubDate="02/01/2026" artClass="00015:00032:00000:00000:00000:00000:00000:00000:00000:00000:00031:00001" artCategory="Ministério da Cultura/Fundação Nacional de Artes" artSize="12" artNotes="" numberPage="6" pdfPage="http://pesquisa.in.gov.br/imprensa/jsp/visualiza/index.jsp?data=02/01/2026&amp;jornal=530&amp;pagina=6" editionNumber="1" highlightType="" highlightPriority="" highlight="" highlightimage="" highlightimagename="" idMateria="23470868">
  <body>
    <Identifica><![CDATA[ EXTRATO DE TERMO ADITIVO]]></Identifica>
    <Data><![CDATA[]]></Data>
    <Ementa />
    <Titulo />
    <SubTitulo />
    <Texto><![CDATA[<p class="identifica">EXTRATO DE TERMO ADITIVO</p><p>Espécie: Termo Aditivo de Alteração da Vigência Nº 000002/2025 ao Instrumento código 972544. Convenentes: Concedente: FUNDACAO NACIONAL DE ARTES, Unidade Gestora: 403201. Convenente: COMPANHIA CANDONGAS E OUTRAS FIRULAS, CNPJ nº 02365486000197. Prezados, pela presente vimos solicitar que o convênio, previsto para se encerrar em 31/12/2025, seja prorrogado e aditivado para 30/04/2026. A prorrogação diz respeito apenas ao prazo, sem acréscimo. Valor Total: R$ 150.000,00, Valor de Contrapartida: R$ 0,00, Vigência: 01/01/2026 a 30/04/2026. Data de Assinatura: 31/12/2024. Signatários: Concedente: LEONARDO LESSA DE MENDONCA, CPF nº ***.281.406-**, Convenente: GUSTAVO BARTOLOZZI DE MORAIS, CPF nº ***.623.036-**.</p>]]></Texto>
  </body>
  <Midias />
</article></xml>