﻿<xml><article id="47232134" name="DOU TA-01 contrato Leilao N-001-" idOficio="11503977" pubName="DO3" artType="Extrato de Termo Aditivo" pubDate="02/01/2026" artClass="00008:00029:00084:00000:00000:00000:00000:00000:00000:00000:00053:00000" artCategory="Ministério da Agricultura e Pecuária/Empresa Brasileira de Pesquisa Agropecuária/Embrapa Solos" artSize="12" artNotes="" numberPage="3" pdfPage="http://pesquisa.in.gov.br/imprensa/jsp/visualiza/index.jsp?data=02/01/2026&amp;jornal=530&amp;pagina=3" editionNumber="1" highlightType="" highlightPriority="" highlight="" highlightimage="" highlightimagename="" idMateria="23470864">
  <body>
    <Identifica><![CDATA[ Extrato de Contrato]]></Identifica>
    <Data><![CDATA[]]></Data>
    <Ementa />
    <Titulo />
    <SubTitulo />
    <Texto><![CDATA[<p class="identifica">Extrato de Contrato</p><p>Espécie: Termo Aditivo Nº 01 ao Contrato de Prestação de Serviços Comuns de Leiloeiro Público Oficial (SAIC N° 25100.25/0050-2); Partes: EMBRAPA SOLOS - CNPJ - n° 00.348.003/0012-73 e a leiloeira Pública Oficial Juliana Vettorazzo - CPF - Nº ***.340.807-**; Objeto: Prorrogar o prazo de vigência do contrato por mais 120 (cento e vinte) dias, passando a vigorar até 12/06/2026. Processo Administrativo: SEI Nº 21201.000431/2025-46; Data de Assinatura: 30/12/2025; Signatários: Marisa Teixeira Mattioli - Chefe Geral Interina da Embrapa Solos e Flávio Arthur Souza da Costa - Chefe Adjunto de Administração Em Exercício da Embrapa Solos; e Juliana Vettorazzo Rodrigues Barros - Leiloeira Pública Oficial - Matrícula JUCERJ Nº 155.</p>]]></Texto>
  </body>
  <Midias />
</article></xml>