﻿<xml><article id="47237349" name="2025-12-30/11503481/siasgnet_234" idOficio="11503481" pubName="DO3" artType="Aviso de Licitação-Pregão" pubDate="02/01/2026" artClass="00016:00010:00029:00002:00020:00000:00000:00000:00000:00000:00163:00001" artCategory="Ministério da Defesa/Comando da Aeronáutica/Secretaria de Economia e Finanças e Administração da Aeronáutica/Diretoria de Administração da Aeronáutica/Grupamento de Apoio do Rio de Janeiro" artSize="12" artNotes="" numberPage="6" pdfPage="http://pesquisa.in.gov.br/imprensa/jsp/visualiza/index.jsp?data=02/01/2026&amp;jornal=530&amp;pagina=6" editionNumber="1" highlightType="" highlightPriority="" highlight="" highlightimage="" highlightimagename="" idMateria="23469039">
  <body>
    <Identifica><![CDATA[ AVISO DE LICITAÇÃO]]></Identifica>
    <Data><![CDATA[]]></Data>
    <Ementa />
    <Titulo />
    <SubTitulo />
    <Texto><![CDATA[<p class="identifica">AVISO DE LICITAÇÃO</p><p class="identifica">Pregão Eletrônico Nº 90096/2025 - UASG 120039</p><p>Nº Processo: 67246000137202519. Objeto: Aquisição de materiais de consumo para o GAP-RJ e Unidades apoiadas. Total de Itens Licitados: 88. Edital: 02/01/2026 das 08h00 às 12h00 e das 13h00 às 16h00. Endereço: Avenida Mal. Camara, 233 - 2 Andar - Castelo, - Rio de Janeiro/RJ ou https://www.gov.br/compras/edital/120039-5-90096-2025. Entrega das Propostas: a partir de 02/01/2026 às 08h00 no site www.gov.br/compras. Abertura das Propostas: 14/01/2026 às 10h00 no site www.gov.br/compras. Informações Gerais.</p><p class="assina">KLINGER NEWTON DE OLIVEIRA GUIMARAES</p><p class="cargo">Ordenador de Despesa</p><p>(SIASGnet - 30/12/2025) 120039-00001-2025NE000001</p>]]></Texto>
  </body>
  <Midias />
</article></xml>