﻿<xml><article id="47236809" name="2025-12-30/11503888/SICONV_23470" idOficio="11503888" pubName="DO3" artType="Extrato de Convênio" pubDate="02/01/2026" artClass="00015:00027:00000:00000:00000:00000:00000:00000:00000:00000:00031:00001" artCategory="Ministério da Cultura/Instituto Brasileiro de Museus" artSize="12" artNotes="" numberPage="5" pdfPage="http://pesquisa.in.gov.br/imprensa/jsp/visualiza/index.jsp?data=02/01/2026&amp;jornal=530&amp;pagina=5" editionNumber="1" highlightType="" highlightPriority="" highlight="" highlightimage="" highlightimagename="" idMateria="23470749">
  <body>
    <Identifica><![CDATA[ EXTRATO DE TERMO DE FOMENTO]]></Identifica>
    <Data><![CDATA[]]></Data>
    <Ementa />
    <Titulo />
    <SubTitulo />
    <Texto><![CDATA[<p class="identifica">EXTRATO DE TERMO DE FOMENTO</p><p>Espécie: Termo de Fomento Código 977445, Nº Processo: 01415001798202564, Concedente: INSTITUTO BRASILEIRO DE MUSEUS, Convenente: INSTITUTO MUSEU DA PESSOA.NET CNPJ nº 05210186000127, Objeto: Formação de agentes da memória ligados ao MST nas cinco regiões do Brasil, registro e publicação digital de histórias de vida de agricultores familiares urbanos do estado de São Paulo e de integrantes do MST em âmbito nacional, organizadas em dois eixos complementares: Nacional Raízes da Terra e Vozes da Agricultura Familiar de São Paulo através de vídeos curtos, integrando uma exposição digital, também hospedada na plataforma do museu., Valor Total: R$ 420.000,00, Valor de Contrapartida: R$ 0,00, Valor a ser transferido ou descentralizado por exercício: 2025 - R$ 420.000,00, Crédito Orçamentário: Num Empenho: 2025NE000224, Valor: R$ 200.000,00, PTRES: 257411, Fonte Recurso: 1000000000, ND: 335041; Num Empenho: 2025NE000225, Valor: R$ 220.000,00, PTRES: 257445, Fonte Recurso: 1000000000, ND: 335041, Vigência: 31/12/2025 a 30/12/2026, Data de Assinatura: 30/12/2025, Signatários: Concedente: MICHEL ROCHA CORREIA CPF nº ***.524.995-**, Convenente: MARCOS VINICIUS DE MORAES TERRA CPF nº ***.195.488-**.</p>]]></Texto>
  </body>
  <Midias />
</article></xml>