﻿<xml><article id="47231873" name="Extrato do Termo Aditivo 82000-2" idOficio="11503950" pubName="DO3" artType="Extrato de Termo Aditivo" pubDate="02/01/2026" artClass="00016:00012:00008:00041:00005:00000:00000:00000:00000:00000:00053:00000" artCategory="Ministério da Defesa/Comando da Marinha/Comando de Operações Navais/2º Distrito Naval/Centro de Intendência da Marinha em Salvador" artSize="12" artNotes="" numberPage="10" pdfPage="http://pesquisa.in.gov.br/imprensa/jsp/visualiza/index.jsp?data=02/01/2026&amp;jornal=530&amp;pagina=10" editionNumber="1" highlightType="" highlightPriority="" highlight="" highlightimage="" highlightimagename="" idMateria="23470873">
  <body>
    <Identifica><![CDATA[ EXTRATO DE TERMO ADITIVO]]></Identifica>
    <Data><![CDATA[]]></Data>
    <Ementa />
    <Titulo />
    <SubTitulo />
    <Texto><![CDATA[<p></p><p class="identifica">EXTRATO DE TERMO ADITIVO</p><p>Comando do 2º Distrito Naval. Processo nº 62027.006589/2025-75. Objeto: Quarto Termo Aditivo visando prorrogar o prazo de vigência do Contrato nº 82000/2022-933/03, por 12 (doze) meses, contemplando-se, nesta ocasião, o período de 02/01/2026 a 01/01/2027, nos termos do art. 57 II, da Lei nº 8.666, de 1993 e repactuar os valores do contrato, em razão da CLÁUSULA SEXTA - REAJUSTE, do contrato nº 82000/2022-933/03, pela variação do IST no período, conforme previsto e homologado de acordo com os reajustes informados pela ANATEL, o valor contratual a ser reajustado, será de 4,72% (quatro vírgula setenta e dois por cento). Contratada: ALGAR TELECOM S.A., CNPJ: 71.208.516/0001-74. Valor global anual: R$ 38.776,75 Assinatura: MARCELO FERNANDES REBELLO Capitão de Mar e Guerra (IM), Ordenador de Despesas, Data da Assinatura: 20/12/2025. Vigência: 02/01/2026 a 01/01/2027. Procedimento licitatório: Pregão Eletrônico n.º 39/2022, do Centro de Intendência da Marinha em Salvador.</p><p></p>]]></Texto>
  </body>
  <Midias />
</article></xml>