﻿<xml><article id="47232583" name="13 - AVISO DE LICITACAO - DOU__M" idOficio="11500860" pubName="DO3" artType="Aviso de Licitação" pubDate="02/01/2026" artClass="00071:00230:00000:00000:00000:00000:00000:00000:00000:00000:00079:00000" artCategory="Entidades de Fiscalização do Exercício das Profissões Liberais/CONSELHO REGIONAL DE EDUCAÇÃO FÍSICA DA 22ª REGIÃO" artSize="12" artNotes="" numberPage="157" pdfPage="http://pesquisa.in.gov.br/imprensa/jsp/visualiza/index.jsp?data=02/01/2026&amp;jornal=530&amp;pagina=157" editionNumber="1" highlightType="" highlightPriority="" highlight="" highlightimage="" highlightimagename="" idMateria="23465663">
  <body>
    <Identifica><![CDATA[ AVISO DE LICITAÇÃO]]></Identifica>
    <Data><![CDATA[ Vitória-ES, Em 31 de dezembro de 2025.]]></Data>
    <Ementa />
    <Titulo />
    <SubTitulo />
    <Texto><![CDATA[<p class="identifica">AVISO DE LICITAÇÃO</p><p class="identifica">PREGÃO ELETRÔNICO Nº 90023/2025</p><p>Aquisição de mochilas para notebooks personalizadas, sob demanda, com a logo do CREF22/ES bordada, conforme especificações detalhadas neste Termo de Referência, visando atender às necessidades institucionais do Conselho Regional de Educação Física da 22ª Região Espírito Santo - CREF22/ES, conforme condições e exigências estabelecidas no Edital e seus anexos, conforme condições e exigências estabelecidas no Edital e seus anexos. Tipo: Menor Preço. Entrega das Propostas: a partir de 06/01/2026 às 08h00 no site www.gov.br/compras. Abertura das Propostas: 19/01/2026 às 10h00 no site www.gov.br/compras. Edital: Portal Nacional de Contratações Públicas - PNCP, no gov.br/compras (www.gov.br/compras). contato: licitacao@cref22.org.br</p><p class="data">Vitória-ES, Em 31 de dezembro de 2025.</p><p class="assina">Ibsen Lucas Pettersen Pereira</p><p class="cargo">Presidente do Conselho</p>]]></Texto>
  </body>
  <Midias />
</article></xml>