﻿<xml><article id="47231792" name="Aviso_Licitacao_PE_91058_2025_CB" idOficio="11501844" pubName="DO3" artType="Aviso de Licitação" pubDate="02/01/2026" artClass="00029:00042:00000:00000:00000:00000:00000:00000:00000:00000:00079:00000" artCategory="Ministério da Gestão e da Inovação em Serviços Públicos/Empresa de Tecnologia e Informações da Previdência" artSize="12" artNotes="" numberPage="97" pdfPage="http://pesquisa.in.gov.br/imprensa/jsp/visualiza/index.jsp?data=02/01/2026&amp;jornal=530&amp;pagina=97" editionNumber="1" highlightType="" highlightPriority="" highlight="" highlightimage="" highlightimagename="" idMateria="23466938">
  <body>
    <Identifica><![CDATA[ AVISO DE LICITAÇÃO]]></Identifica>
    <Data><![CDATA[ Rio de janeiro,  31 de dezembro de 2025.]]></Data>
    <Ementa />
    <Titulo />
    <SubTitulo />
    <Texto><![CDATA[<p class="identifica">AVISO DE LICITAÇÃO</p><p class="identifica">PREGÃO ELETRÔNICO Nº 91058/2025 - UASG 238014</p><p>A Empresa de Tecnologia e Informações da Previdência S.A - Dataprev torna público que fará realizar no Portal de Compras do Governo Federal, a seguinte licitação:</p><p>OBJETO: Contratação de empresa especializada e credenciada junto ao Corpo de Bombeiros Militar do Estado do Rio de Janeiro - CBMERJ para a prestação de serviços de Bombeiro Civil - BC, com fornecimento de materiais, equipamentos e mão de obra, para execução das atividades de prevenção e combate a incêndio, controle de pânico, treinamento de brigadistas voluntários, abandono de área e prestação de primeiros socorros nas dependências da DATAPREV, nas Unidades Prediais da Filial Rio de Janeiro, edifícios: Waldir Pires em Botafogo e José Neves (Data Center) no Cosme Velho, pelo período de 60 (sessenta) meses, com cláusula de rescisão antecipada, mediante aviso prévio de 30 (trinta) dias.</p><p>Data de Abertura: 16/01/2026, às 10 horas.</p><p>O Edital encontra-se disponível no sítio https://www.gov.br/compras/pt-br/.</p><p class="data">Rio de janeiro, 31 de dezembro de 2025.</p><p class="assina">PAULA MARIA SILVA GALVÃO DOURADO</p><p class="cargo">Pregoeira</p>]]></Texto>
  </body>
  <Midias />
</article></xml>