﻿<xml><article id="47239073" name="2025-12-31/11504047/COMPRASNETWS" idOficio="11504047" pubName="DO3" artType="Extrato de Contrato" pubDate="02/01/2026" artClass="00008:00002:00009:00001:00004:00000:00000:00000:00000:00000:00030:00001" artCategory="Ministério da Agricultura e Pecuária/Secretaria Executiva/Subsecretaria de Planejamento, Orçamento e Administração/Coordenação-Geral de Aquisições/Coordenação-Geral de Aquisições" artSize="12" artNotes="" numberPage="2" pdfPage="http://pesquisa.in.gov.br/imprensa/jsp/visualiza/index.jsp?data=02/01/2026&amp;jornal=530&amp;pagina=2" editionNumber="1" highlightType="" highlightPriority="" highlight="" highlightimage="" highlightimagename="" idMateria="23470957">
  <body>
    <Identifica><![CDATA[ EXTRATO DE ARRENDAMENTO Nº 195/2025 - UASG 130005]]></Identifica>
    <Data><![CDATA[]]></Data>
    <Ementa />
    <Titulo />
    <SubTitulo />
    <Texto><![CDATA[<p class="identifica">EXTRATO DE ARRENDAMENTO Nº 195/2025 - UASG 130005</p><p>Nº Processo: 21000.035305/2024-98.</p><p>Pregão Nº 90014/2024. Contratante: MINISTÉRIO DA AGRICULTURA E PECUÁRIA - MAPA.</p><p>Contratado: 37.977.691/0007-83 - ESPACO &amp; FORMA MOVEIS E DIVISORIAS LTDA. Objeto: O objeto do presente instrumento é a contratação de serviços de empresa especializada, visando a prestação de serviços de desmontagem e transporte de divisórias existentes, bem como o fornecimento e instalação de novas estruturas de painéis de divisórias, de modo a atender às necessidades das edificações sob responsabilidade do Ministério da Agricultura e Pecuária - MAPA, nos termos da tabela abaixo, conforme condições e exigências estabelecidas no Termo de Referência.</p><p>Fundamento Legal: LEI 14.133/2021. Vigência: 30/12/2025 a 30/12/2026. Valor Total: R$ 2.857.425,62. Data de Assinatura: 30/12/2025.</p><p>(COMPRASNET 4.0 - 31/12/2025).</p>]]></Texto>
  </body>
  <Midias />
</article></xml>