﻿<xml><article id="47237766" name="2025-12-28/11497636/COMPRASNETWS" idOficio="11497636" pubName="DO3" artType="Extrato de Contrato" pubDate="02/01/2026" artClass="00025:00083:00000:00000:00000:00000:00000:00000:00000:00000:00030:00001" artCategory="Ministério da Educação/Instituto Federal de Educação, Ciência e Tecnologia de Santa Catarina" artSize="12" artNotes="" numberPage="21" pdfPage="http://pesquisa.in.gov.br/imprensa/jsp/visualiza/index.jsp?data=02/01/2026&amp;jornal=530&amp;pagina=21" editionNumber="1" highlightType="" highlightPriority="" highlight="" highlightimage="" highlightimagename="" idMateria="23461082">
  <body>
    <Identifica><![CDATA[ EXTRATO DE CONTRATO Nº 211/2025 - UASG 158516]]></Identifica>
    <Data><![CDATA[]]></Data>
    <Ementa />
    <Titulo />
    <SubTitulo />
    <Texto><![CDATA[<p class="identifica">EXTRATO DE CONTRATO Nº 211/2025 - UASG 158516</p><p>Nº Processo: 23292.007015/2024-41.</p><p>Pregão Nº 93100/2024. Contratante: INST.FED.DE EDUC.,CIENC.E TEC.DE STA.CAT/IFSC.</p><p>Contratado: 07.196.724/0001-00 - INTEGRASUL TECNOLOGIA DA INFORMACAO E COMUNICACAO LTDA. Objeto: Aquisição de equipamentos de controle de acesso e cftv para o campus tubarão..</p><p>Fundamento Legal: LEI 14.133/2021. Vigência: 03/11/2025 a 03/11/2026. Valor Total: R$ 34.064,30. Data de Assinatura: 03/11/2025.</p><p>(COMPRASNET 4.0 - 28/12/2025).</p>]]></Texto>
  </body>
  <Midias />
</article></xml>