﻿<xml><article id="47236854" name="2025-12-31/11504007/SICONV_23470" idOficio="11504007" pubName="DO3" artType="Extrato de Convênio" pubDate="02/01/2026" artClass="00033:00054:00002:01139:00002:00001:00000:00000:00000:00000:00031:00001" artCategory="Ministério da Justiça e Segurança Pública/Secretaria Nacional de Políticas Penais/Diretoria de Políticas Penitenciárias/Coordenação-Geral de Gestão de Instrumentos de Repasse/Coordenação de Acompanhamento e Fiscalização de Instrumentos de Repasse/Divisão de Acompanhamento e Fiscalização de instrumentos de Repasse" artSize="12" artNotes="" numberPage="106" pdfPage="http://pesquisa.in.gov.br/imprensa/jsp/visualiza/index.jsp?data=02/01/2026&amp;jornal=530&amp;pagina=106" editionNumber="1" highlightType="" highlightPriority="" highlight="" highlightimage="" highlightimagename="" idMateria="23470910">
  <body>
    <Identifica><![CDATA[ EXTRATO DE TERMO ADITIVO]]></Identifica>
    <Data><![CDATA[]]></Data>
    <Ementa />
    <Titulo />
    <SubTitulo />
    <Texto><![CDATA[<p class="identifica">EXTRATO DE TERMO ADITIVO</p><p>Espécie: Termo Aditivo de Alteração da Vigência Nº 000002/2025 ao Instrumento código 937468. Convenentes: Concedente: MINISTERIO DA JUSTICA E SEGURANCA PUBLICA, Unidade Gestora: 200324. Convenente: SECRETARIA DE CIDADANIA E JUSTICA, CNPJ nº 05553216000106. Prorrogação. Valor Total: R$ 265.260,78, Valor de Contrapartida: R$ 5.762,15, Vigência: 31/12/2025 a 07/04/2027. Data de Assinatura: 30/12/2022. Signatários: Concedente: ANDRE DE ALBUQUERQUE GARCIA, CPF nº ***.477.184-**, Convenente: HELIO PEREIRA MARQUES, CPF nº ***.964.822-**.</p>]]></Texto>
  </body>
  <Midias />
</article></xml>