﻿<xml><article id="47237754" name="2025-12-30/11503892/SICONV_23470" idOficio="11503892" pubName="DO3" artType="Extrato de Convênio" pubDate="02/01/2026" artClass="00015:00025:00000:00000:00000:00000:00000:00000:00000:00000:00031:00001" artCategory="Ministério da Cultura/Secretaria de Formação Artística e Cultural, Livro e Leitura" artSize="12" artNotes="" numberPage="4" pdfPage="http://pesquisa.in.gov.br/imprensa/jsp/visualiza/index.jsp?data=02/01/2026&amp;jornal=530&amp;pagina=4" editionNumber="1" highlightType="" highlightPriority="" highlight="" highlightimage="" highlightimagename="" idMateria="23470753">
  <body>
    <Identifica><![CDATA[ EXTRATO DE TERMO DE FOMENTO]]></Identifica>
    <Data><![CDATA[]]></Data>
    <Ementa />
    <Titulo />
    <SubTitulo />
    <Texto><![CDATA[<p class="identifica">EXTRATO DE TERMO DE FOMENTO</p><p>Espécie: Termo de Fomento Código 989503, Nº Processo: 01400034815202517, Concedente: MINISTERIO DA CULTURA, Convenente: INSTITUTO GEOGRAFICO E HISTORICO DA BAHIA CNPJ nº 14324800000172, Objeto: ORGANIZAÇÃO, TRATAMENTO E DIGITALIZAÇÃO DE ACERVOS para a Biblioteca Ruy Barbosa do Instituto Geográfico e Histórico da Bahia - IGHB, em Salvador/BA., Valor Total: R$ 400.000,00, Valor de Contrapartida: R$ 0,00, Valor a ser transferido ou descentralizado por exercício: 2026 - R$ 400.000,00, Crédito Orçamentário: Num Empenho: 2025NE000167, Valor: R$ 400.000,00, PTRES: 259646, Fonte Recurso: 1000000000, ND: 335041, Vigência: 30/12/2025 a 30/12/2026, Data de Assinatura: 30/12/2025, Signatários: Concedente: FABIANO DOS SANTOS CPF nº ***.429.043-**, Convenente: JOACI FONSECA DE GOES CPF nº ***.233.795-**.</p>]]></Texto>
  </body>
  <Midias />
</article></xml>