﻿<xml><article id="47231858" name="EXTRATO.Cont.3476" idOficio="11502911" pubName="DO3" artType="Extrato de Contrato" pubDate="02/01/2026" artClass="00025:00121:00000:00000:00000:00000:00000:00000:00000:00000:00030:00000" artCategory="Ministério da Educação/Universidade Federal do Rio Grande do Sul" artSize="12" artNotes="" numberPage="77" pdfPage="http://pesquisa.in.gov.br/imprensa/jsp/visualiza/index.jsp?data=02/01/2026&amp;jornal=530&amp;pagina=77" editionNumber="1" highlightType="" highlightPriority="" highlight="" highlightimage="" highlightimagename="" idMateria="23468336">
  <body>
    <Identifica><![CDATA[ EXTRATO DE CONTRATO]]></Identifica>
    <Data><![CDATA[]]></Data>
    <Ementa />
    <Titulo />
    <SubTitulo />
    <Texto><![CDATA[<p class="identifica">EXTRATO DE CONTRATO</p><p>IAP: 003476</p><p>CONTRATANTE: TRL9 TECH - Pesquisa e Desenvolvimento Experimental em Ciências Físicas e Naturais LTDA. CONTRATADA: Universidade Federal do Rio Grande do Sul. FUNDAÇÃO DE APOIO: Fundação de Apoio da Universidade Federal do Rio Grande do Sul. RESUMO DO OBJETO: Realização, pela UFRGS - através do(a) do Instituto de Química, da PREPARAÇÃO E CARACTERIZAÇÃO DE MATERIAIS POLIMERICOS. VIGÊNCIA: 18/12/2025 a 18/12/2027. VALOR: R$ 200.000,00 (duzentos mil reais). DATA E ASSINATURA: 18/12/2025. Sr. Rodrigo Denizarte de Oliveira Polkowksi, CEO/Diretor de Projetos - TRL9 Tech, Prof. Adriano Lisboa Monteiro, Diretor do Instituto de Química da UFRGS e Prof. João Antonio Pêgas Henriques, Diretor Presidente da FAURGS. N.º DO PROCESSO: 23078.580740/2025-85.</p>]]></Texto>
  </body>
  <Midias />
</article></xml>