﻿<xml><article id="47233672" name="LIC 03 PR" idOficio="11501284" pubName="DO3" artType="Aviso de Licitação-Pregão" pubDate="02/01/2026" artClass="00035:00056:00001:00000:00000:00000:00000:00000:00000:00000:00163:00000" artCategory="Ministério de Minas e Energia/Petróleo Brasileiro S.A./Petrobrás" artSize="12" artNotes="" numberPage="108" pdfPage="http://pesquisa.in.gov.br/imprensa/jsp/visualiza/index.jsp?data=02/01/2026&amp;jornal=530&amp;pagina=108" editionNumber="1" highlightType="" highlightPriority="" highlight="" highlightimage="" highlightimagename="" idMateria="23466184">
  <body>
    <Identifica><![CDATA[  AVISO DE LICITAÇÃO PREGÃO   Nº 7004548938]]></Identifica>
    <Data><![CDATA[]]></Data>
    <Ementa />
    <Titulo />
    <SubTitulo />
    <Texto><![CDATA[<p class="identifica">AVISO DE LICITAÇÃO PREGÃO Nº 7004548938</p><p>Objeto: Aquisição de Unidade Condensadora de Ar Condicionado.</p><p>Abertura das propostas: 16/01/2026 às 12:00 horas. Início da disputa de preços: 16/01/2026 às 14:30 horas</p><p>Obs.: A consulta ao edital e o processamento da licitação será realizada no portal www.petronect.com.br</p><p class="assina">ROGERIO OTA CALEJON</p><p class="cargo">Pregoeiro</p>]]></Texto>
  </body>
  <Midias />
</article></xml>