﻿<xml><article id="47233235" name="ed 4 020126" idOficio="11504083" pubName="DO3" artType="Edital" pubDate="02/01/2026" artClass="00034:00062:00000:00000:00000:00000:00000:00000:00000:00000:00056:00000" artCategory="Ministério do Meio Ambiente e Mudança do Clima/Instituto Brasileiro do Meio Ambiente e dos Recursos Naturais Renováveis" artSize="12" artNotes="" numberPage="107" pdfPage="http://pesquisa.in.gov.br/imprensa/jsp/visualiza/index.jsp?data=02/01/2026&amp;jornal=530&amp;pagina=107" editionNumber="1" highlightType="" highlightPriority="" highlight="" highlightimage="" highlightimagename="" idMateria="23470974">
  <body>
    <Identifica><![CDATA[ EDITAL Nº 4/2025 - DIPLAN]]></Identifica>
    <Data><![CDATA[]]></Data>
    <Ementa />
    <Titulo />
    <SubTitulo />
    <Texto><![CDATA[<p class="identifica">EDITAL Nº 4/2025 - DIPLAN</p><p>Processo nº 02001.006388/2022-91</p><p>O Instituto Brasileiro do Meio Ambiente e dos Recursos Naturais Renováveis - IBAMA, através da Coordenação-Geral de Orçamento e Finanças, nos termos da Decisão nº 354/2000-TCU, solicita aos abaixo identificados, que se encontram em local incerto e não sabido, a comparecer de imediato ao SCEN - Setor de Clubes Esportivos Norte - Trecho 02, Edifício Sede do IBAMA, na Coordenação de Contabilidade (CCONT), com vistas a tomar conhecimento dos processos abaixo relacionados, quanto ao seu conteúdo e o que é recomendado pelo Órgão de Controle Externo acima citado, face AR´s restituídos e prazos legais expirados.</p><p /><p></p><table><tr /><tr><td rowspan="1" colspan="1"><p>Interessado</p></td><td rowspan="1" colspan="1"><p>CPF/CNPJ</p></td><td rowspan="1" colspan="1"><p>Processo</p></td></tr><tr><td rowspan="1" colspan="1"><p>ELISMAR BRAGA DE OLIVEIRA</p></td><td rowspan="1" colspan="1"><p>071.***.***-29</p></td><td rowspan="1" colspan="1"><p>02029.001868/2022-58</p></td></tr><tr><td rowspan="1" colspan="1"><p>HARARUE KUBARIA JAVAE</p></td><td rowspan="1" colspan="1"><p>046.***.***-30</p></td><td rowspan="1" colspan="1"><p>02029.001865/2022-14</p></td></tr><tr><td rowspan="1" colspan="1"><p>EDIMAR PARESI KEZONEZOKAE</p></td><td rowspan="1" colspan="1"><p>066.***.***-94</p></td><td rowspan="1" colspan="1"><p>02013.001802/2022-37</p></td></tr><tr><td rowspan="1" colspan="1"><p>MARCELO DE ARAÚJO SILVA</p></td><td rowspan="1" colspan="1"><p>647.***.***-00</p></td><td rowspan="1" colspan="1"><p>02001.031584/2024-66</p></td></tr><tr><td rowspan="1" colspan="1"><p>KUREBAYAKU JURUNA</p></td><td rowspan="1" colspan="1"><p>069.***.***-73</p></td><td rowspan="1" colspan="1"><p>02013.001823/2022-52</p></td></tr><tr><td rowspan="1" colspan="1"><p>NEILSON VERAS DA SILVA</p></td><td rowspan="1" colspan="1"><p>790.***.***-82</p></td><td rowspan="1" colspan="1"><p>02025.001980/2022-29</p></td></tr><tr><td rowspan="1" colspan="1"><p>ASSANAHIW SURUÍ</p></td><td rowspan="1" colspan="1"><p>047.***.***-58</p></td><td rowspan="1" colspan="1"><p>02018.005162/2024-56</p></td></tr><tr><td rowspan="1" colspan="1"><p>NERLAN PEREIRA DE SOUZA</p></td><td rowspan="1" colspan="1"><p>027.***.***-86</p></td><td rowspan="1" colspan="1"><p>02014.002158/2022-12</p></td></tr><tr><td rowspan="1" colspan="1"><p>VAGNER MANHEZE SANTANA</p></td><td rowspan="1" colspan="1"><p>010.***.***-10</p></td><td rowspan="1" colspan="1"><p>02006.002158/2022-11</p></td></tr><tr><td rowspan="1" colspan="1"><p>GABRIEL MONTEIRO ROCHA</p></td><td rowspan="1" colspan="1"><p>023.***.***-86</p></td><td rowspan="1" colspan="1"><p>02005.000042/2025-92</p></td></tr><tr><td rowspan="1" colspan="1"><p>BRILHASERVS SERVICOS TERCEIRIZADOS LTDA</p></td><td rowspan="1" colspan="1"><p>05.***.***/0001-32</p></td><td rowspan="1" colspan="1"><p>00807.010567/2025-75</p></td></tr></table><p>CLAUDIA ILHA GATTAI</p><p class="cargo">Coordenadora -Geral</p>]]></Texto>
  </body>
  <Midias />
</article></xml>