﻿<xml><article id="47237097" name="2025-12-30/11502191/COMPRASNETWS" idOficio="11502191" pubName="DO3" artType="Extrato de Contrato" pubDate="02/01/2026" artClass="00033:00046:00036:00004:00000:00000:00000:00000:00000:00000:00030:00001" artCategory="Ministério da Justiça e Segurança Pública/Polícia Rodoviária Federal/Diretoria de Administração e Logística/Coordenação-Geral de Administração" artSize="12" artNotes="" numberPage="106" pdfPage="http://pesquisa.in.gov.br/imprensa/jsp/visualiza/index.jsp?data=02/01/2026&amp;jornal=530&amp;pagina=106" editionNumber="1" highlightType="" highlightPriority="" highlight="" highlightimage="" highlightimagename="" idMateria="23467403">
  <body>
    <Identifica><![CDATA[ EXTRATO DE CONTRATO Nº 93/2025 - UASG 200109]]></Identifica>
    <Data><![CDATA[]]></Data>
    <Ementa />
    <Titulo />
    <SubTitulo />
    <Texto><![CDATA[<p class="identifica">EXTRATO DE CONTRATO Nº 93/2025 - UASG 200109</p><p>Nº Processo: 08650.158266/2025-64.</p><p>Pregão Nº 90024/2025. Contratante: POLICIA RODOVIARIA FEDERAL.</p><p>Contratado: 49.874.173/0001-28 - M &amp; M COMERCIAL LTDA. Objeto: Aquisição de mobiliários diversos para a sede nacional da PRF, nas condições estabelecidas no Termo de Referência.</p><p>Fundamento Legal: LEI 14.133/2021. Vigência: 24/12/2025 a 22/06/2026. Valor Total: R$ 1.254.700,00. Data de Assinatura: 24/12/2025.</p><p>(COMPRASNET 4.0 - 30/12/2025).</p>]]></Texto>
  </body>
  <Midias />
</article></xml>