﻿<xml><article id="47232077" name="edital_territorio quilombola sit" idOficio="11501861" pubName="DO3" artType="Edital" pubDate="02/01/2026" artClass="00017:00028:00047:00000:00000:00000:00000:00000:00000:00000:00056:00000" artCategory="Ministério do Desenvolvimento Agrário e Agricultura Familiar/Instituto Nacional de Colonização e Reforma Agrária/Superintendência Regional do Nordeste do Pará" artSize="12" artNotes="" numberPage="12" pdfPage="http://pesquisa.in.gov.br/imprensa/jsp/visualiza/index.jsp?data=02/01/2026&amp;jornal=530&amp;pagina=12" editionNumber="1" highlightType="" highlightPriority="" highlight="" highlightimage="" highlightimagename="" idMateria="23467019">
  <body>
    <Identifica><![CDATA[ Edital]]></Identifica>
    <Data><![CDATA[]]></Data>
    <Ementa />
    <Titulo />
    <SubTitulo />
    <Texto><![CDATA[<p class="identifica">Edital</p><p>O SUPERINTENDENTE REGIONAL DO INSTITUTO NACIONAL DE COLONIZAÇÃO E REFORMA AGRÁRIA NO NORDESTE DO ESTADO DO PARÁ, nomeado pela Portaria nº 102, de 23 de março de 2023, publicada no Diário Oficial da União nº 58, Seção 2, Página 16, de 24/03/2023, no uso de suas atribuições legais e regulamentares, em especial a disposta no Artigo 153, Inciso VII, do Regimento Interno da INCRA, aprovado pela Portaria nº 925, de 30 de dezembro de 2024, publicada no DOU nº 251, Seção 1, Página 900, de 31/12/2024, considerando os termos de Decreto nº 12.171, de 09 de setembro de 2024, publicado no DOU nº 175, Seção 1, Página 11, de 10/09/2024, que altera o Decreto nº 11.232, de 10 de outubro de 2022, publicado no DOU nº 194, Seção 1, Página 14, de 11/10/2022 e Resolução nº 20 de 12 de maio de 2022, publicada no DOU nº 90, Seção 1, Página 7, de 13/05/2022, no uso de suas atribuições legais e regulamentares, e em cumprimento ao Decreto nº. 4.887, de 20/11/2003, TORNA PÚBLICO que tramita na citada Superintendência o Processo Administrativo nº 54100.004372/2016-81/SR-01, que trata da regularização fundiária das terras da comunidade Sítio Conceição, representada pela Associação da Comunidade Quilombola Indígena Sítio Conceição, localizada no município de Barcarena, estado do Pará. O território ora em processo de regularização é o que consta no Relatório Técnico de Identificação e Delimitação (RTID) realizado pelo Grupo Técnico Interdisciplinar nomeado através das Ordens de Serviço Ordens de Serviço: 1. 2686 (SEI 5268493); 2. 1734 (SEI 25086078) e aprovado no Comitê de Decisão Regional (CDR) - ATA CDR SR(01)PA N°07/2025. A comunidade é composta por 88 (oitenta e oito) famílias e o território identificado e delimitado pelo polígono com área total de Área total de 40,3121 ha (quarenta hectares, trinta e um ares e vinte e um centiares) e perímetro total de 5.655,57 m (cinco mil, seiscentos e cinquenta e cinco metros e cinquenta e sete centímetros), dividida em 3 (três) áreas, sendo: a) Área parte I de 01,0421 ha (um hectare, quatro ares e vinte e um centiares) e perímetro de 506,56 m (quinhentos e seis metros e cinquenta e seis centímetros); b) Área parte II de 21,8724 ha (vinte e um hectares, oitenta e sete ares e vinte e quatro centiares) e perímetro de 2.891,95 m (dois mil oitocentos e noventa e um metros noventa e cinco centímetros) e; c) Área Parte III de 17,3976 ha (dezessete hectares, trinta e nove ares e setenta e seis centiares) e perímetro de 2.257,06 m (dois mil duzentos e cinquenta e sete metros e seis centímetros). Os confinantes: Ao Norte: Albrás (escola e Cabana Clube) e Avenida Dom Romualdo Coelho. Ao Sul: Niracy Machado Fernandes, Fátima Miranda Nunes, Jucinaldo Mendes Azevedo, Sérgio do Carmo Pereira Miguel Leal Aires, Raimundo Otávio Pinheiro, Tatiani de Souza Silva Francisco Leite Lacerda, Maria Wane Nascimento de Abreu, Lucivaldo Araújo Pantoja e Batalhão da Policia Militar. Ao Leste: Áreas da União. Ao Oeste: Avenida Cônego Batista Campos. No perímetro descrito incidem propriedades de terras e/ou posse, devidamente notificadas, em favor de Cleber Correia da Costa; Águas de São Francisco (Estação de Tratamento de Esgoto); Prefeitura de Barcarena (Secretaria Municipal Extraordinária de Ordenamento Territorial e Habitação - SEMEOTH); ALBRAS; Neidiane da Silva Ribeiro Santos; e Elza Aquila Oliveira de Almeida. Nesses termos, o INCRA/SR(01) COMUNICA aos senhores detentores de domínio, ou não, abrangidos pelo perímetro descrito, e aos demais ocupantes, confinantes e terceiros interessados que, caso queiram, terão o prazo de 90 dias, a partir da última publicação do presente Edital nos Diários Oficiais da União e do Estado do Pará, para apresentarem suas contestações ao Relatório Técnico de Identificação e Delimitação. As contestações instruídas, com as provas pertinentes, deverão ser encaminhadas para a Superintendência Regional do INCRA/SR (01), situada na Estrada da CEASA, S/Nº, Bairro Souza, Belém/PA, CEP 66.610-903. Informamos ainda que de segunda a sexta-feira, no mesmo local, das 8:00 às 12:00 e das 14:00 às 18:00 horas, o Processo Administrativo nº 54100.004372/2016-81/SR-01, em cujos autos se processa o feito, estará à disposição dos interessados para consulta.</p><p class="assina">Manoel Raimundo Carvalho Moraes</p>]]></Texto>
  </body>
  <Midias />
</article></xml>