﻿<xml><article id="47231620" name="CONV - UNAB" idOficio="11422605" pubName="DO3" artType="Extrato de Convênio" pubDate="02/01/2026" artClass="00025:00111:00000:00000:00000:00000:00000:00000:00000:00000:00031:00000" artCategory="Ministério da Educação/Universidade Federal de Minas Gerais" artSize="12" artNotes="" numberPage="53" pdfPage="http://pesquisa.in.gov.br/imprensa/jsp/visualiza/index.jsp?data=02/01/2026&amp;jornal=530&amp;pagina=53" editionNumber="1" highlightType="" highlightPriority="" highlight="" highlightimage="" highlightimagename="" idMateria="23342285">
  <body>
    <Identifica><![CDATA[ Extrato de Convênio]]></Identifica>
    <Data><![CDATA[]]></Data>
    <Ementa />
    <Titulo />
    <SubTitulo />
    <Texto><![CDATA[<p class="identifica">Extrato de Convênio</p><p>Espécie: Proc. 23072.219377/2025-59 - Convênio firmado entre a Universidade Federal de Minas Gerais - UFMG, CNPJ/MF nº 17.217.985/0001-04 e a Universidad Andrés Bello (UNAB), Chile. Objeto: Promover o intercâmbio discente de caráter amplo nos níveis da graduação e pós-graduação, além do intercâmbio de docentes e pesquisadores. Valor: Não se aplica. Início da vigência: 16 de abril de 2025. Fim de Vigência: 16 de abril de 2030. Nomes e cargos dos signatários: Prof. Sandra Regina Goulart Almeida - Reitora da UFMG, e Prof. Raul Peralta San Martin - Vice-Reitor da UNAB.</p>]]></Texto>
  </body>
  <Midias />
</article></xml>