﻿<xml><article id="47232601" name="EXTRATO DE TERMO ADITIVO - PONTU" idOficio="11503976" pubName="DO3" artType="Extrato de Termo Aditivo" pubDate="02/01/2026" artClass="00070:00012:00000:00000:00000:00000:00000:00000:00000:00000:00053:00000" artCategory="Poder Judiciário/Tribunal Regional Federal da 6ª Região" artSize="12" artNotes="" numberPage="155" pdfPage="http://pesquisa.in.gov.br/imprensa/jsp/visualiza/index.jsp?data=02/01/2026&amp;jornal=530&amp;pagina=155" editionNumber="1" highlightType="" highlightPriority="" highlight="" highlightimage="" highlightimagename="" idMateria="23470863">
  <body>
    <Identifica><![CDATA[ EXTRATO DE TERMO ADITIVO]]></Identifica>
    <Data><![CDATA[]]></Data>
    <Ementa />
    <Titulo />
    <SubTitulo />
    <Texto><![CDATA[<p class="identifica">EXTRATO DE TERMO ADITIVO</p><p>ESPÉCIE: Segundo Termo Aditivo ao Contrato nº 001/2021. LOCATÁRIA: A UNIÃO, por meio da JUSTIÇA FEDERAL DE PRIMEIRO GRAU EM MINAS GERAIS. LOCADORA: PONTUAL PARTICIPACOES LTDA. OBJETO: 1) Prorroga a vigência do contrato por 12 (doze) meses, de 04/01/2026 a 03/01/2027. 2) Resguarda o direito de reajuste pelo IGP-M referente a janeiro de 2026. BASE LEGAL: Processo SEI nº 0030969-64.2020.4.01.8008 e Lei 8.666/93. Data de assinatura: Assinado em 29/12/2025, pelo Diretor da Secretaria Administrativa, Dr. Raimundo do Nascimento Ferreira, pela locatária e pelo Sr. Luiz Henrique Delfraro e pela Sra. Ericka Vasconcelos Suhadolnick, pela locadora.</p>]]></Texto>
  </body>
  <Midias />
</article></xml>