﻿<xml><article id="47233452" name="ELEICAO DIA 02.01.2026 2026 a 20" idOficio="11502405" pubName="DO3" artType="Aviso de Eleição" pubDate="02/01/2026" artClass="00073:00665:00385:00000:00000:00000:00000:00000:00000:00000:00116:00000" artCategory="Ineditoriais/Associação Brasileira de Rugby em Cadeira de Rodas" artSize="12" artNotes="" numberPage="158" pdfPage="http://pesquisa.in.gov.br/imprensa/jsp/visualiza/index.jsp?data=02/01/2026&amp;jornal=530&amp;pagina=158" editionNumber="1" highlightType="" highlightPriority="" highlight="" highlightimage="" highlightimagename="" idMateria="23467652">
  <body>
    <Identifica><![CDATA[ EDITAL DE CONVOCAÇÃO]]></Identifica>
    <Data><![CDATA[]]></Data>
    <Ementa />
    <Titulo />
    <SubTitulo />
    <Texto><![CDATA[<p class="identifica">EDITAL DE CONVOCAÇÃO</p><p>ASSOCIAÇÃO BRASILEIRA DE RUGBY EM CADEIRA DE RODAS EDITAL DE CONVOCAÇÃO PARA ELEIÇÃO DA DIRETORIA EXECUTIVA E CONSELHO FISCAL GESTÃO 2026/2030</p><p>A ASSOCIAÇÃO BRASILEIRA DE RUGBY EM CADEIRA DE RODAS - ABRC, através da Presidente da Comissão de Eleição da ABRC, Sra. Fabyana Ribeiro Ferreira Bernardes, no uso das atribuições que lhe confere o Estatuto da ABRC, especialmente o disposto nos artigos 15 a 20. E conforme aprovação do calendário eleitoral em Assembleia Geral Extraordinária realizadas nos termos estatutários torna público o presente EDITAL DE CONVOCAÇÃO DA ASSEMBLEIA GERAL EXTRAORDINÁRIA ELEITORAL, para eleição da Diretoria Executiva e do Conselho Fiscal da ABRC, referente ao mandato de 01/03/2026 a 28/02/2030, nos seguintes termos: A Assembleia Geral Extraordinária de Eleição será realizada no dia 30 de janeiro de 2026, às 20h (horário de Brasília), de forma online, por meio da plataforma Google Meet, conforme link abaixo, Estarão aptas a votar na Assembleia Eleitoral as Filiadas que estiverem em pleno gozo de seus direitos estatutários. Link de acesso à assembleia: https://meet.google.com/aak-vmen-mpb ou através do telefone +55 11 4933-7998 PIN: 873 966 001#, ou do link de telefone https://tel.meet/aak-vmen-mpb?pin=1566593268118 A Assembleia de eleição será instalada, em primeira convocação com a maioria absoluta das filiadas aptas a votar, e, em segunda convocação, 30 (trinta) minutos após, com qualquer número de filiadas presentes, conforme o §3º do art. 19 do Estatuto. As inscrições de chapa para a Diretoria Executiva e de candidaturas individuais para o Conselho Fiscal deverão ser realizadas até o dia 25 de janeiro de 2026, às 23h59, observando os critérios de elegibilidade, impedimentos e demais exigências estatutárias, por uma das seguintes formas: por e-mail: comissaoeleitoral@rugbiabrc.org.br envio para a sede da ABRC: Setor SMAS - Trecho 3, Conjunto 3, Bloco C, Sala 405, Brasília - DF, CEP: 70610-053. O Edital de Convocação para a Eleição da Diretoria Executiva e Conselho Fiscal - Gestão 2026/2030, completo juntamente com todos os anexos relativos ao Edital, estão publicados no site da ABRC no seguinte link: https://rugbiabrc.org.br/13949-2/</p><p class="assina">JOSÉ HIGINO OLIVEIRA SOUZA</p><p class="cargo">Presidente</p>]]></Texto>
  </body>
  <Midias />
</article></xml>