﻿<xml><article id="47238456" name="2025-12-31/11504064/COMPRASNETWS" idOficio="11504064" pubName="DO3" artType="Extrato de Termo Aditivo" pubDate="02/01/2026" artClass="00025:00100:00026:00000:00000:00000:00000:00000:00000:00000:00053:00001" artCategory="Ministério da Educação/Universidade Federal do Ceará/Pró-Reitoria de Planejamento e Administração" artSize="12" artNotes="" numberPage="52" pdfPage="http://pesquisa.in.gov.br/imprensa/jsp/visualiza/index.jsp?data=02/01/2026&amp;jornal=530&amp;pagina=52" editionNumber="1" highlightType="" highlightPriority="" highlight="" highlightimage="" highlightimagename="" idMateria="23470988">
  <body>
    <Identifica><![CDATA[ EXTRATO DE TERMO ADITIVO Nº 3/2025 - UASG 153045]]></Identifica>
    <Data><![CDATA[]]></Data>
    <Ementa />
    <Titulo />
    <SubTitulo />
    <Texto><![CDATA[<p class="identifica">EXTRATO DE TERMO ADITIVO Nº 3/2025 - UASG 153045</p><p>Número do Contrato: 30/2024.</p><p>Nº Processo: 23067.045343/2023-29.</p><p>Pregão. Nº 77/2023. Contratante: UNIVERSIDADE FEDERAL DO CEARA. Contratado: 35.207.021/0001-67 - SABOR NA BRASA RESTAURANTE E SERVICOS LTDA. Objeto: O objeto do presente instrumento é: acrescentar 31,57% do valor inicial atualizado do contrato, a partir da data de assinatura deste instrumento, equivalente a r$ 487.182,70 (quatrocentos e oitenta e sete mil, cento e oitenta e dois reais e setenta centavos), nos moldes do artigo 125 da lei nº 14.133/2021.o valor da contratação perfaz o total de r$ 2.030.418,20 (dois milhões, trinta mil, quatrocentos e dezoito reais e vinte centavos). Vigência: 30/12/2025 a 15/03/2026. Valor Total Atualizado do Contrato: R$ 2.030.418,20. Data de Assinatura: 30/12/2025.</p><p>(COMPRASNET 4.0 - 30/12/2025).</p>]]></Texto>
  </body>
  <Midias />
</article></xml>