﻿<xml><article id="47237493" name="2025-12-31/11503956/COMPRASNETWS" idOficio="11503956" pubName="DO3" artType="Extrato de Termo Aditivo" pubDate="02/01/2026" artClass="00050:00020:00098:00025:00000:00000:00000:00000:00000:00000:00053:00001" artCategory="Ministério dos Transportes/Departamento Nacional de Infraestrutura de Transportes/Superintendência Regional no Pará/Serviço 1-SRE-PA" artSize="12" artNotes="" numberPage="121" pdfPage="http://pesquisa.in.gov.br/imprensa/jsp/visualiza/index.jsp?data=02/01/2026&amp;jornal=530&amp;pagina=121" editionNumber="1" highlightType="" highlightPriority="" highlight="" highlightimage="" highlightimagename="" idMateria="23470879">
  <body>
    <Identifica><![CDATA[ EXTRATO DE TERMO ADITIVO Nº 3/2025 - UASG 393016]]></Identifica>
    <Data><![CDATA[]]></Data>
    <Ementa />
    <Titulo />
    <SubTitulo />
    <Texto><![CDATA[<p class="identifica">EXTRATO DE TERMO ADITIVO Nº 3/2025 - UASG 393016</p><p>Número do Contrato: 393/2022.</p><p>Nº Processo: 50602.003972/2021-88.</p><p>Regime Diferenciado de Contratações. Nº 51/2022. Contratante: SUPERINTENDÊNCIA REGIONAL NO ESTADO PA - DNIT. Contratado: 33.980.905/0001-24 - MAGNA ENGENHARIA LTDA. Objeto: 2ª adequação de quantitativos, sem a inclusão de serviços ou preços novos e reflexo financeiro positivo com um aumento de R$ 3.251.745,04 sobre o valor vigente de preço inicial de R$ 25.150.554,27, equivale a um reflexo financeiro percentual total de 17,55%. Vigência: 29/12/2025 a 06/11/2027. Valor Total Atualizado do Contrato: R$ 28.402.299,31. Data de Assinatura: 29/12/2025.</p><p>(COMPRASNET 4.0 - 29/12/2025).</p>]]></Texto>
  </body>
  <Midias />
</article></xml>