﻿<xml><article id="47233365" name="EXTADI 5ATA PROADS.1407-2022 e 2" idOficio="11502069" pubName="DO3" artType="Extrato de Termo Aditivo" pubDate="02/01/2026" artClass="00070:00060:00000:00000:00000:00000:00000:00000:00000:00000:00053:00000" artCategory="Poder Judiciário/Tribunal Regional do Trabalho da 19ª Região" artSize="12" artNotes="" numberPage="156" pdfPage="http://pesquisa.in.gov.br/imprensa/jsp/visualiza/index.jsp?data=02/01/2026&amp;jornal=530&amp;pagina=156" editionNumber="1" highlightType="" highlightPriority="" highlight="" highlightimage="" highlightimagename="" idMateria="23467260">
  <body>
    <Identifica><![CDATA[ EXTRATO DE TERMO ADITIVO]]></Identifica>
    <Data><![CDATA[]]></Data>
    <Ementa />
    <Titulo />
    <SubTitulo />
    <Texto><![CDATA[<p class="identifica">EXTRATO DE TERMO ADITIVO</p><p>PROAD. 2809/2020 e 1407/2022; Espécie: 5º Termo Aditivo ao Contrato TRT19/SJA n. 17/2021;Contratante: TRT da 19ª Região, CNPJ: 35.734.318/0001-80 e PLENA TERCEIRIZAÇÃO DE SERVIÇOS EIRELI; CNPJ: 09.198.704/0001-95; Objeto do aditivo: a Contratada se obriga observar e fazer cumprir, por todos os seus empregados, prepostos e colaboradores alocados na prestação dos serviços objeto deste Contrato, a Política de Prevenção e Enfrentamento da Violência, Assédio e Todas as Formas de Discriminação, do Tribunal Regional do Trabalho da 19ª Região, instituída pela RESOLUÇÃO N.º 327, DE 3 DE JULHO DE 2024, bem como quaisquer normas internas supervenientes do TRT19 sobre o tema; Base Legal: Lei n. 10.520/2002, no Decreto n. 10.024/2019 e subsidiariamente na Lei n. 8.666/93, combinada com as demais normas aplicáveis à espécie; Assinatura: 09/06/2025; Signatários: Des. Jasiel Ivo, Presidente do TRT 19ª Região, e a Sra. Raquel Porfírio Barros Balbino, pela Contratada.</p>]]></Texto>
  </body>
  <Midias />
</article></xml>