﻿<xml><article id="47238366" name="2025-12-30/11503373/COMPRASNETWS" idOficio="11503373" pubName="DO3" artType="Extrato de Contrato" pubDate="02/01/2026" artClass="00025:00062:00038:00000:00000:00000:00000:00000:00000:00000:00030:00001" artCategory="Ministério da Educação/Instituto Federal de Educação, Ciência e Tecnologia do Ceará/Campus Quixadá" artSize="12" artNotes="" numberPage="18" pdfPage="http://pesquisa.in.gov.br/imprensa/jsp/visualiza/index.jsp?data=02/01/2026&amp;jornal=530&amp;pagina=18" editionNumber="1" highlightType="" highlightPriority="" highlight="" highlightimage="" highlightimagename="" idMateria="23468882">
  <body>
    <Identifica><![CDATA[ EXTRATO DE CONTRATO Nº 9/2025 - UASG 158315]]></Identifica>
    <Data><![CDATA[]]></Data>
    <Ementa />
    <Titulo />
    <SubTitulo />
    <Texto><![CDATA[<p class="identifica">EXTRATO DE CONTRATO Nº 9/2025 - UASG 158315</p><p>Nº Processo: 23258.002500/2025-26.</p><p>Pregão Nº 90001/2025. Contratante: CAMPUS QUIXADA/IFCE.</p><p>Contratado: 59.717.553/0006-17 - GRUPO MULTI S.A. Objeto: O objeto do presente instrumento é a contratação de solução de tecnologia da informação e comunicação, por meio do registro de preços, para a aquisição de equipamentos móveis (notebooks).</p><p>Fundamento Legal: LEI 14.133/2021. Vigência: 30/12/2025 a 30/12/2026. Valor Total: R$ 19.128,00. Data de Assinatura: 30/12/2025.</p><p>(COMPRASNET 4.0 - 30/12/2025).</p>]]></Texto>
  </body>
  <Midias />
</article></xml>