﻿<xml><article id="47232405" name="PUBLICACAO CE 03-2025 - adjudica" idOficio="11499908" pubName="DO3" artType="Aviso de Adjudicação" pubDate="02/01/2026" artClass="00075:00019:00134:00000:00000:00000:00000:00000:00000:00000:00065:00000" artCategory="Prefeituras/Estado do Rio Grande do Sul/PREFEITURA MUNICIPAL DE CERRO GRANDE DO SUL" artSize="12" artNotes="" numberPage="165" pdfPage="http://pesquisa.in.gov.br/imprensa/jsp/visualiza/index.jsp?data=02/01/2026&amp;jornal=530&amp;pagina=165" editionNumber="1" highlightType="" highlightPriority="" highlight="" highlightimage="" highlightimagename="" idMateria="23464005">
  <body>
    <Identifica><![CDATA[aviso de ADJUDICAÇÃO ]]></Identifica>
    <Data><![CDATA[ Cerro Grande do Sul, 29 de dezembro de 2025.]]></Data>
    <Ementa />
    <Titulo />
    <SubTitulo />
    <Texto><![CDATA[<p></p><p class="identifica">aviso de ADJUDICAÇÃO</p><p class="identifica">Concorrência eletrônica nº 3/2025</p><p>O Município de Cerro Grande do Sul/RS torna público, para conhecimento dos interessados a adjudicação da Concorrência eletrônica 03/2025, para implantação de poço artesiano e rede de distribuição de água, sendo vencedora a empresa a ATLÂNTICA HIDROSOLUÇOES LTDA.</p><p class="data">Cerro Grande do Sul, 29 de dezembro de 2025.</p><p class="assina">Vilmar Wolfle Schwalm</p><p class="cargo">Prefeito</p>]]></Texto>
  </body>
  <Midias />
</article></xml>