﻿<xml><article id="47232191" name="AVISO DE SUSPENSAO DE LICITACAO " idOficio="11502920" pubName="DO3" artType="Aviso de Suspensão" pubDate="02/01/2026" artClass="00075:00010:00022:00000:00000:00000:00000:00000:00000:00000:00087:00000" artCategory="Prefeituras/Estado de Mato Grosso/Prefeitura Municipal de Araputanga" artSize="12" artNotes="" numberPage="162" pdfPage="http://pesquisa.in.gov.br/imprensa/jsp/visualiza/index.jsp?data=02/01/2026&amp;jornal=530&amp;pagina=162" editionNumber="1" highlightType="" highlightPriority="" highlight="" highlightimage="" highlightimagename="" idMateria="23468346">
  <body>
    <Identifica><![CDATA[ AVISO DE SUSPENSÃO ]]></Identifica>
    <Data><![CDATA[ Araputanga/MT, 30 de dezembro de 2025.]]></Data>
    <Ementa />
    <Titulo />
    <SubTitulo />
    <Texto><![CDATA[<p class="identifica">AVISO DE SUSPENSÃO</p><p>A Prefeitura Municipal de Araputanga/MT, torna público a SUSPENSÃO do Pregão Eletrônico nº 058/2025, Processo Administrativo nº 136/2025, do tipo Menor Preço Item, cujo objeto refere-se ao Registro de Preços para Futura e Eventual Aquisição de Oxigênios Medicinais e Válvula Reguladora, em atendimento a Secretaria Municipal de Saúde, com abertura prevista para o dia 05/01/2026 às 09h00min (horário de Brasília). Em virtude da impugnação levantada pelo fornecedor, constatou-se a necessidade de suspensão, que justificam a suspensão do certame, e necessário a retificação do edital e divulgação de nova data. Maiores informações poderão ser obtidas pelo e-mail seplan3@araputanga.mt.gov.br ou pelo telefone (65) 99935-6670.</p><p class="data">Araputanga/MT, 30 de dezembro de 2025.</p><p class="assina">Dalvan Nonato Alves</p><p class="cargo">Secretário de Administração</p>]]></Texto>
  </body>
  <Midias />
</article></xml>