﻿<xml><article id="47238267" name="2025-12-28/11497607/COMPRASNETWS" idOficio="11497607" pubName="DO3" artType="Extrato de Contrato" pubDate="02/01/2026" artClass="00025:00083:00000:00000:00000:00000:00000:00000:00000:00000:00030:00001" artCategory="Ministério da Educação/Instituto Federal de Educação, Ciência e Tecnologia de Santa Catarina" artSize="12" artNotes="" numberPage="21" pdfPage="http://pesquisa.in.gov.br/imprensa/jsp/visualiza/index.jsp?data=02/01/2026&amp;jornal=530&amp;pagina=21" editionNumber="1" highlightType="" highlightPriority="" highlight="" highlightimage="" highlightimagename="" idMateria="23461109">
  <body>
    <Identifica><![CDATA[ EXTRATO DE CONTRATO Nº 203/2025 - UASG 158516]]></Identifica>
    <Data><![CDATA[]]></Data>
    <Ementa />
    <Titulo />
    <SubTitulo />
    <Texto><![CDATA[<p class="identifica">EXTRATO DE CONTRATO Nº 203/2025 - UASG 158516</p><p>Nº Processo: 23292.004466/2025-16.</p><p>Dispensa Nº 120/2025. Contratante: INST.FED.DE EDUC.,CIENC.E TEC.DE STA.CAT/IFSC.</p><p>Contratado: 17.474.282/0001-61 - ACQUALAVE LAVANDERIA LTDA. Objeto: Serviços comuns de lavanderia, limpeza e tinturaria para o campus joinville..</p><p>Fundamento Legal: LEI 14.133/2021 - Artigo: 75 - Inciso: II. Vigência: 03/11/2025 a 03/11/2026. Valor Total: R$ 9.450,00. Data de Assinatura: 29/10/2025.</p><p>(COMPRASNET 4.0 - 28/12/2025).</p>]]></Texto>
  </body>
  <Midias />
</article></xml>