﻿<xml><article id="47238423" name="2025-12-30/11503919/SICONV_23470" idOficio="11503919" pubName="DO3" artType="Extrato de Convênio" pubDate="02/01/2026" artClass="00015:00032:00000:00000:00000:00000:00000:00000:00000:00000:00031:00001" artCategory="Ministério da Cultura/Fundação Nacional de Artes" artSize="12" artNotes="" numberPage="5" pdfPage="http://pesquisa.in.gov.br/imprensa/jsp/visualiza/index.jsp?data=02/01/2026&amp;jornal=530&amp;pagina=5" editionNumber="1" highlightType="" highlightPriority="" highlight="" highlightimage="" highlightimagename="" idMateria="23470785">
  <body>
    <Identifica><![CDATA[ EXTRATO DE TERMO ADITIVO]]></Identifica>
    <Data><![CDATA[]]></Data>
    <Ementa />
    <Titulo />
    <SubTitulo />
    <Texto><![CDATA[<p class="identifica">EXTRATO DE TERMO ADITIVO</p><p>Espécie: Termo Aditivo de Alteração da Vigência Nº 000004/2025 ao Instrumento código 923629. Convenentes: Concedente: FUNDACAO NACIONAL DE ARTES, Unidade Gestora: 403201. Convenente: ASSOC AMIGOS TERREIRA TRIBO ATUAD OI NOIS AQUI TRAVEIS, CNPJ nº 95123576000152. Alteração de Vigência. Valor Total: R$ 741.600,00, Valor de Contrapartida: R$ 0,00, Vigência: 01/01/2026 a 30/06/2026. Data de Assinatura: 29/12/2021. Signatários: Concedente: LEONARDO LESSA DE MENDONCA, CPF nº ***.281.406-**, Convenente: ROBERTO CORBO MACHADO, CPF nº ***.427.510-**.</p>]]></Texto>
  </body>
  <Midias />
</article></xml>