﻿<xml><article id="47237280" name="2025-12-30/11503910/COMPRASNETWS" idOficio="11503910" pubName="DO3" artType="Extrato de Contrato" pubDate="02/01/2026" artClass="00025:00078:00000:00000:00000:00000:00000:00000:00000:00000:00030:00001" artCategory="Ministério da Educação/Instituto Federal de Educação, Ciência e Tecnologia do Rio Grande do Norte" artSize="12" artNotes="" numberPage="20" pdfPage="http://pesquisa.in.gov.br/imprensa/jsp/visualiza/index.jsp?data=02/01/2026&amp;jornal=530&amp;pagina=20" editionNumber="1" highlightType="" highlightPriority="" highlight="" highlightimage="" highlightimagename="" idMateria="23470771">
  <body>
    <Identifica><![CDATA[ EXTRATO DE CONTRATO N° 316/2025 - UASG 158155]]></Identifica>
    <Data><![CDATA[]]></Data>
    <Ementa />
    <Titulo />
    <SubTitulo />
    <Texto><![CDATA[<p class="identifica">EXTRATO DE CONTRATO N° 316/2025 - UASG 158155</p><p>N° Processo: 23421.005132.2025-39.</p><p>Dispensa N° 289/2025. Contratante: INST.FED.DE.EDUC.,CIENC.E.TEC.DO.RN. Contratado: 02.852.277/0001-78 - FUNDACAO DE APOIO A EDUCACAO E AO DESENVOLVIMENTO TECNOLOGICO DO RN. Objeto: Contratação, em regime de execução de empreitada por preço global, da Fundação de Apoio à Educação e ao Desenvolvimento Tecnológico do Rio Grande do Norte - FUNCERN para o gerenciamento de recursos e execução das ações previstas no plano de trabalho do "Projeto de Apoio ao JIF 2025", financiado pela Secretaria de Educação Profissional e Tecnológica (SETEC).</p><p>Fundamento Legal: Lei 14.133/2021 - Artigo 75 - Inciso: XV. Vigência: 30/10/2025 a 30/04/2026. Valor Total: R$ 1.500.000,00. Data de Assinatura: 30/10/2025.</p><p>(COMPRASNET 4.0 - 31/10/2025).</p>]]></Texto>
  </body>
  <Midias />
</article></xml>