﻿<xml><article id="47237319" name="2025-12-30/11503907/COMPRASNETWS" idOficio="11503907" pubName="DO3" artType="Extrato de Termo Aditivo" pubDate="02/01/2026" artClass="00025:00066:00000:00000:00000:00000:00000:00000:00000:00000:00053:00001" artCategory="Ministério da Educação/Instituto Federal de Educação, Ciência e Tecnologia Goiano" artSize="12" artNotes="" numberPage="19" pdfPage="http://pesquisa.in.gov.br/imprensa/jsp/visualiza/index.jsp?data=02/01/2026&amp;jornal=530&amp;pagina=19" editionNumber="1" highlightType="" highlightPriority="" highlight="" highlightimage="" highlightimagename="" idMateria="23470768">
  <body>
    <Identifica><![CDATA[ EXTRATO DE TERMO ADITIVO Nº 2/2025 - UASG 158124]]></Identifica>
    <Data><![CDATA[]]></Data>
    <Ementa />
    <Titulo />
    <SubTitulo />
    <Texto><![CDATA[<p class="identifica">EXTRATO DE TERMO ADITIVO Nº 2/2025 - UASG 158124</p><p>Número do Contrato: 182/2023.</p><p>Nº Processo: 23728.000647/2023-36.</p><p>Dispensa. Nº 150/2023. Contratante: INSTITUTO FEDERAL DE EDUCACAO, CIENCIA E TECNOLOGIA GOIANO. Contratado: 14.842.018/0001-45 - GPS FACILITY E CONSTRUCAO LTDA. Objeto: Prorrogação do prazo de vigência do contrato por mais 12 meses.. Vigência: 02/01/2026 a 02/01/2027. Valor Total Atualizado do Contrato: R$ 46.852,32. Data de Assinatura: 30/12/2025.</p><p>(COMPRASNET 4.0 - 30/12/2025).</p>]]></Texto>
  </body>
  <Midias />
</article></xml>