﻿<xml><article id="47238621" name="2025-12-30/11503490/COMPRASNETWS" idOficio="11503490" pubName="DO3" artType="Extrato de Contrato" pubDate="02/01/2026" artClass="00025:00109:00000:00000:00000:00000:00000:00000:00000:00000:00030:00001" artCategory="Ministério da Educação/Universidade Federal de Juiz de Fora" artSize="12" artNotes="" numberPage="53" pdfPage="http://pesquisa.in.gov.br/imprensa/jsp/visualiza/index.jsp?data=02/01/2026&amp;jornal=530&amp;pagina=53" editionNumber="1" highlightType="" highlightPriority="" highlight="" highlightimage="" highlightimagename="" idMateria="23469025">
  <body>
    <Identifica><![CDATA[ EXTRATO DE CONTRATO Nº 82/2025 - UASG 153061]]></Identifica>
    <Data><![CDATA[]]></Data>
    <Ementa />
    <Titulo />
    <SubTitulo />
    <Texto><![CDATA[<p class="identifica">EXTRATO DE CONTRATO Nº 82/2025 - UASG 153061</p><p>Nº Processo: 23071.006812/2025-97.</p><p>Dispensa Nº 464/2025. Contratante: UNIVERSIDADE FEDERAL DE JUIZ DE FORA.</p><p>Contratado: 00.703.697/0001-67 - FUNDACAO DE APOIO E DESENVOL AO ENS PESQ E EXTENSAO. Objeto: Contratação de serviços técnicos especializados prestados por entidade privada sem fins lucrativos, para o gerenciamento administrativo e financeiro do projeto "FACC + Laboratórios", nas condições estabelecidas no termo de referência e plano de trabalho do projeto mencionado.</p><p>Fundamento Legal: LEI 14.133/2021 - Artigo: 75 - Inciso: XV. Vigência: 30/12/2025 a 30/06/2026. Valor Total: R$ 35.546,79. Data de Assinatura: 30/12/2025.</p><p>(COMPRASNET 4.0 - 30/12/2025).</p>]]></Texto>
  </body>
  <Midias />
</article></xml>