﻿<xml><article id="47237757" name="2025-12-28/11497627/COMPRASNETWS" idOficio="11497627" pubName="DO3" artType="Extrato de Termo Aditivo" pubDate="02/01/2026" artClass="00025:00083:00000:00000:00000:00000:00000:00000:00000:00000:00053:00001" artCategory="Ministério da Educação/Instituto Federal de Educação, Ciência e Tecnologia de Santa Catarina" artSize="12" artNotes="" numberPage="22" pdfPage="http://pesquisa.in.gov.br/imprensa/jsp/visualiza/index.jsp?data=02/01/2026&amp;jornal=530&amp;pagina=22" editionNumber="1" highlightType="" highlightPriority="" highlight="" highlightimage="" highlightimagename="" idMateria="23461073">
  <body>
    <Identifica><![CDATA[ EXTRATO DE TERMO ADITIVO Nº 5/2025 - UASG 158516]]></Identifica>
    <Data><![CDATA[]]></Data>
    <Ementa />
    <Titulo />
    <SubTitulo />
    <Texto><![CDATA[<p class="identifica">EXTRATO DE TERMO ADITIVO Nº 5/2025 - UASG 158516</p><p>Número do Contrato: 133/2021.</p><p>Nº Processo: 23292.022500/2021-42.</p><p>Pregão. Nº 80/2021. Contratante: INST.FED.DE EDUC.,CIENC.E TEC.DE STA.CAT/IFSC. Contratado: 03.174.488/0001-61 - SEGVILLE VIGILANCIA PATRIMONIAL E ELETRONICA LTDA. Objeto: Prorrogação contratual.. Vigência: 16/11/2025 a 16/11/2026. Valor Total Atualizado do Contrato: R$ 38.644,32. Data de Assinatura: 26/10/2025.</p><p>(COMPRASNET 4.0 - 26/10/2025).</p>]]></Texto>
  </body>
  <Midias />
</article></xml>