﻿<xml><article id="47237874" name="2025-12-31/11503985/COMPRASNETWS" idOficio="11503985" pubName="DO3" artType="Extrato de Termo Aditivo" pubDate="02/01/2026" artClass="00025:00052:00013:00000:00000:00000:00000:00000:00000:00000:00053:00001" artCategory="Ministério da Educação/Colégio Pedro II/Campus São Cristovão II" artSize="12" artNotes="" numberPage="16" pdfPage="http://pesquisa.in.gov.br/imprensa/jsp/visualiza/index.jsp?data=02/01/2026&amp;jornal=530&amp;pagina=16" editionNumber="1" highlightType="" highlightPriority="" highlight="" highlightimage="" highlightimagename="" idMateria="23470892">
  <body>
    <Identifica><![CDATA[ EXTRATO DE TERMO ADITIVO Nº 2/2025 - UASG 155631]]></Identifica>
    <Data><![CDATA[]]></Data>
    <Ementa />
    <Titulo />
    <SubTitulo />
    <Texto><![CDATA[<p class="identifica">EXTRATO DE TERMO ADITIVO Nº 2/2025 - UASG 155631</p><p>Número do Contrato: 1/2023.</p><p>Nº Processo: 23778.000064/2023-10.</p><p>Pregão. Nº 1/2023.</p><p>Contratante: COLEGIO PEDRO II - CAMPUS SAO CRISTOVAO II.</p><p>Contratado: 33.285.255/0001-05 - CNS NACIONAL DE SERVICOS LIMITADA.</p><p>Objeto: . Prorrogar o prazo da vigência do contrato nº 01/2023, por 12 (doze) meses, contemplando-se, nesta ocasião, o período de 01/03/2025 a 01/03/2026, nos termos do art. 57, ii, da lei n.º 8.666, de 1993. O valor mensal da contratação é de r$24.075,12 (vinte e quatro mil, setenta e cinco reais e doze centavos), perfazendo o valor global de r$ 288.901,44 (duzentos e oitenta e oito mil, novecentos e um reais e quarenta e quatro centavos.</p><p>Vigência: 19/02/2025 a 01/03/2026.</p><p>Valor Total Atualizado do Contrato: R$ 288.901,44.</p><p>Data de Assinatura: 19/02/2025.</p>]]></Texto>
  </body>
  <Midias />
</article></xml>