﻿<xml><article id="47232315" name="Extrato - Novembro IV - Rescisoe" idOficio="11474294" pubName="DO3" artType="Extrato de Rescisão Contratual" pubDate="02/01/2026" artClass="00071:00377:00000:00000:00000:00000:00000:00000:00000:00000:00050:00000" artCategory="Entidades de Fiscalização do Exercício das Profissões Liberais/Conselho Regional de Medicina do Estado de Minas Gerais" artSize="12" artNotes="" numberPage="157" pdfPage="http://pesquisa.in.gov.br/imprensa/jsp/visualiza/index.jsp?data=02/01/2026&amp;jornal=530&amp;pagina=157" editionNumber="1" highlightType="" highlightPriority="" highlight="" highlightimage="" highlightimagename="" idMateria="23426574">
  <body>
    <Identifica><![CDATA[ EXTRATOs DE TERMO DE RESCISÃO]]></Identifica>
    <Data><![CDATA[]]></Data>
    <Ementa />
    <Titulo />
    <SubTitulo />
    <Texto><![CDATA[<p class="identifica">EXTRATOs DE TERMO DE RESCISÃO</p><p>DISP 04/2009 - CONTRATADO: SOCIEDADE DE MEDICINA E CIRURGIA DE ARAXÁ, CNPJ 00.328.488/0001-80. OBJETO: Rescisão do contrato de aluguel das dependências da Delegacia Regional do CRMMG em Araxá. Data da rescisão: 12/09/2025. PROCEDIMENTO: DISP 04/2009.</p><p>DISP 02/2007 - CONTRATADO: FRANCO EMPREENDIMENTOS IMOBILIÁRIOS LTDA, CNPJ 20.582.797/0001-90. OBJETO: Rescisão do contrato de aluguel das dependências da Delegacia Regional do CRMMG em Paracatu. Data da rescisão: 11/09/2025. PROCEDIMENTO: DISP 02/2007.</p><p>DISP 02/2010 - CONTRATADO: ASSOCIAÇÃO MÉDICA DE SÃO JOÃO DEL-REI, CNPJ 21.274.147/0001-40. OBJETO: Rescisão do contrato de aluguel das dependências da Delegacia Regional do CRMMG em São João Del Rei. Data da rescisão: 11/09/2025. PROCEDIMENTO: DISP 02/2010. Matheus Tadeu da Silveira Moreira - Analista de Licitação</p>]]></Texto>
  </body>
  <Midias />
</article></xml>