﻿<xml><article id="47237202" name="2025-11-19/11422646/COMPRASNETWS" idOficio="11422646" pubName="DO3" artType="Extrato de Contrato" pubDate="02/01/2026" artClass="00016:00011:00013:00005:00007:00000:00000:00000:00000:00000:00030:00001" artCategory="Ministério da Defesa/Comando do Exército/Comando Militar do Planalto/3ª Brigada de Infantaria Mecanizada/32º Grupo de Artilharia de Campanha" artSize="12" artNotes="" numberPage="8" pdfPage="http://pesquisa.in.gov.br/imprensa/jsp/visualiza/index.jsp?data=02/01/2026&amp;jornal=530&amp;pagina=8" editionNumber="1" highlightType="" highlightPriority="" highlight="" highlightimage="" highlightimagename="" idMateria="23342349">
  <body>
    <Identifica><![CDATA[ EXTRATO DE CONTRATO Nº 7/2025 - UASG 160058]]></Identifica>
    <Data><![CDATA[]]></Data>
    <Ementa />
    <Titulo />
    <SubTitulo />
    <Texto><![CDATA[<p class="identifica">EXTRATO DE CONTRATO Nº 7/2025 - UASG 160058</p><p>Nº Processo: 64561.007509/2025-77.</p><p>Pregão Nº 90002/2025. Contratante: 32 GRUPO DE ARTILHARIA DE CAMPANHA.</p><p>Contratado: 06.981.176/0001-58 - CEMIG GERACAO E TRANSMISSAO S.A. Objeto: O objeto do presente instrumento é a contratação de serviços comuns da empresa para o fornecimento de energia elétrica na modalidade varejista (aquisição de energia no mercado livre), no ambiente de contratação livre (acl)..</p><p>Fundamento Legal: LEI 14.133/2021 - Artigo: 28 - Inciso: I. Vigência: 01/01/2026 a 01/01/2031. Valor Total: R$ 621.148,14. Data de Assinatura: 30/07/2025.</p><p>(COMPRASNET 4.0 - 17/11/2025).</p>]]></Texto>
  </body>
  <Midias />
</article></xml>