﻿<xml><article id="47233782" name="DOU Sancao GOLDEN" idOficio="11495709" pubName="DO3" artType="Aviso de Penalidade" pubDate="02/01/2026" artClass="00035:00056:00063:00000:00000:00000:00000:00000:00000:00000:00081:00000" artCategory="Ministério de Minas e Energia/Petróleo Brasileiro S.A./Petrobras Transporte S.A." artSize="12" artNotes="" numberPage="108" pdfPage="http://pesquisa.in.gov.br/imprensa/jsp/visualiza/index.jsp?data=02/01/2026&amp;jornal=530&amp;pagina=108" editionNumber="1" highlightType="" highlightPriority="" highlight="" highlightimage="" highlightimagename="" idMateria="23457971">
  <body>
    <Identifica><![CDATA[ AVISO DE PENALIDADE - CAASE Nº 14/2025]]></Identifica>
    <Data><![CDATA[]]></Data>
    <Ementa />
    <Titulo />
    <SubTitulo />
    <Texto><![CDATA[<p></p><p class="identifica">AVISO DE PENALIDADE - CAASE Nº 14/2025</p><p></p><p>A PETROBRAS TRANSPORTE SA - TRANSPETRO, por meio do Gerente Executivo de Gestão de Bens e Serviços, notifica que, em função de inexecução contratual parcial apurada no contrato nº 4600016445, celebrado para prestação dos serviços de movimentação de carga com caminhão munck e guindaste, causando prejuízos à TRANSPETRO, foi aplicada à GOLDEN BRAZIL LOGÍSTICA E TRANSPORTES LTDA, inscrita sob o CNPJ: 21.780.589/0001-68, a sanção de SUSPENSÃO TEMPORÁRIA DE PARTICIPAÇÃO EM LICITAÇÃO E IMPEDIMENTO DE CONTRATAR COM A TRANSPETRO PELO PRAZO DE 24 (vinte e quatro) MESES CORRIDOS, com abrangência nacional e extensiva a toda TRANSPETRO, contados a partir da notificação de sanção, nos termos previstos nas cláusulas e itens 2.1, 2.2, 2.2.1, 2.2.9, 2.3.6 e 2.4.1, 24.1c, 24.1.2 e 24.1.2.1, do Contrato 4600016445, regido pela Lei 13.303/2016, artigo 83, bem como nos preceitos do Regulamento de Licitações e Contratos da TRANSPETRO, Capítulo II, artigos, 228, 229, 230, 233 e 235. Neste período, a GOLDEN BRAZIL LOGÍSTICA E TRANSPORTES LTDA estará suspensa, no âmbito PETROBRAS TRANSPORTE SA - TRANSPETRO, ficando impossibilitada de participar de licitações e de contratar com a Companhia. Esta notificação tem vigência a partir da data de sua publicação. Fica concedido o prazo de 10 dias úteis para a interposição de recurso, a contar da data dessa publicação. Caso deseje ter acesso aos documentos que instruíram o processo, visando resguardar a confidencialidade das informações, deve ser enviada solicitação para o endereço eletrônico caasetransp@transpetro.com.br, indicando o e-mail para o qual devem ser encaminhados os documentos requeridos, ficando o prazo para recurso suspenso até que sejam disponibilizados pela Transpetro. A apresentação de recurso ou a solicitação de acesso aos documentos que instruíram o referido processo deve ser firmada pelo representante legal da empresa com envio de documentação que comprove esta condição.</p><p class="assina">CLEUBER WUDSON TORRES QUEIROZ</p><p class="cargo">Gerente Executivo de Gestão de Bens e Serviços</p>]]></Texto>
  </body>
  <Midias />
</article></xml>