﻿<xml><article id="47237853" name="2025-12-31/11504039/COMPRASNETWS" idOficio="11504039" pubName="DO3" artType="Extrato de Apostilamento" pubDate="02/01/2026" artClass="00028:00034:00435:00093:00000:00000:00000:00000:00000:00000:00142:00001" artCategory="Ministério da Fazenda/Secretaria Especial da Receita Federal do Brasil/Secretaria-Adjunta/Superintendência Regional da Receita Federal do Brasil 1ª Região Fiscal" artSize="12" artNotes="" numberPage="96" pdfPage="http://pesquisa.in.gov.br/imprensa/jsp/visualiza/index.jsp?data=02/01/2026&amp;jornal=530&amp;pagina=96" editionNumber="1" highlightType="" highlightPriority="" highlight="" highlightimage="" highlightimagename="" idMateria="23470970">
  <body>
    <Identifica><![CDATA[ EXTRATO DE APOSTILAMENTO Nº 1/2025 - UASG 170018]]></Identifica>
    <Data><![CDATA[]]></Data>
    <Ementa />
    <Titulo />
    <SubTitulo />
    <Texto><![CDATA[<p class="identifica">EXTRATO DE APOSTILAMENTO Nº 1/2025 - UASG 170018</p><p>Número do Contrato: 35/2024.</p><p>Nº Processo: 10265.122995/2024-97.</p><p>Contratante: SUPERINTENDENCIA REGIONAL DA RFB NA 1A RF. Contratado: 36.999.665/0001-06 - PWA FACILITIES - GESTAO EM SERVICOS LTDA. Objeto: Repactuação e reajuste 2025. Vigência: 25/09/2024 a 24/05/2026. Valor Total Atualizado do Contrato: R$ 679.091,06. Data de Assinatura: 30/12/2025.</p><p>(COMPRASNET 4.0 - 30/12/2025).</p>]]></Texto>
  </body>
  <Midias />
</article></xml>