﻿<xml><article id="47233919" name="PUBLICACAO_LICITACAO" idOficio="11501539" pubName="DO3" artType="Aviso de Licitação" pubDate="02/01/2026" artClass="00073:07286:00000:00000:00000:00000:00000:00000:00000:00000:00079:00000" artCategory="Ineditoriais/MACKENZIE ESPORTE CLUBE" artSize="12" artNotes="" numberPage="158" pdfPage="http://pesquisa.in.gov.br/imprensa/jsp/visualiza/index.jsp?data=02/01/2026&amp;jornal=530&amp;pagina=158" editionNumber="1" highlightType="" highlightPriority="" highlight="" highlightimage="" highlightimagename="" idMateria="23466601">
  <body>
    <Identifica><![CDATA[AVISO DE LICITAÇÃO]]></Identifica>
    <Data><![CDATA[ Belo Horizonte (MG), 31 de dezembro de 2025]]></Data>
    <Ementa />
    <Titulo />
    <SubTitulo />
    <Texto><![CDATA[<p class="identifica">AVISO DE LICITAÇÃO</p><p class="identifica">PREGÃO ELETRÔNICO Nº 1/2026</p><p>O MACKENZIE ESPORTE CLUBE, por meio da Comissão de licitações e compras torna público, para conhecimento dos interessados, que no dia 14/01/2026 às 09:30horas, (horário de Brasília) realizará licitação na modalidade PREGÃO ELETRÔNICO do tipo MENOR PREÇO GLOBAL POR LOTE, em sessão pública virtual, por meio da INTERNET. Objetivando: AQUISIÇÃO DE MATERIAIS ESPORTIVOS PARA O MACKENZIE ESPORTE CLUBE, NOS TERMOS DO PROGRAMA DE FORMAÇÃO DE ATLETAS OLÍMPICOS DO CBC. O edital e demais informações poderão ser lido e obtido, a partir de 02/01/2026 às 09:00horas, (horário de Brasília), nos endereços eletrônicos https://mackenziebh.com.br/projetos/termo-de-execucao-41-2024/; https://bbmnet.com.br/.</p><p class="data">Belo Horizonte (MG), 31 de dezembro de 2025</p><p class="assina">Paula de Jesus Vieira</p><p class="cargo">Pregoeira</p>]]></Texto>
  </body>
  <Midias />
</article></xml>