﻿<xml><article id="47238915" name="2025-12-31/11504010/COMPRASNETWS" idOficio="11504010" pubName="DO3" artType="Extrato de Termo Aditivo" pubDate="02/01/2026" artClass="00016:00011:00010:00009:00007:00000:00000:00000:00000:00000:00053:00001" artCategory="Ministério da Defesa/Comando do Exército/Comando Militar do Nordeste/10ª Região Militar/Hospital Geral de Fortaleza" artSize="12" artNotes="" numberPage="7" pdfPage="http://pesquisa.in.gov.br/imprensa/jsp/visualiza/index.jsp?data=02/01/2026&amp;jornal=530&amp;pagina=7" editionNumber="1" highlightType="" highlightPriority="" highlight="" highlightimage="" highlightimagename="" idMateria="23470913">
  <body>
    <Identifica><![CDATA[ EXTRATO DE TERMO ADITIVO Nº 3/2025 - UASG 160050]]></Identifica>
    <Data><![CDATA[]]></Data>
    <Ementa />
    <Titulo />
    <SubTitulo />
    <Texto><![CDATA[<p class="identifica">EXTRATO DE TERMO ADITIVO Nº 3/2025 - UASG 160050</p><p>Número do Contrato: 9/2023.</p><p>Nº Processo: 64579009063202364.</p><p>Pregão. Nº 9/2023. Contratante: HOSPITAL GERAL DE FORTALEZA. Contratado: 03.825.354/0001-63 - LIMP-TUDO SERVICOS DE LIMPEZA E CONSERVACAO LTDA. Objeto: Prorrogar o prazo da vigência do contrato nº 09/2023, por 12 (doze) meses, contemplando-se, nesta ocasião, o período de 01/01/2026 a 01/01/2027, nos termos do art. 57, (ii ou iv), da lei n.º 8.666, de 1993. E reajustar o valor do contrato conforme variação do índice IPCA conforme cláusula sexta do contrato. Vigência: 01/01/2026 a 01/01/2027. Valor Total Atualizado do Contrato: R$ 45.864,00. Data de Assinatura: 29/12/2025.</p><p>(COMPRASNET 4.0 - 29/12/2025).</p>]]></Texto>
  </body>
  <Midias />
</article></xml>