﻿<xml><article id="47238037" name="2025-12-30/11502590/COMPRASNETWS" idOficio="11502590" pubName="DO3" artType="Extrato de Termo Aditivo" pubDate="02/01/2026" artClass="00028:00034:00435:00020:00002:00000:00000:00000:00000:00000:00053:00001" artCategory="Ministério da Fazenda/Secretaria Especial da Receita Federal do Brasil/Secretaria-Adjunta/Subsecretaria de Gestão Corporativa/Coordenação-Geral de Programação e Logística" artSize="12" artNotes="" numberPage="96" pdfPage="http://pesquisa.in.gov.br/imprensa/jsp/visualiza/index.jsp?data=02/01/2026&amp;jornal=530&amp;pagina=96" editionNumber="1" highlightType="" highlightPriority="" highlight="" highlightimage="" highlightimagename="" idMateria="23467889">
  <body>
    <Identifica><![CDATA[ EXTRATO DE TERMO ADITIVO Nº 6/2025 - UASG 170010]]></Identifica>
    <Data><![CDATA[]]></Data>
    <Ementa />
    <Titulo />
    <SubTitulo />
    <Texto><![CDATA[<p class="identifica">EXTRATO DE TERMO ADITIVO Nº 6/2025 - UASG 170010</p><p>Número do Contrato: 1/2023.</p><p>Nº Processo: 18220.101360/2022-12.</p><p>Dispensa. Nº 1/2023. Contratante: SECRETARIA ESPECIAL DA RECEITA FEDERAL DO BRASIL. Contratado: 42.422.253/0001-01 - EMPRESA DE TECNOLOGIA E INFORMACOES DA PREVIDENCIA S.A. - DATAPREV. Objeto: O presente termo aditivo, com fundamento no art. 57, inc. II, art. 65, inc. I, alínea b e art. 65, § 1º, ambos da lei nº 8.666/93, sem modificar seu objeto nem seu equilíbrio econômico-financeiro, prorroga seu vencimento para 10/01/2027, com a consequente alteração do seu anexo V - detalhamento do orçamento e reajusta os preços unitários dos serviços.. Vigência: 11/01/2026 a 10/01/2027. Valor Total Atualizado do Contrato: R$ 135.472.375,54. Data de Assinatura: 26/12/2025.</p><p>(COMPRASNET 4.0 - 26/12/2025).</p>]]></Texto>
  </body>
  <Midias />
</article></xml>