﻿<xml><article id="47236986" name="2025-12-30/11503915/SICONV_23470" idOficio="11503915" pubName="DO3" artType="Extrato de Convênio" pubDate="02/01/2026" artClass="00051:00026:00026:00000:00000:00000:00000:00000:00000:00000:00031:00001" artCategory="Ministério do Turismo/Secretaria Especial de Cultura/Secretaria de Articulação e Desenvolvimento Institucional" artSize="12" artNotes="" numberPage="121" pdfPage="http://pesquisa.in.gov.br/imprensa/jsp/visualiza/index.jsp?data=02/01/2026&amp;jornal=530&amp;pagina=121" editionNumber="1" highlightType="" highlightPriority="" highlight="" highlightimage="" highlightimagename="" idMateria="23470777">
  <body>
    <Identifica><![CDATA[ EXTRATO DE TERMO ADITIVO]]></Identifica>
    <Data><![CDATA[]]></Data>
    <Ementa />
    <Titulo />
    <SubTitulo />
    <Texto><![CDATA[<p class="identifica">EXTRATO DE TERMO ADITIVO</p><p>Espécie: Termo Aditivo de Alteração da Vigência/ Acréscimo Nº 000002/2025 ao Instrumento código 950548. Convenentes: Concedente: MINISTERIO DA CULTURA, Unidade Gestora: 420048. Convenente: INSTITUTO INCLUIR: TRANSFORMAR, DEMOCRATIZAR &amp; HUMANIZAR, CNPJ nº 31037402000194. Prorrogação da vigência e aditivação de valor. Valor Total: R$ 358.400,00, Valor de Contrapartida: R$ 8.400,00, Vigência: 11/12/2025 a 31/12/2026. Data de Assinatura: 29/12/2023. Signatários: Concedente: FABIANO DOS SANTOS, CPF nº ***.429.043-**, Convenente: APARECIDA CARINA ALVES DE SOUZA, CPF nº ***.002.097-**.</p>]]></Texto>
  </body>
  <Midias />
</article></xml>