﻿<xml><article id="47238816" name="2025-12-30/11503151/COMPRASNETWS" idOficio="11503151" pubName="DO3" artType="Extrato de Acordo de Cooperação Técnica" pubDate="02/01/2026" artClass="00025:00100:00026:00000:00000:00000:00000:00000:00000:00000:00035:00001" artCategory="Ministério da Educação/Universidade Federal do Ceará/Pró-Reitoria de Planejamento e Administração" artSize="12" artNotes="" numberPage="52" pdfPage="http://pesquisa.in.gov.br/imprensa/jsp/visualiza/index.jsp?data=02/01/2026&amp;jornal=530&amp;pagina=52" editionNumber="1" highlightType="" highlightPriority="" highlight="" highlightimage="" highlightimagename="" idMateria="23468582">
  <body>
    <Identifica><![CDATA[ EXTRATO DE ACORDO DE COOPERAçãO TéCNICA (ACT) Nº 45/2025 - UASG 153045]]></Identifica>
    <Data><![CDATA[]]></Data>
    <Ementa />
    <Titulo />
    <SubTitulo />
    <Texto><![CDATA[<p class="identifica">EXTRATO DE ACORDO DE COOPERAçãO TéCNICA (ACT) Nº 45/2025 - UASG 153045</p><p>Nº Processo: 23067.049380/2025-78.</p><p>Não se Aplica Nº 45/2025. Contratante: UNIVERSIDADE FEDERAL DO CEARA.</p><p>Contratado: 07.954.555/0001-11 - SECRETARIA DA CULTURA. Objeto: Acordo de cooperação técnica que tem por objeto a conjugação de esforços da secult e da ufc com vistas a promover ações conjuntas no âmbito do sistema estadual de cultura do ceará - siec, contemplado o desenvolvimento do setor cultural, a promoção de políticas culturais, em especial ao patrimônio cultural, a gestão, conservação e pesquisa em acervos..</p><p>Fundamento Legal: NÃO SE APLICA. Vigência: 22/12/2025 a 22/12/2030. Valor Total: R$ 0,00. Data de Assinatura: 22/12/2025.</p><p>(COMPRASNET 4.0 - 30/12/2025).</p>]]></Texto>
  </body>
  <Midias />
</article></xml>