﻿<xml><article id="47239068" name="2025-12-30/11503147/COMPRASNETWS" idOficio="11503147" pubName="DO3" artType="Extrato de Termo Aditivo" pubDate="02/01/2026" artClass="00025:00064:00003:00000:00000:00000:00000:00000:00000:00000:00053:00001" artCategory="Ministério da Educação/Instituto Federal de Educação, Ciência e Tecnologia Farroupilha/Campus Júlio de Castilhos" artSize="12" artNotes="" numberPage="19" pdfPage="http://pesquisa.in.gov.br/imprensa/jsp/visualiza/index.jsp?data=02/01/2026&amp;jornal=530&amp;pagina=19" editionNumber="1" highlightType="" highlightPriority="" highlight="" highlightimage="" highlightimagename="" idMateria="23468578">
  <body>
    <Identifica><![CDATA[ EXTRATO DE TERMO ADITIVO Nº 1/2025 - UASG 158269]]></Identifica>
    <Data><![CDATA[]]></Data>
    <Ementa />
    <Titulo />
    <SubTitulo />
    <Texto><![CDATA[<p class="identifica">EXTRATO DE TERMO ADITIVO Nº 1/2025 - UASG 158269</p><p>Número do Contrato: 16/2023.</p><p>Nº Processo: 23239.001372/2023-60.</p><p>Pregão. Nº 41/2022. Contratante: INST.FED.FARROUPILHA/CAMPUS JULIO CASTILHOS. Contratado: 36.113.867/0001-09 - RAIANE DUNKER ANGILLO. Objeto: Termo aditivo de renovação da vigência e reajuste de valor do contrato de serviços de manutenção de extintores e demais componentes do plano de prevenção contra incêndio- PPCI e de treinamento para formação de brigada de incêndio, passando o valor total do contrato de R$ 21.218,00 para R$ 24.417,91. Vigência: 18/01/2026 a 18/07/2028. Valor Total Atualizado do Contrato: R$ 24.417,91. Data de Assinatura: 30/12/2025.</p><p>(COMPRASNET 4.0 - 30/12/2025).</p>]]></Texto>
  </body>
  <Midias />
</article></xml>