﻿<xml><article id="47232309" name="Aviso de licitacao oportunidade " idOficio="11491056" pubName="DO3" artType="Aviso de Licitação" pubDate="02/01/2026" artClass="00035:00056:00063:00000:00000:00000:00000:00000:00000:00000:00079:00000" artCategory="Ministério de Minas e Energia/Petróleo Brasileiro S.A./Petrobras Transporte S.A." artSize="12" artNotes="" numberPage="108" pdfPage="http://pesquisa.in.gov.br/imprensa/jsp/visualiza/index.jsp?data=02/01/2026&amp;jornal=530&amp;pagina=108" editionNumber="1" highlightType="" highlightPriority="" highlight="" highlightimage="" highlightimagename="" idMateria="23451582">
  <body>
    <Identifica><![CDATA[ AVISO DE LICITAÇÃO Nº 7004547620]]></Identifica>
    <Data><![CDATA[]]></Data>
    <Ementa />
    <Titulo />
    <SubTitulo />
    <Texto><![CDATA[<p></p><p class="identifica">AVISO DE LICITAÇÃO Nº 7004547620</p><p>Objeto: Válvula esfera metálica, duas vias, 12" 300# AC ASTM A216 W</p><p>Abertura das propostas em 09/01/2026 às 17 horas.</p><p>Obs.: A consulta ao edital e o processamento da licitação serão realizadas no portal www.petronect.com.br.</p><p class="assina">COMISSÃO DE LICITAÇÃO</p>]]></Texto>
  </body>
  <Midias />
</article></xml>