﻿<xml><article id="47233953" name="LIVRAMENTODENOSSASENHORAPE" idOficio="11499196" pubName="DO3" artType="Aviso" pubDate="02/01/2026" artClass="00075:00005:00311:00000:00000:00000:00000:00000:00000:00000:00107:00000" artCategory="Prefeituras/Estado da Bahia/Prefeitura Municipal de Livramento de Nossa Senhora" artSize="12" artNotes="" numberPage="161" pdfPage="http://pesquisa.in.gov.br/imprensa/jsp/visualiza/index.jsp?data=02/01/2026&amp;jornal=530&amp;pagina=161" editionNumber="1" highlightType="" highlightPriority="" highlight="" highlightimage="" highlightimagename="" idMateria="23463146">
  <body>
    <Identifica><![CDATA[AVISO DE LICITAÇÃO]]></Identifica>
    <Data><![CDATA[]]></Data>
    <Ementa />
    <Titulo />
    <SubTitulo />
    <Texto><![CDATA[<p class="identifica">AVISO DE LICITAÇÃO</p><p class="identifica">PREGÃO ELETRÔNICO Nº 79/2025</p><p>PROCESSO ADMINISTRATIVO Nº 495/2025. PREGÃO ELETRÔNICO Nº 079/2025. OBJETO: Registro de preços para contratação de empresa especializada para prestação de serviços no fornecimento de passagens rodoviárias intermunicipais e interestaduais, para atender a demanda da Administração Municipal. CRITÉRIO DE JULGAMENTO: Menor preço por item. Sessão de abertura: 19/01/2026 às 09h:00.</p><p>As condições e especificações constam do EDITAL que poderá ser consultado no endereço eletrônico: www.livramentodenossasenhora.ba.gov.br/diariooficial, Portal BLL - www.bll.org.br e Portal Nacional de Contratações Públicas - PNCP ou no Setor de Licitações e Contratos da Prefeitura, no horário das 8:00h às 12:00h, situada na Praça Dom Hélio Paschoal, nº 94, Centro, Livramento de Nossa Senhora-Bahia.</p><p class="assina">MANOEL LOIOLA GOMES</p><p class="cargo">Agente de Contratação</p>]]></Texto>
  </body>
  <Midias />
</article></xml>