﻿<xml><article id="47232101" name="AVISO DE LICITACAO - MODO ELETRO" idOficio="11499751" pubName="DO3" artType="Aviso de Licitação" pubDate="02/01/2026" artClass="00074:00006:00032:00002:00000:00000:00000:00000:00000:00000:00078:00000" artCategory="Governo do Estado/Governo do Estado da Bahia/Secretaria de Infraestrutura Hídrica e Saneamento/Empresa Baiana de Águas e Saneamento S/A" artSize="12" artNotes="" numberPage="160" pdfPage="http://pesquisa.in.gov.br/imprensa/jsp/visualiza/index.jsp?data=02/01/2026&amp;jornal=530&amp;pagina=160" editionNumber="1" highlightType="" highlightPriority="" highlight="" highlightimage="" highlightimagename="" idMateria="23463843">
  <body>
    <Identifica><![CDATA[ AVISO DA LICITAÇÃO Nº 175/2025]]></Identifica>
    <Data><![CDATA[ Salvador, 29 de dezembro de 2025]]></Data>
    <Ementa />
    <Titulo />
    <SubTitulo />
    <Texto><![CDATA[<p class="identifica">AVISO DA LICITAÇÃO Nº 175/2025</p><p>A Embasa torna público que realizará a LICITAÇÃO n.º 175/25, processada de acordo com as disposições da Lei nº 13.303/2016, Lei complementar 123/2006 e Regulamento Interno de Licitações e Contratos da EMBASA. Objeto: Execução das obras da segunda etapa de ampliação do Sistema Integrado de Abastecimento de Água de Ipiaú. Abertura das Propostas: 19/03/2026 às 14:00 horas. (Horário de Brasília-DF). Recursos Financeiros: Próprios. O Edital e seus anexos encontram-se disponíveis para download no site https://licitacoes-e2.bb.com.br/aop-inter-estatico/. (Licitação BB nº: 1085494) O cadastro da proposta deverá ser feito no site https://licitacoes-e2.bb.com.br/aop-inter-estatico/, antes da abertura da sessão pública. Informações através do e-mail: plc.esclarecimentos@embasa.ba.gov.br ou por telefone: (71) 3372-4756/4764.</p><p class="data">Salvador, 29 de dezembro de 2025</p><p class="assina">Ariane Pires Gomes Gannum</p><p class="cargo">Agente de Licitação</p>]]></Texto>
  </body>
  <Midias />
</article></xml>