﻿<xml><article id="47237325" name="2025-12-30/11503918/SICONV_23470" idOficio="11503918" pubName="DO3" artType="Extrato de Convênio" pubDate="02/01/2026" artClass="00015:00032:00000:00000:00000:00000:00000:00000:00000:00000:00031:00001" artCategory="Ministério da Cultura/Fundação Nacional de Artes" artSize="12" artNotes="" numberPage="5" pdfPage="http://pesquisa.in.gov.br/imprensa/jsp/visualiza/index.jsp?data=02/01/2026&amp;jornal=530&amp;pagina=5" editionNumber="1" highlightType="" highlightPriority="" highlight="" highlightimage="" highlightimagename="" idMateria="23470784">
  <body>
    <Identifica><![CDATA[ EXTRATO DE TERMO ADITIVO]]></Identifica>
    <Data><![CDATA[]]></Data>
    <Ementa />
    <Titulo />
    <SubTitulo />
    <Texto><![CDATA[<p class="identifica">EXTRATO DE TERMO ADITIVO</p><p>Espécie: Termo Aditivo de Alteração da Vigência Nº 000002/2025 ao Instrumento código 954528. Convenentes: Concedente: FUNDACAO NACIONAL DE ARTES, Unidade Gestora: 403201. Convenente: CIRCO LAHETO, CNPJ nº 01206329000176. Prorrogação da vigência Termo de Fomento /FUNARTE Nº 040/2023 - TRANSFEREGOV.BR N° 954528/2023 para a data 31 de Julho de 2026 e também autorização para uso dos rendimentos financeiros dos recursos ap. Valor Total: R$ 540.000,00, Valor de Contrapartida: R$ 0,00, Vigência: 01/01/2026 a 31/07/2026. Data de Assinatura: 29/12/2023. Signatários: Concedente: LEONARDO LESSA DE MENDONCA, CPF nº ***.281.406-**, Convenente: VALDEMIR DE SOUZA, CPF nº ***.748.291-**.</p>]]></Texto>
  </body>
  <Midias />
</article></xml>