﻿<xml><article id="47233055" name="EXTRATO DE CONTRATO DE DEZEMBRO " idOficio="11466144" pubName="DO3" artType="Extrato de Contrato" pubDate="02/01/2026" artClass="00071:00143:00000:00000:00000:00000:00000:00000:00000:00000:00030:00000" artCategory="Entidades de Fiscalização do Exercício das Profissões Liberais/CONSELHO REGIONAL DE CONTABILIDADE EM PERNAMBUCO" artSize="12" artNotes="ok. " numberPage="157" pdfPage="http://pesquisa.in.gov.br/imprensa/jsp/visualiza/index.jsp?data=02/01/2026&amp;jornal=530&amp;pagina=157" editionNumber="1" highlightType="" highlightPriority="" highlight="" highlightimage="" highlightimagename="" idMateria="23410450">
  <body>
    <Identifica><![CDATA[ EXTRATO DE instrumentos contratuais ]]></Identifica>
    <Data><![CDATA[]]></Data>
    <Ementa />
    <Titulo />
    <SubTitulo />
    <Texto><![CDATA[<p class="identifica">EXTRATO DE instrumentos contratuais</p><p>RENOVAÇÕES Proc. Adm. nº 2025/059 Dispensa nº 031/21. Objeto: 4ª Renovação com a Solo Network Brasil S.A, para o fornecimento de 01 Licença Anual do Adobe Creative Cloud. CNPJ: 00.258.246/0001-68, Valor: R$ 6.107,43, Vigência: 21/12/25 a 20/12/26. Proc. Adm. nº 2025/058 Dispensa nº 014/23. Objeto: 2ª Renovação com a Empresa 51.473.218 Silvio Antônio Mendes da Silva, para o Serviço de Manutenção Preventiva/Corretiva das Áreas Ajardinadas da atual sede do CRC/PE. CNPJ: 51.473.218/0001-02, Valor: R$ 11.580,00, Vigência: 15/12/25 A 14/12/26. Proc. Adm. nº 2025/060 Dispensa nº 019/23. Objeto: 2ª Renovação com a SOCIETY Informática Comercial EIRELI, para os Serviços de 62 Licenças de Software de Antivírus. CNPJ Nº 00.333.978/0001-75, Valor: R$ 5.519,24, Vigência: 17/12/25 a 16/12/26. Proc. Adm. nº 2025/061 Dispensa nº 029/23. Objeto: 2ª Renovação com a BVR Negócios e Consultoria LTDA, para Prestação de Serviços de Hospedagem e Manutenção do Portal. CNPJ: 03.392.122/0001-69, Valor: R$ 6.265,00, Vigência: 21/12/25 a 20/12/26. Proc. Adm. nº 2025/057 Dispensa nº 043/23. Objeto: 2ª Renovação com a MEL Distribuidora LTDA, para o Fornecimento de Água Mineral Sem Gás, acondicionada em Garrafões de 20 Litros, de Fonte Natural. CNPJ: 50.911.223/0001-89, Valor: R$ 6.876,00, Vigência: 21/12/25 a 20/12/26. Proc. Adm. nº 2025/056 Inexigibilidade nº 010/23. Objeto: 3º Termo Aditivo para a 2ª Renovação com a PLUXEE Benefícios Brasil S.A, para o Serviço de Administração, Gerenciamento, Implementação, Emissão e Disponibilização de Créditos em Cartões Eletrônicos Refeição/Alimentação para os funcionários do CRC/PE. CNPJ: 69.034.668/0001-56, Valor: R$ 393.847,74, Vigência: 22/12/25 a 21/12/26. Proc. Adm. nº 2025/065 Dispensa nº 032/24. Objeto: 1ª Renovação com a DTELL TELECOM LTDA, para a Prestação de Serviços de Link Dedicado de 200 Mbps Full Duplex com Banda Simétrica de Acesso à Internet à Rede do CRC/PE, com os Serviços de acesso IP Permanente, disponibilizado 24h por Dia, 7 Dias por Semana, 365 Dias Ano, Dedicado e Exclusivo. CNPJ: 09.376.370/0001-00, Valor R$ 10.026,24, Vigência: 11/12/25 A 10/12/26. Proc. Adm. nº 2025/062 Dispensa nº 030/24. Objeto: 2º Termo Aditivo para a 1ª Renovação com a Empresa MAQ-LAREM Máquinas Móveis e Equipamentos LTDA, para os Serviços de Locação de Impressoras Multifuncionais Laser Monocromática A4 e Impressora Colorida com Manutenção e Reposição de Tonner. CNPJ: 40.938.508/0001-50, Valor: R$ 21.806,52, Vigência: 06/12/25 A 05/12/26. Proc. Adm. nº 2025/064 Inexigibilidade nº 005/24. Objeto: 1ª Renovação com a CDL Recife Serviços Aos Associados, para a Prestação Sob Demanda de Serviços de Inclusão/Registro em Bancos de Dados de Restrição ao Crédito em Instituições Financeiras e Comerciais, incluindo o Envio de Comunicados Fisicamente e Digitalmente aos Usuários e o Webservice, para realizar a sua Gestão, Implantação, Operacionalização, Suporte Técnico, Consultoria e Relatórios das Ações Sugeridas/Realizadas e seus Resultados de acordo com o Planejamento. CNPJ: 22.317.405/0001-90, Valor: R$ 60.219,36, Vigência: 04/12/25 A 03/12/26. Contratante: Conselho Regional de Contabilidade em Pernambuco. Roberto Vieira do Nascimento - Presidente.</p>]]></Texto>
  </body>
  <Midias />
</article></xml>