﻿<xml><article id="47233401" name="AVISO DE LICITACAO PREGAO ELETRO" idOficio="11501846" pubName="DO3" artType="Aviso de Licitação" pubDate="02/01/2026" artClass="00075:00004:00075:00000:00000:00000:00000:00000:00000:00000:00078:00000" artCategory="Prefeituras/Estado do Amazonas/Prefeitura Municipal de Tabatinga" artSize="12" artNotes="" numberPage="160" pdfPage="http://pesquisa.in.gov.br/imprensa/jsp/visualiza/index.jsp?data=02/01/2026&amp;jornal=530&amp;pagina=160" editionNumber="1" highlightType="" highlightPriority="" highlight="" highlightimage="" highlightimagename="" idMateria="23466940">
  <body>
    <Identifica><![CDATA[ AVISO DE LICITAÇÃO ]]></Identifica>
    <Data><![CDATA[Tabatinga (AM), 29 de dezembro de 2025.]]></Data>
    <Ementa />
    <Titulo />
    <SubTitulo />
    <Texto><![CDATA[<p class="identifica">AVISO DE LICITAÇÃO</p><p class="identifica">PREGÃO ELETRONICO SRP nº 2/2026</p><p>O FUNDO MUNICIPAL DE SAÚDE, através da Comissão Especial de Contratação - CEC torna público aos interessados que realizará o processo licitatório na modalidade PREGÃO ELETRONICO SRP nº 02/2026, TIPO: MENOR PREÇO POR ITEM, cujo objeto contempla a "CONTRATAÇÃO DE EMPRESA ESPECIALIZADA PARA AQUISIÇÃO DE EQUIPAMENTOS MÉDICO-HOSPITALARES PARA O PROGRAMA MELHOR EM CASA (PMEC) DA SECRETARIA MUNICIPAL DE SAÚDE DE TABATINGA - AM".</p><p>Data de Abertura da sessão e recebimento das propostas: 08/01/2026 às 12:00:00hs (horário de Brasília).</p><p>Local de disponibilidade de Edital no sítio eletrônico:</p><p>www.licitanet.com.br. https://www.gov.br/pncp/pt-br</p><p class="data">Tabatinga (AM), 29 de dezembro de 2025.</p><p class="assina">JANDERSON BEZERRA FELIX</p><p class="cargo">Secretário Municipal de Saúde</p>]]></Texto>
  </body>
  <Midias />
</article></xml>