﻿<xml><article id="47233061" name="7004548658 1" idOficio="11501284" pubName="DO3" artType="Aviso de Licitação" pubDate="02/01/2026" artClass="00035:00056:00001:00000:00000:00000:00000:00000:00000:00000:00078:00000" artCategory="Ministério de Minas e Energia/Petróleo Brasileiro S.A./Petrobrás" artSize="12" artNotes="" numberPage="108" pdfPage="http://pesquisa.in.gov.br/imprensa/jsp/visualiza/index.jsp?data=02/01/2026&amp;jornal=530&amp;pagina=108" editionNumber="1" highlightType="" highlightPriority="" highlight="" highlightimage="" highlightimagename="" idMateria="23466182">
  <body>
    <Identifica><![CDATA[  AVISO DE LICITAÇÃO  Nº 7004548658]]></Identifica>
    <Data><![CDATA[]]></Data>
    <Ementa />
    <Titulo />
    <SubTitulo />
    <Texto><![CDATA[<p class="identifica">AVISO DE LICITAÇÃO Nº 7004548658</p><p>Objeto: Aquisição de Cabo de rede de dados</p><p>Abertura das propostas: 13/01/2026 às 20 horas.</p><p>Obs.: A consulta ao edital e o processamento da licitação será realizada no portal www.petronect.com.br</p><p class="assina">LUCAS LIMA PEREIRA</p><p class="cargo">Agente de Contratação</p>]]></Texto>
  </body>
  <Midias />
</article></xml>