﻿<xml><article id="47233100" name="BANZAEAD__LOK3BC" idOficio="11502347" pubName="DO3" artType="Aviso" pubDate="02/01/2026" artClass="00075:00005:00083:00000:00000:00000:00000:00000:00000:00000:00107:00000" artCategory="Prefeituras/Estado da Bahia/PREFEITURA MUNICIPAL DE BANZAÊ" artSize="12" artNotes="" numberPage="160" pdfPage="http://pesquisa.in.gov.br/imprensa/jsp/visualiza/index.jsp?data=02/01/2026&amp;jornal=530&amp;pagina=160" editionNumber="1" highlightType="" highlightPriority="" highlight="" highlightimage="" highlightimagename="" idMateria="23467573">
  <body>
    <Identifica><![CDATA[ EXTRATOs DE TERMOs ADITIVOs]]></Identifica>
    <Data><![CDATA[]]></Data>
    <Ementa />
    <Titulo />
    <SubTitulo />
    <Texto><![CDATA[<p class="identifica">EXTRATOs DE TERMOs ADITIVOs</p><p>PROCESSO ADMINISTRATIVO Nº 317/2025 - QUARTO TERMO ADITIVO DE PRAZO CONTRATO Nº 06/2023 - CREDENCIAMENO Nº 01/2023 - CONTRATANTE: A Prefeitura Municipal de Banzaê - BA - CONTRATADA: DUARTE SALES SERVIÇOS MÉDICOS LTDA: Prorrogado por mais 06 (seis) meses. Vigência: de 30 de dezembro de 2025 a 30 de junho de 2026 - ASSINADO EM: 29/12/2025. PATRICIA NASCIMENTO ALMEIDA - PREFEITA MUNICIPAL.</p><p>PROCESSO ADMINISTRATIVO Nº 318/2025 - QUINTO TERMO ADITIVO DE PRAZO CONTRATO Nº 02/2023 - CREDENCIAMENO Nº 01/2023 - CONTRATANTE: A Prefeitura Municipal de Banzaê - BA - CONTRATADA: RAUL RAIMER CAYOJA FLORES: Prorrogado por mais 06 (seis) meses. Vigência: de 30 de dezembro de 2025 a 30 de junho de 2026 - ASSINADO EM: 29/12/2025. PATRICIA NASCIMENTO ALMEIDA - PREFEITA MUNICIPAL.</p><p>PROCESSO ADMINISTRATIVO Nº 319/2025 - QUINTO TERMO ADITIVO DE PRAZO CONTRATO Nº 04/2023 - CREDENCIAMENO Nº 01/2023 - CONTRATANTE: A Prefeitura Municipal de Banzaê - BA - CONTRATADA: RICARDO CARDOSO PEIXOTO - EPP: Prorrogado por mais 06 (seis) meses. Vigência: de 30 de dezembro de 2025 a 30 de junho de 2026 - ASSINADO EM: 29/12/2025. PATRICIA NASCIMENTO ALMEIDA - PREFEITA MUNICIPAL.</p>]]></Texto>
  </body>
  <Midias />
</article></xml>