﻿<xml><article id="47238034" name="2025-12-30/11502151/COMPRASNETWS" idOficio="11502151" pubName="DO3" artType="Extrato de Termo Aditivo" pubDate="02/01/2026" artClass="00016:00010:00010:00019:00316:00000:00000:00000:00000:00000:00053:00001" artCategory="Ministério da Defesa/Comando da Aeronáutica/Comando de Preparo/II Comando Aéreo Regional/Base Aérea de Natal" artSize="12" artNotes="" numberPage="6" pdfPage="http://pesquisa.in.gov.br/imprensa/jsp/visualiza/index.jsp?data=02/01/2026&amp;jornal=530&amp;pagina=6" editionNumber="1" highlightType="" highlightPriority="" highlight="" highlightimage="" highlightimagename="" idMateria="23467359">
  <body>
    <Identifica><![CDATA[ EXTRATO DO 1º TERMO ADITIVO AO CONTRATO DE CESSÃO DE USO NÃO ONEROSO Nº 8/BANT/2024]]></Identifica>
    <Data><![CDATA[]]></Data>
    <Ementa />
    <Titulo />
    <SubTitulo />
    <Texto><![CDATA[<p class="identifica">EXTRATO DO 1º TERMO ADITIVO AO CONTRATO DE CESSÃO DE USO NÃO ONEROSO Nº 8/BANT/2024</p><p>Nº Processo: 67222.014334/2024-11.</p><p>Inexigibilidade. Nº 348/2024. Contratante: BASE AÉREA DE NATAL. Contratado: 08.170.862/0001-74 - MUNICÍPIO DE PARNAMIRIM. Objeto: Prorrogação do prazo de vigência contratual por mais 03 (três) meses. Fundamento Legal: Artigos 106 e 107 da Lei nº 14.133/21. Vigência: 20/12/2025 a 20/03/2026. Data de Assinatura: 16/12/2025.</p><p>(COMPRASNET 4.0 - 16/12/2025).</p>]]></Texto>
  </body>
  <Midias />
</article></xml>