﻿<xml><article id="47237685" name="2025-11-26/11432952/siasgnet_233" idOficio="11432952" pubName="DO3" artType="Aviso de Licitação-Pregão" pubDate="02/01/2026" artClass="00016:00010:00029:00002:00015:00000:00000:00000:00000:00000:00163:00001" artCategory="Ministério da Defesa/Comando da Aeronáutica/Secretaria de Economia e Finanças e Administração da Aeronáutica/Diretoria de Administração da Aeronáutica/Grupamento de Apoio de Manaus" artSize="12" artNotes="" numberPage="6" pdfPage="http://pesquisa.in.gov.br/imprensa/jsp/visualiza/index.jsp?data=02/01/2026&amp;jornal=530&amp;pagina=6" editionNumber="1" highlightType="" highlightPriority="" highlight="" highlightimage="" highlightimagename="" idMateria="23361415">
  <body>
    <Identifica><![CDATA[ AVISO DE LICITAÇÃO]]></Identifica>
    <Data><![CDATA[]]></Data>
    <Ementa />
    <Titulo />
    <SubTitulo />
    <Texto><![CDATA[<p class="identifica">AVISO DE LICITAÇÃO</p><p class="identifica">Pregão Eletrônico Nº 90036/2025 - UASG 120630</p><p>Nº Processo: 67298001136202403. Objeto: Contratação de empresa(s) especializada(s) na prestação de serviços de Manutenção de Transformador, incluindo fornecimento e reposição de peças, dispositivos, componentes e acessórios, novos e originais, bem como insumos e materiais necessários para atender as necessidades do GAP-MN e Unidades Apoiadas. Total de Itens Licitados: 24. Edital: 02/01/2026 das 08h30 às 12h00 e das 13h30 às 15h30. Endereço: Av Rodrigo Otavio, 430, Crespo - Manaus/AM ou https://www.gov.br/compras/edital/120630-5-90036-2025. Entrega das Propostas: a partir de 02/01/2026 às 08h30 no site www.gov.br/compras. Abertura das Propostas: 16/01/2026 às 10h00 no site www.gov.br/compras. Informações Gerais.</p><p class="assina">SUSAN KELLY PRADO ANDRADE</p><p class="cargo">Ordenador de Despesas</p><p>(SIASGnet - 26/11/2025) 120630-00001-2025NE000001</p>]]></Texto>
  </body>
  <Midias />
</article></xml>