﻿<xml><article id="47238996" name="2025-12-31/11504088/COMPRASNETWS" idOficio="11504088" pubName="DO3" artType="Extrato de Termo Aditivo" pubDate="02/01/2026" artClass="00025:00137:00033:00000:00000:00000:00000:00000:00000:00000:00053:00001" artCategory="Ministério da Educação/Empresa Brasileira de Serviços Hospitalares/Filial Hospital Universitário de Juiz de Fora" artSize="12" artNotes="" numberPage="92" pdfPage="http://pesquisa.in.gov.br/imprensa/jsp/visualiza/index.jsp?data=02/01/2026&amp;jornal=530&amp;pagina=92" editionNumber="1" highlightType="" highlightPriority="" highlight="" highlightimage="" highlightimagename="" idMateria="23470979">
  <body>
    <Identifica><![CDATA[ EXTRATO DE TERMO ADITIVO Nº 6/2025 - UASG 155903]]></Identifica>
    <Data><![CDATA[]]></Data>
    <Ementa />
    <Titulo />
    <SubTitulo />
    <Texto><![CDATA[<p class="identifica">EXTRATO DE TERMO ADITIVO Nº 6/2025 - UASG 155903</p><p>Número do Contrato: 22/2024.</p><p>Nº Processo: 23765.006190/2024-16.</p><p>Dispensa. Nº 90014/2024. Contratante: HOSPITAL UNIVERSITARIO DA UFJF. Contratado: 10.321.422/0001-12 - MEDVITALIS SERVICOS LTDA. Objeto: O presente termo aditivo tem por objeto a prorrogação do prazo de vigência do contrato por mais 12 (doze) meses, com início na data de 02/01/2026 e encerramento em 01/01/2027, com fundamento no art. 93 do rlce 1.1; e a adequação dos percentuais do programa de integração social (pis) em 1,23% (um inteiro e vinte e três centésimos por cento) e da contribuição para financiamento da seguridade social (cofins) em 5,69% (cinco inteiros e sessenta e nove centésimos por cento).. Vigência: 02/01/2026 a 01/01/2027. Valor Total Atualizado do Contrato: R$ 1.182.165,96. Data de Assinatura: 16/12/2025.</p><p>(COMPRASNET 4.0 - 16/12/2025).</p>]]></Texto>
  </body>
  <Midias />
</article></xml>