﻿<xml><article id="47236830" name="2025-12-30/11501736/COMPRASNETWS" idOficio="11501736" pubName="DO3" artType="Extrato de Termo Aditivo" pubDate="02/01/2026" artClass="00025:00109:00000:00000:00000:00000:00000:00000:00000:00000:00053:00001" artCategory="Ministério da Educação/Universidade Federal de Juiz de Fora" artSize="12" artNotes="" numberPage="53" pdfPage="http://pesquisa.in.gov.br/imprensa/jsp/visualiza/index.jsp?data=02/01/2026&amp;jornal=530&amp;pagina=53" editionNumber="1" highlightType="" highlightPriority="" highlight="" highlightimage="" highlightimagename="" idMateria="23466890">
  <body>
    <Identifica><![CDATA[ EXTRATO DE TERMO ADITIVO Nº 1/2025 - UASG 153061]]></Identifica>
    <Data><![CDATA[]]></Data>
    <Ementa />
    <Titulo />
    <SubTitulo />
    <Texto><![CDATA[<p class="identifica">EXTRATO DE TERMO ADITIVO Nº 1/2025 - UASG 153061</p><p>Número do Contrato: 54/2025.</p><p>Nº Processo: 23071.005703/2024-71.</p><p>Pregão. Nº 90043/2024. Contratante: UNIVERSIDADE FEDERAL DE JUIZ DE FORA. Contratado: 26.338.605/0001-80 - APICE PRODUCOES LTDA. Objeto: a) Prorrogação do prazo de vigência do Contrato nº 54/2025 até 14 de junho de 2026, a fim de permitir a utilização do saldo remanescente e a conclusão integral do objeto contratado. a.1) A formalização ocorre em data posterior ao termo final originalmente fixado, com fundamento na prorrogação automática prevista na Cláusula 2.2 do Contrato nº 54/2025 e no Art. 111 da lei nº 14.133/2021, produzindo efeitos retroativos a 14 de dezembro de 2025. Vigência: 14/12/2025 a 14/06/2026. Valor Total Atualizado do Contrato: R$ 117.165,50. Data de Assinatura: 30/12/2025.</p><p>(COMPRASNET 4.0 - 30/12/2025).</p>]]></Texto>
  </body>
  <Midias />
</article></xml>