﻿<xml><article id="47237232" name="2025-12-30/11502566/COMPRASNETWS" idOficio="11502566" pubName="DO3" artType="Extrato de Contrato" pubDate="02/01/2026" artClass="00016:00010:00010:00019:00316:00000:00000:00000:00000:00000:00030:00001" artCategory="Ministério da Defesa/Comando da Aeronáutica/Comando de Preparo/II Comando Aéreo Regional/Base Aérea de Natal" artSize="12" artNotes="" numberPage="6" pdfPage="http://pesquisa.in.gov.br/imprensa/jsp/visualiza/index.jsp?data=02/01/2026&amp;jornal=530&amp;pagina=6" editionNumber="1" highlightType="" highlightPriority="" highlight="" highlightimage="" highlightimagename="" idMateria="23467835">
  <body>
    <Identifica><![CDATA[ EXTRATO DO CONTRATO DE DESPESA Nº 31/BANT-NUHANT/2025]]></Identifica>
    <Data><![CDATA[]]></Data>
    <Ementa />
    <Titulo />
    <SubTitulo />
    <Texto><![CDATA[<p class="identifica">EXTRATO DO CONTRATO DE DESPESA Nº 31/BANT-NUHANT/2025</p><p>Nº Processo: 67222.014783/2024-51.</p><p>Pregão Nº 90073/2025. Contratante: NÚCLEO DO HOSPITAL DE AERONÁUTICA DE NATAL.</p><p>Contratado: 30.876.256/0001-28 - MR TRAVEL &amp; TOURS LTDA. Objeto: Contratação de serviços de agenciamento de viagens que compreende a emissão, remarcação e cancelamento de passagens terrestres por agência de viagens. Fundamento Legal: Lei nº 14.133/21. Vigência: 23/12/2025 a 23/12/2026. Valor Total: R$ 16.498,54. Data de Assinatura: 23/12/2025.</p><p>(COMPRASNET 4.0 - 30/12/2025).</p>]]></Texto>
  </body>
  <Midias />
</article></xml>