﻿<xml><article id="47233404" name="703C" idOficio="11504040" pubName="DO3" artType="Extrato de Registro de Preços" pubDate="02/01/2026" artClass="00047:00049:00000:00000:00000:00000:00000:00000:00000:00000:00047:00000" artCategory="Ministério da Saúde/Grupo Hospitalar Conceição" artSize="12" artNotes="" numberPage="118" pdfPage="http://pesquisa.in.gov.br/imprensa/jsp/visualiza/index.jsp?data=02/01/2026&amp;jornal=530&amp;pagina=118" editionNumber="1" highlightType="" highlightPriority="" highlight="" highlightimage="" highlightimagename="" idMateria="23470971">
  <body>
    <Identifica><![CDATA[ Extratos de Registro de Preços]]></Identifica>
    <Data><![CDATA[]]></Data>
    <Ementa />
    <Titulo />
    <SubTitulo />
    <Texto><![CDATA[<p class="identifica">Extratos de Registro de Preços</p><p>Processo nº 1998/25 Pregão Eletrônico nº 821/25 Data da Homologação: 11/12/25 Objeto: Pregão Eletrônico Para A Aquisição de Material Médico Hospitalar (Cateteres, Fios, Sondas e Outros) Por Sistema de Registro de Preços, Para O Período de 12 (Doze) Meses, Prorrogável Por Igual Período, Para O Hospital Federal de Bonsucesso. Valor Total: 1.231.561,32 (Um Milhao Duzentos e Trinta e Um Mil Quinhentos e Sessenta e Um Reais e Trinta e Dois Centavos) Validade 12 Mes(Es). Empresas Classificadas: 02.376.490/0001-50 Medical Suture Comercio de Material Hosp.,05.136.679/0001-64 Rjd Hospitalar Ltda.,10.807.173/0001-70 Medpoa Comercio de Material Hospitalar Ltda.,48.873.564/0001-65 M Bento Solucoes Integradas Ltda.,48.939.276/0001-66 Medi House Ind.e Com.de Prods.Cirurg.Hospitalare.,54.516.661/0080-05 Johnson &amp; Johnson do Brasil Ind. e Com. Prod. P/.,61.418.042/0001-31 Cirurgica Fernandes Com. de Mat. Cirurg. e Hosp.</p><p>Processo nº 2327/25 Pregão Eletrônico nº 926/25 Data da Homologação: 11/12/25 Objeto: Aquisição de Insumos Químicos (Hemacias, Diluente, Resinas e Outros Revogados) Através de Pregão Eletrônico, Via Registro de Preços Por 12 Meses, Prorrogável ,Para O Hospital Federal de Bonsucesso, Filial do Hospital Nossa Senhora da Conceição S.A.. Valor Total: 560.198,28 (Quinhentos e Sessenta Mil Cento e Noventa e Oito Reais e Vinte e Oito Centavos) Validade 12 Mes(Es). Empresas Classificadas: 18.628.083/0002-04 Cepheid Brasil Importação, Exportação e Comércio.,25.341.162/0001-14 Mega Dental Importacao, Exportacao e Com.,42.347.169/0001-62 Bw Medical Produtos Hospitalares Ltda.</p><p>Processo nº 2044/25 Pregão Eletrônico nº 834/25 Data da Homologação: 11/12/25 Objeto: Pregão Eletrônico Para A Aquisição de Material Imobilizado (Cadeiras Diversas) , Para Registro de Preços, Pelo Período de 12 Meses, Prorrogável, Para O Grupo Hospitalar Conceição.. Valor Total: 748.165,80 (Setecentos e Quarenta e Oito Mil Cento e Sessenta e Cinco Reais e Oitenta Centavos) Validade 1 Mes(Es). Empresas Classificadas: 05.684.135/0001-37 Vitrine Ambientes Para Escritório Ltda.,18.493.830/0001-63 Meta X Industria e Comercio Ltda Epp.,29.209.847/0001-62 Belchair Comercio de Moveis Ltda.</p><p>Processo nº 2000/25 Pregão Eletrônico nº 819/25 Data da Homologação: 12/12/25 Objeto: Aquisição de Insumos Químicos (Alérgenos, Formol, Reagentes, Vacina e Outros) Pelo Sistema de Registro de Preços,Prorrogável,Por 12 Meses, Para O Hospital Federal de Bonsucesso, Filial do Hospital Nossa Senhora da Conceição S.A. Valor Total: 139.746,00 (Cento e Trinta e Nove Mil Setecentos e Quarenta e Seis Reais) Validade 12 Mes(Es). Empresas Classificadas: 00.749.145/0001-90 Fda Allergenic Laboratorio de Formulacoes Especi.,05.782.733/0001-49 Ciamed - Distribuidora de Medicamentos Ltda.,41.856.036/0001-59 Britmed Material Medico e Hospitalar Ltd.,48.873.564/0001-65 M Bento Solucoes Integradas Ltda.</p><p>Processo nº 1637/25 Pregão Eletrônico nº 699/25 Data da Homologação: 11/12/25 Objeto: Aquisição de Material Médico Hospitalar (Pipetas, Ponteiras, Tubos e Outros) Pelo Sistema de Registro de Preços, Pelo Período de 12 (Doze) Meses, Prorrogável, Para O Hospital Nossa Senhora da Conceição S.A. e Filiais.. Valor Total: 4.051.909,44 (Quatro Milhoes Cincoenta e Um Mil Novecentos e Nove Reais e Quarenta e Quatro Centavos) Validade 12 Mes(Es). Empresas Classificadas: 06.294.126/0001-00 Soma/Rs Produtos Hospitales Ltda.,09.171.488/0001-94 Coremed Com e Rep de Prod Medicos Hosp L.,10.807.173/0001-70 Medpoa Comercio de Material Hospitalar Ltda.,21.551.379/0008-74 Becton Dickinson Ind. Cirurg.Ltda.,21.707.794/0001-06 Fastlabor Comercial Eireli.,27.914.706/0001-15 Distrilab Distribuidora de Equipamentos.,52.541.273/0001-47 Nl Comercio Exterior Ltda.,54.446.810/0001-03 Spectrun Bio Engenharia Medica Hospitalar Ltda.,71.957.310/0001-47 Greiner Bio-One Brasil Prods. Medicos Hospitalar.,87.651.345/0001-93 G. Gotuzzo &amp; Cia Ltda.,92.666.817/0001-11 Saavedra Representacoes Ltda.</p><p>Processo nº 2045/25 Pregão Eletrônico nº 833/25 Data da Homologação: 18/12/25 Objeto: Aquisição de Medicamentos - Padronizados - Por Pregão Eletrônico, Registro de Preços Para O Período de 12 Meses (Prorrogável), Para O Hospital Nossa Senhora da Conceição e Suas Filiais. Valor Total: 1.547.463,35 (Um Milhao Quinhentos e Quarenta e Sete Mil Quatrocentos e Sessenta e Tres Reais e Trinta e Cinco Centavos) Validade 12 Mes(Es). Empresas Classificadas: 02.513.899/0004-14 Grifols Brasil Ltda.,02.816.696/0001-54 Pontamed Farmacêutica Ltda.,05.795.285/0001-18 Ophtalmed Distribuidora Ltda.,06.294.126/0001-00 Soma/Rs Produtos Hospitales Ltda.,07.752.236/0001-23 Medilar Importacao e Dist. de Produtos Med. Hops.,14.817.957/0001-30 Central Comércio de Produtos Hospitalares Ltda.,17.174.657/0008-44 Hypofarma Instituto de Hypodermia e Farmacia Ltd.,44.734.671/0022-86 Cristália Produtos Químicos Farm. Ltda.,46.381.269/0001-66 Nutri-Ele Distr de Nutri, Correl e Prod Medicos.,67.729.178/0005-72 Comercial Cirurgica Rioclarense Ltda.</p><p>Processo nº 1881/25 Pregão Eletrônico nº 784/25 Data da Homologação: 18/12/25 Objeto: Pregão Eletrônico Para Aquisição de Soluções de Grande Volume (Água Destilada, Citrato de Sodio), Por Sistema de Registro de Preços, Para O Período de 12 Meses,Prorrogável Por Igual Período, Para O Hospital Federal de Bonsucesso. . Valor Total: 500.414,40 (Quinhentos Mil Quatrocentos e Quatorze Reais e Quarenta Centavos) Validade 12 Mes(Es). Empresas Classificadas: 01.578.276/0001-14 Asli Comercial Ltda.,31.673.254/0010-95 Laboratorios Bbraun S.A.,49.324.221/0016-90 Fresenius Kabi Barsil Ltda.</p><p>Processo nº 2629/25 Pregão Eletrônico nº 1035/25 Data da Homologação: 19/12/25 Objeto: Pregão Eletrônico Aquisição de Papel A4, Por Sistema de Registro de Preços, Para O Período de 12 Meses, Prorrogável Por Igual Período, Para O Hospital Bonsucesso/Rj.. Valor Total: 240.000,00 (Duzentos e Quarenta Mil Reais) Validade 12 Mes(Es). Empresas Classificadas: 23.468.106/0001-10 Moresco &amp; Antunes Ltda Me.</p>]]></Texto>
  </body>
  <Midias />
</article></xml>