﻿<xml><article id="47231683" name="HOMO CC 009-2025 -RTF" idOficio="11498586" pubName="DO3" artType="Aviso de Homologação e Adjudicação" pubDate="02/01/2026" artClass="00075:00014:00195:00000:00000:00000:00000:00000:00000:00000:00076:00000" artCategory="Prefeituras/Estado da Paraíba/Prefeitura Municipal de Riachão do Bacamarte" artSize="12" artNotes="" numberPage="165" pdfPage="http://pesquisa.in.gov.br/imprensa/jsp/visualiza/index.jsp?data=02/01/2026&amp;jornal=530&amp;pagina=165" editionNumber="1" highlightType="" highlightPriority="" highlight="" highlightimage="" highlightimagename="" idMateria="23462401">
  <body>
    <Identifica><![CDATA[aviso de ADJUDICAÇÃO E HOMOLOGAÇÃO]]></Identifica>
    <Data><![CDATA[ RIACHÃO DO BACAMARTE, 29 DE DEZEMBRO DE 2025]]></Data>
    <Ementa />
    <Titulo />
    <SubTitulo />
    <Texto><![CDATA[<p class="identifica">aviso de ADJUDICAÇÃO E HOMOLOGAÇÃO</p><p class="identifica">CONCORRêNCIA ELETRôNICO Nº 9/2025</p><p>Nos termos do relatório final apresentado pelo Agente de Contratação e observado parecer da Assessoria Jurídica, referente a Concorrência Eletrônica nº 00009/2025, que objetiva: Contratação de empresa de engenharia para executar obra civil pública da terceira etapa da construção de praça no município de Riachão do Bacamarte-PB; ADJUDICO o objeto e HOMOLOGO a licitação, com base nos elementos constantes do processo correspondente, os quais apontam como proponente vencedor: G E CONTRUCOES E SERVICOS LTDA - R$ 1.876.149,41.</p><p class="data">RIACHÃO DO BACAMARTE, 29 DE DEZEMBRO DE 2025</p><p class="assina">JOSE DE ARIMATEA DA SILVA</p><p class="cargo">Prefeito</p>]]></Texto>
  </body>
  <Midias />
</article></xml>