﻿<xml><article id="47233871" name="EXTRATO DE HOMOLOGACAO E EXTRATO" idOficio="11498366" pubName="DO3" artType="Extrato de Registro de Preços" pubDate="02/01/2026" artClass="00075:00012:00313:00000:00000:00000:00000:00000:00000:00000:00047:00000" artCategory="Prefeituras/Estado de Minas Gerais/Prefeitura Municipal de Coimbra" artSize="12" artNotes="" numberPage="163" pdfPage="http://pesquisa.in.gov.br/imprensa/jsp/visualiza/index.jsp?data=02/01/2026&amp;jornal=530&amp;pagina=163" editionNumber="1" highlightType="" highlightPriority="" highlight="" highlightimage="" highlightimagename="" idMateria="23462091">
  <body>
    <Identifica><![CDATA[aviso DE HOMOLOGAÇÃO]]></Identifica>
    <Data><![CDATA[  Coimbra-MG, 29 de dezembro de 2025]]></Data>
    <Ementa />
    <Titulo />
    <SubTitulo />
    <Texto><![CDATA[<p class="identifica">aviso DE HOMOLOGAÇÃO</p><p class="identifica">Pregão Eletrônico nº 58/2025</p><p></p><p>Extrato de Homologação, referente ao Processo Administrativo nº 155/2025, Pregão Eletrônico nº. 058/2025, cujo objeto: Registro de preços para locação de máquinas reprográficas para atender as demandas dos setores da Prefeitura Municipal de Coimbra-MG. A homologação ocorreu no dia 29/12/2025.</p><p class="data">Coimbra-MG, 29 de dezembro de 2025</p><p class="assina">Rafaela Pereira Lessa</p><p class="cargo">Chefe de Gabinete</p><p class="identifica">EXTRATO DE REGISTRO DE PREÇOS Nº 206/2025</p><p>DETENTORA: PAPELARIA E COPIADORA COPYSUL LTDA - CNPJ: 68.533.967/0001-72, Valor Total de R$ 30.000,00 (trinta mil reais) Data de Assinatura da ARP: 29/12/2025, Vigência: 29/12/2025 a 29/12/2026.</p><p></p>]]></Texto>
  </body>
  <Midias />
</article></xml>