﻿<xml><article id="47232270" name="01 - Aviso de Julgamento 9001920" idOficio="11501685" pubName="DO3" artType="Aviso de Julgamento" pubDate="02/01/2026" artClass="00028:00051:00000:00000:00000:00000:00000:00000:00000:00000:00153:00000" artCategory="Ministério da Fazenda/Banco da Amazônia S.A." artSize="12" artNotes="" numberPage="96" pdfPage="http://pesquisa.in.gov.br/imprensa/jsp/visualiza/index.jsp?data=02/01/2026&amp;jornal=530&amp;pagina=96" editionNumber="1" highlightType="" highlightPriority="" highlight="" highlightimage="" highlightimagename="" idMateria="23466727">
  <body>
    <Identifica><![CDATA[ Aviso de Julgamento]]></Identifica>
    <Data><![CDATA[]]></Data>
    <Ementa />
    <Titulo />
    <SubTitulo />
    <Texto><![CDATA[<p class="identifica">Aviso de Julgamento</p><p class="identifica">PREGÃO ELETRÔNICO nº 90019/2025</p><p>O Banco da Amazônia S. A. torna público que a empresa ALARMTEK TECNOLOGIA AUTODEFESA LTDA, CNPJ - 02.696.922/0001-00, foi a vencedora do Pregão Eletrônico sob referência.</p><p class="assina">Elcio de Sousa Farias</p><p class="cargo">Coordenador de Processos Licitatórios</p>]]></Texto>
  </body>
  <Midias />
</article></xml>