﻿<xml><article id="47237514" name="2025-12-30/11500742/COMPRASNETWS" idOficio="11500742" pubName="DO3" artType="Extrato de Apostilamento" pubDate="02/01/2026" artClass="00025:00052:00013:00000:00000:00000:00000:00000:00000:00000:00142:00001" artCategory="Ministério da Educação/Colégio Pedro II/Campus São Cristovão II" artSize="12" artNotes="" numberPage="16" pdfPage="http://pesquisa.in.gov.br/imprensa/jsp/visualiza/index.jsp?data=02/01/2026&amp;jornal=530&amp;pagina=16" editionNumber="1" highlightType="" highlightPriority="" highlight="" highlightimage="" highlightimagename="" idMateria="23465484">
  <body>
    <Identifica><![CDATA[ EXTRATO DE APOSTILAMENTO Nº 4/2025 - UASG 155631]]></Identifica>
    <Data><![CDATA[]]></Data>
    <Ementa />
    <Titulo />
    <SubTitulo />
    <Texto><![CDATA[<p class="identifica">EXTRATO DE APOSTILAMENTO Nº 4/2025 - UASG 155631</p><p>Número do Contrato: 60000/2021.</p><p>Nº Processo: 23778.000217/2021-67.</p><p>Contratante: COLEGIO PEDRO II - CAMPUS SAO CRISTOVAO II.</p><p>Contratado: 19.088.605/0001-04 - MGS CLEAN SOLUCOES E SERVICOS LTDA.</p><p>Objeto: O presente termo de apostilamento tem po objeto a repactuação dos valores do contrato nº 6/2021 em razão dos reajustes dos itens envolvendo a folha de salários, com base na convenção coletiva de trabalho (cct) 2025/2026, sob o nº rj001061/2025, registrada no sistema mediador do mte em 28/04/2025..</p><p>Vigência: 02/01/2022 a 02/01/2026.</p><p>Valor Total Atualizado do Contrato: R$ 27.727,75.</p><p>Data de Assinatura: 23/12/2023.</p>]]></Texto>
  </body>
  <Midias />
</article></xml>