﻿<xml><article id="47236824" name="2025-12-28/11497663/COMPRASNETWS" idOficio="11497663" pubName="DO3" artType="Extrato de Contrato" pubDate="02/01/2026" artClass="00025:00083:00000:00000:00000:00000:00000:00000:00000:00000:00030:00001" artCategory="Ministério da Educação/Instituto Federal de Educação, Ciência e Tecnologia de Santa Catarina" artSize="12" artNotes="" numberPage="22" pdfPage="http://pesquisa.in.gov.br/imprensa/jsp/visualiza/index.jsp?data=02/01/2026&amp;jornal=530&amp;pagina=22" editionNumber="1" highlightType="" highlightPriority="" highlight="" highlightimage="" highlightimagename="" idMateria="23461155">
  <body>
    <Identifica><![CDATA[ EXTRATO DE CONTRATO Nº 199/2025 - UASG 158516]]></Identifica>
    <Data><![CDATA[]]></Data>
    <Ementa />
    <Titulo />
    <SubTitulo />
    <Texto><![CDATA[<p class="identifica">EXTRATO DE CONTRATO Nº 199/2025 - UASG 158516</p><p>Nº Processo: 23292.025527/2024-90.</p><p>Pregão Nº 93003/2024. Contratante: INST.FED.DE EDUC.,CIENC.E TEC.DE STA.CAT/IFSC.</p><p>Contratado: 27.339.371/0001-59 - METTA DISTRIBUIDORA E COMERCIO LTDA. Objeto: Materiais de permanente ar condicionado e outros equipamentos de refrigeração para o campus caçador do ifsc,.</p><p>Fundamento Legal: LEI 14.133/2021. Vigência: 27/10/2025 a 27/10/2026. Valor Total: R$ 12.865,65. Data de Assinatura: 22/10/2025.</p><p>(COMPRASNET 4.0 - 28/12/2025).</p>]]></Texto>
  </body>
  <Midias />
</article></xml>