﻿<xml><article id="47238774" name="2025-12-31/11504036/SICONV_23470" idOficio="11504036" pubName="DO3" artType="Extrato de Convênio" pubDate="02/01/2026" artClass="00032:00029:00000:00000:00000:00000:00000:00000:00000:00000:00031:00001" artCategory="Ministério da Integração e do Desenvolvimento Regional/Secretaria Nacional de Políticas de Desenvolvimento Regional e Territorial" artSize="12" artNotes="" numberPage="99" pdfPage="http://pesquisa.in.gov.br/imprensa/jsp/visualiza/index.jsp?data=02/01/2026&amp;jornal=530&amp;pagina=99" editionNumber="1" highlightType="" highlightPriority="" highlight="" highlightimage="" highlightimagename="" idMateria="23470947">
  <body>
    <Identifica><![CDATA[ EXTRATO DE CONVÊNIO]]></Identifica>
    <Data><![CDATA[]]></Data>
    <Ementa />
    <Titulo />
    <SubTitulo />
    <Texto><![CDATA[<p class="identifica">EXTRATO DE CONVÊNIO</p><p>Espécie: Convênio Código 991075, Nº Processo: 59000023894202515, Concedente: MINISTÉRIO DA INTEGRAÇÃO E DO DESENVOLVIMENTO REGIONAL, Convenente: MUNICIPIO DE BARRA DO PIRAI CNPJ nº 28576080000147, Objeto: Pavimentação de estradas vicinais no município de Barra do Piraí/RJ, Valor Total: R$ 5.848.484,85, Valor de Contrapartida: R$ 60.606,06, Valor a ser transferido ou descentralizado por exercício: 2025 - R$ 5.787.878,79, Crédito Orçamentário: Num Empenho: 2025NE001677, Valor: R$ 1.736.363,64, PTRES: 236492, Fonte Recurso: 3129000000, ND: 444042, Vigência: 30/12/2025 a 30/12/2029, Data de Assinatura: 30/12/2025, Signatários: Concedente: DANIEL ALEX FORTUNATO CPF nº ***.182.211-**, Convenente: KATIA CRISTINA MIKI DA SILVA CPF nº ***.047.397-**.</p>]]></Texto>
  </body>
  <Midias />
</article></xml>