﻿<xml><article id="47238174" name="2025-12-30/11503859/SICONV_23470" idOficio="11503859" pubName="DO3" artType="Extrato de Convênio" pubDate="02/01/2026" artClass="00048:00000:00000:00000:00000:00000:00000:00000:00000:00000:00031:00001" artCategory="Ministério do Trabalho e Emprego" artSize="12" artNotes="" numberPage="120" pdfPage="http://pesquisa.in.gov.br/imprensa/jsp/visualiza/index.jsp?data=02/01/2026&amp;jornal=530&amp;pagina=120" editionNumber="1" highlightType="" highlightPriority="" highlight="" highlightimage="" highlightimagename="" idMateria="23470710">
  <body>
    <Identifica><![CDATA[ EXTRATO DE TERMO ADITIVO]]></Identifica>
    <Data><![CDATA[]]></Data>
    <Ementa />
    <Titulo />
    <SubTitulo />
    <Texto><![CDATA[<p class="identifica">EXTRATO DE TERMO ADITIVO</p><p>Espécie: Termo Aditivo de Alteração da Vigência Nº 000001/2025 ao Instrumento código 959106. Convenentes: Concedente: MINISTERIO DO TRABALHO E EMPREGO, Unidade Gestora: 400076. Convenente: COOPERATIVA DE TRABALHO DOS TRABALHADORES AUTONOMOS NOVOS HORIZONTES, CNPJ nº 28325258000187. Solicita-se a celebração de Termo Aditivo para prorrogação da vigência do instrumento até 10/10/2026, bem como para a readequação do Plano de Trabalho, do cronograma físico e do cronograma de desembol. Valor Total: R$ 300.000,00, Valor de Contrapartida: R$ 0,00, Vigência: 30/12/2025 a 10/10/2026. Data de Assinatura: 28/12/2024. Signatários: Concedente: GILBERTO CARVALHO, CPF nº ***.989.609-**, Convenente: JOSE DORLEY DOS SANTOS, CPF nº ***.214.890-**.</p>]]></Texto>
  </body>
  <Midias />
</article></xml>