﻿<xml><article id="47237361" name="2025-12-31/11503988/SICONV_23470" idOficio="11503988" pubName="DO3" artType="Extrato de Convênio" pubDate="02/01/2026" artClass="00032:00029:00000:00000:00000:00000:00000:00000:00000:00000:00031:00001" artCategory="Ministério da Integração e do Desenvolvimento Regional/Secretaria Nacional de Políticas de Desenvolvimento Regional e Territorial" artSize="12" artNotes="" numberPage="98" pdfPage="http://pesquisa.in.gov.br/imprensa/jsp/visualiza/index.jsp?data=02/01/2026&amp;jornal=530&amp;pagina=98" editionNumber="1" highlightType="" highlightPriority="" highlight="" highlightimage="" highlightimagename="" idMateria="23470897">
  <body>
    <Identifica><![CDATA[ EXTRATO DE CONVÊNIO]]></Identifica>
    <Data><![CDATA[]]></Data>
    <Ementa />
    <Titulo />
    <SubTitulo />
    <Texto><![CDATA[<p class="identifica">EXTRATO DE CONVÊNIO</p><p>Espécie: Convênio Código 981357, Nº Processo: 59000017928202532, Concedente: MINISTÉRIO DA INTEGRAÇÃO E DO DESENVOLVIMENTO REGIONAL, Convenente: MUNICIPIO DE WANDERLANDIA CNPJ nº 00001636000158, Objeto: Pavimentação em vias rurais no município de Wanderlândia - TO., Valor Total: R$ 960.000,00, Valor de Contrapartida: R$ 5.000,00, Valor a ser transferido ou descentralizado por exercício: 2025 - R$ 955.000,00, Crédito Orçamentário: Num Empenho: 2025NE000693, Valor: R$ 955.000,00, PTRES: 258248, Fonte Recurso: 3129000000, ND: 444042, Vigência: 30/12/2025 a 30/04/2029, Data de Assinatura: 30/12/2025, Signatários: Concedente: DANIEL ALEX FORTUNATO CPF nº ***.182.211-**, Convenente: DJALMA ARAUJO FERREIRA JUNIOR CPF nº ***.898.101-**.</p>]]></Texto>
  </body>
  <Midias />
</article></xml>