﻿<xml><article id="47233751" name="TD 01.0993.00-2025 - Assoc. Toca" idOficio="11504073" pubName="DO3" artType="Extrato de Doação" pubDate="02/01/2026" artClass="00032:00038:00012:00000:00000:00000:00000:00000:00000:00000:00124:00000" artCategory="Ministério da Integração e do Desenvolvimento Regional/Companhia de Desenvolvimento dos Vales do São Francisco e do Parnaíba/1ª Superintendência Regional" artSize="12" artNotes="" numberPage="103" pdfPage="http://pesquisa.in.gov.br/imprensa/jsp/visualiza/index.jsp?data=02/01/2026&amp;jornal=530&amp;pagina=103" editionNumber="1" highlightType="" highlightPriority="" highlight="" highlightimage="" highlightimagename="" idMateria="23470998">
  <body>
    <Identifica><![CDATA[ EXTRATO DE DOAÇÃO]]></Identifica>
    <Data><![CDATA[]]></Data>
    <Ementa />
    <Titulo />
    <SubTitulo />
    <Texto><![CDATA[<p class="identifica">EXTRATO DE DOAÇÃO</p><p>Processo nº 59510.002174/2025-66-e</p><p>ESPÉCIE: Termo de Doação nº 01.0993.00/2025, celebrado entre a CODEVASF, CNPJ nº 00.399.857/0001-26, e o(a) ASSOCIAÇÃO DOS PEQUENOS PRODUTORES RURAIS DA REGIÃO DE TOCANDIRA, CNPJ nº 01.895.891/0001-54. OBJETO: DOAÇÃO DE UMA ROÇADEIRA DE ARRASTO. VALOR: R$ 13.623,26. DATA DA ASSINATURA: 23/12/2025. SIGNATÁRIOS: Pela CODEVASF, o Superintendente Regional Substituto da 1ª SR, AROLDO MAURO DE SENA JÚNIOR, cadastro nº 10107-01, e pelo(a) donatário(a), o(a) Sr.(a) WILMA CORREA DE OLIVEIRA MELO.</p>]]></Texto>
  </body>
  <Midias />
</article></xml>