﻿<xml><article id="47233684" name="Monica Camolezi dos Santos Melo " idOficio="11503987" pubName="DO3" artType="Edital de Notificação" pubDate="02/01/2026" artClass="00048:00029:00008:00000:00000:00000:00000:00000:00000:00000:00063:00000" artCategory="Ministério do Trabalho e Emprego/Secretaria Executiva/Diretoria de Prestação de Contas" artSize="12" artNotes="" numberPage="120" pdfPage="http://pesquisa.in.gov.br/imprensa/jsp/visualiza/index.jsp?data=02/01/2026&amp;jornal=530&amp;pagina=120" editionNumber="1" highlightType="" highlightPriority="" highlight="" highlightimage="" highlightimagename="" idMateria="23470896">
  <body>
    <Identifica><![CDATA[ EDITAL DE NOTIFICAÇÃO]]></Identifica>
    <Data><![CDATA[]]></Data>
    <Ementa />
    <Titulo />
    <SubTitulo />
    <Texto><![CDATA[<p class="identifica">EDITAL DE NOTIFICAÇÃO</p><p>A DIRETORA DE PRESTAÇÃO DE CONTAS NOTIFICA a Sra. Mônica Camolezi dos Santos Melo CPF XXX.382.231-XX, que se encontra em lugar incerto e não sabido, cujo OFÍCIO SEI Nº 99161/2025/MTE foi devolvido ao remetente após tentativa de comunicação via postal, para informar sobre a aprovação das contas do Final do Convênio nº 015/2012 - CP Sine (TransfereGov: 775208), processo 46069.003615/2012-46. Aos legitimados, será assegurada vista dos autos do processo, a ser solicitada pelo telefone (61) 2021-5252 ou pelo e-mail: dpc@trabalho.gov.br.</p><p class="assina">MONIQUE MERCANTE MOURA</p><p></p>]]></Texto>
  </body>
  <Midias />
</article></xml>