﻿<xml><article id="47232155" name="DOU AVISO PE 90295.2025 2A versa" idOficio="11501201" pubName="DO3" artType="Aviso de Licitação" pubDate="02/01/2026" artClass="00075:00016:00075:00000:00000:00000:00000:00000:00000:00000:00079:00000" artCategory="Prefeituras/Estado de Pernambuco/Prefeitura Municipal de Caruaru" artSize="12" artNotes="" numberPage="165" pdfPage="http://pesquisa.in.gov.br/imprensa/jsp/visualiza/index.jsp?data=02/01/2026&amp;jornal=530&amp;pagina=165" editionNumber="1" highlightType="" highlightPriority="" highlight="" highlightimage="" highlightimagename="" idMateria="23466131">
  <body>
    <Identifica><![CDATA[ AVISO DE LICITAÇÃO (REPUBLICAÇÃO)  PREGÃO ELETRÔNICO Nº 90295/2025 - UC-G UASG 982381]]></Identifica>
    <Data><![CDATA[ Caruaru - PE, 30 de dezembro de 2025]]></Data>
    <Ementa />
    <Titulo />
    <SubTitulo />
    <Texto><![CDATA[<p class="identifica">AVISO DE LICITAÇÃO (REPUBLICAÇÃO) PREGÃO ELETRÔNICO Nº 90295/2025 - UC-G UASG 982381</p><p>PROCESSO Nº 301/2025-UC-G</p><p>Objeto Nat.: Serviço. Objeto Descr.: Contratação de empresa especializada na prestação de serviços de cessão de uso de Plataforma Integrada de Gestão Municipal e Governança Digital, garantindo interoperabilidade, centralização de informações, automação de processos, atendimento digital omnichannel, bem como serviços contínuos de suporte, manutenção, atualização, treinamento, consultoria e assessoramento para todos os órgãos e entidades da administração direta e indireta do Município de Caruaru. VALOR MÁXIMO ACEITÁVEL ANUAL: R$ 5.018.200,00. VALOR MÁXIMO ACEITÁVEL TOTAL (24 MESES): R$ R$ 10.036.400,00. Considerando as alterações ocorridas no Termo de Referência da licitação em epígrafe, comunicamos a redesignação da sessão de disputa/inaugural, conforme nova data e horário a seguir: DATA E HORA DA SESSÃO DE ABERTURA: 20/01/2026, às 10h (horário de Brasília). LOCAL DA SESSÃO: PORTAL DE COMPRAS DO GOVERNO FEDERAL-COMPRASGOV (www.gov.br/compras/pt-br). INFORMAÇÕES E EDITAL: Na plataforma do COMPRASGOV, no Portal Nacional de Compras Públicas - PNCP (https://pncp.gov.br/app/editais?pagina=1), no site oficial do município (https://avisosdelicitacoes.caruaru.pe.gov.br/), no Portal da Transparência: https://caruaru.pe.gov.br/portal-da-transparencia/) e através de solicitação via e-mail: ucg.caruaru@gmail.com. Outras informações: na sala da Unidade de Contratação, localizado Centro Administrativo I, situado na Rua Professor Lourival Vila Nova, nº 118, Bairro Universitário, no horário das 08hs às 14hs. Fone: (81) 9.8384-5665.</p><p class="data">Caruaru - PE, 30 de dezembro de 2025</p><p class="assina">Leandro Diogo Monteiro</p><p class="cargo">Agente de Contratação/Pregoeiro</p>]]></Texto>
  </body>
  <Midias />
</article></xml>