﻿<xml><article id="47233431" name="EXTRATO DE CONTRATO - RACHEL AND" idOficio="11503895" pubName="DO3" artType="Extrato de Contrato" pubDate="02/01/2026" artClass="00025:00084:00000:00000:00000:00000:00000:00000:00000:00000:00030:00000" artCategory="Ministério da Educação/Instituto Federal de Educação, Ciência e Tecnologia de São Paulo" artSize="12" artNotes="" numberPage="23" pdfPage="http://pesquisa.in.gov.br/imprensa/jsp/visualiza/index.jsp?data=02/01/2026&amp;jornal=530&amp;pagina=23" editionNumber="1" highlightType="" highlightPriority="" highlight="" highlightimage="" highlightimagename="" idMateria="23470756">
  <body>
    <Identifica><![CDATA[ EXTRATO De termo aditivo]]></Identifica>
    <Data><![CDATA[]]></Data>
    <Ementa />
    <Titulo />
    <SubTitulo />
    <Texto><![CDATA[<p class="identifica">EXTRATO De termo aditivo</p><p>3º ADITAMENTO DO CONTRATO Nº 7/2024 - CGP-SRQ /DAA-SRQ/DRG/SRQ/IFSP</p><p>Espécie: contratação de Professor Substituto, nos termos da Lei nº 8.745/93.</p><p>Contratante: IFSP - Campus São Roque.</p><p>Contratada: RACHEL ANDRIOLLO TROVARELLI.</p><p>Objeto: Prestação de serviços docentes na área de Meio Ambiente, em regime de 40 (quarenta) horas semanais.</p><p>Vigência: 01/01/2026 a 10/07/2026.</p><p>Valor: a contratante pagará à contratada a importância equivalente à remuneração de Professor do Quadro Permanente, Classe D-I, Nível 1, com Retribuição por Titulação de Doutorado. Assinaturas: Frank Viana Carvalho, pela contratante, e RACHEL ANDRIOLLO TROVARELLI., contratada. Data da Assinatura: 15/12/2025.</p>]]></Texto>
  </body>
  <Midias />
</article></xml>