﻿<xml><article id="47238207" name="2025-12-31/11504076/COMPRASNETWS" idOficio="11504076" pubName="DO3" artType="Extrato de Contrato" pubDate="02/01/2026" artClass="00025:00137:00033:00000:00000:00000:00000:00000:00000:00000:00030:00001" artCategory="Ministério da Educação/Empresa Brasileira de Serviços Hospitalares/Filial Hospital Universitário de Juiz de Fora" artSize="12" artNotes="" numberPage="92" pdfPage="http://pesquisa.in.gov.br/imprensa/jsp/visualiza/index.jsp?data=02/01/2026&amp;jornal=530&amp;pagina=92" editionNumber="1" highlightType="" highlightPriority="" highlight="" highlightimage="" highlightimagename="" idMateria="23471001">
  <body>
    <Identifica><![CDATA[ EXTRATO DE CONTRATO Nº 103/2025 - UASG 155903]]></Identifica>
    <Data><![CDATA[]]></Data>
    <Ementa />
    <Titulo />
    <SubTitulo />
    <Texto><![CDATA[<p class="identifica">EXTRATO DE CONTRATO Nº 103/2025 - UASG 155903</p><p>Nº Processo: 23765.023199/2025-64.</p><p>Pregão Nº 90088/2025. Contratante: HOSPITAL UNIVERSITARIO DA UFJF.</p><p>Contratado: 18.269.125/0001-87 - BIOHOSP PRODUTOS HOSPITALARES SA. Objeto: O objeto do presente instrumento é o fornecimento de instrumentais de videocirurgia da marca karl storz para atender às necessidades da unidade de bloco cirúrgico e processamento de materiais e esterilização (ubcme), da empresa brasileira de serviços hospitalares (ebserh), unidade hospitalar hospital universitário de juiz de fora (hu-ufjf), nas condições estabelecidas no termo de referência..</p><p>Fundamento Legal: LEI 14.133/2021 - Artigo: 28 - Inciso: I. Vigência: 31/12/2025 a 14/04/2026. Valor Total: R$ 1.407.076,86. Data de Assinatura: 30/12/2025.</p><p>(COMPRASNET 4.0 - 31/12/2025).</p>]]></Texto>
  </body>
  <Midias />
</article></xml>