﻿<xml><article id="47238043" name="2025-12-31/11503989/SICONV_23470" idOficio="11503989" pubName="DO3" artType="Extrato de Convênio" pubDate="02/01/2026" artClass="00032:00029:00000:00000:00000:00000:00000:00000:00000:00000:00031:00001" artCategory="Ministério da Integração e do Desenvolvimento Regional/Secretaria Nacional de Políticas de Desenvolvimento Regional e Territorial" artSize="12" artNotes="" numberPage="98" pdfPage="http://pesquisa.in.gov.br/imprensa/jsp/visualiza/index.jsp?data=02/01/2026&amp;jornal=530&amp;pagina=98" editionNumber="1" highlightType="" highlightPriority="" highlight="" highlightimage="" highlightimagename="" idMateria="23470898">
  <body>
    <Identifica><![CDATA[ EXTRATO DE CONVÊNIO]]></Identifica>
    <Data><![CDATA[]]></Data>
    <Ementa />
    <Titulo />
    <SubTitulo />
    <Texto><![CDATA[<p class="identifica">EXTRATO DE CONVÊNIO</p><p>Espécie: Convênio Código 989386, Nº Processo: 59000023197202564, Concedente: MINISTÉRIO DA INTEGRAÇÃO E DO DESENVOLVIMENTO REGIONAL, Convenente: MUNICIPIO DE LARANJEIRAS DO SUL CNPJ nº 76205970000195, Objeto: Aquisição de Máquinas e Equipamentos, Valor Total: R$ 498.675,44, Valor de Contrapartida: R$ 21.175,44, Valor a ser transferido ou descentralizado por exercício: 2025 - R$ 477.500,00, Crédito Orçamentário: Num Empenho: 2025NE001587, Valor: R$ 477.500,00, PTRES: 258247, Fonte Recurso: 3129000000, ND: 444042, Vigência: 19/12/2025 a 19/09/2028, Data de Assinatura: 19/12/2025, Signatários: Concedente: DANIEL ALEX FORTUNATO CPF nº ***.182.211-**, Convenente: JAISON RODRIGO MENDES CPF nº ***.441.359-**.</p>]]></Texto>
  </body>
  <Midias />
</article></xml>