﻿<xml><article id="47237316" name="2025-12-30/11503833/SICONV_23470" idOficio="11503833" pubName="DO3" artType="Extrato de Convênio" pubDate="02/01/2026" artClass="00051:00030:00000:00000:00000:00000:00000:00000:00000:00000:00031:00001" artCategory="Ministério do Turismo/Secretaria Nacional de Políticas de Turismo" artSize="12" artNotes="" numberPage="123" pdfPage="http://pesquisa.in.gov.br/imprensa/jsp/visualiza/index.jsp?data=02/01/2026&amp;jornal=530&amp;pagina=123" editionNumber="1" highlightType="" highlightPriority="" highlight="" highlightimage="" highlightimagename="" idMateria="23470669">
  <body>
    <Identifica><![CDATA[ EXTRATO DE CONVÊNIO]]></Identifica>
    <Data><![CDATA[]]></Data>
    <Ementa />
    <Titulo />
    <SubTitulo />
    <Texto><![CDATA[<p class="identifica">EXTRATO DE CONVÊNIO</p><p>Espécie: Convênio Código 990003, Nº Processo: 72031011781202578, Concedente: MINISTERIO DO TURISMO, Convenente: MUNICIPIO DE IMACULADA CNPJ nº 08883969000160, Objeto: 61 anos de Emancipação política do município de Imaculada- PB, Valor Total: R$ 380.000,00, Valor de Contrapartida: R$ 80.000,00, Valor a ser transferido ou descentralizado por exercício: 2025 - R$ 300.000,00, Crédito Orçamentário: Num Empenho: 2025NE000491, Valor: R$ 300.000,00, PTRES: 258328, Fonte Recurso: 1000000000, ND: 334041, Vigência: 31/12/2025 a 15/03/2026, Data de Assinatura: 30/12/2025, Signatários: Concedente: CRISTIANE LEAL SAMPAIO CPF nº ***.364.304-**, Convenente: ALDO LUSTOSA DA SILVA CPF nº ***.679.214-**.</p>]]></Texto>
  </body>
  <Midias />
</article></xml>