﻿<xml><article id="47231701" name="EXTRATO 1A TA - C.A NA. 003-2025" idOficio="11501475" pubName="DO3" artType="Extrato de Termo Aditivo" pubDate="02/01/2026" artClass="00075:00013:00179:00000:00000:00000:00000:00000:00000:00000:00053:00000" artCategory="Prefeituras/Estado do Pará/Prefeitura Municipal de Óbidos" artSize="12" artNotes="" numberPage="164" pdfPage="http://pesquisa.in.gov.br/imprensa/jsp/visualiza/index.jsp?data=02/01/2026&amp;jornal=530&amp;pagina=164" editionNumber="1" highlightType="" highlightPriority="" highlight="" highlightimage="" highlightimagename="" idMateria="23466506">
  <body>
    <Identifica><![CDATA[ EXTRATO DE TERMO ADITIVO]]></Identifica>
    <Data><![CDATA[]]></Data>
    <Ementa />
    <Titulo />
    <SubTitulo />
    <Texto><![CDATA[<p class="identifica">EXTRATO DE TERMO ADITIVO</p><p>1º Termo Aditivo de Prorrogação de prazo contratual por igual período ao Contrato Administrativo nº 003/2025/CC/PMO, proveniente da Concorrência Pública Eletrônica nº 022/2024-SRP. Contratado: R N S F JUNIOR LTDA, inscrito no CNPJ sob nº: 21.145.049/0001-02, Objeto: Contratação de Empresa para Construção e Reforma de pontes de madeira de lei na zona rural e urbana do município de Óbidos-PA, de acordo com as necessidades da Secretaria Municipal de Saneamento, Urbanismo e Infraestrutura do município de Óbidos. Vigência 25/12/2025 à 24/10/2026.</p>]]></Texto>
  </body>
  <Midias />
</article></xml>