﻿<xml><article id="47237151" name="2025-12-31/11504025/COMPRASNETWS" idOficio="11504025" pubName="DO3" artType="Extrato de Contrato" pubDate="02/01/2026" artClass="00044:00020:00090:00000:00000:00000:00000:00000:00000:00000:00030:00001" artCategory="Ministério da Previdência Social/Instituto Nacional do Seguro Social/Superintendência Regional Nordeste" artSize="12" artNotes="" numberPage="115" pdfPage="http://pesquisa.in.gov.br/imprensa/jsp/visualiza/index.jsp?data=02/01/2026&amp;jornal=530&amp;pagina=115" editionNumber="1" highlightType="" highlightPriority="" highlight="" highlightimage="" highlightimagename="" idMateria="23470932">
  <body>
    <Identifica><![CDATA[ EXTRATO DE CONTRATO Nº 167/2025 - UASG 510677]]></Identifica>
    <Data><![CDATA[]]></Data>
    <Ementa />
    <Titulo />
    <SubTitulo />
    <Texto><![CDATA[<p class="identifica">EXTRATO DE CONTRATO Nº 167/2025 - UASG 510677</p><p>Nº Processo: 35014.447755/2025-66.</p><p>Pregão Nº 90014/2025. Contratante: SUPERINTENDENCIA REGIONAL NORDESTE.</p><p>Contratado: 40.073.466/0001-31 - MASTER INK COMERCIO DE EQUIPAMENTOS E IMPORTACAO LTDA. Objeto: Contratação de material de consumo, do tipo cartuchos de toner e conjuntos fusores, compatíveis com as impressoras Samsung, especificados no item 1.1. do Termo de Referência, Anexo I do Edital de Licitação n.º 90014/2025, para atender todas as unidades vinculadas às Gerências Executivas do INSS diretamente subordinadas a Superintendência Regional Nordeste - SRNE.</p><p>Fundamento Legal: LEI 14.133/2021. Vigência: 31/12/2025 a 31/12/2026. Valor Total: R$ 150.525,05. Data de Assinatura: 31/12/2025.</p><p>(COMPRASNET 4.0 - 31/12/2025).</p>]]></Texto>
  </body>
  <Midias />
</article></xml>