﻿<xml><article id="47233940" name="Extrato de Adesao Municipio de C" idOficio="11504089" pubName="DO3" artType="Extrato de Adesão" pubDate="02/01/2026" artClass="00030:00001:00000:00000:00000:00000:00000:00000:00000:00000:00017:00000" artCategory="Ministério da Igualdade Racial/Gabinete da Ministra" artSize="12" artNotes="" numberPage="98" pdfPage="http://pesquisa.in.gov.br/imprensa/jsp/visualiza/index.jsp?data=02/01/2026&amp;jornal=530&amp;pagina=98" editionNumber="1" highlightType="" highlightPriority="" highlight="" highlightimage="" highlightimagename="" idMateria="23470980">
  <body>
    <Identifica><![CDATA[ EXTRATO TERMO DE ADESÃO]]></Identifica>
    <Data><![CDATA[]]></Data>
    <Ementa />
    <Titulo />
    <SubTitulo />
    <Texto><![CDATA[<p class="identifica">EXTRATO TERMO DE ADESÃO</p><p>Processo SEI/MIR nº 21290.002888/2025-33. Espécie: Termo de Adesão que entre si celebram, a UNIÃO, por intermédio do Ministério da Igualdade Racial e o Município de Cruz Alta (RS), para adesão à Política Nacional para Povos e Comunidades Tradicionais de Terreiro e de Matriz Africana - PNPTMA e a definição de obrigações e responsabilidades com a finalidade de promover medidas intersetoriais para a garantia dos direitos dos Povos e das Comunidades Tradicionais de Terreiro e de Matriz Africana no território nacional, com base no reconhecimento, no respeito e na valorização da cultura e da memória dos afrodescendentes, e na superação do racismo. Vigência: O presente Termo de Adesão terá vigência ilimitada, observado o que dispõe a cláusula sexta deste Termo. Signatários: Anielle Francisco da Silva, Ministra do Ministério da Igualdade Racial e Paula Rubin Facco Librelotto, Prefeita do município de Cruz Alta (RS).</p>]]></Texto>
  </body>
  <Midias />
</article></xml>