﻿<xml><article id="47237589" name="2025-12-31/11504032/SICONV_23470" idOficio="11504032" pubName="DO3" artType="Extrato de Convênio" pubDate="02/01/2026" artClass="00032:00029:00000:00000:00000:00000:00000:00000:00000:00000:00031:00001" artCategory="Ministério da Integração e do Desenvolvimento Regional/Secretaria Nacional de Políticas de Desenvolvimento Regional e Territorial" artSize="12" artNotes="" numberPage="99" pdfPage="http://pesquisa.in.gov.br/imprensa/jsp/visualiza/index.jsp?data=02/01/2026&amp;jornal=530&amp;pagina=99" editionNumber="1" highlightType="" highlightPriority="" highlight="" highlightimage="" highlightimagename="" idMateria="23470942">
  <body>
    <Identifica><![CDATA[ EXTRATO DE CONVÊNIO]]></Identifica>
    <Data><![CDATA[]]></Data>
    <Ementa />
    <Titulo />
    <SubTitulo />
    <Texto><![CDATA[<p class="identifica">EXTRATO DE CONVÊNIO</p><p>Espécie: Convênio Código 990778, Nº Processo: 59000023852202584, Concedente: MINISTÉRIO DA INTEGRAÇÃO E DO DESENVOLVIMENTO REGIONAL, Convenente: MUNICIPIO DE BAIXA GRANDE DO RIBEIRO CNPJ nº 41522178000180, Objeto: AQUISIÇÃO DE MÁQUINAS PARA O MUNICÍPIO DE BAIXA GRANDE DO RIBEIRO - PI, Valor Total: R$ 669.300,00, Valor de Contrapartida: R$ 800,00, Valor a ser transferido ou descentralizado por exercício: 2025 - R$ 668.500,00, Crédito Orçamentário: Num Empenho: 2025NE001657, Valor: R$ 668.500,00, PTRES: 236492, Fonte Recurso: 3129000000, ND: 444042, Vigência: 30/12/2025 a 30/09/2028, Data de Assinatura: 30/12/2025, Signatários: Concedente: DANIEL ALEX FORTUNATO CPF nº ***.182.211-**, Convenente: JOSE LUIS SOUSA CPF nº ***.824.233-**.</p>]]></Texto>
  </body>
  <Midias />
</article></xml>