﻿<xml><article id="47233690" name="GW - SAO SEBASTIAO DO CAI" idOficio="11502796" pubName="DO3" artType="Aviso" pubDate="02/01/2026" artClass="00075:00019:00506:00000:00000:00000:00000:00000:00000:00000:00107:00000" artCategory="Prefeituras/Estado do Rio Grande do Sul/Prefeitura Municipal de São Sebastião do Caí" artSize="12" artNotes="" numberPage="165" pdfPage="http://pesquisa.in.gov.br/imprensa/jsp/visualiza/index.jsp?data=02/01/2026&amp;jornal=530&amp;pagina=165" editionNumber="1" highlightType="" highlightPriority="" highlight="" highlightimage="" highlightimagename="" idMateria="23468120">
  <body>
    <Identifica><![CDATA[aviso de licitação CONCORRÊNCIA ELETRÔNICA Nº 1/2026]]></Identifica>
    <Data><![CDATA[São Sebastião do Caí, 31 de dezembro de 2025.]]></Data>
    <Ementa />
    <Titulo />
    <SubTitulo />
    <Texto><![CDATA[<p class="identifica">aviso de licitação CONCORRÊNCIA ELETRÔNICA Nº 1/2026</p><p>O Prefeito Municipal de São Sebastião do Caí, em conformidade com a Lei nº 14.133/2021 e alterações, torna público que se encontra aberta licitação na modalidade de Concorrência Eletrônica nº 01/2026, para contratação de obras e serviços de engenharia com fornecimento de materiais para execução de pavimentação em blocos de concreto intertravados na Rua da Roseta, com recursos do Contrato de Repasse nº 955534/2023/MIDR/CAIXA, firmado entre o Ministério da Integração e do Desenvolvimento Regional e o Município de São Sebastião do Caí, conforme memorial descritivo e anexos do edital. As propostas serão abertas às 8h30min do dia 21/01/2026, no site www.pregaobanrisul.com.br. O edital na íntegra e seus anexos encontram-se disponíveis nos sites www.saosebastiaodocai.rs.gov.br e www.pregaobanrisul.com.br. Informações pelo telefone (51) 3635-2500, ramal 4004.</p><p class="data">São Sebastião do Caí, 31 de dezembro de 2025.</p><p class="assina">João Marcos Duarte Guará</p>]]></Texto>
  </body>
  <Midias />
</article></xml>