﻿<xml><article id="47238279" name="2025-12-30/11503904/COMPRASNETWS" idOficio="11503904" pubName="DO3" artType="Extrato de Contrato" pubDate="02/01/2026" artClass="00016:00010:00023:00003:00000:00000:00000:00000:00000:00000:00030:00001" artCategory="Ministério da Defesa/Comando da Aeronáutica/Departamento de Ciência e Tecnologia Aeroespacial/Centro de Lançamento de Alcântara" artSize="12" artNotes="" numberPage="6" pdfPage="http://pesquisa.in.gov.br/imprensa/jsp/visualiza/index.jsp?data=02/01/2026&amp;jornal=530&amp;pagina=6" editionNumber="1" highlightType="" highlightPriority="" highlight="" highlightimage="" highlightimagename="" idMateria="23470685">
  <body>
    <Identifica><![CDATA[ EXTRATO DE CONTRATO Nº 6/2025 - UASG 120013]]></Identifica>
    <Data><![CDATA[]]></Data>
    <Ementa />
    <Titulo />
    <SubTitulo />
    <Texto><![CDATA[<p class="identifica">EXTRATO DE CONTRATO Nº 6/2025 - UASG 120013</p><p>Nº Processo: 67710.006438/2025-22.</p><p>Pregão Nº 90020/2025. Contratante: CENTRO DE LANCAMENTO DE ALCANTARA.</p><p>Contratado: 02.558.157/0001-62 - TELEFONICA BRASIL S.A.. Objeto: Serviço continuado de telefonia movel.</p><p>Fundamento Legal: LEI 14.133/2021. Vigência: 24/12/2025 a 24/12/2030. Valor Total: R$ 519.390,00. Data de Assinatura: 24/12/2025.</p><p>(COMPRASNET 4.0 - 30/12/2025).</p>]]></Texto>
  </body>
  <Midias />
</article></xml>