﻿<xml><article id="47232339" name="8 - AVISO DE LICITACAO - DOU" idOficio="11501469" pubName="DO3" artType="Aviso de Licitação" pubDate="02/01/2026" artClass="00075:00012:01080:00000:00000:00000:00000:00000:00000:00000:00079:00000" artCategory="Prefeituras/Estado de Minas Gerais/Prefeitura Municipal de Turmalina" artSize="12" artNotes="" numberPage="163" pdfPage="http://pesquisa.in.gov.br/imprensa/jsp/visualiza/index.jsp?data=02/01/2026&amp;jornal=530&amp;pagina=163" editionNumber="1" highlightType="" highlightPriority="" highlight="" highlightimage="" highlightimagename="" idMateria="23466495">
  <body>
    <Identifica><![CDATA[ AVISO DE Credenciamento nº 21/2025]]></Identifica>
    <Data><![CDATA[ Em, 30 de dezembro de 2025.]]></Data>
    <Ementa />
    <Titulo />
    <SubTitulo />
    <Texto><![CDATA[<p class="identifica">AVISO DE Credenciamento nº 21/2025</p><p>Torna público, na forma e termos do artigo 78, inciso I da Lei nº. 14.133/2021, o Credenciamento 021/2025, Inexigibilidade de Licitação nº 035/2025, destinada ao Credenciamento de pessoa física ou jurídica para fornecimento de mão de obra visando a prestação de serviços diversos, abrangendo atividades como limpeza, conservação e manutenção de espaços e logradouros públicos, operação e condução de máquinas e veículos, execução de serviços técnicos, entrega de malotes, entre outros serviços correlatos, conforme as demandas do município de Turmalina/MG, que será regido pela Lei Federal nº 14.133, de 01 de abril de 2021, Decreto Municipal nº 127/2023 (regulamenta dispositivos da Lei Federal 14.133/2021), Lei Complementar nº 123/2006 de 14 de dezembro de 2.006 e posteriores alterações e demais disposições legais aplicáveis à espécie, bem como condições fixadas no Edital e seus anexos, com envio de propostas e documentos de habilitação por meio do sistema https://licitar.digital/ a partir das 08:00 horas do dia 05 de janeiro de 2026 até às 16:30 horas do dia 31 de dezembro de 2026. Demais informações e Edital à disposição na Av. Lauro Machado, nº 230 - Centro, pelo telefone nº (38) 3527-1257 (atendimento em h. comercial), pelo e-mail: licita20172020@yahoo.com, pelo site www.turmalina.mg.gov.br/licitacoes/1 e pelo https://licitar.digital/.</p><p class="data">Em, 30 de dezembro de 2025.</p><p class="assina">Gabriel Gomes Cordeiro</p><p class="cargo">Agente de Contratação</p>]]></Texto>
  </body>
  <Midias />
</article></xml>