﻿<xml><article id="47232499" name="RES JUL 9055 - 2025-210025V" idOficio="11496327" pubName="DO3" artType="Resultado de Julgamento" pubDate="02/01/2026" artClass="00028:00052:00008:00000:00000:00000:00000:00000:00000:00000:00119:00000" artCategory="Ministério da Fazenda/Banco do Brasil S.A./Diretoria de Logística" artSize="12" artNotes="" numberPage="97" pdfPage="http://pesquisa.in.gov.br/imprensa/jsp/visualiza/index.jsp?data=02/01/2026&amp;jornal=530&amp;pagina=97" editionNumber="1" highlightType="" highlightPriority="" highlight="" highlightimage="" highlightimagename="" idMateria="23458864">
  <body>
    <Identifica><![CDATA[ RESULTADO DE julgamento]]></Identifica>
    <Data><![CDATA[]]></Data>
    <Ementa />
    <Titulo />
    <SubTitulo />
    <Texto><![CDATA[<p class="identifica">RESULTADO DE julgamento</p><p>LEILÃO PÚBLICO 2025/210025V(9055), CESUP AVALIAÇÕES E PATRIMONIO; OBJETO: Venda de bens imóveis; Resultado: lote 1: LOURENÇO ARAUJO FORTES; LOTE 2: J.T PARTICIPAÇÕES E EMPREENDIMENTOS IMOBILIÁRIOS EIRELI LTDA, Lote 4: LUAUTO CAR LTDA; Lote 5: RM EMPREENDIMENTOS IMOBILIARIOS LTDA; Lote 10: GILMAR ANTONIO PASTRE; Lote 12: LUCRO CERTO EVENTOS COMERCIAIS LTDA; Lote 14: CAICARA ADMINISTRACAO EMPREENDIMENTOS E PARTICIPACOES LTDA e Lote 18: JOÃO MARIA MILCHESKY. A partir desta data os autos do processo estão com vista franqueada.</p><p class="assina">Rodrigo Araujo</p><p class="cargo">Presidente da Comissão de Licitação</p>]]></Texto>
  </body>
  <Midias />
</article></xml>