﻿<xml><article id="47232463" name="EDITAL 3345 - PROF. MAG. SUPERIO" idOficio="11500324" pubName="DO3" artType="Edital" pubDate="02/01/2026" artClass="00025:00111:00001:00000:00000:00000:00000:00000:00000:00000:00056:03345" artCategory="Ministério da Educação/Universidade Federal de Minas Gerais/Reitoria" artSize="24" artNotes="" numberPage="54" pdfPage="http://pesquisa.in.gov.br/imprensa/jsp/visualiza/index.jsp?data=02/01/2026&amp;jornal=530&amp;pagina=54" editionNumber="1" highlightType="" highlightPriority="" highlight="" highlightimage="" highlightimagename="" idMateria="23464859">
  <body>
    <Identifica><![CDATA[ EDITAL Nº 3.345, DE 10 DE DEZEMBRO DE 2025]]></Identifica>
    <Data><![CDATA[]]></Data>
    <Ementa />
    <Titulo />
    <SubTitulo />
    <Texto><![CDATA[<p class="identifica">EDITAL Nº 3.345, DE 10 DE DEZEMBRO DE 2025</p><p class="identifica">CONCURSO PÚBLICO DE PROVAS E TÍTULOS PARA PROVIMENTO EFETIVO</p><p class="identifica">DA CARREIRA DE MAGISTÉRIO SUPERIOR</p><p>A Reitora da Universidade Federal de Minas Gerais, no uso de suas atribuições legais e estatutárias, com base na Constituição da República Federativa do Brasil, na Lei 8.112/90, no Decreto 7.485/2011 na Lei 12.772/2012, no Decreto 9.739/2019, na Lei 15.142/2025, no Decreto 12.536/2025, na Lei 13.146/2015, no Decreto 9.508/2018, na Instrução Normativa Conjunta MGI/MDHC Nº 260/2025, na Instrução Normativa Conjunta MGI/MIR/MPI n.º 261/2025, e na Resolução Complementar n.º 02/2013 do Conselho Universitário, no Edital de Condições Gerais n.º 2.406, de 08 de setembro de 2025, resolve tornar público que, consoante o prazo abaixo especificado, serão recebidas inscrições de candidatos ao Concurso Público de Provas e Títulos para provimento efetivo de vaga(s) em cargo integrante da CARREIRA DO MAGISTÉRIO SUPERIOR, na CLASSE A, com a denominação de PROFESSOR ASSISTENTE, Nível 1, lotada(s) nesta Universidade e destinada(s) ao DEPARTAMENTO DE INSTRUMENTOS E CANTO da ESCOLA DE MÚSICA, de acordo com a seguinte discriminação:</p>]]></Texto>
  </body>
  <Midias />
</article></xml>