﻿<xml><article id="47231909" name="24-25" idOficio="11501380" pubName="DO3" artType="Aviso de Retificação" pubDate="02/01/2026" artClass="00070:00069:00070:00001:00000:00000:00000:00000:00000:00000:00156:00000" artCategory="Poder Judiciário/Justiça Federal/3ª Região/Seção Judiciária em São Paulo" artSize="12" artNotes="" numberPage="156" pdfPage="http://pesquisa.in.gov.br/imprensa/jsp/visualiza/index.jsp?data=02/01/2026&amp;jornal=530&amp;pagina=156" editionNumber="1" highlightType="" highlightPriority="" highlight="" highlightimage="" highlightimagename="" idMateria="23466382">
  <body>
    <Identifica><![CDATA[ AVISO DE RETIFICAÇÃO]]></Identifica>
    <Data><![CDATA[ São Paulo, 30 de dezembro de 2025.]]></Data>
    <Ementa />
    <Titulo />
    <SubTitulo />
    <Texto><![CDATA[<p class="identifica">AVISO DE RETIFICAÇÃO</p><p>RESULTADO DO EDITAL DE CHAMAMENTO PÚBLICO nº 003/2025</p><p>Processo nº 0002240-19.2025.4.03.8001</p><p>A JUSTIÇA FEDERAL DE 1º GRAU EM SÃO PAULO torna público a retificação resultado do chamamento público realizado com vistas a adquirir imóvel no município de GUARULHOS/ SP.</p><p>Na publicação do Resultado de Julgamento do Chamamento Público nº 003/2025, publicado no Diário Oficial da União, Seção 3, página 211, do dia 22/10/2025:</p><p>Onde se lê:</p><p>"1.2.3. Garagem coberta: 360 m² - previsão de, no mínimo, 18 vagas cobertas;"</p><p>Foi informado que o imóvel possui 437 vagas cobertas, portanto atende ao mínimo estipulado em Edital.</p><p>Leia-se:</p><p>"1.2.3. Garagem coberta: 360 m² - previsão de, no mínimo, 18 vagas cobertas;"</p><p>Foi informado que o imóvel possui 43 vagas cobertas, portanto atende ao mínimo estipulado em Edital.</p><p class="data">São Paulo, 30 de dezembro de 2025.</p><p class="assina">Rodrigo Corral Cabarcos Filho</p><p class="cargo">Diretor da Secretaria Administrativa</p>]]></Texto>
  </body>
  <Midias />
</article></xml>