﻿<xml><article id="47238288" name="2025-12-30/11503869/SICONV_23470" idOficio="11503869" pubName="DO3" artType="Extrato de Convênio" pubDate="02/01/2026" artClass="00048:00000:00000:00000:00000:00000:00000:00000:00000:00000:00031:00001" artCategory="Ministério do Trabalho e Emprego" artSize="12" artNotes="" numberPage="120" pdfPage="http://pesquisa.in.gov.br/imprensa/jsp/visualiza/index.jsp?data=02/01/2026&amp;jornal=530&amp;pagina=120" editionNumber="1" highlightType="" highlightPriority="" highlight="" highlightimage="" highlightimagename="" idMateria="23470736">
  <body>
    <Identifica><![CDATA[ EXTRATO DE TERMO ADITIVO]]></Identifica>
    <Data><![CDATA[]]></Data>
    <Ementa />
    <Titulo />
    <SubTitulo />
    <Texto><![CDATA[<p class="identifica">EXTRATO DE TERMO ADITIVO</p><p>Espécie: Termo Aditivo de Alteração da Vigência Nº 000001/2025 ao Instrumento código 970099. Convenentes: Concedente: MINISTERIO DO TRABALHO E EMPREGO, Unidade Gestora: 400076. Convenente: INSTITUTO BR ARTE, CNPJ nº 26757702000108. solicita prorrogação de vigencia do convênio por mais 6 meses. Valor Total: R$ 740.000,00, Valor de Contrapartida: R$ 0,00, Vigência: 30/12/2025 a 30/03/2026. Data de Assinatura: 23/12/2024. Signatários: Concedente: GILBERTO CARVALHO, CPF nº ***.989.609-**, Convenente: MARDONIO JOSE QUEIROZ BARROS, CPF nº ***.331.893-**.</p>]]></Texto>
  </body>
  <Midias />
</article></xml>