﻿<xml><article id="47232032" name="132 Extrato de Republicacao Edit" idOficio="11498486" pubName="DO3" artType="Extrato" pubDate="02/01/2026" artClass="00021:00032:00000:00000:00000:00000:00000:00000:00000:00000:00171:00000" artCategory="Ministério dos Direitos Humanos e da Cidadania/Secretaria Nacional dos Direitos da Pessoa com Deficiência" artSize="12" artNotes="" numberPage="14" pdfPage="http://pesquisa.in.gov.br/imprensa/jsp/visualiza/index.jsp?data=02/01/2026&amp;jornal=530&amp;pagina=14" editionNumber="1" highlightType="" highlightPriority="" highlight="" highlightimage="" highlightimagename="" idMateria="23462269">
  <body>
    <Identifica><![CDATA[  EDITAL  Nº 6/2025 ]]></Identifica>
    <Data><![CDATA[]]></Data>
    <Ementa />
    <Titulo />
    <SubTitulo />
    <Texto><![CDATA[<p class="identifica">EDITAL Nº 6/2025</p><p class="identifica">processo seletivo para contratação de consultoria especializada</p><p>A SECRETARIA NACIONAL DOS DIREITOS DA PESSOA COM DEFICIÊNCIA(SNDPD) DO MINISTÉRIO DOS DIREITOS HUMANOS E DA CIDADANIA(MDHC), em parceria com o PROGRAMA DAS NAÇÕES UNIDAS PARA O DESENVOLVIMENTO(PNUD), no âmbito do Projeto "PNUD BRA/18/008 - Fortalecimento da Garantia e Promoção de Direitos das Pessoas com Deficiência ", torna pública a abertura de processo seletivo para contratação de consultoria especializada, conforme a seguir:</p><p>PROCESSO Nº 00135.238028/2025-59.</p><p>OBJETO: Contratação de uma consultoria de pessoa física, na modalidade produto, especializada em análise de microdados para realizar a análise detalhada da situação sociodemográficas da população com deficiência no Brasil, visando à formulação de políticas públicas mais eficazes e direcionadas, promovendo a inclusão e a autonomia das pessoas com deficiência no país.</p><p>NÚMERO DE VAGAS: 01 (uma) vaga.</p><p>LOCALIDADE DE TRABALHO: Território Nacional.</p><p>INSCRIÇÕES: As pessoas interessadas em participar do processo seletivo deverão encaminhar currículo, conforme modelo disponível em https://www.gov.br/mdh/pt-br/navegue-por-temas/cooperacao-internacional/editais-2025/2025_CV_padrao.docx, para o endereço eletrônico editais.sndpd@mdh.gov.br, a partir do dia 02/01/2026 até 23h59 (horário de Brasília) do dia 06/01/2026.</p><p>O currículo deverá ser apresentado em formato PDF e obrigatoriamente em língua portuguesa. Arquivos corrompidos, ilegíveis ou que apresentem defeitos que impeçam sua visualização não serão considerados.</p><p>O campo "assunto" do e-mail deverá conter, obrigatoriamente, a seguinte identificação: Projeto PNUD BRA/18/008 - REPUBLICAÇÃO Edital 06/2025, a fim de indicar a vaga a que se refere a candidatura.</p><p>As candidaturas que não observarem as condições estabelecidas acima serão desconsideradas.</p><p>Para mais informações, consultar edital e anexos disponíveis na página eletrônica do MDHC, https://www.gov.br/mdh/pt-br/navegue-por-temas/cooperacao-internacional/editais-2025 e no site do PNUD, https://parceiros.undp.org.br/opportunities.</p><p>Conforme prevê o artigo 7º do Decreto nº 5.151, de 22 de julho de 2004, "É vedada a contratação, a qualquer título, de servidores da Administração Pública Federal, Estadual, do Distrito Federal ou Municipal, direta ou indireta, bem como de empregados de suas subsidiárias e controladas", no âmbito dos projetos de Cooperação Técnica Internacional.</p><p class="assina">MARILEIA GOIN</p><p class="cargo">Diretora Nacional do Projeto PNUD BRA/18/008</p>]]></Texto>
  </body>
  <Midias />
</article></xml>