﻿<xml><article id="47238453" name="2025-12-31/11504009/COMPRASNETWS" idOficio="11504009" pubName="DO3" artType="Extrato de Contrato" pubDate="02/01/2026" artClass="00025:00111:00000:00000:00000:00000:00000:00000:00000:00000:00030:00001" artCategory="Ministério da Educação/Universidade Federal de Minas Gerais" artSize="12" artNotes="" numberPage="53" pdfPage="http://pesquisa.in.gov.br/imprensa/jsp/visualiza/index.jsp?data=02/01/2026&amp;jornal=530&amp;pagina=53" editionNumber="1" highlightType="" highlightPriority="" highlight="" highlightimage="" highlightimagename="" idMateria="23470912">
  <body>
    <Identifica><![CDATA[ EXTRATO DE CONTRATO Nº 488/2025 - UASG 153287]]></Identifica>
    <Data><![CDATA[]]></Data>
    <Ementa />
    <Titulo />
    <SubTitulo />
    <Texto><![CDATA[<p class="identifica">EXTRATO DE CONTRATO Nº 488/2025 - UASG 153287</p><p>Nº Processo: 23072.256627/2025-31.</p><p>Dispensa Nº 42/2025. Contratante: FACULDADE DE FILOSOFIA E CIENC. HUMANAS/UFMG.</p><p>Contratado: 16.629.388/0001-24 - FUNDACAO DE APOIO AO ENSINO PESQUISA E EXTENSAO - FEPE. Objeto: Constitui objeto deste instrumento a contratação da fundação de apoio ao ensino pesquisa e extensão - fepe com a finalidade de dar apoio ao projeto de extensão "vozes periféricas formação em jornalismo, podcast e audiovisual para jovens da ufmg"..</p><p>Fundamento Legal: LEI 14.133/2021 - Artigo: 75 - Inciso: XV. Vigência: 30/12/2025 a 30/12/2026. Valor Total: R$ 100.000,00. Data de Assinatura: 30/12/2025.</p><p>(COMPRASNET 4.0 - 31/12/2025).</p>]]></Texto>
  </body>
  <Midias />
</article></xml>