﻿<xml><article id="47232234" name="CAETITE.REAB." idOficio="11502499" pubName="DO3" artType="Aviso" pubDate="02/01/2026" artClass="00075:00005:00125:00000:00000:00000:00000:00000:00000:00000:00107:00000" artCategory="Prefeituras/Estado da Bahia/PREFEITURA MUNICIPAL DE CAETITÉ" artSize="12" artNotes="" numberPage="161" pdfPage="http://pesquisa.in.gov.br/imprensa/jsp/visualiza/index.jsp?data=02/01/2026&amp;jornal=530&amp;pagina=161" editionNumber="1" highlightType="" highlightPriority="" highlight="" highlightimage="" highlightimagename="" idMateria="23467772">
  <body>
    <Identifica><![CDATA[ AVISO DE REABERTURA ]]></Identifica>
    <Data><![CDATA[]]></Data>
    <Ementa />
    <Titulo />
    <SubTitulo />
    <Texto><![CDATA[<p class="identifica">AVISO DE REABERTURA</p><p class="identifica">PREGÃO ELETRÔNICO nº 90098/2025</p><p>A Pregoeira da Prefeitura Municipal de Caetité - BA, designada através da Portaria n. 001, de 07 de janeiro de 2025, leva ao conhecimento dos interessados, que a licitação anteriormente marcada para o dia 05/01/2026 às 14h00min fica remarcada para o dia 15/01/2026 às 09h00min, no site https://www.gov.br/compras/pt-br OBJETO: Registro de preço para futura e eventual aquisição de equipamentos médicos hospitalares (Mamógrafo Digital, Ultrassom Doppler Colorido e Ventilador Pulmonar Adulto e Pediátrico) para atender as necessidades da Secretaria de Saúde do Município de Caetité-BA, pelo critério MENOR PREÇO POR ITEM. O Edital encontra-se disponível nos sites: https://caetite.ba.gov.br/ e https://www.gov.br/compras/pt-br/acesso-a-informacao/consulta-detalhada. Maiores informações e esclarecimentos no Setor de Licitação das 08h00min. às 12h00min. e das 13h30min. às 17h30min. através do e-mail: licitacao@caetite.ba.gov.br pelo Telefone: (77) 99858-2674, ou ainda, pessoalmente na sede da Prefeitura Municipal. Divulgação dos outros atos - Diário Oficial - site: www.caetite.ba.gov.br. Maria Eduarda Santana de Castro - 02/01/2026.</p><p class="assina">Maria Eduarda Santana de Castro</p>]]></Texto>
  </body>
  <Midias />
</article></xml>