﻿<xml><article id="47231993" name="HOMOLOGA C.C NA014.2025" idOficio="11498378" pubName="DO3" artType="Aviso de Homologação e Adjudicação" pubDate="02/01/2026" artClass="00075:00012:00768:00000:00000:00000:00000:00000:00000:00000:00076:00000" artCategory="Prefeituras/Estado de Minas Gerais/PREFEITURA MUNICIPAL DE PASSOS" artSize="12" artNotes="" numberPage="163" pdfPage="http://pesquisa.in.gov.br/imprensa/jsp/visualiza/index.jsp?data=02/01/2026&amp;jornal=530&amp;pagina=163" editionNumber="1" highlightType="" highlightPriority="" highlight="" highlightimage="" highlightimagename="" idMateria="23462107">
  <body>
    <Identifica><![CDATA[ AVISO DE HOMOLOGAÇÃO/ADJUDICAÇÃOConcorrência Eletrônica nº 14/2025]]></Identifica>
    <Data><![CDATA[Em  29 de dezembro de 2025]]></Data>
    <Ementa />
    <Titulo />
    <SubTitulo />
    <Texto><![CDATA[<p class="identifica">AVISO DE HOMOLOGAÇÃO/ADJUDICAÇÃOConcorrência Eletrônica nº 14/2025</p><p>HOMOLOGA/ADJUDICA o processo administrativo licitatório nº. 289/2025, na modalidade Concorrência Eletrônica nº. 014/2025, para a contratação de empresa especializada para serviço de reforma e manutenção da UBS JARDIM ACLIMAÇÃO I e II, a vencedora: CATEDRALENGENHARIA LTDA CNPJ 31.620.497/0001-74 no Total Geral R$ 725.000,00(setecentos e vinte e cinco mil reais).</p><p class="data">Em 29 de dezembro de 2025</p><p class="assina">Randal de Oliveira Vargas</p><p class="cargo">Secretário Municipal de Saúde</p>]]></Texto>
  </body>
  <Midias />
</article></xml>