﻿<xml><article id="47238040" name="2025-12-30/11503043/COMPRASNETWS" idOficio="11503043" pubName="DO3" artType="Extrato de Acordo de Cooperação Técnica" pubDate="02/01/2026" artClass="00025:00100:00026:00000:00000:00000:00000:00000:00000:00000:00035:00001" artCategory="Ministério da Educação/Universidade Federal do Ceará/Pró-Reitoria de Planejamento e Administração" artSize="12" artNotes="" numberPage="52" pdfPage="http://pesquisa.in.gov.br/imprensa/jsp/visualiza/index.jsp?data=02/01/2026&amp;jornal=530&amp;pagina=52" editionNumber="1" highlightType="" highlightPriority="" highlight="" highlightimage="" highlightimagename="" idMateria="23468452">
  <body>
    <Identifica><![CDATA[ EXTRATO DE ACORDO DE COOPERAçãO TéCNICA (ACT) Nº 44/2025 - UASG 153045]]></Identifica>
    <Data><![CDATA[]]></Data>
    <Ementa />
    <Titulo />
    <SubTitulo />
    <Texto><![CDATA[<p class="identifica">EXTRATO DE ACORDO DE COOPERAçãO TéCNICA (ACT) Nº 44/2025 - UASG 153045</p><p>Nº Processo: 23067.016200/2025-71.</p><p>Não se Aplica Nº 44/2025. Contratante: UNIVERSIDADE FEDERAL DO CEARA.</p><p>Contratado: 33.641.663/0001-44 - FUNDACAO GETULIO VARGAS. Objeto: Promoção de ações conjuntas de interesse comum, voltadas para o avanço na concepção, especificação e validação de modelos de avaliações processuais alinhadas a currículos, objetivos de aprendizagem e práticas de instrução como componente estrutural de sistemas de gestão de aprendizagens em redes públicas de ensino básico.</p><p>Fundamento Legal: NÃO SE APLICA. Vigência: 24/12/2025 a 24/12/2026. Valor Total: R$ 0,00. Data de Assinatura: 24/12/2025.</p><p>(COMPRASNET 4.0 - 30/12/2025).</p>]]></Texto>
  </body>
  <Midias />
</article></xml>