﻿<xml><article id="47237478" name="2025-12-28/11497635/COMPRASNETWS" idOficio="11497635" pubName="DO3" artType="Extrato de Contrato" pubDate="02/01/2026" artClass="00025:00083:00000:00000:00000:00000:00000:00000:00000:00000:00030:00001" artCategory="Ministério da Educação/Instituto Federal de Educação, Ciência e Tecnologia de Santa Catarina" artSize="12" artNotes="" numberPage="21" pdfPage="http://pesquisa.in.gov.br/imprensa/jsp/visualiza/index.jsp?data=02/01/2026&amp;jornal=530&amp;pagina=21" editionNumber="1" highlightType="" highlightPriority="" highlight="" highlightimage="" highlightimagename="" idMateria="23461081">
  <body>
    <Identifica><![CDATA[ EXTRATO DE CONTRATO Nº 209/2025 - UASG 158516]]></Identifica>
    <Data><![CDATA[]]></Data>
    <Ementa />
    <Titulo />
    <SubTitulo />
    <Texto><![CDATA[<p class="identifica">EXTRATO DE CONTRATO Nº 209/2025 - UASG 158516</p><p>Nº Processo: 23292.036053/2024-10.</p><p>Pregão Nº 93001/2024. Contratante: INST.FED.DE EDUC.,CIENC.E TEC.DE STA.CAT/IFSC.</p><p>Contratado: 25.071.568/0001-24 - CENTRA MOVEIS S/A. Objeto: Aquisição de mobiliário padronizado para o ifsc para o campus são lourenço do oeste..</p><p>Fundamento Legal: LEI 14.133/2021. Vigência: 30/10/2025 a 30/10/2026. Valor Total: R$ 64.000,00. Data de Assinatura: 30/10/2025.</p><p>(COMPRASNET 4.0 - 28/12/2025).</p>]]></Texto>
  </body>
  <Midias />
</article></xml>