﻿<xml><article id="47232433" name="ITUACUADIA" idOficio="11499196" pubName="DO3" artType="Aviso" pubDate="02/01/2026" artClass="00075:00005:00278:00000:00000:00000:00000:00000:00000:00000:00107:00000" artCategory="Prefeituras/Estado da Bahia/Prefeitura Municipal de Ituaçú" artSize="12" artNotes="" numberPage="161" pdfPage="http://pesquisa.in.gov.br/imprensa/jsp/visualiza/index.jsp?data=02/01/2026&amp;jornal=530&amp;pagina=161" editionNumber="1" highlightType="" highlightPriority="" highlight="" highlightimage="" highlightimagename="" idMateria="23463145">
  <body>
    <Identifica><![CDATA[AVISO DE LICITAÇÃO]]></Identifica>
    <Data><![CDATA[ Ituaçu-BA, 30 de dezembro de 2025. ]]></Data>
    <Ementa />
    <Titulo />
    <SubTitulo />
    <Texto><![CDATA[<p class="identifica">AVISO DE LICITAÇÃO</p><p class="identifica">Pregão Eletrônico nº 17/2025</p><p>O MUNICÍPIO DE ITUAÇU, ESTADO DA BAHIA, torna público o ADIAMENTO do Pregão Eletrônico nº 017/2025, em conformidade com o Processo Administrativo nº 145/2025, cujo objeto é a contratação de empresa para locação de máquinas pesadas. A sessão pública, anteriormente marcada para o dia 06/01/2026, às 09h30min, fica adiada para o dia 09 de janeiro de 2026, às 09h00min, no Portal Bolsa de Licitações do Brasil - BLL, em razão da necessidade de cumprimento do prazo mínimo legal de 10 (dez) dias, conforme dispõe a legislação vigente. Permanecem inalterados os demais termos do edital. O texto integral do edital encontra-se disponível na Comissão Permanente de Licitações, situada na Praça Gilberto Gil, s/n, Centro, Ituaçu/BA, de segunda a sexta-feira, das 08h00 às 12h00 e das 14h00 às 17h00, bem como no site www.ituacu.ba.gov.br, pelo e-mail ituaculicitacao@gmail.com, no Portal Bolsa de Licitações do Brasil - BLL (www.bll.org.br) e no PNCP.</p><p class="data">Ituaçu-BA, 30 de dezembro de 2025.</p><p class="assina">Aleomar Gomes Brito</p><p class="cargo">Pregoeiro</p>]]></Texto>
  </body>
  <Midias />
</article></xml>