﻿<xml><article id="47232221" name="15 - AVISO DE LICITACAO - DOU" idOficio="11501006" pubName="DO3" artType="Aviso de Licitação" pubDate="02/01/2026" artClass="00071:00230:00000:00000:00000:00000:00000:00000:00000:00000:00079:00000" artCategory="Entidades de Fiscalização do Exercício das Profissões Liberais/CONSELHO REGIONAL DE EDUCAÇÃO FÍSICA DA 22ª REGIÃO" artSize="12" artNotes="" numberPage="157" pdfPage="http://pesquisa.in.gov.br/imprensa/jsp/visualiza/index.jsp?data=02/01/2026&amp;jornal=530&amp;pagina=157" editionNumber="1" highlightType="" highlightPriority="" highlight="" highlightimage="" highlightimagename="" idMateria="23465783">
  <body>
    <Identifica><![CDATA[ AVISO DE CREDENCIAMENTO Nº 4/2025]]></Identifica>
    <Data><![CDATA[ Vitória-ES,  31 de dezembro de 2025.]]></Data>
    <Ementa />
    <Titulo />
    <SubTitulo />
    <Texto><![CDATA[<p class="identifica">AVISO DE CREDENCIAMENTO Nº 4/2025</p><p>Credenciamento de empresa especializada de empresa prestadora de serviços de Assistência à saúde suplementar, com atendimento médico-hospitalar-ambulatorial e hospitalar com obstetrícia, tratamentos, exames complementares e terapia, incluindo centro de terapia intensiva tanto em caráter eletivo, emergencial e de urgência em hospitais e clínicas próprias, conveniadas ou referenciadas em doenças reconhecidas ou que vierem a ser reconhecidas na classificação de doenças e problemas relacionados com a saúde e resoluções normativas da agência nacional de saúde, com coparticipação, compulsório para os titulares e optativo para os dependentes, rede ampla, acomodação em internação (apartamento), com cobertura estadual e Assistência Odontológica e demais procedimentos determinados pelos serviços auxiliares de diagnósticos, sem coparticipação, rede ampla, com cobertura nacional; para os empregados do CREF22/ES, Conforme condições e exigências estabelecidas no Edital e seus anexos, conforme condições e exigências estabelecidas no Edital e seus anexos. Tipo: Menor Preço. Entrega das Propostas: a partir de 05/01/2026 às 08h00 a 27/01/2026 até as 17h00 através do e-mail licitacao@cref22.org.br. O resultado será divulgado no site www.gov.br/compras e no site do CREF22 https://cref22.org.br/2025-2/. Edital: Portal Nacional de Contratações Públicas - PNCP, no gov.br/compras (www.gov.br/compras). contato: licitacao@cref22.org.br</p><p class="data">Vitória-ES, 31 de dezembro de 2025.</p><p class="assina">Ibsen Lucas Pettersen Pereira</p><p class="cargo">Presidente do Conselho</p>]]></Texto>
  </body>
  <Midias />
</article></xml>