﻿<xml><article id="47236800" name="2025-12-30/11503201/COMPRASNETWS" idOficio="11503201" pubName="DO3" artType="Extrato de Contrato" pubDate="02/01/2026" artClass="00025:00111:00026:00000:00000:00000:00000:00000:00000:00000:00030:00001" artCategory="Ministério da Educação/Universidade Federal de Minas Gerais/Faculdade de Ciências Econômicas" artSize="12" artNotes="" numberPage="77" pdfPage="http://pesquisa.in.gov.br/imprensa/jsp/visualiza/index.jsp?data=02/01/2026&amp;jornal=530&amp;pagina=77" editionNumber="1" highlightType="" highlightPriority="" highlight="" highlightimage="" highlightimagename="" idMateria="23468749">
  <body>
    <Identifica><![CDATA[ EXTRATO DE CONTRATO Nº 484/2025 - UASG 153283]]></Identifica>
    <Data><![CDATA[]]></Data>
    <Ementa />
    <Titulo />
    <SubTitulo />
    <Texto><![CDATA[<p class="identifica">EXTRATO DE CONTRATO Nº 484/2025 - UASG 153283</p><p>Nº Processo: 23072.275921/2025-42.</p><p>Dispensa Nº 51/2025. Contratante: FACULDADE DE CIENCIAS ECONOMICAS/UFMG.</p><p>Contratado: 16.578.361/0001-50 - FUNDACAO INSTITUTO DE PESQUISAS ECONOMICAS, ADMINISTRATIVAS E CONTABEIS DE MINAS. Objeto: Constitui objeto deste instrumento a contratação da fundação instituto de pesquisas econômicas, administrativas e contábeis de minas gerais com a finalidade de dar apoio ao projeto "desenvolvimento de estudos e produtos para qualificação de processos de planejamento e realização de cobertura dos censos da educação". Parágrafo único - o apoio a ser prestado pela contratada consiste na execução dos serviços, cujas especificações, condições, forma e prazos constam no projeto e plano de formas e condições mencionado, parte integrante do presente contrato..</p><p>Fundamento Legal: LEI 14.133/2021 - Artigo: 75 - Inciso: XV. Vigência: 30/12/2025 a 12/05/2027. Valor Total: R$ 697.311,87. Data de Assinatura: 30/12/2025.</p><p>(COMPRASNET 4.0 - 30/12/2025).</p>]]></Texto>
  </body>
  <Midias />
</article></xml>