﻿<xml><article id="47239006" name="2025-12-31/11504093/COMPRASNETWS" idOficio="11504093" pubName="DO3" artType="Extrato de Termo Aditivo" pubDate="02/01/2026" artClass="00025:00062:00023:00000:00000:00000:00000:00000:00000:00000:00053:00001" artCategory="Ministério da Educação/Instituto Federal de Educação, Ciência e Tecnologia do Ceará/Campus Crateús" artSize="12" artNotes="" numberPage="17" pdfPage="http://pesquisa.in.gov.br/imprensa/jsp/visualiza/index.jsp?data=02/01/2026&amp;jornal=530&amp;pagina=17" editionNumber="1" highlightType="" highlightPriority="" highlight="" highlightimage="" highlightimagename="" idMateria="23470984">
  <body>
    <Identifica><![CDATA[ EXTRATO DE TERMO ADITIVO Nº 16/2025 - UASG 158324]]></Identifica>
    <Data><![CDATA[]]></Data>
    <Ementa />
    <Titulo />
    <SubTitulo />
    <Texto><![CDATA[<p class="identifica">EXTRATO DE TERMO ADITIVO Nº 16/2025 - UASG 158324</p><p>Número do Contrato: 2/2023.</p><p>Nº Processo: 23293.000008/2023-28.</p><p>Dispensa. Nº 27/2022. Contratante: CAMPUS CRATEUS/IFCE. Contratado: 04.601.397/0001-28 - BRISANET SERVICOS DE TELECOMUNICACOES S.A.. Objeto: Prorrogar o prazo da vigência do contrato nº 02/2023, por 12 (doze) meses. Vigência: 04/01/2026 a 04/01/2027. Valor Total Atualizado do Contrato: R$ 2.985,60. Data de Assinatura: 30/12/2025.</p><p>(COMPRASNET 4.0 - 30/12/2025).</p>]]></Texto>
  </body>
  <Midias />
</article></xml>