﻿<xml><article id="47229403" name="DOU PM APUI 48125_001" idOficio="11502674" pubName="DO3" artType="Aviso" pubDate="02/01/2026" artClass="00075:00004:00013:00000:00000:00000:00000:00000:00000:00000:00107:00000" artCategory="Prefeituras/Estado do Amazonas/Prefeitura Municipal de Apuí" artSize="12" artNotes="" numberPage="160" pdfPage="http://pesquisa.in.gov.br/imprensa/jsp/visualiza/index.jsp?data=02/01/2026&amp;jornal=530&amp;pagina=160" editionNumber="1" highlightType="" highlightPriority="" highlight="" highlightimage="" highlightimagename="" idMateria="23467976">
  <body>
    <Identifica><![CDATA[ AVISO de licitaçãoPREGÃO PRESENCIAL SRP Nº 64/2025]]></Identifica>
    <Data><![CDATA[ Apuí-AM, 22 dezembro de 2025.]]></Data>
    <Ementa />
    <Titulo />
    <SubTitulo />
    <Texto><![CDATA[<p class="identifica">AVISO de licitaçãoPREGÃO PRESENCIAL SRP Nº 64/2025</p><p>O Município de Apuí, através do Departamento de Licitação da Prefeitura Municipal, torna público para conhecimento de todos os interessados que tendo em vista ordem administrativa, e superadas as questões, estamos suspendendo e restabelecendo o edital abaixo: relacionado: Processo Licitatório n.º 128/2025, Pregão Presencial - SRP n.º 64/2025. Objeto: Registro de Preços para Eventual Contratação de Empresa Especializada para Prestação de Serviços de Médicos Clínicos, Especialistas e Exames por Imagem, para Atender as Necessidades da Secretaria de Saúde do Município de Apuí, que iria ser realizado no dia 29/12/2025 às 08hs:30min, Restabelecido para o dia 30/12/2025 às 08h30min. Informações: e-mail: comissao.apui2025@gmail.com</p><p class="data">Apuí-AM, 22 dezembro de 2025.</p><p class="assina">Antônio Marcos Maciel Fernades</p><p class="cargo">Prefeito</p>]]></Texto>
  </body>
  <Midias />
</article></xml>