﻿<xml><article id="47233109" name="Sucupira extrato 30-12-2025" idOficio="11503764" pubName="DO3" artType="Aviso" pubDate="02/01/2026" artClass="00075:00009:00239:00000:00000:00000:00000:00000:00000:00000:00107:00000" artCategory="Prefeituras/Estado do Maranhão/Prefeitura Municipal de Sucupira do Norte" artSize="12" artNotes="" numberPage="162" pdfPage="http://pesquisa.in.gov.br/imprensa/jsp/visualiza/index.jsp?data=02/01/2026&amp;jornal=530&amp;pagina=162" editionNumber="1" highlightType="" highlightPriority="" highlight="" highlightimage="" highlightimagename="" idMateria="23470437">
  <body>
    <Identifica><![CDATA[ EXTRATO DE APOSTILAMENTO]]></Identifica>
    <Data><![CDATA[]]></Data>
    <Ementa />
    <Titulo />
    <SubTitulo />
    <Texto><![CDATA[<p class="identifica">EXTRATO DE APOSTILAMENTO</p><p>Termo de Apostilamento Nº 001/2025. Contrato Nº 1.006/2025. Processo Administrativo Nº 2005006/2025. Concorrência Eletrônica Nº 006/2025. Contratante: Prefeitura Municipal de Sucupira do Norte/MA, por intermédio da Secretaria Municipal de Educação. Contratado: J. W. Sousa Lima Ltda, CNPJ 08.672.027/0001-32. Objeto do Contrato: Construção de Auditório no Município de Sucupira do Norte/MA. Objeto do Apostilamento: Correção da classificação orçamentária do Contrato nº 1.006/2025, sem alteração do objeto, do valor contratual ou da vigência, nos termos do art. 136 da Lei nº 14.133/2021. Classificação Orçamentária Atualizada: Código da Ficha: 236. Órgão: 02 - Poder Executivo. Unidade: 08 - Secretaria Municipal de Educação. Dotação: 12.361.0019.2091.0000. Elemento de Despesa: 4.4.90.51.00 - Obras e Instalações. Base Legal: Art. 136, da Lei Federal nº 14.133/2021. Data da Assinatura: 09/12/2025. Silvana Alves de Araújo Lima.</p>]]></Texto>
  </body>
  <Midias />
</article></xml>