﻿<xml><article id="47233889" name="AVISO DE ADJUDICACAO-HOMOLOGACAO" idOficio="11501475" pubName="DO3" artType="Aviso de Homologação e Adjudicação" pubDate="02/01/2026" artClass="00075:00013:00179:00000:00000:00000:00000:00000:00000:00000:00076:00000" artCategory="Prefeituras/Estado do Pará/Prefeitura Municipal de Óbidos" artSize="12" artNotes="" numberPage="164" pdfPage="http://pesquisa.in.gov.br/imprensa/jsp/visualiza/index.jsp?data=02/01/2026&amp;jornal=530&amp;pagina=164" editionNumber="1" highlightType="" highlightPriority="" highlight="" highlightimage="" highlightimagename="" idMateria="23466551">
  <body>
    <Identifica><![CDATA[ AVISO DE ADJUDICAÇÃO e HOMOLOGAÇÃO ]]></Identifica>
    <Data><![CDATA[]]></Data>
    <Ementa />
    <Titulo />
    <SubTitulo />
    <Texto><![CDATA[<p class="identifica">AVISO DE ADJUDICAÇÃO e HOMOLOGAÇÃO</p><p class="identifica">PREGÃO ELETRÔNICO Nº 9/2025-00035 REP</p><p>A presente licitação tem por Objeto: Sistema Registro de Preço - Contratação de Empresa Especializada na prestação de serviços de diagnóstico e manutenção dos sistemas e subsistemas mecânicos e elétricos de veículos automotivos de porte: leve, médio e pesado, com reposição de peças e acessórios genuínos e/ou originais, pertencentes à frota da Secretaria Municipal de Educação do Município de Óbidos/PA. Adjudicado no dia 29/12/2025. Homologado a Empresa L H MAGALHAES E OLIVEIRA SERV DE VEICULOS AUTOMOTORES LTDA - CNPJ: 32.782.804/0001-86, com os lotes: 1, 2, 3, 4, 5, 6, 13, 14, 15, 16, 17, 18, 7, 8, 9, 10, 11 e 12 no valor total de R$ 3.096.007,20. Data de Homologação: 30/12/2025.</p><p class="assina">JAIME BARBOSA DA SILVA</p><p class="cargo">Prefeito</p>]]></Texto>
  </body>
  <Midias />
</article></xml>