﻿<xml><article id="47232607" name="BOQUIRAPE" idOficio="11499196" pubName="DO3" artType="Aviso" pubDate="02/01/2026" artClass="00075:00005:00106:00000:00000:00000:00000:00000:00000:00000:00107:00000" artCategory="Prefeituras/Estado da Bahia/Prefeitura Municipal de Boquira" artSize="12" artNotes="" numberPage="161" pdfPage="http://pesquisa.in.gov.br/imprensa/jsp/visualiza/index.jsp?data=02/01/2026&amp;jornal=530&amp;pagina=161" editionNumber="1" highlightType="" highlightPriority="" highlight="" highlightimage="" highlightimagename="" idMateria="23463142">
  <body>
    <Identifica><![CDATA[ AVISO DE licitação ]]></Identifica>
    <Data><![CDATA[Boquira-BA, 29 de dezembro de 2025.]]></Data>
    <Ementa />
    <Titulo />
    <SubTitulo />
    <Texto><![CDATA[<p class="identifica">AVISO DE licitação</p><p class="identifica">PREGÃO ELETRÔNICO Nº 37/2025-PE</p><p>A PREFEITURA MUNICIPAL DE BOQUIRA, vem tornar público a abertura do processo de licitação Pregão Eletrônico n°. 037-2025-PE, objeto: Contratação de empresa especializada na prestação de serviços de assessoria e consultoria em comunicação social e relações públicas, para atuar no planejamento, elaboração e execução da estratégia de comunicação da Administração Municipal de Boquira-BA, conforme especificações contidas no edital e anexos. Tipo de julgamento: Menor Preço Global. Data limite de Recebimento das propostas: até o dia 16/01/2026. Sessão: às 09:00h do dia 16/01/2026 (horários de Brasília/DF), no site https://www.licitanet.com.br/. Edital disponível: https://www.boquira.ba.gov.br/Site/DiarioOficial e https://www.licitanet.com.br/ ou na sede desta Prefeitura. Informações: (77) 3645-2291 ou licitacao@boquira.ba.gov.br.</p><p class="data">Boquira-BA, 29 de dezembro de 2025.</p><p class="assina">Alan Machado França</p><p class="cargo">Prefeito</p>]]></Texto>
  </body>
  <Midias />
</article></xml>