﻿<xml><article id="47229291" name="1A TA - CT 024_2025_Central Cres" idOficio="11503861" pubName="DO3" artType="Extrato de Termo Aditivo" pubDate="02/01/2026" artClass="00051:00028:00000:00000:00000:00000:00000:00000:00000:00000:00053:00000" artCategory="Ministério do Turismo/Secretaria Nacional de Infraestrutura, Crédito e Investimento no Turismo" artSize="12" artNotes="" numberPage="123" pdfPage="http://pesquisa.in.gov.br/imprensa/jsp/visualiza/index.jsp?data=02/01/2026&amp;jornal=530&amp;pagina=123" editionNumber="1" highlightType="" highlightPriority="" highlight="" highlightimage="" highlightimagename="" idMateria="23470716">
  <body>
    <Identifica><![CDATA[ EXTRATO DE TERMO ADITIVO]]></Identifica>
    <Data><![CDATA[]]></Data>
    <Ementa />
    <Titulo />
    <SubTitulo />
    <Texto><![CDATA[<p class="identifica">EXTRATO DE TERMO ADITIVO</p><p>PRIMEIRO TERMO ADITIVO AO CONTRATO N° 024/2025. N° Processo: 72031.005760/2025-13. Contratante: MINISTÉRIO DO TURISMO. Contratado: COOPERATIVA CENTRAL DE CRÉDITO COM INTERAÇÃO SOLIDÁRIA - CENTRAL CRESOL BASER. CNPJ nº 01.401.771/0001-53. Objeto: alterar as cláusulas quinta e sétima do Contrato Administrativo nº 024/2025, que tem por objeto a prestação de serviços, por meio de agente financeiro, com capacidade técnica comprovada e integrante do Sistema Financeiro Nacional, incluindo cooperativas de crédito, prestando serviços essenciais à intermediação das operações de financiamentos privados de capital fixo, compreendendo as obras civis para implantação, ampliação, modernização e reforma; para a aquisição de bens; de capital de giro; de empreendimentos de finalidade ou interesse do turismo nacional, preferencialmente micros, pequenas e médias empresas; empresários individuais e Sociedade Limitada Unipessoal - SLU, que exerçam atividades econômicas relacionadas à cadeia produtiva do setor turístico, conforme disposto nos arts. 21 e 21-A da Lei nº 11.771, de 17 de setembro de 2008, e que estejam devidamente cadastrados no Cadastro de Prestadores de Serviços Turísticos - CADASTUR, nas condições estabelecidas no Termo de Referência. Fundamento legal: Lei nº 14.133/2021. NE nº 2025NE000067, no valor de R$ 19.620.369,01, e NE nº 2025NE000068, no valor de R$ 4.998.898,49.</p>]]></Texto>
  </body>
  <Midias />
</article></xml>