﻿<xml><article id="47231786" name="SENHORDOBONFIMPE" idOficio="11499196" pubName="DO3" artType="Aviso" pubDate="02/01/2026" artClass="00075:00005:00466:00000:00000:00000:00000:00000:00000:00000:00107:00000" artCategory="Prefeituras/Estado da Bahia/Prefeitura Municipal de Senhor do Bonfim" artSize="12" artNotes="" numberPage="162" pdfPage="http://pesquisa.in.gov.br/imprensa/jsp/visualiza/index.jsp?data=02/01/2026&amp;jornal=530&amp;pagina=162" editionNumber="1" highlightType="" highlightPriority="" highlight="" highlightimage="" highlightimagename="" idMateria="23463169">
  <body>
    <Identifica><![CDATA[ AVISO DE LICITAÇÃO ]]></Identifica>
    <Data><![CDATA[]]></Data>
    <Ementa />
    <Titulo />
    <SubTitulo />
    <Texto><![CDATA[<p class="identifica">AVISO DE LICITAÇÃO</p><p class="identifica">PREGÃO Nº 68/2025</p><p>P.A. Nº 146/25</p><p>A Prefeitura Municipal de Senhor do Bonfim - BA, torna público que realizará no dia 15 de janeiro de 2026, às 09h00min o processo em epígrafe com o seguinte Objeto: Aquisição de materiais e equipamentos odontológicos para atender as necessidades das unidades de Saúde de Atenção Básica e para o Centro de Especialidades Odontológicas (CEO) do município de Senhor do Bonfim - BA. Edital: http://doem.org.br/ba/senhordobonfim/editais www.senhordobonfim.ba.gov.br link Licitações Local da Disputa: https://emunicipio.com.br/pmsb/modalidade/index.php. ID da Contratação PNCP nº: 13988308000139-1-000207/2025</p><p></p><p class="assina">Renata Mercês Maia</p><p class="cargo">Secretaria Municipal de Saúde</p>]]></Texto>
  </body>
  <Midias />
</article></xml>