﻿<xml><article id="47238546" name="2025-12-30/11503873/COMPRASNETWS" idOficio="11503873" pubName="DO3" artType="Extrato de Contrato" pubDate="02/01/2026" artClass="00025:00097:00000:00000:00000:00000:00000:00000:00000:00000:00030:00001" artCategory="Ministério da Educação/Universidade Federal de Campina Grande" artSize="12" artNotes="" numberPage="52" pdfPage="http://pesquisa.in.gov.br/imprensa/jsp/visualiza/index.jsp?data=02/01/2026&amp;jornal=530&amp;pagina=52" editionNumber="1" highlightType="" highlightPriority="" highlight="" highlightimage="" highlightimagename="" idMateria="23470740">
  <body>
    <Identifica><![CDATA[ EXTRATO DE CONTRATO Nº 37/2025 - UASG 158195]]></Identifica>
    <Data><![CDATA[]]></Data>
    <Ementa />
    <Titulo />
    <SubTitulo />
    <Texto><![CDATA[<p class="identifica">EXTRATO DE CONTRATO Nº 37/2025 - UASG 158195</p><p>Nº Processo: 23096.023064/2025-29.</p><p>Pregão Nº 90015/2025. Contratante: UNIVERSIDADE FEDERAL DE CAMPINA GRANDE.</p><p>Contratado: 51.007.814/0001-99 - JGN MANUTENCAO E SERVICOS LTDA. Objeto: Contratação de fornecimento de insumos e de serviços de engenharia contínuos de manutenção, sob demanda, com fornecimento de materiais, equipamentos, mão de obra e acessórios necessários para atender as necessidades de manutenção, conserto, conservação e reparo, objetivando manter ou recuperar as instalações físicas pertencentes ou cedidas à universidade federal de campina grande, a serem executados sem regime de dedicação exclusiva de mão de obra, nas condições estabelecidas no termo de referência.</p><p>Fundamento Legal: LEI 14.133/2021. Vigência: 30/12/2025 a 30/12/2026. Valor Total: R$ 3.141.465,26. Data de Assinatura: 30/12/2025.</p><p>(COMPRASNET 4.0 - 30/12/2025).</p>]]></Texto>
  </body>
  <Midias />
</article></xml>