﻿<xml><article id="47238339" name="2025-12-30/11502748/COMPRASNETWS" idOficio="11502748" pubName="DO3" artType="Extrato de Contrato" pubDate="02/01/2026" artClass="00025:00100:00026:00000:00000:00000:00000:00000:00000:00000:00030:00001" artCategory="Ministério da Educação/Universidade Federal do Ceará/Pró-Reitoria de Planejamento e Administração" artSize="12" artNotes="" numberPage="52" pdfPage="http://pesquisa.in.gov.br/imprensa/jsp/visualiza/index.jsp?data=02/01/2026&amp;jornal=530&amp;pagina=52" editionNumber="1" highlightType="" highlightPriority="" highlight="" highlightimage="" highlightimagename="" idMateria="23468044">
  <body>
    <Identifica><![CDATA[ EXTRATO DE CONTRATO Nº 116/2025 - UASG 153045]]></Identifica>
    <Data><![CDATA[]]></Data>
    <Ementa />
    <Titulo />
    <SubTitulo />
    <Texto><![CDATA[<p class="identifica">EXTRATO DE CONTRATO Nº 116/2025 - UASG 153045</p><p>Nº Processo: 23067.060876/2025-01.</p><p>Dispensa Nº 319/2025. Contratante: UNIVERSIDADE FEDERAL DO CEARA.</p><p>Contratado: 31.302.808/0001-57 - FUNDACAO DE APOIO A CULTURA, A PESQUISA E AO DESENVOLVIMENTO INSTITUCIONAL, CIEN. Objeto: Prestação de suporte administrativo e financeiro da fundação de apoio nos termos do art. 1º da lei nº 8.958/1994 c.c. Parágrafo único do art. 1º do decreto nº 7.423/2010 e, subsidiariamente, do art. 75, xv, da lei nº 14.133/2021, na execução do projeto institucional denominado: promoção da 4ª edição do mercado das indústrias criativas do brasil (micbr).</p><p>Fundamento Legal: LEI 14.133/2021 - Artigo: 75 - Inciso: XV. Vigência: 24/12/2025 a 24/12/2026. Valor Total: R$ 300.000,00. Data de Assinatura: 24/12/2025.</p><p>(COMPRASNET 4.0 - 30/12/2025).</p>]]></Texto>
  </body>
  <Midias />
</article></xml>