﻿<xml><article id="47231966" name="Aviso de Homologacao - CC 35-25 " idOficio="11492373" pubName="DO3" artType="Aviso de Homologação e Adjudicação" pubDate="02/01/2026" artClass="00074:00015:00022:00002:00000:00000:00000:00000:00000:00000:00076:00000" artCategory="Governo do Estado/Governo do Estado da Paraíba/Secretaria de Estado da Infraestrutura/Superintendência de Obras do Plano de Desenvolvimento do Estado" artSize="12" artNotes="" numberPage="160" pdfPage="http://pesquisa.in.gov.br/imprensa/jsp/visualiza/index.jsp?data=02/01/2026&amp;jornal=530&amp;pagina=160" editionNumber="1" highlightType="" highlightPriority="" highlight="" highlightimage="" highlightimagename="" idMateria="23453216">
  <body>
    <Identifica><![CDATA[ AVISO DE HOMOLOGAÇÃO E ADJUDICAÇÃO ]]></Identifica>
    <Data><![CDATA[ João Pessoa, 23 de dezembro de 2025.]]></Data>
    <Ementa />
    <Titulo />
    <SubTitulo />
    <Texto><![CDATA[<p class="identifica">AVISO DE HOMOLOGAÇÃO E ADJUDICAÇÃO</p><p class="identifica">CONCORRÊNCIA ELETRÔNICA Nº 35/2025</p><p>Objeto: Construção do Ceu da Cultura - Núcleo Básico Edificado (Nbe00), Em Campina Grande - Pb. Considerando O Resultado Apresentado Pelo Agente de Contratação e Tendo Em Vista O Conteúdo da Proposta, Referente à Concorrência Eletrônica nº 035/2025, Homologada Pelo Conselho Técnico, Adjudico O Processo Licitatório, Em Favor da Empresa Santenge Engenharia e Serviços Ltda., Cnpj N. 15.776.046/0001-74para A Construção do Ceu da Cultura - Núcleo Básico Edificado (Nbe00), Em Campina Grande - Pb, No Valor Global de R$ 2.320.756,71 (Dois Milhões, Trezentos e Vinte Mil, Setecentos e Cinquenta e Seis Reais e Setenta e Um Centavos). Processo nº Sup-Prc-2025/02074.</p><p class="data">João Pessoa, 23 de dezembro de 2025.</p><p class="assina">Simone Cristina Coelho Guimarães</p><p class="cargo">Presidente</p>]]></Texto>
  </body>
  <Midias />
</article></xml>