﻿<xml><article id="47237697" name="2025-12-28/11497644/COMPRASNETWS" idOficio="11497644" pubName="DO3" artType="Extrato de Termo Aditivo" pubDate="02/01/2026" artClass="00025:00083:00000:00000:00000:00000:00000:00000:00000:00000:00053:00001" artCategory="Ministério da Educação/Instituto Federal de Educação, Ciência e Tecnologia de Santa Catarina" artSize="12" artNotes="" numberPage="22" pdfPage="http://pesquisa.in.gov.br/imprensa/jsp/visualiza/index.jsp?data=02/01/2026&amp;jornal=530&amp;pagina=22" editionNumber="1" highlightType="" highlightPriority="" highlight="" highlightimage="" highlightimagename="" idMateria="23461093">
  <body>
    <Identifica><![CDATA[ EXTRATO DE TERMO ADITIVO Nº 4/2025 - UASG 158516]]></Identifica>
    <Data><![CDATA[]]></Data>
    <Ementa />
    <Titulo />
    <SubTitulo />
    <Texto><![CDATA[<p class="identifica">EXTRATO DE TERMO ADITIVO Nº 4/2025 - UASG 158516</p><p>Número do Contrato: 152/2021.</p><p>Nº Processo: 23292.024050/2021-96.</p><p>Pregão. Nº 71/2021. Contratante: INST.FED.DE EDUC.,CIENC.E TEC.DE STA.CAT/IFSC. Contratado: 79.894.168/0001-48 - VIGILANCIA TRIANGULO LTDA. Objeto: Prorrogação contratual.. Vigência: 06/12/2025 a 06/12/2026. Valor Total Atualizado do Contrato: R$ 304.537,44. Data de Assinatura: 11/11/2025.</p><p>(COMPRASNET 4.0 - 11/11/2025).</p>]]></Texto>
  </body>
  <Midias />
</article></xml>