﻿<xml><article id="47238669" name="2025-12-31/11503961/SICONV_23470" idOficio="11503961" pubName="DO3" artType="Extrato de Convênio" pubDate="02/01/2026" artClass="00047:00053:00033:00000:00000:00000:00000:00000:00000:00000:00031:00001" artCategory="Ministério da Saúde/Fundação Nacional de Saúde/Superintendência Estadual de Pernambuco" artSize="12" artNotes="" numberPage="119" pdfPage="http://pesquisa.in.gov.br/imprensa/jsp/visualiza/index.jsp?data=02/01/2026&amp;jornal=530&amp;pagina=119" editionNumber="1" highlightType="" highlightPriority="" highlight="" highlightimage="" highlightimagename="" idMateria="23470884">
  <body>
    <Identifica><![CDATA[ EXTRATO DE TERMO ADITIVO]]></Identifica>
    <Data><![CDATA[]]></Data>
    <Ementa />
    <Titulo />
    <SubTitulo />
    <Texto><![CDATA[<p class="identifica">EXTRATO DE TERMO ADITIVO</p><p>Espécie: Termo Aditivo de Alteração da Vigência Nº 000006/2025 ao Instrumento código 838976. Convenentes: Concedente: FUNDACAO NACIONAL DE SAUDE, Unidade Gestora: 255017. Convenente: MUNICIPIO DE CAPOEIRAS, CNPJ nº 11256088000123. Prorrogação de Vigência do Convênio nº 0361/2016 - MELHORIAS</p><p>SANITÁRIAS DOMICILIARES - MSD - CAPOEIRAS PE. Valor Total: R$ 513.345,63, Valor de Contrapartida: R$ 13.345,63, Vigência: 01/01/2026 a 31/12/2026. Data de Assinatura: 30/12/2016. Signatários: Concedente: HELENA MAGALHAES PORTO LIRA, CPF nº ***.486.744-**, Convenente: JOAQUIM COSTA TEIXEIRA, CPF nº ***.739.524-**.</p>]]></Texto>
  </body>
  <Midias />
</article></xml>