﻿<xml><article id="47232577" name="COM0017089_2025" idOficio="11482412" pubName="DO3" artType="Aviso de Licença" pubDate="02/01/2026" artClass="00035:00056:00001:00000:00000:00000:00000:00000:00000:00000:00206:00000" artCategory="Ministério de Minas e Energia/Petróleo Brasileiro S.A./Petrobrás" artSize="12" artNotes="" numberPage="108" pdfPage="http://pesquisa.in.gov.br/imprensa/jsp/visualiza/index.jsp?data=02/01/2026&amp;jornal=530&amp;pagina=108" editionNumber="1" highlightType="" highlightPriority="" highlight="" highlightimage="" highlightimagename="" idMateria="23437696">
  <body>
    <Identifica><![CDATA[ AVISO DE LICENÇA]]></Identifica>
    <Data><![CDATA[]]></Data>
    <Ementa />
    <Titulo />
    <SubTitulo />
    <Texto><![CDATA[<p class="identifica">AVISO DE LICENÇA</p><p>Concessão de Licença de acordo com o Decreto Estadual N°3.785/2012</p><p>Petróleo Brasileiro S.A - PETROBRAS, torna público que recebeu do IPAAM, a Licença Ambiental Única n.º 195/2025, que autoriza a perfuração de poço tubular para captação de água subterrânea, localizada na Base Operacional Geólogo Pedro de Moura (BOGPM) - Província de Urucu - Área remota - Coari/AM, nas coordenadas geográficas: 4°49'51,378"S e 65°2'17,546"O - (LUC D_PT02), para Perfuração de poço tubular, com validade de 180 dias.</p><p class="assina">Eulina Maria de Moura Ferreira</p><p class="cargo">Gerente setorial de Gestão Ambiental E&amp;P Amazonas, Rio Grande do Norte e Ceará</p>]]></Texto>
  </body>
  <Midias />
</article></xml>