﻿<xml><article id="47238204" name="2025-12-24/11495362/COMPRASNETWS" idOficio="11495362" pubName="DO3" artType="Extrato de Contrato" pubDate="02/01/2026" artClass="00029:00040:00005:00008:00000:00000:00000:00000:00000:00000:00030:00001" artCategory="Ministério da Gestão e da Inovação em Serviços Públicos/Secretaria de Serviços Compartilhados/Diretoria de Contratações e Unidades Descentralizadas/Superintendência Regional de Administração em Minas Gerais" artSize="12" artNotes="" numberPage="97" pdfPage="http://pesquisa.in.gov.br/imprensa/jsp/visualiza/index.jsp?data=02/01/2026&amp;jornal=530&amp;pagina=97" editionNumber="1" highlightType="" highlightPriority="" highlight="" highlightimage="" highlightimagename="" idMateria="23457504">
  <body>
    <Identifica><![CDATA[ EXTRATO DE CONTRATO Nº 46/2025 - UASG 170085]]></Identifica>
    <Data><![CDATA[]]></Data>
    <Ementa />
    <Titulo />
    <SubTitulo />
    <Texto><![CDATA[<p class="identifica">EXTRATO DE CONTRATO Nº 46/2025 - UASG 170085</p><p>Nº Processo: 10680.000438/2025-04.</p><p>Inexigibilidade Nº 74/2025. Contratante: SUPERINTENDÊNCIA REGIONAL DE ADMINISTRAÇÃO DO MINISTÉRIO DA GESTÃO E DA INOVAÇÃO EM SERVIÇOS PÚBLICOS EM MINAS GERAIS.</p><p>Contratado: 10.227.326/0001-00 - PS IMOVEIS LTDA. Objeto: O objeto do presente instrumento é a locação de imóvel situado na Avenida Deputado</p><p>Esteves Rodrigues, nº 902 a, centro, no Município de Montes Claros - Estado de Minas Gerais, objeto da</p><p>matrícula n° 80101 código nacional de matrícula nº 049304.2.0080101-79 de 28/09/2018, feito no livro</p><p>2/rg, do 2º Cartório Registro de imóveis de Montes Claros, para abrigar as instalações da Procuradoria</p><p>Seccional da Fazenda Nacional em Montes Claros/MG, Jurisdicionada a Procuradoria Regional da Fazenda</p><p>Nacional na 6ª região..</p><p>Fundamento Legal: LEI 14.133/2021 - Artigo: 74 - Inciso: V. Vigência: 21/12/2025 a 21/12/2030. Valor Total: R$ 2.035.293,60. Data de Assinatura: 19/12/2025.</p><p>(COMPRASNET 4.0 - 24/12/2025).</p>]]></Texto>
  </body>
  <Midias />
</article></xml>