﻿<xml><article id="47239384" name="2025-12-30/11501961/COMPRASNETWS" idOficio="11501961" pubName="DO3" artType="Extrato de Contrato" pubDate="02/01/2026" artClass="00033:00046:00015:00000:00000:00000:00000:00000:00000:00000:00030:00001" artCategory="Ministério da Justiça e Segurança Pública/Polícia Rodoviária Federal/Superintendência Regional da Policia Rodoviária Federal  em Goiás" artSize="12" artNotes="" numberPage="106" pdfPage="http://pesquisa.in.gov.br/imprensa/jsp/visualiza/index.jsp?data=02/01/2026&amp;jornal=530&amp;pagina=106" editionNumber="1" highlightType="" highlightPriority="" highlight="" highlightimage="" highlightimagename="" idMateria="23467102">
  <body>
    <Identifica><![CDATA[ EXTRATO DE CARTA CONTRATO Nº 10/2025 - UASG 200121]]></Identifica>
    <Data><![CDATA[]]></Data>
    <Ementa />
    <Titulo />
    <SubTitulo />
    <Texto><![CDATA[<p class="identifica">EXTRATO DE CARTA CONTRATO Nº 10/2025 - UASG 200121</p><p>Nº Processo: 08662.016916/2025-66.</p><p>Pregão Nº 90007/2025. Contratante: SUPERINTENDENCIA DA PRF EM GOIAS.</p><p>Contratado: 22.575.793/0001-00 - CRUZEIRO SERVICOS TECNICOS LTDA. Objeto: Contratação de serviços comuns de dedetização em geral,</p><p>desinsetização, desratização e descupinização, de modo que se eliminem roedores, aracnídeos e insetos voadores e</p><p>rasteiros, de forma periódica e preventiva, bem como desalojamento e/ou prevenção contra a ocupação de aves e</p><p>morcegos, com fornecimento de material/substâncias adequados às finalidades elencadas, autorizados pela vigilância</p><p>sanitária e empregados por mão de obra qualificada, objetivando manter todos os ambientes das unidades operacionais e</p><p>administrativas da sprf-go permanentemente higienizados e livres das citadas pragas, nas condições estabelecidas no</p><p>termo de referência..</p><p>Fundamento Legal: LEI 14.133/2021. Vigência: 02/01/2026 a 02/01/2028. Valor Total: R$ 64.784,00. Data de Assinatura: 23/12/2025.</p><p>(COMPRASNET 4.0 - 30/12/2025).</p>]]></Texto>
  </body>
  <Midias />
</article></xml>