﻿<xml><article id="47232384" name="CAUMA edital homologacao extrato" idOficio="11502729" pubName="DO3" artType="Resultado de Concurso Público" pubDate="02/01/2026" artClass="00071:00011:00000:00000:00000:00000:00000:00000:00000:00000:00091:00000" artCategory="Entidades de Fiscalização do Exercício das Profissões Liberais/CONSELHO DE ARQUITETURA E URBANISMO DO MARANHÃO" artSize="12" artNotes="ok" numberPage="157" pdfPage="http://pesquisa.in.gov.br/imprensa/jsp/visualiza/index.jsp?data=02/01/2026&amp;jornal=530&amp;pagina=157" editionNumber="1" highlightType="" highlightPriority="" highlight="" highlightimage="" highlightimagename="" idMateria="23468020">
  <body>
    <Identifica><![CDATA[edital]]></Identifica>
    <Data><![CDATA[]]></Data>
    <Ementa />
    <Titulo />
    <SubTitulo />
    <Texto><![CDATA[<p class="identifica">edital</p><p class="identifica">homologação do resultado final do concurso público para provimento</p><p class="identifica">de vaga e formação de cadastro de reserva para cargos de nível médio,</p><p class="identifica">nível técnico e nível superior</p><p>O Presidente do CONSELHO DE ARQUITETURA E URBANISMO DO MARANHÃO - CAU/MA, no uso de suas atribuições legais, torna pública a homologação do resultado final do concurso público para provimento de vaga e formação de cadastro de reserva para cargos de nível médio, nível técnico e nível superior do quadro de pessoal do CAU-MA.</p><p>O resultado definitivo está disponível no endereço eletrônico do Instituto Quadrix: http://www.quadrix.org.br.</p><p>2 DAS DISPOSIÇÕES FINAIS.</p><p>2.1 Todas as publicações oficiais do concurso público encontram-se divulgadas no endereço eletrônico http://www.quadrix.org.br .</p><p>2.2 O Instituto Quadrix não arcará com prejuízos advindos de problemas de ordem técnica dos computadores, falhas de comunicação, congestionamento das linhas de comunicação, bem como de outros fatores, de responsabilidade do candidato, que impossibilitem a visualização de qualquer publicação.</p><p>2.3 O concurso público fica homologado nesta data.</p><p class="assina">HERMES DA FONSECA NETO</p>]]></Texto>
  </body>
  <Midias />
</article></xml>