﻿<xml><article id="47238537" name="2025-12-31/11504024/siasgnet_234" idOficio="11504024" pubName="DO3" artType="Aviso de Licitação-Pregão" pubDate="02/01/2026" artClass="00025:00091:00000:00000:00000:00000:00000:00000:00000:00000:00163:00001" artCategory="Ministério da Educação/Instituto Federal de Educação, Ciência e Tecnologia do Triângulo Mineiro" artSize="12" artNotes="" numberPage="24" pdfPage="http://pesquisa.in.gov.br/imprensa/jsp/visualiza/index.jsp?data=02/01/2026&amp;jornal=530&amp;pagina=24" editionNumber="1" highlightType="" highlightPriority="" highlight="" highlightimage="" highlightimagename="" idMateria="23470931">
  <body>
    <Identifica><![CDATA[ AVISO DE LICITAÇÃO]]></Identifica>
    <Data><![CDATA[]]></Data>
    <Ementa />
    <Titulo />
    <SubTitulo />
    <Texto><![CDATA[<p class="identifica">AVISO DE LICITAÇÃO</p><p class="identifica">Pregão Eletrônico Nº 90050/2025 - UASG 158099</p><p>Nº Processo: 23202004367202598. Objeto: Aquisição de material elétrico e eletrônico para o Instituto Federal do Triângulo Mineiro (IFTM), incluindo Reitoria e Campi.. Total de Itens Licitados: 301. Edital: 02/01/2026 das 08h00 às 11h00 e das 13h00 às 16h00. Endereço: Rua Belarmino Vilela Junqueira, S/nº, Novo Tempo Ii - Ituiutaba/MG ou https://www.gov.br/compras/edital/158099-5-90050-2025. Entrega das Propostas: a partir de 02/01/2026 às 08h00 no site www.gov.br/compras. Abertura das Propostas: 15/01/2026 às 09h00 no site www.gov.br/compras. Informações Gerais: .</p><p class="assina">JACSON HUDSON INACIO FERREIRA</p><p class="cargo">Diretor Geral</p><p>(SIASGnet - 31/12/2025) 158099-26413-2025NE800001</p>]]></Texto>
  </body>
  <Midias />
</article></xml>