﻿<xml><article id="47237070" name="2025-12-31/11503997/SICONV_23470" idOficio="11503997" pubName="DO3" artType="Extrato de Convênio" pubDate="02/01/2026" artClass="00033:00054:00002:01139:00002:00001:00000:00000:00000:00000:00031:00001" artCategory="Ministério da Justiça e Segurança Pública/Secretaria Nacional de Políticas Penais/Diretoria de Políticas Penitenciárias/Coordenação-Geral de Gestão de Instrumentos de Repasse/Coordenação de Acompanhamento e Fiscalização de Instrumentos de Repasse/Divisão de Acompanhamento e Fiscalização de instrumentos de Repasse" artSize="12" artNotes="" numberPage="106" pdfPage="http://pesquisa.in.gov.br/imprensa/jsp/visualiza/index.jsp?data=02/01/2026&amp;jornal=530&amp;pagina=106" editionNumber="1" highlightType="" highlightPriority="" highlight="" highlightimage="" highlightimagename="" idMateria="23470906">
  <body>
    <Identifica><![CDATA[ EXTRATO DE TERMO ADITIVO]]></Identifica>
    <Data><![CDATA[]]></Data>
    <Ementa />
    <Titulo />
    <SubTitulo />
    <Texto><![CDATA[<p class="identifica">EXTRATO DE TERMO ADITIVO</p><p>Espécie: Termo Aditivo de Alteração da Vigência Nº 000010/2025 ao Instrumento código 822247. Convenentes: Concedente: MINISTERIO DA JUSTICA E SEGURANCA PUBLICA, Unidade Gestora: 200456. Convenente: PIAUI-SECRETARIA DE JUSTICA, CNPJ nº 07217342000107. Solicitação de Prorrogação de Vigência do Convênio. Valor Total: R$ 1.994.051,44, Valor de Contrapartida: R$ 49.855,00, Vigência: 01/01/2026 a 30/06/2026. Data de Assinatura: 30/12/2015. Signatários: Concedente: ANDRE DE ALBUQUERQUE GARCIA, CPF nº ***.477.184-**, Convenente: CARLOS AUGUSTO GOMES DE SOUZA, CPF nº ***.224.253-**.</p>]]></Texto>
  </body>
  <Midias />
</article></xml>