﻿<xml><article id="47238168" name="2025-12-30/11503920/SICONV_23470" idOficio="11503920" pubName="DO3" artType="Extrato de Convênio" pubDate="02/01/2026" artClass="00015:00032:00000:00000:00000:00000:00000:00000:00000:00000:00031:00001" artCategory="Ministério da Cultura/Fundação Nacional de Artes" artSize="12" artNotes="" numberPage="5" pdfPage="http://pesquisa.in.gov.br/imprensa/jsp/visualiza/index.jsp?data=02/01/2026&amp;jornal=530&amp;pagina=5" editionNumber="1" highlightType="" highlightPriority="" highlight="" highlightimage="" highlightimagename="" idMateria="23470786">
  <body>
    <Identifica><![CDATA[ EXTRATO DE TERMO ADITIVO]]></Identifica>
    <Data><![CDATA[]]></Data>
    <Ementa />
    <Titulo />
    <SubTitulo />
    <Texto><![CDATA[<p class="identifica">EXTRATO DE TERMO ADITIVO</p><p>Espécie: Termo Aditivo de Alteração da Vigência Nº 000006/2025 ao Instrumento código 891736. Convenentes: Concedente: FUNDACAO NACIONAL DE ARTES, Unidade Gestora: 403201. Convenente: ESTADO DO AMAPA, CNPJ nº 00394577000125. SOLICITAÇÃO DE TERMO ADITIVO DE VIGÊNCIA, conforme o Cronograma de Execução, segundo justificado no OFÍCIO Nº 360101.0076.0806.0239/2025 CPRP - CBMAP, de 31 de outubro de 2025, incluído na aba anexos. Valor Total: R$ 456.368,24, Valor de Contrapartida: R$ 106.368,24, Vigência: 01/01/2026 a 31/12/2026. Data de Assinatura: 30/12/2019. Signatários: Concedente: LEONARDO LESSA DE MENDONCA, CPF nº ***.281.406-**, Convenente: CLECIO LUIS VILHENA VIEIRA, CPF nº ***.755.042-**.</p>]]></Texto>
  </body>
  <Midias />
</article></xml>