﻿<xml><article id="47238519" name="2025-12-31/11503969/COMPRASNETWS" idOficio="11503969" pubName="DO3" artType="Extrato de Adesão" pubDate="02/01/2026" artClass="00044:00020:00092:00000:00000:00000:00000:00000:00000:00000:00017:00001" artCategory="Ministério da Previdência Social/Instituto Nacional do Seguro Social/Superintendência Regional Sudeste I" artSize="12" artNotes="" numberPage="116" pdfPage="http://pesquisa.in.gov.br/imprensa/jsp/visualiza/index.jsp?data=02/01/2026&amp;jornal=530&amp;pagina=116" editionNumber="1" highlightType="" highlightPriority="" highlight="" highlightimage="" highlightimagename="" idMateria="23470856">
  <body>
    <Identifica><![CDATA[ EXTRATO DE TERMO DE ADESãO Nº 153/2025 - UASG 510178]]></Identifica>
    <Data><![CDATA[]]></Data>
    <Ementa />
    <Titulo />
    <SubTitulo />
    <Texto><![CDATA[<p class="identifica">EXTRATO DE TERMO DE ADESãO Nº 153/2025 - UASG 510178</p><p>Nº Processo: 35014.252929/2023-42.</p><p>Inexigibilidade Nº 208/2025. Contratante: SUPERINTENDENCIA REGIONAL SUDESTE I.</p><p>Contratado: 43.976.166/0001-50 - MUNICIPIO DE AMERICO BRASILIENSE. Objeto: Contratação direta por meio de inexigibilidade de licitação, com base no inciso i, do art.74, da lei nº 14.133/2021, com vigência contratual por prazo indeterminado, conforme art. 109, da lei 14.133/2021, dos serviços de saneamento com fornecimento de água tratada e coleta de esgoto para o município de Américo Brasiliense, vinculada a Gex de Araraquara..</p><p>Fundamento Legal: LEI 14.133/2021 - Artigo: 74 - Inciso: I. Vigência: 31/12/2025 a 31/12/2026. Valor Total: R$ 554,16. Data de Assinatura: 29/12/2025.</p><p>(COMPRASNET 4.0 - 31/12/2025).</p>]]></Texto>
  </body>
  <Midias />
</article></xml>