﻿<xml><article id="47232146" name="3.ErickBortolazzo_EXTRATO DO 1A " idOficio="11497816" pubName="DO3" artType="Extrato de Termo Aditivo" pubDate="02/01/2026" artClass="00025:00084:00015:00000:00000:00000:00000:00000:00000:00000:00053:00000" artCategory="Ministério da Educação/Instituto Federal de Educação, Ciência e Tecnologia de São Paulo/Campus Guarulhos" artSize="12" artNotes="" numberPage="24" pdfPage="http://pesquisa.in.gov.br/imprensa/jsp/visualiza/index.jsp?data=02/01/2026&amp;jornal=530&amp;pagina=24" editionNumber="1" highlightType="" highlightPriority="" highlight="" highlightimage="" highlightimagename="" idMateria="23461362">
  <body>
    <Identifica><![CDATA[ EXTRATO De termo aditivo]]></Identifica>
    <Data><![CDATA[]]></Data>
    <Ementa />
    <Titulo />
    <SubTitulo />
    <Texto><![CDATA[<p class="identifica">EXTRATO De termo aditivo</p><p>1º ADITAMENTO DO CONTRATO Nº 5/2025</p><p>Objeto: aditamento de vigência.</p><p>Contratante: IFSP - Câmpus Guarulhos.</p><p>Contratada: Erick Matheus Serafim Bortolazzo.</p><p>Vigência: 01/01/2026 à 09/07/2026.</p><p>Assinaturas: Danila Gomes Freitas, pela contratante, e Erick Matheus Serafim Bortolazzo, contratado.</p>]]></Texto>
  </body>
  <Midias />
</article></xml>