﻿<xml><article id="47232203" name="Aviso de concorrencia PARA PUBLI" idOficio="11499639" pubName="DO3" artType="Aviso de Licitação-Concorrência" pubDate="02/01/2026" artClass="00071:00596:00000:00000:00000:00000:00000:00000:00000:00000:00160:00000" artCategory="Entidades de Fiscalização do Exercício das Profissões Liberais/CONSELHO REGIONAL DOS TÉCNICOS INDUSTRIAIS DO RIO GRANDE NORTE" artSize="12" artNotes="" numberPage="158" pdfPage="http://pesquisa.in.gov.br/imprensa/jsp/visualiza/index.jsp?data=02/01/2026&amp;jornal=530&amp;pagina=158" editionNumber="1" highlightType="" highlightPriority="" highlight="" highlightimage="" highlightimagename="" idMateria="23463722">
  <body>
    <Identifica><![CDATA[ Aviso de concorrência eletrônica]]></Identifica>
    <Data><![CDATA[Em  29 de dezembro de 2025]]></Data>
    <Ementa />
    <Titulo />
    <SubTitulo />
    <Texto><![CDATA[<p class="identifica">Aviso de concorrência eletrônica</p><p class="identifica">Concorrência Nº 1/2025</p><p>Processo:13641.000199/2025-39</p><p>O Conselho Regional dos Técnicos Industriais do RN torna público que realizará no dia 16 de janeiro de 2026 as 09:00, através do seu Agente de Contratação, Concorrência Eletrônica tipo Menor Preço contratação de empresa especializada para regularização de projetos junto a órgãos fiscalizadores e reguladores, e execução de serviços de reforma, adequação estrutural, melhorias de infraestrutura e ampliação do imóvel adquirido pelo CRT-RN em Mossoró/RN, nos termos e condições estabelecidos neste edital e em seus anexos: O aviso e demais informações devem ser solicitados e adquiridos pelo https://www.portaldecompraspublicas.com.br/</p><p class="data">Em 29 de dezembro de 2025</p><p class="assina">Bruno Lira</p><p class="cargo">Agente de Contratação</p>]]></Texto>
  </body>
  <Midias />
</article></xml>