﻿<xml><article id="47231948" name="Extrato do 5A Termo Aditivo ao C" idOficio="11503975" pubName="DO3" artType="Extrato de Termo Aditivo" pubDate="02/01/2026" artClass="00047:00053:00023:00000:00000:00000:00000:00000:00000:00000:00053:00000" artCategory="Ministério da Saúde/Fundação Nacional de Saúde/Superintendência Estadual no Ceará" artSize="12" artNotes="" numberPage="119" pdfPage="http://pesquisa.in.gov.br/imprensa/jsp/visualiza/index.jsp?data=02/01/2026&amp;jornal=530&amp;pagina=119" editionNumber="1" highlightType="" highlightPriority="" highlight="" highlightimage="" highlightimagename="" idMateria="23470862">
  <body>
    <Identifica><![CDATA[EXTRATO DE TERMO ADITIVO]]></Identifica>
    <Data><![CDATA[]]></Data>
    <Ementa />
    <Titulo />
    <SubTitulo />
    <Texto><![CDATA[<p class="identifica">EXTRATO DE TERMO ADITIVO</p><p>5º TERMO ADITIVO AO CV Nº 1195/2019 - TRANSFEREGOV Nº 896490 - MUNICÍPIO DE JAGUARIBE -CE. Espécie: Termo Aditivo ao CV Nº 1195/2019 - TRANSFEREGOV Nº 896490. FUNDAÇÃO NACIONAL DE SAÚDE, Unidade Gestora: 255000. Convenente: MUNICÍPIO DE JAGUARIBE-CE. CNPJ 07.443.708/0001-66. O Presente Termo Aditivo tem por objeto integrar um novo Plano de Trabalho. Data da Assinatura: 30/12/2025. Signatários: Luíz Vinicíus de Holanda Bezerra e Alexandre Gomes Diógenes. Processo nº 25100.014676/2019-00.</p>]]></Texto>
  </body>
  <Midias />
</article></xml>