﻿<xml><article id="47237430" name="2025-12-30/11501450/COMPRASNETWS" idOficio="11501450" pubName="DO3" artType="Extrato de Contrato" pubDate="02/01/2026" artClass="00025:00130:00000:00000:00000:00000:00000:00000:00000:00000:00030:00001" artCategory="Ministério da Educação/Universidade Federal de São Paulo" artSize="12" artNotes="" numberPage="92" pdfPage="http://pesquisa.in.gov.br/imprensa/jsp/visualiza/index.jsp?data=02/01/2026&amp;jornal=530&amp;pagina=92" editionNumber="1" highlightType="" highlightPriority="" highlight="" highlightimage="" highlightimagename="" idMateria="23466474">
  <body>
    <Identifica><![CDATA[ EXTRATO DE CONTRATO Nº 206/2025 - UASG 153031]]></Identifica>
    <Data><![CDATA[]]></Data>
    <Ementa />
    <Titulo />
    <SubTitulo />
    <Texto><![CDATA[<p class="identifica">EXTRATO DE CONTRATO Nº 206/2025 - UASG 153031</p><p>Nº Processo: 23089.046570/2025-85.</p><p>Pregão Nº 90001/2025. Contratante: UNIFESP-UNIVERSIDADE FEDERAL DE SAO PAULO.</p><p>Contratado: 12.477.490/0002-81 - LIDER NOTEBOOKS COMERCIO E SERVICOS LTDA. Objeto: Aquisição de desktops (adesão como participante extraordinário item 4 - desktop intermediário - grupo 02- ata n. 07/2025- pregão 01/2025- uasg mgi - 201057).</p><p>Fundamento Legal: LEI 14.133/2021. Vigência: 30/12/2025 a 29/12/2026. Valor Total: R$ 67.180,00. Data de Assinatura: 29/12/2025.</p><p>(COMPRASNET 4.0 - 30/12/2025).</p>]]></Texto>
  </body>
  <Midias />
</article></xml>