﻿<xml><article id="47233434" name="AVISO DE HOMOLOGACAO DA CONCORRE" idOficio="11501475" pubName="DO3" artType="Aviso de Homologação" pubDate="02/01/2026" artClass="00075:00013:00179:00000:00000:00000:00000:00000:00000:00000:00075:00000" artCategory="Prefeituras/Estado do Pará/Prefeitura Municipal de Óbidos" artSize="12" artNotes="" numberPage="164" pdfPage="http://pesquisa.in.gov.br/imprensa/jsp/visualiza/index.jsp?data=02/01/2026&amp;jornal=530&amp;pagina=164" editionNumber="1" highlightType="" highlightPriority="" highlight="" highlightimage="" highlightimagename="" idMateria="23466502">
  <body>
    <Identifica><![CDATA[ AVISO DE HOMOLOGAÇÃO ]]></Identifica>
    <Data><![CDATA[]]></Data>
    <Ementa />
    <Titulo />
    <SubTitulo />
    <Texto><![CDATA[<p class="identifica">AVISO DE HOMOLOGAÇÃO</p><p class="identifica">CONCORRÊNCIA ELETRÔNICA Nº 3/2025-00011</p><p>A presente licitação tem por Objeto: Contratação de Empresa Especializada para elaborar projetos técnicos para requalificação do Forte Pauxis, para a criação de Escola de Música do Município. (Conforme o Termo de Compromisso TRANSFEREGOV.BR nº 962257 que entre si celebram o IPHAN e o Município de Óbidos/PA, conforme Resolução CGPAC nº 2, número da Proposta TRANSFEREGOV BR: 8121/2024), conforme especificação no memorial descritivo e anexos para atender as demandas da Secretaria Municipal de Cultura e Turismo. Homologado a ENGEARTE ENGENHARIA E SERVIÇOS LTDA - CNPJ: 24.435.164/0001-00, com o lote: 1 no valor total de R$ 386.500,00. Data de Homologação dia 30/12/2025.</p><p class="assina">JAIME BARBOSA DA SILVA</p><p class="cargo">Prefeito</p>]]></Texto>
  </body>
  <Midias />
</article></xml>