﻿<xml><article id="47232008" name="MODELO RTF PARA PUBLICACAO 03-20" idOficio="11456508" pubName="DO3" artType="Extrato" pubDate="02/01/2026" artClass="00073:04862:08553:00000:00000:00000:00000:00000:00000:00000:00171:00000" artCategory="Ineditoriais/FUNDAÇÃO INSTITUTO DE PESQUISAS CONTÁBEIS, ATUARIAIS E FINANCEIRAS" artSize="12" artNotes="" numberPage="158" pdfPage="http://pesquisa.in.gov.br/imprensa/jsp/visualiza/index.jsp?data=02/01/2026&amp;jornal=530&amp;pagina=158" editionNumber="1" highlightType="" highlightPriority="" highlight="" highlightimage="" highlightimagename="" idMateria="23397141">
  <body>
    <Identifica><![CDATA[aviso DE REGISTRO DE DIPLOMAS]]></Identifica>
    <Data><![CDATA[  São Paulo, 12 de dezembro de 2025.]]></Data>
    <Ementa />
    <Titulo />
    <SubTitulo />
    <Texto><![CDATA[<p class="identifica">aviso DE REGISTRO DE DIPLOMAS</p><p>FACULDADE FIPECAFI</p><p>Mantenedora: Fundação, Instituto de Pesquisas Contábeis, Atuariais e Financeiras - CNPJ da Mantenedora: 46.359.865/0001-40.</p><p>Para fins do disposto no art. 21 da Portaria MEC nº 1.095, de 25 de outubro de 2018, esta Instituição de Educação Superior informa que foram registrados 88 (oitenta e oito) diplomas no período de 19/09/2025 a 01/12/2025, nos seguintes livros de registro e sequências numéricas: livro nº1/2025 - registros de nº D2025861, D2025862, D2025905, D2025915, D2025921, D2025927 a D2025932, D2025934, D2025936 a D2025939, D2025942 a D2025950, D2025953, D2025954, D2025956 a D2025958, D2025960 a D2025967, D2025969 a D2025979, D2025983 a D2025985, D2025989 a D20251015, D20251020 a D20251023, D20251025 a D20251029.</p><p>A relação dos diplomas registrados poderá ser consultada em até quinze dias, no endereço http://diplomas.fipecafi.org/.</p><p class="data">São Paulo, 12 de dezembro de 2025.</p><p class="assina">Eliana Rodrigues</p><p class="cargo">Diretora Geral</p>]]></Texto>
  </body>
  <Midias />
</article></xml>