﻿<xml><article id="47233395" name="EXTRATO DO CONTRATO 1073-2025-IN" idOficio="11502206" pubName="DO3" artType="Extrato de Contrato" pubDate="02/01/2026" artClass="00075:00005:00312:00000:00000:00000:00000:00000:00000:00000:00030:00000" artCategory="Prefeituras/Estado da Bahia/Prefeitura Municipal de Luís Eduardo Magalhães" artSize="12" artNotes="" numberPage="161" pdfPage="http://pesquisa.in.gov.br/imprensa/jsp/visualiza/index.jsp?data=02/01/2026&amp;jornal=530&amp;pagina=161" editionNumber="1" highlightType="" highlightPriority="" highlight="" highlightimage="" highlightimagename="" idMateria="23467414">
  <body>
    <Identifica><![CDATA[ EXTRATO DE CONTRATO]]></Identifica>
    <Data><![CDATA[]]></Data>
    <Ementa />
    <Titulo />
    <SubTitulo />
    <Texto><![CDATA[<p class="identifica">EXTRATO DE CONTRATO</p><p>EXTRATO DO CONTRATO Nº: 1073/2025/PFN PROCESSO: SEI nº 17944.002602/2025-19- CONTRATANTES: A UNIÃO, por intermédio da Procuradoria-Geral da Fazenda Nacional PGFN, e a CAIXA ECONÔMICA FEDERAL, com a interveniência do MUNICÍPIO DE LUÍS EDUARDO MAGALHÃES/BA, na qualidade de Tomador. OBJETO: Contrato de Garantia por meio do qual a União se obriga como garantidora do fiel, pontual e integral pagamento das obrigações financeiras assumidas pelo Município de Luís Eduardo Magalhães/BA perante a Caixa Econômica Federal, relativas ao Contrato de Financiamento nº 0644547-38, destinado à execução de projetos e obras de infraestrutura urbana e rural, bem como outras despesas de capital. VALOR GARANTIDO: R$ 80.000.000,00 (oitenta milhões de reais). FUNDAMENTAÇÃO LEGAL: Art. 1º, inciso II, da Lei nº 10.552, de 13 de novembro de 2002; Lei Municipal nº 1.166, de 14 de maio de 2025, alterada pela Lei Municipal nº 1.194, de 03 de dezembro de 2025, e demais normas aplicáveis. VIGÊNCIA: Conforme disposições do contrato de garantia, vinculada à vigência da operação de crédito garantida. DATA DA ASSINATURA: Conforme instrumento contratual. ONDUMAR FERREIRA BORGES JUNIOR Prefeito Municipal 30 de dezembro de 2025</p>]]></Texto>
  </body>
  <Midias />
</article></xml>