﻿<xml><article id="47237463" name="2025-12-30/11503889/COMPRASNETWS" idOficio="11503889" pubName="DO3" artType="Extrato de Termo Aditivo" pubDate="02/01/2026" artClass="00044:00020:00093:00000:00000:00000:00000:00000:00000:00000:00053:00001" artCategory="Ministério da Previdência Social/Instituto Nacional do Seguro Social/Superintendência Regional Sudeste II" artSize="12" artNotes="" numberPage="116" pdfPage="http://pesquisa.in.gov.br/imprensa/jsp/visualiza/index.jsp?data=02/01/2026&amp;jornal=530&amp;pagina=116" editionNumber="1" highlightType="" highlightPriority="" highlight="" highlightimage="" highlightimagename="" idMateria="23470750">
  <body>
    <Identifica><![CDATA[ EXTRATO DE TERMO ADITIVO Nº 18/2025 - UASG 510180]]></Identifica>
    <Data><![CDATA[]]></Data>
    <Ementa />
    <Titulo />
    <SubTitulo />
    <Texto><![CDATA[<p class="identifica">EXTRATO DE TERMO ADITIVO Nº 18/2025 - UASG 510180</p><p>Número do Contrato: 71/2012.</p><p>Nº Processo: 35097.004304/2012-41.</p><p>Dispensa. Nº 7/2012. Contratante: SUPERINTENDENCIA REGIONAL SUDESTE II. Contratado: 09.518.422/0001-28 - R GONTIJO EMPREENDIMENTOS LTDA. Objeto: Termo aditivo tem por objeto a revisão do valor do aluguel conforme previsto na cláusula quarta do contrato a fim de adequar aos preços praticados no mercado imobiliário local e inclusão de procurador.. Vigência: 30/12/2025 a 27/05/2029. Valor Total Atualizado do Contrato: R$ 1.008.000,00. Data de Assinatura: 30/12/2025.</p><p>(COMPRASNET 4.0 - 30/12/2025).</p>]]></Texto>
  </body>
  <Midias />
</article></xml>