﻿<xml><article id="47238531" name="2025-12-30/11502766/COMPRASNETWS" idOficio="11502766" pubName="DO3" artType="Extrato de Contrato" pubDate="02/01/2026" artClass="00033:00045:00043:00000:00000:00000:00000:00000:00000:00000:00030:00001" artCategory="Ministério da Justiça e Segurança Pública/Polícia Federal/Superintendência Regional em Santa Catarina" artSize="12" artNotes="" numberPage="106" pdfPage="http://pesquisa.in.gov.br/imprensa/jsp/visualiza/index.jsp?data=02/01/2026&amp;jornal=530&amp;pagina=106" editionNumber="1" highlightType="" highlightPriority="" highlight="" highlightimage="" highlightimagename="" idMateria="23468129">
  <body>
    <Identifica><![CDATA[ EXTRATO DE CONTRATO Nº 13/2025 - UASG 200370]]></Identifica>
    <Data><![CDATA[]]></Data>
    <Ementa />
    <Titulo />
    <SubTitulo />
    <Texto><![CDATA[<p class="identifica">EXTRATO DE CONTRATO Nº 13/2025 - UASG 200370</p><p>Nº Processo: 08494.001424/2023-93.</p><p>Pregão Nº 90006/2025. Contratante: SUPERINTENDENCIA REGIONAL NO ESTADO DE SC.</p><p>Contratado: 28.067.669/0001-10 - BR NET TECNOLOGIA DA INFORMACAO E INFRAESTRUTURA DE REDES LTDA. Objeto: O objeto do presente instrumento é a contratação de serviços comuns de engenharia/arquitetura para</p><p>realizar reforma do sistema de cabeamento estruturado na delegacia de polícia federal de joinville em</p><p>santa catarina, nos termos da tabela abaixo e nas condições estabelecidas no termo de referência..</p><p>Fundamento Legal: LEI 14.133/2021. Vigência: 30/12/2025 a 29/12/2026. Valor Total: R$ 165.000,00. Data de Assinatura: 30/12/2025.</p><p>(COMPRASNET 4.0 - 30/12/2025).</p>]]></Texto>
  </body>
  <Midias />
</article></xml>