﻿<xml><article id="47238912" name="2025-12-31/11504008/COMPRASNETWS" idOficio="11504008" pubName="DO3" artType="Extrato de Contrato" pubDate="02/01/2026" artClass="00013:00041:00000:00000:00000:00000:00000:00000:00000:00000:00030:00001" artCategory="Ministério da Ciência, Tecnologia e Inovação/Instituto Nacional de Pesquisas Espaciais" artSize="12" artNotes="" numberPage="3" pdfPage="http://pesquisa.in.gov.br/imprensa/jsp/visualiza/index.jsp?data=02/01/2026&amp;jornal=530&amp;pagina=3" editionNumber="1" highlightType="" highlightPriority="" highlight="" highlightimage="" highlightimagename="" idMateria="23470911">
  <body>
    <Identifica><![CDATA[ EXTRATO DE CONTRATO Nº 690/2025 - UASG 240106]]></Identifica>
    <Data><![CDATA[]]></Data>
    <Ementa />
    <Titulo />
    <SubTitulo />
    <Texto><![CDATA[<p class="identifica">EXTRATO DE CONTRATO Nº 690/2025 - UASG 240106</p><p>Nº Processo: 01340.006669/2025-83.</p><p>Pregão Nº 90142/2025. Contratante: INSTITUTO NACIONAL DE PESQ. ESPACIAIS-INPE.</p><p>Contratada: 07.432.517/0001-07 - SIMPRESS COMÉRCIO LOCAÇÃO E SERVIÇOS LTDA. Objeto: contratação de empresa especializada em serviços de outsourcing de impressão, na modalidade de cobrança por locação de equipamento mais custo unitário por página impressa com fornecimento de solução de impressão corporativa, de caráter local, com acesso via rede local (TCP-IP), compreendendo a cessão de direito de uso de equipamentos, software de gerenciamento e bilhetagem, incluindo a prestação de serviço de manutenção preventiva e corretiva, fornecimento de peças e suprimentos necessários (exceto papel), e serviços de operacionalização da solução, para atender as necessidades de impressão do Instituto Nacional de Pesquisas Espaciais - INPE, nas Unidades de São José dos Campos - SP e Cachoeira Paulista - SP, nas condições estabelecidas no Termo de Referência (R.D. Nº 01.06.064.0/25).</p><p>Fundamento Legal: LEI 14.133/2021 - Artigo: 28 - Inciso: I. Vigência: 31/12/2025 a 31/12/2029. Valor Total: R$ 982.106,88. Data de Assinatura: 31/12/2025.</p><p>(COMPRASNET 4.0 - 31/12/2025).</p>]]></Texto>
  </body>
  <Midias />
</article></xml>