﻿<xml><article id="47231755" name="2025 - Extrato - Termo aditivo -" idOficio="11504075" pubName="DO3" artType="Extrato de Termo Aditivo" pubDate="02/01/2026" artClass="00032:00038:00040:00000:00000:00000:00000:00000:00000:00000:00053:00000" artCategory="Ministério da Integração e do Desenvolvimento Regional/Companhia de Desenvolvimento dos Vales do São Francisco e do Parnaíba/16ª Superintendência Regional de Belo Horizonte" artSize="12" artNotes="" numberPage="105" pdfPage="http://pesquisa.in.gov.br/imprensa/jsp/visualiza/index.jsp?data=02/01/2026&amp;jornal=530&amp;pagina=105" editionNumber="1" highlightType="" highlightPriority="" highlight="" highlightimage="" highlightimagename="" idMateria="23471000">
  <body>
    <Identifica><![CDATA[EXTRATO DE TERMO ADITIVO ]]></Identifica>
    <Data><![CDATA[]]></Data>
    <Ementa />
    <Titulo />
    <SubTitulo />
    <Texto><![CDATA[<p></p><p class="identifica">EXTRATO DE TERMO ADITIVO</p><p>Espécie: 4º Termo Aditivo ao Contrato nº 0.0281.00/2022, que faz a Companhia de Desenvolvimento dos Vales do São Francisco e do Parnaíba - CODEVASF e a empresa LÓGICA ASSESSORIA E CONSULTORIA ATUARIAL LTDA. Processo nº 59500.003049/2021-69-e. OBJETO: prestação de serviço de avaliação atuarial com emissão de relatórios da gestão da Fundação São Francisco e Caixa de Assistência à Saúde dos Empregados da Codevasf - CASEC, a fim de prorrogar sua vigência e ratificar as demais cláusulas contratuais. Conforme autorizado por meio da Resolução nº 1550/2025, da Diretoria Executiva, datada de 28 de novembro de 2025. DATA DE ASSINATURA: 03 de dezembro de 2025. ASSINAM: LUCAS FELIPE DE OLIVEIRA, Diretor Presidente da Codevasf, Gerson Vinicius Cestari Souza, Gerente-Executivo da Área de Administração e Tecnologia da Codevasf e Adilson Moraes da Costa Diretor da Lógica Assessoria e Consultoria Atuarial Ltda - Representante legal.</p>]]></Texto>
  </body>
  <Midias />
</article></xml>