﻿<xml><article id="47238360" name="2025-12-28/11497599/COMPRASNETWS" idOficio="11497599" pubName="DO3" artType="Extrato de Termo Aditivo" pubDate="02/01/2026" artClass="00025:00083:00000:00000:00000:00000:00000:00000:00000:00000:00053:00001" artCategory="Ministério da Educação/Instituto Federal de Educação, Ciência e Tecnologia de Santa Catarina" artSize="12" artNotes="" numberPage="22" pdfPage="http://pesquisa.in.gov.br/imprensa/jsp/visualiza/index.jsp?data=02/01/2026&amp;jornal=530&amp;pagina=22" editionNumber="1" highlightType="" highlightPriority="" highlight="" highlightimage="" highlightimagename="" idMateria="23461088">
  <body>
    <Identifica><![CDATA[ EXTRATO DE TERMO ADITIVO Nº 2/2025 - UASG 158516]]></Identifica>
    <Data><![CDATA[]]></Data>
    <Ementa />
    <Titulo />
    <SubTitulo />
    <Texto><![CDATA[<p class="identifica">EXTRATO DE TERMO ADITIVO Nº 2/2025 - UASG 158516</p><p>Número do Contrato: 131/2023.</p><p>Nº Processo: 23292.002473/2023-11.</p><p>Pregão. Nº 21101/2023. Contratante: INST.FED.DE EDUC.,CIENC.E TEC.DE STA.CAT/IFSC. Contratado: 15.686.391/0001-17 - TRANSFER SERVICOS DE ENERGIA LTDA. Objeto: Prorrogação contratual.. Vigência: 01/12/2025 a 01/12/2026. Valor Total Atualizado do Contrato: R$ 10.277,88. Data de Assinatura: 27/10/2025.</p><p>(COMPRASNET 4.0 - 27/10/2025).</p>]]></Texto>
  </body>
  <Midias />
</article></xml>