﻿<xml><article id="47238022" name="2025-12-15/11470967/siasgnet_234" idOficio="11470967" pubName="DO3" artType="Aviso de Licitação-Pregão" pubDate="02/01/2026" artClass="00016:00011:00014:00003:00008:00000:00000:00000:00000:00000:00163:00001" artCategory="Ministério da Defesa/Comando do Exército/Comando Militar do Sudeste/Comando de Defesa Antiaérea do Exército/3º Grupo de Artilharia Antiaérea" artSize="12" artNotes="" numberPage="8" pdfPage="http://pesquisa.in.gov.br/imprensa/jsp/visualiza/index.jsp?data=02/01/2026&amp;jornal=530&amp;pagina=8" editionNumber="1" highlightType="" highlightPriority="" highlight="" highlightimage="" highlightimagename="" idMateria="23421333">
  <body>
    <Identifica><![CDATA[ AVISO DE LICITAÇÃO]]></Identifica>
    <Data><![CDATA[]]></Data>
    <Ementa />
    <Titulo />
    <SubTitulo />
    <Texto><![CDATA[<p class="identifica">AVISO DE LICITAÇÃO</p><p class="identifica">Pregão Eletrônico Nº 90005/2025 - UASG 160369</p><p>Nº Processo: 64539005467202517. Objeto: Processo licitatório para eventual aquisição de material farmacológico para o 3º Grupo de Artilharia Antiaérea e órgãos participantes do GCALC Serra.. Total de Itens Licitados: 171. Edital: 02/01/2026 das 08h30 às 11h30. Endereço: Av Rio Branco, 707 - Bairro Sao Pelegrino, - Caxias do Sul/RS ou https://www.gov.br/compras/edital/160369-5-90005-2025. Entrega das Propostas: a partir de 02/01/2026 às 08h30 no site www.gov.br/compras. Abertura das Propostas: 15/01/2026 às 08h30 no site www.gov.br/compras.</p><p class="assina">GEORGE KOPPE EIRIZ</p><p class="cargo">Ordenador de Despesas do 3º Gaaae</p><p>(SIASGnet - 15/12/2025) 160369-00001-2025NE000001</p>]]></Texto>
  </body>
  <Midias />
</article></xml>