﻿<xml><article id="47238786" name="2025-12-31/11504055/SICONV_23470" idOficio="11504055" pubName="DO3" artType="Extrato de Convênio" pubDate="02/01/2026" artClass="00032:00029:00000:00000:00000:00000:00000:00000:00000:00000:00031:00001" artCategory="Ministério da Integração e do Desenvolvimento Regional/Secretaria Nacional de Políticas de Desenvolvimento Regional e Territorial" artSize="12" artNotes="" numberPage="99" pdfPage="http://pesquisa.in.gov.br/imprensa/jsp/visualiza/index.jsp?data=02/01/2026&amp;jornal=530&amp;pagina=99" editionNumber="1" highlightType="" highlightPriority="" highlight="" highlightimage="" highlightimagename="" idMateria="23470965">
  <body>
    <Identifica><![CDATA[ EXTRATO DE CONVÊNIO]]></Identifica>
    <Data><![CDATA[]]></Data>
    <Ementa />
    <Titulo />
    <SubTitulo />
    <Texto><![CDATA[<p class="identifica">EXTRATO DE CONVÊNIO</p><p>Espécie: Convênio Código 991162, Nº Processo: 59000023758202525, Concedente: MINISTÉRIO DA INTEGRAÇÃO E DO DESENVOLVIMENTO REGIONAL, Convenente: MUNICIPIO DE LIMOEIRO DE ANADIA CNPJ nº 12207403000195, Objeto: Aquisição de máquinas e equipamentos para o Município de Limoeiro de Anadia/AL, Valor Total: R$ 511.296,67, Valor de Contrapartida: R$ 13.035,67, Valor a ser transferido ou descentralizado por exercício: 2025 - R$ 498.261,00, Crédito Orçamentário: Num Empenho: 2025NE001645, Valor: R$ 498.261,00, PTRES: 258248, Fonte Recurso: 3129000000, ND: 444042, Vigência: 30/12/2025 a 30/09/2028, Data de Assinatura: 30/12/2025, Signatários: Concedente: DANIEL ALEX FORTUNATO CPF nº ***.182.211-**, Convenente: JAMES MARLAN FERREIRA BARBOSA CPF nº ***.567.204-**.</p>]]></Texto>
  </body>
  <Midias />
</article></xml>