﻿<xml><article id="47232050" name="PETROLINACONT" idOficio="11499196" pubName="DO3" artType="Aviso" pubDate="02/01/2026" artClass="00075:00016:00170:00000:00000:00000:00000:00000:00000:00000:00107:00000" artCategory="Prefeituras/Estado de Pernambuco/Prefeitura Municipal de Petrolina" artSize="12" artNotes="" numberPage="165" pdfPage="http://pesquisa.in.gov.br/imprensa/jsp/visualiza/index.jsp?data=02/01/2026&amp;jornal=530&amp;pagina=165" editionNumber="1" highlightType="" highlightPriority="" highlight="" highlightimage="" highlightimagename="" idMateria="23463147">
  <body>
    <Identifica><![CDATA[  EXTRATO DOS CONTRATOS Nº 1000/1014(PE 103-2025)]]></Identifica>
    <Data><![CDATA[]]></Data>
    <Ementa />
    <Titulo />
    <SubTitulo />
    <Texto><![CDATA[<p class="identifica">EXTRATO DOS CONTRATOS Nº 1000/1014(PE 103-2025)</p><p>CONTRATO N° 1000/2025 - Processo Adm. Nº 345/2025. Pregão Eletrônico nº 103/2025. Objeto: Contratação de empresa para prestação de serviços de locação de veículos, incluindo vans, micro-ônibus e caminhão baú, destinados a atender às necessidades de deslocamento de servidores e transporte de materiais a longas distâncias, bem como suporte às atividades administrativas, pedagógicas, esportivas e culturais promovidas pela Secretaria Municipal de Educação, Cultura e Esporte de Petrolina/PE. Amparo Legal: Lei Federal nº 14.133/2021. Contratante: Município de Petrolina (10.358.190/0001-77), através da Secretaria Municipal de Educação, Cultura e Esporte. Contratada: REALTUR TRANSPORTE DE PASSAGEIROS E VIAGENS LTDA, CNPJ 31.407.615/0001-60, VALOR GLOBAL R$ 689.880,00. Data do contrato: 20/12/2025. Prazo de vigência: 12(doze) meses. Petrolina, 29/12/2025. Rosane da Costa Santos/Secretaria de Educação, Cultura e Esporte.</p><p>CONTRATO N° 1014/2025 - Processo Adm. Nº 345/2025. Pregão Eletrônico nº 103/2025. Objeto: Contratação de empresa para prestação de serviços de locação de veículos, incluindo vans, micro-ônibus e caminhão baú, destinados a atender às necessidades de deslocamento de servidores e transporte de materiais a longas distâncias, bem como suporte às atividades administrativas, pedagógicas, esportivas e culturais promovidas pela Secretaria Municipal de Educação, Cultura e Esporte de Petrolina/PE. Amparo Legal: Lei Federal nº 14.133/2021. Contratante: Município de Petrolina (10.358.190/0001-77), através da Secretaria Municipal de Educação, Cultura e Esporte. Contratada: J B CARDOSO SERVICO DE TRANSPORTE LTDA, CNPJ 17.918.110/0001-30, VALOR GLOBAL R$ 132.000,00. Data do contrato: 29/12/2025. Prazo de vigência: 12(doze) meses. Petrolina, 29/12/2025. Rosane da Costa Santos/Secretaria de Educação, Cultura e Esporte.</p>]]></Texto>
  </body>
  <Midias />
</article></xml>