﻿<xml><article id="47231713" name="4A TA_Unimed_Materia" idOficio="11498427" pubName="DO3" artType="Extrato de Termo Aditivo" pubDate="02/01/2026" artClass="00071:00128:00000:00000:00000:00000:00000:00000:00000:00000:00053:00000" artCategory="Entidades de Fiscalização do Exercício das Profissões Liberais/CONSELHO REGIONAL DE CONTABILIDADE DO CEARÁ" artSize="12" artNotes="" numberPage="157" pdfPage="http://pesquisa.in.gov.br/imprensa/jsp/visualiza/index.jsp?data=02/01/2026&amp;jornal=530&amp;pagina=157" editionNumber="1" highlightType="" highlightPriority="" highlight="" highlightimage="" highlightimagename="" idMateria="23462157">
  <body>
    <Identifica><![CDATA[ EXTRATO DE TERMO ADITIVO]]></Identifica>
    <Data><![CDATA[]]></Data>
    <Ementa />
    <Titulo />
    <SubTitulo />
    <Texto><![CDATA[<p class="identifica">EXTRATO DE TERMO ADITIVO</p><p>Espécie: 4º ADITIVO AO CONTRATO Nº 001/2021. Contratante: CONSELHO REGIONAL DE CONTABILIDADE DO CEARÁ-CRCCE, CNPJ: 07.093.503/0001-06 e Contratada: UNIMED FORTALEZA SOCIEDADE COOPERATIVA MÉDICA LTDA, CNPJ nº 05.868.278/0001-07. O contrato firmado fica prorrogado por mais 12 (doze) meses, com vigência de 01/10/2025 a 01/10/2026, no valor global de R$ 834.642,00 (oitocentos e trinta e quatro mil, seiscentos e quarenta e dois reais). Assinado em 30 de setembro de 2025. Fellipe Matos Guerra Presidente CRCCE</p>]]></Texto>
  </body>
  <Midias />
</article></xml>