﻿<xml><article id="47237643" name="2025-12-30/11502483/COMPRASNETWS" idOficio="11502483" pubName="DO3" artType="Extrato de Termo Aditivo" pubDate="02/01/2026" artClass="00016:00010:00029:00002:00018:00000:00000:00000:00000:00000:00053:00001" artCategory="Ministério da Defesa/Comando da Aeronáutica/Secretaria de Economia e Finanças e Administração da Aeronáutica/Diretoria de Administração da Aeronáutica/Grupamento de Apoio do Distrito Federal" artSize="12" artNotes="" numberPage="6" pdfPage="http://pesquisa.in.gov.br/imprensa/jsp/visualiza/index.jsp?data=02/01/2026&amp;jornal=530&amp;pagina=6" editionNumber="1" highlightType="" highlightPriority="" highlight="" highlightimage="" highlightimagename="" idMateria="23467716">
  <body>
    <Identifica><![CDATA[ EXTRATO DE TERMO ADITIVO Nº 2/2025 - UASG 120625]]></Identifica>
    <Data><![CDATA[]]></Data>
    <Ementa />
    <Titulo />
    <SubTitulo />
    <Texto><![CDATA[<p class="identifica">EXTRATO DE TERMO ADITIVO Nº 2/2025 - UASG 120625</p><p>Número do Contrato: 083/GAPDFCINDACTA I/2023. Nº Processo: 67612.011822/2022-11. Pregão. Nº 36/2023. Contratante: GRUPAMENTO DE APOIO DO DISTRITO FEDERAL. Contratado: 08.804.362/0001-47 - FACHINELI COMUNICACAO LTDA. Objeto: Prorrogar o prazo da vigência do Contrato nº 083/GAPDFCINDACTA I/2023, por 12 (doze) meses, contemplando-se, nesta ocasião, o período de 30/01/2026 a 29/01/2027, nos termos do art. 57, II da Lei n.º 8.666, de 1993. Vigência: 30/01/2026 a 29/01/2027. Valor Total do Termo Aditivo: R$ 113.719,68. Data de Assinatura: 17/12/2025.</p><p>(COMPRASNET 4.0 - 17/12/2025).</p>]]></Texto>
  </body>
  <Midias />
</article></xml>