﻿<xml><article id="47238759" name="2025-12-30/11502781/siasgnet_234" idOficio="11502781" pubName="DO3" artType="Aviso de Licitação-Pregão" pubDate="02/01/2026" artClass="00025:00063:00004:00000:00000:00000:00000:00000:00000:00000:00163:00001" artCategory="Ministério da Educação/Instituto Federal de Educação, Ciência e Tecnologia do Espírito Santo/Campus Guarapari" artSize="12" artNotes="" numberPage="18" pdfPage="http://pesquisa.in.gov.br/imprensa/jsp/visualiza/index.jsp?data=02/01/2026&amp;jornal=530&amp;pagina=18" editionNumber="1" highlightType="" highlightPriority="" highlight="" highlightimage="" highlightimagename="" idMateria="23468270">
  <body>
    <Identifica><![CDATA[ AVISO DE LICITAÇÃO]]></Identifica>
    <Data><![CDATA[]]></Data>
    <Ementa />
    <Titulo />
    <SubTitulo />
    <Texto><![CDATA[<p class="identifica">AVISO DE LICITAÇÃO</p><p class="identifica">Pregão Eletrônico Nº 90002/2025 - UASG 158883</p><p>Nº Processo: 23183001862202511. Objeto: Aquisição de softwares de simulação hidráulicos e pneumáticos para nosso instituto, utilizados por instituições de ensino como ferramenta de simulação e integração com hardwares e que favorecem uma visão próxima do real de sistemas que envolvem áreas de hidráulica e pneumática, nos termos da tabela abaixo, conforme condições e exigências estabelecidas no Termo de Referência.. Total de Itens Licitados: 1. Edital: 02/01/2026 das 08h00 às 11h00 e das 12h00 às 17h00. Endereço: Avenida Otacílio Vieira Passos, 720, Aeroporto, 29216-790 - Guarapari/es, Aeroporto - Guarapari/ES ou https://www.gov.br/compras/edital/158883-5-90002-2025. Entrega das Propostas: a partir de 02/01/2026 às 08h00 no site www.gov.br/compras. Abertura das Propostas: 14/01/2026 às 09h00 no site www.gov.br/compras. Informações Gerais: .</p><p class="assina">HAISSA TEIXEIRA CRUZ AMORIM</p><p class="cargo">Pregoeira</p><p>(SIASGnet - 30/12/2025) 158883-26406-2025NE999999</p>]]></Texto>
  </body>
  <Midias />
</article></xml>