﻿<xml><article id="47233425" name="Aviso de Licitacao DOU" idOficio="11500957" pubName="DO3" artType="Aviso de Licitação-Concorrência" pubDate="02/01/2026" artClass="00075:00014:00094:00000:00000:00000:00000:00000:00000:00000:00160:00000" artCategory="Prefeituras/Estado da Paraíba/Prefeitura Municipal de Dona Inês" artSize="12" artNotes="" numberPage="164" pdfPage="http://pesquisa.in.gov.br/imprensa/jsp/visualiza/index.jsp?data=02/01/2026&amp;jornal=530&amp;pagina=164" editionNumber="1" highlightType="" highlightPriority="" highlight="" highlightimage="" highlightimagename="" idMateria="23465774">
  <body>
    <Identifica><![CDATA[  AVISO DE LICITAÇÃO]]></Identifica>
    <Data><![CDATA[ Dona Inês - PB, 30 de Dezembro  de 2025.]]></Data>
    <Ementa />
    <Titulo />
    <SubTitulo />
    <Texto><![CDATA[<p class="identifica">AVISO DE LICITAÇÃO</p><p class="identifica">CONCORRÊNCIA ELETRONICA Nº 7/2025</p><p>A Prefeitura Municipal de Dona Inês, torna público que fará realizar através do Agente de Contratação e Equipe de Apoio, por meio do site www.portaldecompraspublicas.com.br, às 09:00 horas do dia 21 de Janeiro de 2026. Início da fase de lances: para ocorrer nessa mesma sessão pública. Licitação na modalidade Concorrência Eletrônica, do tipo menor preço, para: CONTRATAÇÃO DE EMPRESA ESPECIALIZADA NO RAMO DA CONSTRUÇÃO CIVIL, PARA REALIZAR: CONSTRUÇÃO DE 20 (VINTE) UNIDADES HABITACIONAIS NESTE MUNICÍPIO, CONFORME PROPOSTA: 040221/2025 - MINISTERIO DAS CIDADES.</p><p>Recursos: PROPOSTA: 040221/2025 - MINISTERIO DAS CIDADES/RECURSOS PRÓPRIOS. Fundamento legal: Lei Federal nº 14.133/21; Lei Complementar nº 123/06. Informações e edital: Telefone: (53) 97120441. E-mail: licitacao@pmdonaines.pb.gov.br. Edital: www.pmdonaines.pb.gov.br; www.tce.pb.gov.br; www.portaldecompraspublicas.com.br; www.gov.br/pncp.</p><p class="data">Dona Inês - PB, 30 de Dezembro de 2025.</p><p class="assina">MARIA GORETE DA SILVA</p><p class="cargo">Agente de Contrataçao</p>]]></Texto>
  </body>
  <Midias />
</article></xml>