﻿<xml><article id="47237085" name="2025-12-28/11497645/COMPRASNETWS" idOficio="11497645" pubName="DO3" artType="Extrato de Contrato" pubDate="02/01/2026" artClass="00025:00083:00000:00000:00000:00000:00000:00000:00000:00000:00030:00001" artCategory="Ministério da Educação/Instituto Federal de Educação, Ciência e Tecnologia de Santa Catarina" artSize="12" artNotes="" numberPage="21" pdfPage="http://pesquisa.in.gov.br/imprensa/jsp/visualiza/index.jsp?data=02/01/2026&amp;jornal=530&amp;pagina=21" editionNumber="1" highlightType="" highlightPriority="" highlight="" highlightimage="" highlightimagename="" idMateria="23461094">
  <body>
    <Identifica><![CDATA[ EXTRATO DE CONTRATO Nº 202/2025 - UASG 158516]]></Identifica>
    <Data><![CDATA[]]></Data>
    <Ementa />
    <Titulo />
    <SubTitulo />
    <Texto><![CDATA[<p class="identifica">EXTRATO DE CONTRATO Nº 202/2025 - UASG 158516</p><p>Nº Processo: 23292.024458/2025-88.</p><p>Pregão Nº 90001/2025. Contratante: INST.FED.DE EDUC.,CIENC.E TEC.DE STA.CAT/IFSC.</p><p>Contratado: 12.477.490/0002-81 - LIDER NOTEBOOKS COMERCIO E SERVICOS LTDA. Objeto: Contratação de solução de tecnologia da informação e comunicação para a aquisição de computadores (desktops e monitores) para o campus são josé.</p><p>Fundamento Legal: LEI 14.133/2021. Vigência: 28/10/2025 a 28/10/2030. Valor Total: R$ 332.541,00. Data de Assinatura: 28/10/2025.</p><p>(COMPRASNET 4.0 - 28/12/2025).</p>]]></Texto>
  </body>
  <Midias />
</article></xml>