﻿<xml><article id="47233934" name="3 SEPPE ETFOMENTO 01245.008795_2" idOficio="11503992" pubName="DO3" artType="Extrato de Termo de Fomento" pubDate="02/01/2026" artClass="00013:00057:00000:00000:00000:00000:00000:00000:00000:00000:00191:00000" artCategory="Ministério da Ciência, Tecnologia e Inovação/Secretaria de Políticas e Programas Estratégicos" artSize="12" artNotes="" numberPage="3" pdfPage="http://pesquisa.in.gov.br/imprensa/jsp/visualiza/index.jsp?data=02/01/2026&amp;jornal=530&amp;pagina=3" editionNumber="1" highlightType="" highlightPriority="" highlight="" highlightimage="" highlightimagename="" idMateria="23470901">
  <body>
    <Identifica><![CDATA[ EXTRATO  DE FOMENTO]]></Identifica>
    <Data><![CDATA[]]></Data>
    <Ementa />
    <Titulo />
    <SubTitulo />
    <Texto><![CDATA[<p class="identifica">EXTRATO DE FOMENTO</p><p>PROCESSO N°: 01245.008495/2025-71</p><p>PORTAL TRANSFEREGOV.BR Nº: 984298/2025</p><p>INSTRUMENTO: Termo de Fomento, nos termos da Lei nº 13.019, de 31 de julho de 2014 e Decreto nº 8.726, de 27 de abril de 2016.</p><p>PARTÍCIPES: A UNIÃO, por intermédio do MINISTÉRIO DA CIÊNCIA, TECNOLOGIA E INOVAÇÃO, inscrito no CNPJ/MF sob o nº 01.263.896/0001-64 e o INSTITUTO BRASILEIRO DE ENSINO E PESQUISA DA MEDICINA HIPERBARICA - IBEPMH, inscrito no CNPJ sob o nº 35.778.135/0001-67.</p><p>OBJETO: Realização do projeto para "Ensaio clínico controlado randomizado multicêntrico sobre o efeito da oxigenioterapia hiperbárica (OHB) no pé diabético complicado ambulatorial.", visando à consecução de finalidade de interesse público e recíproco, conforme especificações estabelecidas no plano de trabalho.</p><p>RECURSOS APLICADOS: R$ 6.000.000,00 (seis milhões de reais), disponibilizados pelo Ministério da Ciência, Tecnologia e Inovação à conta da ação orçamentária 215L (Fomento à Pesquisa e ao Desenvolvimento Científico e Tecnológico), Categoria Econômica 3 (Despesas Correntes), empenhados sob o nº 2025NE000064, Unidade Gestora 240305 (CGTV), recursos provenientes da Emenda Parlamentar Individual nº 38050004, de autoria do Senador Wellington Fagundes.</p><p>DATA DA ASSINATURA: 30/12/2025.</p><p>VIGÊNCIA: de 30 de dezembro de 2025 a 29 de agosto de 2027.</p><p>SIGNATÁRIOS: Pela Administração Pública, OSVALDO LUIZ LEAL DE MORAES, Secretário de Políticas e Programas Estratégicos do Ministério da Ciência, Tecnologia e Inovação Substituto, e pela OSC, IVAN SILVA MARINHO, Presidente do Instituto Brasileiro de Ensino e Pesquisa da Medicina Hiperbarica - IBEPMH.</p>]]></Texto>
  </body>
  <Midias />
</article></xml>