﻿<xml><article id="47231668" name="AVISO ADESAO ATA REG. PRECO CIMP" idOficio="11502593" pubName="DO3" artType="Extrato de Adesão" pubDate="02/01/2026" artClass="00075:00007:00060:00000:00000:00000:00000:00000:00000:00000:00017:00000" artCategory="Prefeituras/Estado do Espírito Santo/Prefeitura Municipal de Muqui" artSize="12" artNotes="" numberPage="162" pdfPage="http://pesquisa.in.gov.br/imprensa/jsp/visualiza/index.jsp?data=02/01/2026&amp;jornal=530&amp;pagina=162" editionNumber="1" highlightType="" highlightPriority="" highlight="" highlightimage="" highlightimagename="" idMateria="23467892">
  <body>
    <Identifica><![CDATA[AVISO DEADESÃO À ATA DE REGISTRO DE PREÇO]]></Identifica>
    <Data><![CDATA[Muqui-ES, 23 de dezembro de 2025.]]></Data>
    <Ementa />
    <Titulo />
    <SubTitulo />
    <Texto><![CDATA[<p class="identifica">AVISO DEADESÃO À ATA DE REGISTRO DE PREÇO</p><p>ID 2025.051E0700001.16.0014</p><p>O Município de Muqui-ES torna público adesão à Ata de Registro de Preço nº 113/2025, pregão eletrônico para registro de preços nº 020/2025, do CONSÓRCIO PÚBLICO DA REGIÃO POLINORTE/ES - CIMPOLINORTE, para a seguinte contratação: Contratante: Prefeitura Municipal de Muqui-ES; Objeto: 03 VEÍCULOS DE PASSEIO 05 LUGARES, 1.0 TURBO, TIPO HATCH, ZERO KM, MARCA: VOLKSWAGEN, TRANSMISSÃO: AUTOMÁTICA. VEÍCULO NOVO, ANO/MODELO DE FABRICAÇÃO 2025; Contratada: RECREIO VITÓRIA VEÍCULOS SA, CNPJ 01.973.495/0001-06; Valor R$ 314.700,00. Dt. Orçamentária: Fonte de Recurso 166000000001, Ficha: 0000321 e Fonte 166000000001, Ficha 0000244 (Emenda Parlamentar 202527740004) e; Fonte de Recurso 17550000000, Ficha 0000044.</p><p class="data">Muqui-ES, 23 de dezembro de 2025.</p><p class="assina">Sérgio Luiz Anequim</p><p class="cargo">Prefeito</p>]]></Texto>
  </body>
  <Midias />
</article></xml>