﻿<xml><article id="47232240" name="TUCANOCONC" idOficio="11502499" pubName="DO3" artType="Aviso" pubDate="02/01/2026" artClass="00075:00005:00492:00000:00000:00000:00000:00000:00000:00000:00107:00000" artCategory="Prefeituras/Estado da Bahia/PREFEITURA MUNICIPAL DE TUCANO" artSize="12" artNotes="" numberPage="162" pdfPage="http://pesquisa.in.gov.br/imprensa/jsp/visualiza/index.jsp?data=02/01/2026&amp;jornal=530&amp;pagina=162" editionNumber="1" highlightType="" highlightPriority="" highlight="" highlightimage="" highlightimagename="" idMateria="23467775">
  <body>
    <Identifica><![CDATA[aviso de licitação]]></Identifica>
    <Data><![CDATA[ Em 30 de dezembro de 2025]]></Data>
    <Ementa />
    <Titulo />
    <SubTitulo />
    <Texto><![CDATA[<p class="identifica">aviso de licitação</p><p class="identifica">CONCORRENCIA N° 13/2025</p><p>Abertura: 26/01/2025 às 10h00min. (horário local).</p><p>Contratação de empresa de engenharia executar a construção de uma escola de 09 salas padrão FNDE no Distrito de Rua Nova, para atender as necessidades da Secretaria de Educação do Município de Tucano. Os interessados poderão obter informações e/ou o Edital e seus anexos pelo portal https://bll.org.br e no e-mail: licitacaotucano@outlook.com. Telefax (75) 3272-2181,</p><p class="data">Em 30 de dezembro de 2025</p><p class="assina">Ana Paula Solposto Nogueira</p><p class="cargo">Agente de Contratação</p>]]></Texto>
  </body>
  <Midias />
</article></xml>