﻿<xml><article id="47232363" name="EXTRATO TERMO ADITIVO ANDRE LUIS" idOficio="11503673" pubName="DO3" artType="Extrato de Termo Aditivo" pubDate="02/01/2026" artClass="00025:00066:00005:00000:00000:00000:00000:00000:00000:00000:00053:00000" artCategory="Ministério da Educação/Instituto Federal de Educação, Ciência e Tecnologia Goiano/Campus Rio Verde" artSize="12" artNotes="" numberPage="19" pdfPage="http://pesquisa.in.gov.br/imprensa/jsp/visualiza/index.jsp?data=02/01/2026&amp;jornal=530&amp;pagina=19" editionNumber="1" highlightType="" highlightPriority="" highlight="" highlightimage="" highlightimagename="" idMateria="23469874">
  <body>
    <Identifica><![CDATA[ EXTRATO DE TERMO ADITIVO]]></Identifica>
    <Data><![CDATA[]]></Data>
    <Ementa />
    <Titulo />
    <SubTitulo />
    <Texto><![CDATA[<p class="identifica">EXTRATO DE TERMO ADITIVO</p><p>ESPÉCIE: Termo Aditivo ao Contrato nº 144/2024. PROCESSO: 23218.004119.2023-14. OBJETO: Altera a Cláusula 5ª do Contrato n° 144/2024. FUNDAMENTO LEGAL: Inciso III, Artigo 4° da Lei n° 8.745/93, modificada pela Lei n° 9.849/99. VIGÊNCIA: 01.01.2026 a 30.06.2026. CONTRATANTE: Campus Rio Verde do Instituto Federal de Educação, Ciência e Tecnologia Goiano. CONTRATADO: André Luis de Sousa Pedroso. DATA DA ASSINATURA: 30.12.2025. SIGNATÁRIOS: Fabiano Guimarães Silva, pelo contratante e André Luis de Sousa Pedroso. FABIANO GUIMARAES SILVA DIRETOR-GERAL 30.12.2025</p>]]></Texto>
  </body>
  <Midias />
</article></xml>