﻿<xml><article id="47237751" name="2025-12-30/11503885/COMPRASNETWS" idOficio="11503885" pubName="DO3" artType="Extrato de Contrato" pubDate="02/01/2026" artClass="00013:00035:00000:00000:00000:00000:00000:00000:00000:00000:00030:00001" artCategory="Ministério da Ciência, Tecnologia e Inovação/Instituto Brasileiro de Informação em Ciência e Tecnologia" artSize="12" artNotes="" numberPage="3" pdfPage="http://pesquisa.in.gov.br/imprensa/jsp/visualiza/index.jsp?data=02/01/2026&amp;jornal=530&amp;pagina=3" editionNumber="1" highlightType="" highlightPriority="" highlight="" highlightimage="" highlightimagename="" idMateria="23470724">
  <body>
    <Identifica><![CDATA[ EXTRATO DE CONTRATO Nº 24/2025 - UASG 240121]]></Identifica>
    <Data><![CDATA[]]></Data>
    <Ementa />
    <Titulo />
    <SubTitulo />
    <Texto><![CDATA[<p class="identifica">EXTRATO DE CONTRATO Nº 24/2025 - UASG 240121</p><p>Nº Processo: 01245.026479/2025-61.</p><p>Dispensa Nº 116/2025. Contratante: INST.BRAS.DE INFORM. EM CIENCIA E TECNOLOGIA.</p><p>Contratado: 18.720.938/0001-41 - FUNDACAO DE DESENVOLVIMENTO DA PESQUISA. Objeto: Contratação da fundação de desenvolvimento da pesquisa - fundep com a finalidade de dar apoio à gestão administrativa e financeira ao projeto de pesquisa " cinfo-tais-df: centro de conhecimento em tecnologia assistiva e suporte integral para a pessoa com deficiência no distrito federal"..</p><p>Fundamento Legal: LEI 14.133/2021 - Artigo: 75 - Inciso: XV. Vigência: 30/12/2025 a 30/12/2028. Valor Total: R$ 6.000.000,00. Data de Assinatura: 30/12/2025.</p><p>(COMPRASNET 4.0 - 30/12/2025).</p>]]></Texto>
  </body>
  <Midias />
</article></xml>