﻿<xml><article id="47238660" name="2025-12-30/11502519/siasgnet_234" idOficio="11502519" pubName="DO3" artType="Aviso de Licitação-Pregão" pubDate="02/01/2026" artClass="00025:00076:00012:00000:00000:00000:00000:00000:00000:00000:00163:00001" artCategory="Ministério da Educação/Instituto Federal de Educação, Ciência e Tecnologia de Pernambuco/Campus Recife" artSize="12" artNotes="" numberPage="20" pdfPage="http://pesquisa.in.gov.br/imprensa/jsp/visualiza/index.jsp?data=02/01/2026&amp;jornal=530&amp;pagina=20" editionNumber="1" highlightType="" highlightPriority="" highlight="" highlightimage="" highlightimagename="" idMateria="23467767">
  <body>
    <Identifica><![CDATA[ AVISO DE LICITAÇÃO]]></Identifica>
    <Data><![CDATA[]]></Data>
    <Ementa />
    <Titulo />
    <SubTitulo />
    <Texto><![CDATA[<p class="identifica">AVISO DE LICITAÇÃO</p><p class="identifica">Pregão Eletrônico Nº 90003/2025 - UASG 158464</p><p>Nº Processo: 23295003139202588. Objeto: Aquisição de Insumos de Microbiologia para as aulas práticas de microbiologia geral e aplicada do curso técnico de química industrial do IFPE Campus Recife.. Total de Itens Licitados: 73. Edital: 02/01/2026 das 08h00 às 17h00. Endereço: Av Prof. Luiz Freire 500 Bloco A- Leste, Cidade Universitária - Recife/PE ou https://www.gov.br/compras/edital/158464-5-90003-2025. Entrega das Propostas: a partir de 02/01/2026 às 08h00 no site www.gov.br/compras. Abertura das Propostas: 19/01/2026 às 09h00 no site www.gov.br/compras.</p><p class="assina">JOSE LEONE DE OLIVEIRA JUNIOR</p><p class="cargo">Agente da Contratação</p><p>(SIASGnet - 30/12/2025) 158464-26418-2026NE800000</p>]]></Texto>
  </body>
  <Midias />
</article></xml>