﻿<xml><article id="47238159" name="2025-12-30/11501926/COMPRASNETWS" idOficio="11501926" pubName="DO3" artType="Extrato de Contrato" pubDate="02/01/2026" artClass="00025:00061:00000:00000:00000:00000:00000:00000:00000:00000:00030:00001" artCategory="Ministério da Educação/Instituto Federal de Educação, Ciência e Tecnologia Catarinense" artSize="12" artNotes="" numberPage="17" pdfPage="http://pesquisa.in.gov.br/imprensa/jsp/visualiza/index.jsp?data=02/01/2026&amp;jornal=530&amp;pagina=17" editionNumber="1" highlightType="" highlightPriority="" highlight="" highlightimage="" highlightimagename="" idMateria="23467037">
  <body>
    <Identifica><![CDATA[ EXTRATO DE CONTRATO Nº 225/2025 - UASG 158125]]></Identifica>
    <Data><![CDATA[]]></Data>
    <Ementa />
    <Titulo />
    <SubTitulo />
    <Texto><![CDATA[<p class="identifica">EXTRATO DE CONTRATO Nº 225/2025 - UASG 158125</p><p>Nº Processo: 23354.003676/2025-15.</p><p>Concorrência Nº 90525/2025. Contratante: INSTITUTO FEDERAL CATARINENSE - REITORIA.</p><p>Contratado: 30.807.045/0001-33 - BMV SERVICOS DE ENGENHARIA LTDA. Objeto: Contratação de empresa especializada de engenharia para serviços de elaboração e execução de projeto da obra que tem por finalidade o funcionamento da nova biblioteca do campus santa rosa do sul.</p><p>Fundamento Legal: LEI 14.133/2021 - Artigo: 28 - Inciso: II. Vigência: 30/12/2025 a 30/06/2027. Valor Total: R$ 1.793.649,71. Data de Assinatura: 30/12/2025.</p><p>(COMPRASNET 4.0 - 30/12/2025).</p>]]></Texto>
  </body>
  <Midias />
</article></xml>