﻿<xml><article id="47237748" name="2025-12-30/11503884/SICONV_23470" idOficio="11503884" pubName="DO3" artType="Extrato de Convênio" pubDate="02/01/2026" artClass="00048:00000:00000:00000:00000:00000:00000:00000:00000:00000:00031:00001" artCategory="Ministério do Trabalho e Emprego" artSize="12" artNotes="" numberPage="120" pdfPage="http://pesquisa.in.gov.br/imprensa/jsp/visualiza/index.jsp?data=02/01/2026&amp;jornal=530&amp;pagina=120" editionNumber="1" highlightType="" highlightPriority="" highlight="" highlightimage="" highlightimagename="" idMateria="23470723">
  <body>
    <Identifica><![CDATA[ EXTRATO DE TERMO DE FOMENTO]]></Identifica>
    <Data><![CDATA[]]></Data>
    <Ementa />
    <Titulo />
    <SubTitulo />
    <Texto><![CDATA[<p class="identifica">EXTRATO DE TERMO DE FOMENTO</p><p>Espécie: Termo de Fomento Código 991217, Nº Processo: 47975200573202544, Concedente: MINISTERIO DO TRABALHO E EMPREGO, Convenente: INSTITUTO PALMAS DE DESENVOLVIMENTO E SOCIOECONOMIA SOLIDARIA CNPJ nº 05705438000199, Objeto: A presente proposta visa estabelecer cooperação entre o Ministério do Trabalho e Emprego - MTE e Instituto Palmas de Desenvolvimento e Socioeconomia Solidária, para desenvolver o Projeto Rede Brasileira de Bancos Comunitários de Desenvolvimento - RBBCD, com o objetivo de articular, animar e fortalecer a Rede Brasileira de Bancos Comunitários de Desenvolvimento constituída por Empreendimentos Econômicos Solidários (Bancos Comunitários com moedas sociais e ambientais) como estratégia de fortalecimento das finanças solidárias, enquanto eixo estruturante da economia solidária, com vistas à promoção do trabalho decente, da inclusão socioprodutiva e do desenvolvimento solidário e sustentável., Valor Total: R$ 1.500.000,00, Valor de Contrapartida: R$ 0,00, Valor a ser transferido ou descentralizado por exercício: 2025 - R$ 899.510,00; 2026 - R$ 600.490,00, Crédito Orçamentário: Num Empenho: 2025NE000162, Valor: R$ 570.500,00, PTRES: 235739, Fonte Recurso: 1000000000, ND: 339035; Num Empenho: 2025NE000161, Valor: R$ 63.800,00, PTRES: 235739, Fonte Recurso: 1000000000, ND: 339014; Num Empenho: 2025NE000160, Valor: R$ 362.890,00, PTRES: 235739, Fonte Recurso: 1000000000, ND: 339039; Num Empenho: 2025NE000159, Valor: R$ 233.440,00, PTRES: 235739, Fonte Recurso: 1000000000, ND: 339033; Num Empenho: 2025NE000158, Valor: R$ 269.370,00, PTRES: 235739, Fonte Recurso: 1000000000, ND: 339040, Vigência: 30/12/2025 a 30/12/2027, Data de Assinatura: 30/12/2025, Signatários: Concedente: GILBERTO CARVALHO CPF nº ***.989.609-**, Convenente: IZIMARIO SILVESTRE NOBRE CPF nº ***.682.873-**.</p>]]></Texto>
  </body>
  <Midias />
</article></xml>