﻿<xml><article id="47233928" name="ExtratoContrato in" idOficio="11500741" pubName="DO3" artType="Extrato de Adesão" pubDate="02/01/2026" artClass="00075:00013:00212:00000:00000:00000:00000:00000:00000:00000:00017:00000" artCategory="Prefeituras/Estado do Pará/Prefeitura Municipal de Santa Maria das Barreiras" artSize="12" artNotes="" numberPage="164" pdfPage="http://pesquisa.in.gov.br/imprensa/jsp/visualiza/index.jsp?data=02/01/2026&amp;jornal=530&amp;pagina=164" editionNumber="1" highlightType="" highlightPriority="" highlight="" highlightimage="" highlightimagename="" idMateria="23465535">
  <body>
    <Identifica><![CDATA[ EXTRATO De CONTRATO  Nº    27015/2025   SME/FUNDEB]]></Identifica>
    <Data><![CDATA[]]></Data>
    <Ementa />
    <Titulo />
    <SubTitulo />
    <Texto><![CDATA[<p class="identifica">EXTRATO De CONTRATO Nº 27015/2025 SME/FUNDEB</p><p>OBJETO : O objeto do presente instrumento é a aquisição de Ônibus Rural Escolar, dos tipos ORE ZERO 4X4, ORE 1 4X4, ORE 1, ORE 2, ORE 3, e Ônibus Urbano Escolar, dos tipos ONUREA Piso Alto e ONUREA Piso Baixo, pelos Estados, Distrito Federal e Municípios, para o transporte escolar diário de Estudantes das redes públicas de ensino, conforme processo administrativo PMSMB Nº 126/2025; Atas de Registro de Processo nº 2303428908/2022-18 - FNDE decorrente do pregão eletrônico nº 006/2023 FNDE. Contratante: PREFEITURA MUNICIPAL DE SANTA MARIA DAS BARREIRAS/FUNDO MUNICIPAL DE EDUCAÇÃO CNPJ (MF) Nº 10.249.381/0001-09,. Contratada: IVG BRASIL LTDA, inscrito(a) no CNPJ/MF sob o nº 36.519.422/0001-15, sediado(a) na RODOVIA MG-238, KM 73.5 - bLOCO II, SALA ON-HIGHWAY, DISTRITO INDUSTRIAL NORT, SETE LAGOAS/MG, e sua filial, inscrita no CNPJ n.º 36.519.422/0006-20, localizada na Avenida Jerome Case, nº. 1801, Edifício IVG, sala IVG, Portaria 3, bairro Éden, CEP: 18.087-220, na cidade de Sorocaba/SP,, localizado na R CAMPOS SALES, R$ 497.152,49 (quatrocentos e noventa e sete mil, cento e Cinquenta e dois reais e quarenta e nove centavos).. O prazo de vigência da contratação é de 320 dias contados da assinatura do contrato, na Forma do artigo 105 da Lei n° 14.133, de 2021.. Santa Maria das Barreiras, Pará, 26 de dezembro de 2025.</p><p>.</p>]]></Texto>
  </body>
  <Midias />
</article></xml>