﻿<xml><article id="47232333" name="EXT. Adv. e Multa Empresa CLARAE" idOficio="11503177" pubName="DO3" artType="Aviso de Penalidade" pubDate="02/01/2026" artClass="00033:00045:00038:00000:00000:00000:00000:00000:00000:00000:00081:00000" artCategory="Ministério da Justiça e Segurança Pública/Polícia Federal/Superintendência Regional no Rio Grande do Norte" artSize="12" artNotes="" numberPage="105" pdfPage="http://pesquisa.in.gov.br/imprensa/jsp/visualiza/index.jsp?data=02/01/2026&amp;jornal=530&amp;pagina=105" editionNumber="1" highlightType="" highlightPriority="" highlight="" highlightimage="" highlightimagename="" idMateria="23468646">
  <body>
    <Identifica><![CDATA[ AVISO DE APLICAÇÃO DE SANÇÃO CONTRATUAL]]></Identifica>
    <Data><![CDATA[ Natal/RN, 30 de dezembro de 2025.]]></Data>
    <Ementa />
    <Titulo />
    <SubTitulo />
    <Texto><![CDATA[<p class="identifica">AVISO DE APLICAÇÃO DE SANÇÃO CONTRATUAL</p><p>Partes: Superintendência Regional de Polícia Federal no Estado do Rio Grande do Norte e a Empresa Clarear Comércio e Serviços de Mão de Obra - EIRELI, CNPJ: 02.567.270/0001-04. Objeto: A Superintendência Regional de Polícia Federal no Estado do Rio Grande do Norte (SR/PF/RN), neste ato representada pelo seu Superintendente Regional - Substituto, Delegado de Polícia Federal, Sr. Caio César Marques Bezerra, torna público que foi aplicada à Empresa Clarear Comércio e Serviços de Mão de Obra - EIRELI, CNPJ: 02.567.270/0001-04 as sanções de advertência por escrito e de multa contratual no valor de R$ R$ 1.654,97 (um mil seiscentos e cinquenta e quatro reais e noventa e sete centavos), conforme decisão fundamentada da Autoridade Competente, em virtude do Processo Administrativo Sancionador SEI nº 08420.003177/2025-95. Fundamento Legal: incisos I e II c/c §2º, do art. 87, da Lei nº 8.666/93 e item 23 do Termo de Referência. Data da assinatura: 30.12.2025.</p><p class="data">Natal/RN, 30 de dezembro de 2025.</p><p class="assina">Caio César Marques Bezerra.</p><p class="cargo">Superintendente Regional Substituto</p>]]></Texto>
  </body>
  <Midias />
</article></xml>