﻿<xml><article id="47238345" name="2025-12-19/11486743/COMPRASNETWS" idOficio="11486743" pubName="DO3" artType="Extrato de Termo Aditivo" pubDate="02/01/2026" artClass="00025:00084:00017:00000:00000:00000:00000:00000:00000:00000:00053:00001" artCategory="Ministério da Educação/Instituto Federal de Educação, Ciência e Tecnologia de São Paulo/Campus Itapetininga" artSize="12" artNotes="" numberPage="24" pdfPage="http://pesquisa.in.gov.br/imprensa/jsp/visualiza/index.jsp?data=02/01/2026&amp;jornal=530&amp;pagina=24" editionNumber="1" highlightType="" highlightPriority="" highlight="" highlightimage="" highlightimagename="" idMateria="23445163">
  <body>
    <Identifica><![CDATA[ EXTRATO DE TERMO ADITIVO Nº 11526/2025 - UASG 158526]]></Identifica>
    <Data><![CDATA[]]></Data>
    <Ementa />
    <Titulo />
    <SubTitulo />
    <Texto><![CDATA[<p class="identifica">EXTRATO DE TERMO ADITIVO Nº 11526/2025 - UASG 158526</p><p>Número do Contrato: 1526/2025.</p><p>Nº Processo: 23433.000306/2025-38.</p><p>Dispensa. Nº 5/2025. Contratante: IFSP - CAMPUS ITAPETININGA. Contratado: 04.969.084/0001-27 - PREDILAR SOLUCOES EM SERVICOS LTDA. Objeto: Prorrogação do prazo de vigência do contrato nº 1526/2026, cujo objeto é a prestação de serviços de apoio administrativo (profissional de apoio escolar 40h) visando proporcionar apoio aos estudantes com necessidades educacionais específicas (nee) do instituto federal de educação, ciência e tecnologia de são paulo - ifsp - campus itapetininga. Vigência: 13/12/2025 a 08/07/2026. Valor Total Atualizado do Contrato: R$ 33.587,90. Data de Assinatura: 12/12/2025.</p><p>(COMPRASNET 4.0 - 12/12/2025).</p>]]></Texto>
  </body>
  <Midias />
</article></xml>