﻿<xml><article id="47239104" name="2025-12-30/11502378/COMPRASNETWS" idOficio="11502378" pubName="DO3" artType="Extrato de Contrato" pubDate="02/01/2026" artClass="00041:00019:00000:00000:00000:00000:00000:00000:00000:00000:00030:00001" artCategory="Ministério de Portos e Aeroportos/Agência Nacional de Aviação Civil" artSize="12" artNotes="" numberPage="111" pdfPage="http://pesquisa.in.gov.br/imprensa/jsp/visualiza/index.jsp?data=02/01/2026&amp;jornal=530&amp;pagina=111" editionNumber="1" highlightType="" highlightPriority="" highlight="" highlightimage="" highlightimagename="" idMateria="23467669">
  <body>
    <Identifica><![CDATA[ EXTRATO DE CONTRATO Nº 49/2025 - UASG 113214]]></Identifica>
    <Data><![CDATA[]]></Data>
    <Ementa />
    <Titulo />
    <SubTitulo />
    <Texto><![CDATA[<p class="identifica">EXTRATO DE CONTRATO Nº 49/2025 - UASG 113214</p><p>Nº Processo: 00058.097867/2025-71.</p><p>Dispensa Nº 176/2025. Contratante: AGÊNCIA NACIONAL DE AVIAÇÃO CIVIL.</p><p>Contratado: 34.164.319/0001-74 - CASA DA MOEDA DO BRASIL CMB. Objeto: Aquisição de medalhas de bronze institucionais e comemorativas, com caráter numismático e de alto valor simbólico agregado, em alusão aos 20 anos da Agência Nacional de Aviação Civil.</p><p>Fundamento Legal: LEI 14.133/2021 - Artigo: 75 - Inciso: IX. Vigência: 30/12/2025 a 30/12/2026. Valor Total: R$ 353.600,00. Data de Assinatura: 30/12/2025.</p><p>(COMPRASNET 4.0 - 30/12/2025).</p>]]></Texto>
  </body>
  <Midias />
</article></xml>