﻿<xml><article id="47238369" name="2025-12-30/11503375/siasgnet_234" idOficio="11503375" pubName="DO3" artType="Aviso de Licitação-Pregão" pubDate="02/01/2026" artClass="00070:00012:00000:00000:00000:00000:00000:00000:00000:00000:00163:00001" artCategory="Poder Judiciário/Tribunal Regional Federal da 6ª Região" artSize="12" artNotes="" numberPage="155" pdfPage="http://pesquisa.in.gov.br/imprensa/jsp/visualiza/index.jsp?data=02/01/2026&amp;jornal=530&amp;pagina=155" editionNumber="1" highlightType="" highlightPriority="" highlight="" highlightimage="" highlightimagename="" idMateria="23468884">
  <body>
    <Identifica><![CDATA[ AVISO DE LICITAÇÃO]]></Identifica>
    <Data><![CDATA[]]></Data>
    <Ementa />
    <Titulo />
    <SubTitulo />
    <Texto><![CDATA[<p class="identifica">AVISO DE LICITAÇÃO</p><p class="identifica">Pregão Eletrônico Nº 90021/2025 - UASG 90013</p><p>Nº Processo: 51295920254068001. Objeto: Contratação de empresa especializada em prestação de serviços continuados de e conservação, limpeza, zeladoria e auxílio administrativo, com regime de dedicação exclusiva de mão de obra, para atender as necessidades do Tribunal Regional Federal da 6ª região na Subseção de Lavras/MG.. Total de Itens Licitados: 1. Edital: 02/01/2026 das 08h00 às 17h59. Endereço: Av. Alvares Cabral, Nr. 1805 - Santo Agostinho, - Belo Horizonte/MG ou https://www.gov.br/compras/edital/90013-5-90021-2025. Entrega das Propostas: a partir de 02/01/2026 às 08h00 no site www.gov.br/compras. Abertura das Propostas: 19/01/2026 às 13h00 no site www.gov.br/compras.</p><p class="assina">JULIO AUGUSTO RESENDE PRADO</p><p class="cargo">Pregoeiro</p><p>(SIASGnet - 30/12/2025) 90013-00001-2025NE000001</p>]]></Texto>
  </body>
  <Midias />
</article></xml>