﻿<xml><article id="47238429" name="2025-12-30/11503901/SICONV_23470" idOficio="11503901" pubName="DO3" artType="Extrato de Convênio" pubDate="02/01/2026" artClass="00015:00032:00000:00000:00000:00000:00000:00000:00000:00000:00031:00001" artCategory="Ministério da Cultura/Fundação Nacional de Artes" artSize="12" artNotes="" numberPage="5" pdfPage="http://pesquisa.in.gov.br/imprensa/jsp/visualiza/index.jsp?data=02/01/2026&amp;jornal=530&amp;pagina=5" editionNumber="1" highlightType="" highlightPriority="" highlight="" highlightimage="" highlightimagename="" idMateria="23470824">
  <body>
    <Identifica><![CDATA[ EXTRATO DE TERMO ADITIVO]]></Identifica>
    <Data><![CDATA[]]></Data>
    <Ementa />
    <Titulo />
    <SubTitulo />
    <Texto><![CDATA[<p class="identifica">EXTRATO DE TERMO ADITIVO</p><p>Espécie: Termo Aditivo de Alteração da Vigência Nº 000001/2025 ao Instrumento código 974937. Convenentes: Concedente: FUNDACAO NACIONAL DE ARTES, Unidade Gestora: 403201. Convenente: INSTITUTO CAMPO GESTAO E CRIACAO EM ARTE CONTEMPORANEA, CNPJ nº 24016359000115. Participação de delegação brasileira, através do programa Conexões Internacionais, na 21ª Bienal de Dança de Lyon, nas atividades Temporada Cultural Brasil-França. Valor Total: R$ 400.000,00, Valor de Contrapartida: R$ 0,00, Vigência: 04/01/2026 a 02/02/2026. Data de Assinatura: 04/06/2025. Signatários: Concedente: LEONARDO LESSA DE MENDONCA, CPF nº ***.281.406-**, Convenente: MARIA HUMILDE DE ARAUJO ALVES, CPF nº ***.460.373-**.</p>]]></Texto>
  </body>
  <Midias />
</article></xml>