﻿<xml><article id="47233947" name="EDITAIS GO - COMISSAO PRO-FUNDAC" idOficio="11503202" pubName="DO3" artType="Aviso" pubDate="02/01/2026" artClass="00073:14558:00000:00000:00000:00000:00000:00000:00000:00000:00107:00000" artCategory="Ineditoriais/COMISSÃO PRÓ-FUNDAÇÃO DO SINDICATO DOS EMPREGADOS EM EMPRESAS DE VISTORIAS DE IDENTIFICAÇÃO VEICULAR E MOTORES DO ESTADO DA BAHIA" artSize="12" artNotes="" numberPage="159" pdfPage="http://pesquisa.in.gov.br/imprensa/jsp/visualiza/index.jsp?data=02/01/2026&amp;jornal=530&amp;pagina=159" editionNumber="1" highlightType="" highlightPriority="" highlight="" highlightimage="" highlightimagename="" idMateria="23468660">
  <body>
    <Identifica><![CDATA[ EDITAL ]]></Identifica>
    <Data><![CDATA[Iguaí - BA, 2 de janeiro de 2025.]]></Data>
    <Ementa />
    <Titulo />
    <SubTitulo />
    <Texto><![CDATA[<p class="identifica">EDITAL</p><p class="identifica">ASSEMBLEIA GERAL EXTRAORDINÁRIA</p><p>A Comissão Pró-Fundação do Sindicato dos Empregados em Empresas de Vistorias de Identificação Veicular e Motores do Estado da Bahia, representado pelo subscritor o Sr. Alessandro Ferreira Alves, CPF: ***.470.***-50, RG: ***4164809**, por meio do presente e edital em conformidade com a Portaria MTE Nº 3.472, de 04 de outubro de 2023, que dispõe sobre os procedimentos para o registro das entidades sindicais, convoca a Categoria Profissional dos empregados em empresas de vistoria de identificação veicular e motores, do estado da Bahia, para participarem da Assembleia Geral Extraordinária de Pró-fundação do sindicato, a realizar-se no dia 07/02/2026, às 08h00min, na Rua Iraci, s/n, Iguaí/BA, CEP 45280-000, com a seguinte ordem do dia: 1) Aprovação da Fundação do Sindicato; 2) Aprovação do Estatuto; 3) Eleição e posse da Diretoria Executiva e Conselho Fiscal.</p><p class="data">Iguaí - BA, 2 de janeiro de 2025.</p><p class="assina">Alessandro Ferreira Alves</p><p class="cargo">Subscritor</p>]]></Texto>
  </body>
  <Midias />
</article></xml>