﻿<xml><article id="47238651" name="2025-12-29/11499039/siasgnet_234" idOficio="11499039" pubName="DO3" artType="Aviso de Licitação-Pregão" pubDate="02/01/2026" artClass="00025:00056:00001:00000:00000:00000:00000:00000:00000:00000:00163:00001" artCategory="Ministério da Educação/Instituto Federal de Educação, Ciência e Tecnologia do Amapá/Reitoria" artSize="12" artNotes="" numberPage="17" pdfPage="http://pesquisa.in.gov.br/imprensa/jsp/visualiza/index.jsp?data=02/01/2026&amp;jornal=530&amp;pagina=17" editionNumber="1" highlightType="" highlightPriority="" highlight="" highlightimage="" highlightimagename="" idMateria="23462947">
  <body>
    <Identifica><![CDATA[ AVISO DE LICITAÇÃO]]></Identifica>
    <Data><![CDATA[]]></Data>
    <Ementa />
    <Titulo />
    <SubTitulo />
    <Texto><![CDATA[<p class="identifica">AVISO DE LICITAÇÃO</p><p class="identifica">Pregão Eletrônico Nº 90001/2026 - UASG 158150</p><p>Nº Processo: 23228001061202591. Objeto: Registro de Preços para Aquisição de material e insumo de expediente, elétrico e eletrônico, em atendimento às demandas dos Campi e Reitoria.. Total de Itens Licitados: 103. Edital: 02/01/2026 das 09h00 às 17h00. Endereço: Rodovia Br-210, Km-03, S/n, Brasil Novo - Macapá/AP ou https://www.gov.br/compras/edital/158150-5-90001-2026. Entrega das Propostas: a partir de 02/01/2026 às 09h00 no site www.gov.br/compras. Abertura das Propostas: 15/01/2026 às 09h00 no site www.gov.br/compras.</p><p class="assina">YURI JORGE QUINTELA COIMBRA</p><p class="cargo">Departamento de Licitações</p><p>(SIASGnet - 29/12/2025) 158150-26426-2025NE099999</p>]]></Texto>
  </body>
  <Midias />
</article></xml>