﻿<xml><article id="47237745" name="2025-12-30/11503847/SICONV_23470" idOficio="11503847" pubName="DO3" artType="Extrato de Convênio" pubDate="02/01/2026" artClass="00051:00030:00000:00000:00000:00000:00000:00000:00000:00000:00031:00001" artCategory="Ministério do Turismo/Secretaria Nacional de Políticas de Turismo" artSize="12" artNotes="" numberPage="124" pdfPage="http://pesquisa.in.gov.br/imprensa/jsp/visualiza/index.jsp?data=02/01/2026&amp;jornal=530&amp;pagina=124" editionNumber="1" highlightType="" highlightPriority="" highlight="" highlightimage="" highlightimagename="" idMateria="23470691">
  <body>
    <Identifica><![CDATA[ EXTRATO DE CONVÊNIO]]></Identifica>
    <Data><![CDATA[]]></Data>
    <Ementa />
    <Titulo />
    <SubTitulo />
    <Texto><![CDATA[<p class="identifica">EXTRATO DE CONVÊNIO</p><p>Espécie: Convênio Código 988075, Nº Processo: 72031009546202536, Concedente: MINISTERIO DO TURISMO, Convenente: MUNICIPIO DE PORTO RICO CNPJ nº 75461970000193, Objeto: Comemoração de Ano Novo - Porto Rico/PR - Edição 2026., Valor Total: R$ 321.000,00, Valor de Contrapartida: R$ 1.000,00, Valor a ser transferido ou descentralizado por exercício: 2025 - R$ 320.000,00, Crédito Orçamentário: Num Empenho: 2025NE000355, Valor: R$ 320.000,00, PTRES: 258328, Fonte Recurso: 1000000000, ND: 334041, Vigência: 31/12/2025 a 02/03/2026, Data de Assinatura: 30/12/2025, Signatários: Concedente: CRISTIANE LEAL SAMPAIO CPF nº ***.364.304-**, Convenente: VALTER BATISTA DOS SANTOS CPF nº ***.130.769-**.</p>]]></Texto>
  </body>
  <Midias />
</article></xml>