﻿<xml><article id="47237088" name="2025-12-28/11497647/COMPRASNETWS" idOficio="11497647" pubName="DO3" artType="Extrato de Contrato" pubDate="02/01/2026" artClass="00025:00083:00000:00000:00000:00000:00000:00000:00000:00000:00030:00001" artCategory="Ministério da Educação/Instituto Federal de Educação, Ciência e Tecnologia de Santa Catarina" artSize="12" artNotes="" numberPage="21" pdfPage="http://pesquisa.in.gov.br/imprensa/jsp/visualiza/index.jsp?data=02/01/2026&amp;jornal=530&amp;pagina=21" editionNumber="1" highlightType="" highlightPriority="" highlight="" highlightimage="" highlightimagename="" idMateria="23461096">
  <body>
    <Identifica><![CDATA[ EXTRATO DE CONTRATO Nº 206/2025 - UASG 158516]]></Identifica>
    <Data><![CDATA[]]></Data>
    <Ementa />
    <Titulo />
    <SubTitulo />
    <Texto><![CDATA[<p class="identifica">EXTRATO DE CONTRATO Nº 206/2025 - UASG 158516</p><p>Nº Processo: 23292.008424/2024-65.</p><p>Pregão Nº 93009/2024. Contratante: INST.FED.DE EDUC.,CIENC.E TEC.DE STA.CAT/IFSC.</p><p>Contratado: 03.232.670/0001-21 - ADVANTA SISTEMAS DE TELECOMUNICACOES E SERVICOS DE INFORMATICA LTDA.. Objeto: Contratação de solução de tecnologia da informação e comunicação composta por aquisição de switches para o campus itajaí..</p><p>Fundamento Legal: LEI 14.133/2021. Vigência: 29/10/2025 a 29/10/2028. Valor Total: R$ 144.478,80. Data de Assinatura: 29/10/2025.</p><p>(COMPRASNET 4.0 - 28/12/2025).</p>]]></Texto>
  </body>
  <Midias />
</article></xml>