﻿<xml><article id="47237457" name="2025-12-30/11503819/SICONV_23470" idOficio="11503819" pubName="DO3" artType="Extrato de Convênio" pubDate="02/01/2026" artClass="00008:00002:00009:00007:00000:00000:00000:00000:00000:00000:00031:00001" artCategory="Ministério da Agricultura e Pecuária/Secretaria Executiva/Subsecretaria de Planejamento, Orçamento e Administração/Coordenação-Geral de Parcerias Institucionais" artSize="12" artNotes="" numberPage="2" pdfPage="http://pesquisa.in.gov.br/imprensa/jsp/visualiza/index.jsp?data=02/01/2026&amp;jornal=530&amp;pagina=2" editionNumber="1" highlightType="" highlightPriority="" highlight="" highlightimage="" highlightimagename="" idMateria="23470643">
  <body>
    <Identifica><![CDATA[ EXTRATO DE CONVÊNIO]]></Identifica>
    <Data><![CDATA[]]></Data>
    <Ementa />
    <Titulo />
    <SubTitulo />
    <Texto><![CDATA[<p class="identifica">EXTRATO DE CONVÊNIO</p><p>Espécie: Convênio Código 991153, Nº Processo: 21000093957202528, Concedente: Ministério da Agricultura e Pecuária, Convenente: MUNICIPIO DE IPECAETA CNPJ nº 13621735000184, Objeto: Execução de obras e serviços de engenharia em estradas vicinais, Valor Total: R$ 5.736.000,00, Valor de Contrapartida: R$ 6.000,00, Valor a ser transferido ou descentralizado por exercício: 2025 - R$ 1.146.000,00; 2026 - R$ 4.584.000,00, Crédito Orçamentário: Num Empenho: 2025NE001422, Valor: R$ 1.146.000,00, PTRES: 247476, Fonte Recurso: 1000000000, ND: 444042, Vigência: 30/12/2025 a 30/08/2028, Data de Assinatura: 30/12/2025, Signatários: Concedente: FERNANDO MAGALHAES SOARES PINTO CPF nº ***.896.617-**, Convenente: ELCYDES PIAGGIO DE OLIVEIRA JUNIOR CPF nº ***.543.875-**.</p>]]></Texto>
  </body>
  <Midias />
</article></xml>