﻿<xml><article id="47238432" name="2025-12-29/11498618/COMPRASNETWS" idOficio="11498618" pubName="DO3" artType="Extrato de Contrato" pubDate="02/01/2026" artClass="00016:00011:00015:00034:00001:00032:00000:00000:00000:00000:00030:00001" artCategory="Ministério da Defesa/Comando do Exército/Comando Militar do Sul/3ª Divisão de Exército/Artilharia Divisionária da 3ª Divisão de Exército/27º Grupo de Artilharia de Campanha" artSize="12" artNotes="" numberPage="9" pdfPage="http://pesquisa.in.gov.br/imprensa/jsp/visualiza/index.jsp?data=02/01/2026&amp;jornal=530&amp;pagina=9" editionNumber="1" highlightType="" highlightPriority="" highlight="" highlightimage="" highlightimagename="" idMateria="23462441">
  <body>
    <Identifica><![CDATA[ EXTRATO DE CONTRATO Nº 3/2025 - UASG 160375]]></Identifica>
    <Data><![CDATA[]]></Data>
    <Ementa />
    <Titulo />
    <SubTitulo />
    <Texto><![CDATA[<p class="identifica">EXTRATO DE CONTRATO Nº 3/2025 - UASG 160375</p><p>Nº Processo: 64558.007261/2024-12.</p><p>Inexigibilidade Nº 37/2026. Contratante: 27 GRUPO DE ARTILHARIA DE CAMPANHA.</p><p>Contratado: 95.289.500/0001-00 - DEPARTAMENTO MUNICIPAL DE ENERGIA DE IJUI. Objeto: Uso do sistema de distribuição de energia elétrica.</p><p>Fundamento Legal: LEI 14.133/2021 - Artigo: 74 - Inciso: I. Vigência: 01/01/2026 a 01/01/2027. Valor Total: R$ 56.953,14. Data de Assinatura: 26/12/2025.</p><p>(COMPRASNET 4.0 - 29/12/2025).</p>]]></Texto>
  </body>
  <Midias />
</article></xml>