﻿<xml><article id="47233383" name="Extrato de Convenio - UCB" idOficio="11503851" pubName="DO3" artType="Extrato de Convênio" pubDate="02/01/2026" artClass="00066:00010:00011:00000:00000:00000:00000:00000:00000:00000:00031:00000" artCategory="Ministério Público da União/Ministério Público do Trabalho/Procuradoria Regional do Trabalho da 10ª Região" artSize="12" artNotes="" numberPage="124" pdfPage="http://pesquisa.in.gov.br/imprensa/jsp/visualiza/index.jsp?data=02/01/2026&amp;jornal=530&amp;pagina=124" editionNumber="1" highlightType="" highlightPriority="" highlight="" highlightimage="" highlightimagename="" idMateria="23470702">
  <body>
    <Identifica><![CDATA[ EXTRATO DE CONVÊNIO]]></Identifica>
    <Data><![CDATA[]]></Data>
    <Ementa />
    <Titulo />
    <SubTitulo />
    <Texto><![CDATA[<p class="identifica">EXTRATO DE CONVÊNIO</p><p>Espécie: Termo de Convênio nº 24/2025; Convenientes: Ministério Público do Trabalho, por intermédio da Procuradoria Regional do Trabalho da 10ª Região - PRT10, e União Brasileira de Educação Católica (UBEC), mantenedora da Universidade Católica de Brasília (UCB). Objeto: Proporcionar a preparação do estagiário para a empregabilidade, para a vida cidadã e para o trabalho, por meio do exercício de atividades correlatas à sua pretendida formação profissional, em complementação ao conhecimento teórico adquirido na instituição de ensino. Data da assinatura: 17.12.2025. Vigência: 5 anos. Signatários: Pela concedente, Ronaldo de Sousa Monteiro e pela convenente, Manuel Nabais da Furriela. Processo Administrativo: 20.02.1000.0000206/2021-23.</p>]]></Texto>
  </body>
  <Midias />
</article></xml>