﻿<xml><article id="47233371" name="TA PRORROG A COOP - Embaixada do" idOficio="11422605" pubName="DO3" artType="Extrato de Termo Aditivo" pubDate="02/01/2026" artClass="00025:00111:00000:00000:00000:00000:00000:00000:00000:00000:00053:00000" artCategory="Ministério da Educação/Universidade Federal de Minas Gerais" artSize="12" artNotes="" numberPage="53" pdfPage="http://pesquisa.in.gov.br/imprensa/jsp/visualiza/index.jsp?data=02/01/2026&amp;jornal=530&amp;pagina=53" editionNumber="1" highlightType="" highlightPriority="" highlight="" highlightimage="" highlightimagename="" idMateria="23342275">
  <body>
    <Identifica><![CDATA[ Extrato de Termo Aditivo ]]></Identifica>
    <Data><![CDATA[]]></Data>
    <Ementa />
    <Titulo />
    <SubTitulo />
    <Texto><![CDATA[<p class="identifica">Extrato de Termo Aditivo</p><p>Espécie: Proc. 23072.051689/2019-19 - Termo Aditivo de Prorrogação de Acordo de Cooperação, firmado entre a Universidade Federal de Minas Gerais - UFMG, CNPJ/MF nº 17.217.985/0001-04 e o Escritório da Embaixada dos EUA em Belo Horizonte. Objeto: Promover a cooperação entre ambas as instituições em campos de interesse mútuo. Valor: Não se aplica. Início da vigência: 26 de maio de 2020. Fim de Vigência: 10 de março de 2027. Nomes e cargos dos signatários: Prof. Sandra Regina Goulart Almeida - Reitora da UFMG, e Sra. Rita Moriconi - Cônsul dos EUA em Belo Horizonte.</p>]]></Texto>
  </body>
  <Midias />
</article></xml>