﻿<xml><article id="47237586" name="2025-12-31/11503965/COMPRASNETWS" idOficio="11503965" pubName="DO3" artType="Extrato de Contrato" pubDate="02/01/2026" artClass="00025:00052:00013:00000:00000:00000:00000:00000:00000:00000:00030:00001" artCategory="Ministério da Educação/Colégio Pedro II/Campus São Cristovão II" artSize="12" artNotes="" numberPage="16" pdfPage="http://pesquisa.in.gov.br/imprensa/jsp/visualiza/index.jsp?data=02/01/2026&amp;jornal=530&amp;pagina=16" editionNumber="1" highlightType="" highlightPriority="" highlight="" highlightimage="" highlightimagename="" idMateria="23470852">
  <body>
    <Identifica><![CDATA[ EXTRATO DE CONTRATO Nº 7/2025 - UASG 155631]]></Identifica>
    <Data><![CDATA[]]></Data>
    <Ementa />
    <Titulo />
    <SubTitulo />
    <Texto><![CDATA[<p class="identifica">EXTRATO DE CONTRATO Nº 7/2025 - UASG 155631</p><p>Nº Processo: 23778.000540/2025-64.</p><p>Pregão Nº 90016/2025.</p><p>Contratante: COLEGIO PEDRO II - CAMPUS SAO CRISTOVAO II.</p><p>Contratado: 31.688.343/0001-14 - RIO TRANSPORTE TERRESTRE LOCADORA LTDA.</p><p>Objeto: O objeto do presente instrumento é a contratação de serviços comuns de transporte de passageiros, sem dedicação exclusiva, abrangendo ônibus, micro-ônibus e vans, por demanda, nas condições estabelecidas no termo de referência. O valor total da contratação é de r$ 619.058,25(seiscentos e dezenove mil cinquenta e oito reais e vinte e cinco centavos..</p><p>Fundamento Legal: LEI 14.133/2021 - Artigo: 28 - Inciso: I.</p><p>Vigência: 21/08/2025 a 21/08/2030.</p><p>Valor Total: R$ 619.218,97.</p><p>Data de Assinatura: 21/08/2025.</p>]]></Texto>
  </body>
  <Midias />
</article></xml>