﻿<xml><article id="47229330" name="1A TA - CT 012_2025_Cresol Centr" idOficio="11503868" pubName="DO3" artType="Extrato de Termo Aditivo" pubDate="02/01/2026" artClass="00051:00028:00000:00000:00000:00000:00000:00000:00000:00000:00053:00000" artCategory="Ministério do Turismo/Secretaria Nacional de Infraestrutura, Crédito e Investimento no Turismo" artSize="12" artNotes="" numberPage="122" pdfPage="http://pesquisa.in.gov.br/imprensa/jsp/visualiza/index.jsp?data=02/01/2026&amp;jornal=530&amp;pagina=122" editionNumber="1" highlightType="" highlightPriority="" highlight="" highlightimage="" highlightimagename="" idMateria="23470732">
  <body>
    <Identifica><![CDATA[ EXTRATO DE TERMO ADITIVO]]></Identifica>
    <Data><![CDATA[]]></Data>
    <Ementa />
    <Titulo />
    <SubTitulo />
    <Texto><![CDATA[<p class="identifica">EXTRATO DE TERMO ADITIVO</p><p>PRIMEIRO TERMO ADITIVO AO CONTRATO N° 012/2025. N° Processo: 72031.004285/2025-68. Contratante: MINISTÉRIO DO TURISMO. Contratado COOPERATIVA CENTRAL DE CRÉDITO E ECONOMIA COM INTERAÇÃO SOLIDÁRIA - CRESOL CENTRAL BRASIL. CNPJ/MF nº 07.202.627/0001-74. Objeto: alterar as cláusulas quinta e sétima do Contrato Administrativo nº 012/2025, que tem por objeto a prestação de serviços, por meio de agente financeiro, com capacidade técnica comprovada e integrante do Sistema Financeiro Nacional, incluindo cooperativas de crédito, prestando serviços essenciais à intermediação das operações de financiamentos privados de capital fixo, compreendendo as obras civis para implantação, ampliação, modernização e reforma; para a aquisição de bens; de capital de giro; de empreendimentos de finalidade ou interesse do turismo nacional, preferencialmente micros, pequenas e médias empresas; empresários individuais e Sociedade Limitada Unipessoal - SLU, que exerçam atividades econômicas relacionadas à cadeia produtiva do setor turístico, conforme disposto nos arts. 21 e 21-A da Lei nº 11.771, de 17 de setembro de 2008, e que estejam devidamente cadastrados no Cadastro de Prestadores de Serviços Turísticos - CADASTUR, nas condições estabelecidas no Termo de Referência. Fundamento legal: Lei nº 14.133/2021. NE nº 2025NE000069, no valor de R$ 21.468.278,31, e NE n° 2025NE000070 no valor de R$ 5.469.710,78.</p>]]></Texto>
  </body>
  <Midias />
</article></xml>