﻿<xml><article id="47238405" name="2025-12-31/11504022/COMPRASNETWS" idOficio="11504022" pubName="DO3" artType="Extrato de Contrato" pubDate="02/01/2026" artClass="00025:00100:00026:00000:00000:00000:00000:00000:00000:00000:00030:00001" artCategory="Ministério da Educação/Universidade Federal do Ceará/Pró-Reitoria de Planejamento e Administração" artSize="12" artNotes="" numberPage="52" pdfPage="http://pesquisa.in.gov.br/imprensa/jsp/visualiza/index.jsp?data=02/01/2026&amp;jornal=530&amp;pagina=52" editionNumber="1" highlightType="" highlightPriority="" highlight="" highlightimage="" highlightimagename="" idMateria="23470929">
  <body>
    <Identifica><![CDATA[ EXTRATO DE CONTRATO Nº 117/2025 - UASG 153045]]></Identifica>
    <Data><![CDATA[]]></Data>
    <Ementa />
    <Titulo />
    <SubTitulo />
    <Texto><![CDATA[<p class="identifica">EXTRATO DE CONTRATO Nº 117/2025 - UASG 153045</p><p>Nº Processo: 23067.059091/2025-87.</p><p>Dispensa Nº 318/2025. Contratante: UNIVERSIDADE FEDERAL DO CEARÁ.</p><p>Contratado: 08.918.421/0001-08 - FUNDAÇÃO DE APOIO A SERVIÇOS TÉCNICOS, ENSINO E FOMENTO A PESQUISAS - FUNDAÇÃO ASTEF. Objeto: A prestação de suporte administrativo e financeiro da fundação de apoio nos termos do art. 1º da Lei nº 8.958/1994 c.c. parágrafo único do art. 1º do Decreto nº 7.423/2010 e, subsidiariamente, do art. 75, XV, da Lei nº 14.133/2021, na execução do projeto institucional denominado: Análise Microbiológica de Alimentos, Água, Ar, Equipamentos, Manipuladores.</p><p>Fundamento Legal: LEI 14.133/2021 - Artigo: 75 - Inciso: XV. Vigência: 29/12/2025 a 29/12/2030. Valor Total: R$ 7.414.773,70. Data de Assinatura: 29/12/2025.</p><p>(COMPRASNET 4.0 - 31/12/2025).</p>]]></Texto>
  </body>
  <Midias />
</article></xml>