﻿<xml><article id="47238046" name="2025-12-31/11504103/SICONV_23471" idOficio="11504103" pubName="DO3" artType="Extrato de Convênio" pubDate="02/01/2026" artClass="00021:00035:00000:00000:00000:00000:00000:00000:00000:00000:00031:00001" artCategory="Ministério dos Direitos Humanos e da Cidadania/Secretaria Nacional de Promoção e Defesa dos Direitos Humanos" artSize="12" artNotes="" numberPage="14" pdfPage="http://pesquisa.in.gov.br/imprensa/jsp/visualiza/index.jsp?data=02/01/2026&amp;jornal=530&amp;pagina=14" editionNumber="1" highlightType="" highlightPriority="" highlight="" highlightimage="" highlightimagename="" idMateria="23471013">
  <body>
    <Identifica><![CDATA[ EXTRATO DE TERMO ADITIVO]]></Identifica>
    <Data><![CDATA[]]></Data>
    <Ementa />
    <Titulo />
    <SubTitulo />
    <Texto><![CDATA[<p class="identifica">EXTRATO DE TERMO ADITIVO</p><p>Espécie: Termo Aditivo de Alteração da Vigência Nº 000002/2025 ao Instrumento código 952461. Convenentes: Concedente: MINISTERIO DOS DIREITOS HUMANOS E CIDADANIA, Unidade Gestora: 810006. Convenente: INSTITUTO DE DESENVOLVIMENTO DE ESTRATEGIAS SOCIAIS E CULTURAIS, CNPJ nº 08184671000161. Prorrogação de vigência do Termo de Fomento n.º 952461/2023 alterando a vigência de 31/12/2025 para 30/06/2026. Valor Total: R$ 400.000,00, Valor de Contrapartida: R$ 0,00, Vigência: 27/12/2023 a 30/06/2026. Data de Assinatura: 27/12/2023. Signatários: Concedente: ELIDA DE OLIVEIRA LAURIS DOS SANTOS, CPF nº ***.858.852-**, Convenente: EMANUELLE MELO GOMES, CPF nº ***.172.304-**.</p>]]></Texto>
  </body>
  <Midias />
</article></xml>