﻿<xml><article id="47232107" name="Extrato de Publicacao - PA 00244" idOficio="11502011" pubName="DO3" artType="Extrato de Termo Aditivo" pubDate="02/01/2026" artClass="00070:00041:00000:00000:00000:00000:00000:00000:00000:00000:00053:00000" artCategory="Poder Judiciário/Tribunal de Justiça do Distrito Federal e dos Territórios" artSize="12" artNotes="" numberPage="156" pdfPage="http://pesquisa.in.gov.br/imprensa/jsp/visualiza/index.jsp?data=02/01/2026&amp;jornal=530&amp;pagina=156" editionNumber="1" highlightType="" highlightPriority="" highlight="" highlightimage="" highlightimagename="" idMateria="23467174">
  <body>
    <Identifica><![CDATA[ EXTRATO DE TERMO ADITIVO]]></Identifica>
    <Data><![CDATA[]]></Data>
    <Ementa />
    <Titulo />
    <SubTitulo />
    <Texto><![CDATA[<p class="identifica">EXTRATO DE TERMO ADITIVO</p><p>a)Espécie: Termo Aditivo 03 ao Contrato de prestação de serviços N. 045/2023, firmado entre a UNIÃO, por intermédio do TJDFT, e a GHS INDÚSTRIA E SERVIÇOS LTDA. b)Objeto: reajustar o valor e prorrogar o prazo de vigência do contrato inicial. c)Fundamento Legal: Cláusulas 12ª e 21ª do contrato inicial c/c art. 57, II, da Lei 8.666/93. d)Prorrogação: de 1º/03/2026 a 1º/03/2027. e) Vigência e eficácia: Vigência a partir da data de sua assinatura e eficácia a partir da data de sua publicação no D.O.U. f)Valor estimado do contrato para o período de 12 meses: R$ 152.956,76. g)Data da assinatura: 30/12/2025. h) PA: 0024468/2022.</p>]]></Texto>
  </body>
  <Midias />
</article></xml>