﻿<xml><article id="47233815" name="EXTRATO DO CONTRATO 1082-2025-IN" idOficio="11502206" pubName="DO3" artType="Extrato de Contrato" pubDate="02/01/2026" artClass="00075:00005:00312:00000:00000:00000:00000:00000:00000:00000:00030:00000" artCategory="Prefeituras/Estado da Bahia/Prefeitura Municipal de Luís Eduardo Magalhães" artSize="12" artNotes="" numberPage="161" pdfPage="http://pesquisa.in.gov.br/imprensa/jsp/visualiza/index.jsp?data=02/01/2026&amp;jornal=530&amp;pagina=161" editionNumber="1" highlightType="" highlightPriority="" highlight="" highlightimage="" highlightimagename="" idMateria="23467413">
  <body>
    <Identifica><![CDATA[ EXTRATO DE CONTRATO]]></Identifica>
    <Data><![CDATA[]]></Data>
    <Ementa />
    <Titulo />
    <SubTitulo />
    <Texto><![CDATA[<p class="identifica">EXTRATO DE CONTRATO</p><p>EXTRATO DO CONTRATO Nº: 1082/2025/PFN PROCESSO: SEI nº 17944.002602/2025-19-CONTRATANTES: A UNIÃO, por intermédio da Procuradoria-Geral da Fazenda Nacional - PGFN, e o MUNICÍPIO DE LUÍS EDUARDO MAGALHÃES/BA, com interveniência do Banco do Brasil S.A., na qualidade de agente financeiro da União, e dos Bancos Depositários. OBJETO: Contrato de Vinculação de Receitas e de Cessão e Transferência de Crédito, em Contragarantia, destinado à prestação de garantia da União à Caixa Econômica Federal, relativamente ao Contrato de Financiamento nº 0644547-38, no valor de R$ 80.000.000,00 (oitenta milhões de reais), cujos recursos são destinados à execução de projetos e obras de infraestrutura urbana e rural, bem como outras despesas de capital. VALOR DO CONTRATO: R$ 80.000.000,00 (oitenta milhões de reais). FUNDAMENTAÇÃO LEGAL: § 4º do art. 167 da Constituição Federal; Lei Complementar nº 101/2000; Resolução do Senado Federal nº 48/2007; Portaria MEFP nº 497/1990; Lei Municipal nº 1.166, de 14 de maio de 2025, alterada parcialmente pela Lei Municipal nº 1.194, de 03 de dezembro de 2025.VIGÊNCIA: Conforme disposições contratuais e vinculada à vigência da operação de crédito garantida. ONDUMAR FERREIRA BORGES JUNIOR Prefeito Municipal 30 de dezembro de 2025</p>]]></Texto>
  </body>
  <Midias />
</article></xml>