﻿<xml><article id="47238633" name="2025-12-30/11503942/SICONV_23470" idOficio="11503942" pubName="DO3" artType="Extrato de Convênio" pubDate="02/01/2026" artClass="00015:00032:00000:00000:00000:00000:00000:00000:00000:00000:00031:00001" artCategory="Ministério da Cultura/Fundação Nacional de Artes" artSize="12" artNotes="" numberPage="6" pdfPage="http://pesquisa.in.gov.br/imprensa/jsp/visualiza/index.jsp?data=02/01/2026&amp;jornal=530&amp;pagina=6" editionNumber="1" highlightType="" highlightPriority="" highlight="" highlightimage="" highlightimagename="" idMateria="23470825">
  <body>
    <Identifica><![CDATA[ EXTRATO DE TERMO ADITIVO]]></Identifica>
    <Data><![CDATA[]]></Data>
    <Ementa />
    <Titulo />
    <SubTitulo />
    <Texto><![CDATA[<p class="identifica">EXTRATO DE TERMO ADITIVO</p><p>Espécie: Termo Aditivo de Alteração da Vigência Nº 000001/2025 ao Instrumento código 972920. Convenentes: Concedente: FUNDACAO NACIONAL DE ARTES, Unidade Gestora: 403201. Convenente: INSTITUTO FESTIVAL DE DANCA DE JOINVILLE, CNPJ nº 02979605000100. A presente solicitação justifica-se pela necessidade de adequação do cronograma de execução, considerando que, durante o desenvolvimento do projeto, foram identificadas demandas adicionais de organiza. Valor Total: R$ 500.000,00, Valor de Contrapartida: R$ 0,00, Vigência: 02/04/2026 a 01/04/2027. Data de Assinatura: 30/12/2024. Signatários: Concedente: LEONARDO LESSA DE MENDONCA, CPF nº ***.281.406-**, Convenente: ELI DINIZ DA SILVA FILHO, CPF nº ***.580.228-**.</p>]]></Texto>
  </body>
  <Midias />
</article></xml>