﻿<xml><article id="47238771" name="2025-12-31/11504030/COMPRASNETWS" idOficio="11504030" pubName="DO3" artType="Extrato de Contrato" pubDate="02/01/2026" artClass="00016:00047:00009:00000:00000:00000:00000:00000:00000:00000:00030:00001" artCategory="Ministério da Defesa/Secretaria-Geral/Centro Gestor e Operacional do Sistema de Proteção da Amazônia" artSize="12" artNotes="" numberPage="10" pdfPage="http://pesquisa.in.gov.br/imprensa/jsp/visualiza/index.jsp?data=02/01/2026&amp;jornal=530&amp;pagina=10" editionNumber="1" highlightType="" highlightPriority="" highlight="" highlightimage="" highlightimagename="" idMateria="23470940">
  <body>
    <Identifica><![CDATA[ EXTRATO DE CONTRATO Nº 63/2025 - UASG 110511]]></Identifica>
    <Data><![CDATA[]]></Data>
    <Ementa />
    <Titulo />
    <SubTitulo />
    <Texto><![CDATA[<p class="identifica">EXTRATO DE CONTRATO Nº 63/2025 - UASG 110511</p><p>Nº Processo: 60090.000214/2024-21.</p><p>Pregão Nº 90002/2024. Contratante: CENTRO GESTOR OP. SISTEMA PROTECAO AMAZONIA.</p><p>Contratado: 58.619.404/0008-14 - CONVERGINT COMERCIO E SERVICOS DE TECNOLOGIA LTDA. Objeto: Solução de vídeo wall, por licitação na modalidade de pregão eletrônico, pelo menor preço, de forma a propiciar a modernização do centro gestor e operacional do sistema de proteção da amazônia - censipam, nas condições estabelecidas no termo de referência.</p><p>Fundamento Legal: LEI 14.133/2021 - Artigo: 28 - Inciso: I. Vigência: 30/12/2025 a 30/12/2026. Valor Total: R$ 786.528,18. Data de Assinatura: 30/12/2025.</p><p>(COMPRASNET 4.0 - 31/12/2025).</p>]]></Texto>
  </body>
  <Midias />
</article></xml>