﻿<xml><article id="47232173" name="COM0017074_2025" idOficio="11484180" pubName="DO3" artType="Aviso" pubDate="02/01/2026" artClass="00035:00056:00001:00000:00000:00000:00000:00000:00000:00000:00107:00000" artCategory="Ministério de Minas e Energia/Petróleo Brasileiro S.A./Petrobrás" artSize="12" artNotes="" numberPage="108" pdfPage="http://pesquisa.in.gov.br/imprensa/jsp/visualiza/index.jsp?data=02/01/2026&amp;jornal=530&amp;pagina=108" editionNumber="1" highlightType="" highlightPriority="" highlight="" highlightimage="" highlightimagename="" idMateria="23441302">
  <body>
    <Identifica><![CDATA[ AVISO DE LICITAÇÃO]]></Identifica>
    <Data><![CDATA[]]></Data>
    <Ementa />
    <Titulo />
    <SubTitulo />
    <Texto><![CDATA[<p class="identifica">AVISO DE LICITAÇÃO</p><p>LICITAÇÃO PARA ALIENAÇÃO DE Sobressalentes e acessórios diversos Edital nº: PEA0254436</p><p>A PETRÓLEO BRASILEIRO S.A., por meio da Comissão de Alienação, torna público que realizará Licitação Eletrônica do tipo maior oferta de preço, para alienação de Sobressalentes e acessórios diversos. A licitação eletrônica terá o 1º leilão com início previsto para 8h00 do dia 02/01/2026. Em caso de insucesso na venda, tornamos público, desde já, que poderão ocorrer novos eventos de leilão para os materiais ofertados, que ocorrerão no período entre: 15/01/2026 a 05/02/2026. Caberá aos interessados acompanhar através do PORTAL SUPERBID (www.superbid.net) os avisos de repetição do processo, estando atentos às suas datas e horários, conforme abaixo: 2º leilão 15/01/2026 - 23/01/2026 3ºleilão 28/01/2026 - 05/02/2026. As propostas deverão ser apresentadas no PORTAL SUPERBID. O Edital completo da licitação estará disponível no PORTAL SUPERBID (www.superbid.net) e no site da PETROBRAS (www.petrobras.com.br - Canais de Negócios).</p><p class="assina">COMISSÃO DE ALIENAÇÃO</p>]]></Texto>
  </body>
  <Midias />
</article></xml>