﻿<xml><article id="47237442" name="2025-12-30/11503830/SICONV_23470" idOficio="11503830" pubName="DO3" artType="Extrato de Convênio" pubDate="02/01/2026" artClass="00021:00007:00000:00000:00000:00000:00000:00000:00000:00000:00031:00001" artCategory="Ministério dos Direitos Humanos e da Cidadania/Assessoria Especial de Defesa da Democracia, Memória e Verdade" artSize="12" artNotes="" numberPage="13" pdfPage="http://pesquisa.in.gov.br/imprensa/jsp/visualiza/index.jsp?data=02/01/2026&amp;jornal=530&amp;pagina=13" editionNumber="1" highlightType="" highlightPriority="" highlight="" highlightimage="" highlightimagename="" idMateria="23470666">
  <body>
    <Identifica><![CDATA[ EXTRATO DE TERMO DE FOMENTO]]></Identifica>
    <Data><![CDATA[]]></Data>
    <Ementa />
    <Titulo />
    <SubTitulo />
    <Texto><![CDATA[<p class="identifica">EXTRATO DE TERMO DE FOMENTO</p><p>Espécie: Termo de Fomento Código 990061, Nº Processo: 00135229651202511, Concedente: MINISTERIO DOS DIREITOS HUMANOS E CIDADANIA, Convenente: INTERCAMBIO, INFORMACOES, ESTUDOS E PESQUISAS CNPJ nº 04407996000105, Objeto: Fortalecimento das ações de memória coletiva referentes a vitimados de graves violações de direitos humanos cometidas pelo Estado brasileiro e empresas durante a ditadura (1964-1988)., Valor Total: R$ 200.000,00, Valor de Contrapartida: R$ 0,00, Valor a ser transferido ou descentralizado por exercício: 2026 - R$ 200.000,00, Crédito Orçamentário: Num Empenho: 2025NE000038, Valor: R$ 200.000,00, PTRES: 259001, Fonte Recurso: 1000000000, ND: 335041, Vigência: 31/12/2025 a 31/12/2026, Data de Assinatura: 30/12/2025, Signatários: Concedente: HAMILTON PEREIRA DA SILVA CPF nº ***.860.701-**, Convenente: SEBASTIAO LOPES DE OLIVEIRA NETO CPF nº ***.419.628-**.</p>]]></Texto>
  </body>
  <Midias />
</article></xml>