﻿<xml><article id="47232351" name="2025_12_30_Extrato de termo adit" idOficio="11502962" pubName="DO3" artType="Extrato de Termo Aditivo" pubDate="02/01/2026" artClass="00025:00070:00000:00000:00000:00000:00000:00000:00000:00000:00053:00000" artCategory="Ministério da Educação/Instituto Federal de Educação, Ciência e Tecnologia de Mato Grosso do Sul" artSize="12" artNotes="" numberPage="19" pdfPage="http://pesquisa.in.gov.br/imprensa/jsp/visualiza/index.jsp?data=02/01/2026&amp;jornal=530&amp;pagina=19" editionNumber="1" highlightType="" highlightPriority="" highlight="" highlightimage="" highlightimagename="" idMateria="23468368">
  <body>
    <Identifica><![CDATA[ EXTRATO DE TERMO ADITIVO]]></Identifica>
    <Data><![CDATA[]]></Data>
    <Ementa />
    <Titulo />
    <SubTitulo />
    <Texto><![CDATA[<p class="identifica">EXTRATO DE TERMO ADITIVO</p><p>ESPÉCIE: Terceiro Termo Aditivo ao Contrato Administrativo de Prestação de Serviços Nº 049/2025 - DIPES/IFMS. Contratante: Instituto Federal de Educação, Ciência e Tecnologia de Mato Grosso do Sul (IFMS). Contratada: MARINA RASLAN: modificação da cláusula sexta (vigência e rescisão) do Contrato. Passando a vigorar com a seguinte redação: Cláusula Sexta - Vigência e Rescisão: Este Contrato vigerá no período de 06.12.2025 a 22.12.2025. Fundamento Legal: Lei nº 8.745 de 09/12/1993. Data de Assinatura: 06/12/2025. Campus Aquidauana.</p>]]></Texto>
  </body>
  <Midias />
</article></xml>