﻿<xml><article id="47232529" name="Teste" idOficio="11503199" pubName="DO3" artType="Extrato de Convênio" pubDate="02/01/2026" artClass="00025:00130:00044:00012:00003:00000:00000:00000:00000:00000:00031:00000" artCategory="Ministério da Educação/Universidade Federal de São Paulo/Pró-Reitoria de Administração/Diretoria de Convênios/Núcleo de Acordos e Convênios de Inovação e Internacionalização" artSize="12" artNotes="" numberPage="92" pdfPage="http://pesquisa.in.gov.br/imprensa/jsp/visualiza/index.jsp?data=02/01/2026&amp;jornal=530&amp;pagina=92" editionNumber="1" highlightType="" highlightPriority="" highlight="" highlightimage="" highlightimagename="" idMateria="23468687">
  <body>
    <Identifica><![CDATA[ EXTRATO DE ACORDO DE COOPERAÇÃO INTERNACIONAL Nº 96/2023]]></Identifica>
    <Data><![CDATA[]]></Data>
    <Ementa />
    <Titulo />
    <SubTitulo />
    <Texto><![CDATA[<p class="identifica">EXTRATO DE ACORDO DE COOPERAÇÃO INTERNACIONAL Nº 96/2023</p><p>No. Processo SEI: 23089.000364/2023-67. Conveniadas: Universidade de Aveiro - Portugal e Universidade Federal de São Paulo - UNIFESP. Objeto: O objetivo do presente Acordo de Cooperação Acadêmica é promover e desenvolver uma cooperação entre as partes signatárias mediante proposições de interesse recíproco ligadas à educação e à pesquisa, bem como definir os termos do programa de intercâmbio discente das instituições parceiras. Fundamento Legal: Lei 14.133/21. Vigência: 19/12/2025 a 19/12/2027. Data de Assinatura: 19/12/2025.</p>]]></Texto>
  </body>
  <Midias />
</article></xml>