﻿<xml><article id="47232763" name="Extrato - Bortolini- Termo de Co" idOficio="11503288" pubName="DO3" artType="Extrato de Contrato" pubDate="02/01/2026" artClass="00070:00008:00007:00000:00000:00000:00000:00000:00000:00000:00030:00000" artCategory="Poder Judiciário/Tribunal Regional Federal da 2ª Região/Secretaria-Geral" artSize="12" artNotes="" numberPage="155" pdfPage="http://pesquisa.in.gov.br/imprensa/jsp/visualiza/index.jsp?data=02/01/2026&amp;jornal=530&amp;pagina=155" editionNumber="1" highlightType="" highlightPriority="" highlight="" highlightimage="" highlightimagename="" idMateria="23468794">
  <body>
    <Identifica><![CDATA[ EXTRATO DE CONTRATO]]></Identifica>
    <Data><![CDATA[]]></Data>
    <Ementa />
    <Titulo />
    <SubTitulo />
    <Texto><![CDATA[<p class="identifica">EXTRATO DE CONTRATO</p><p>Contratante: TRF-2ª RG; Contratada: Bortolini Indústria de Móveis Ltda..; Objeto: Aquisição de mobiliário para o Laboratório de Inovação (LIODS) e para novos gabinetes de Juízes convocados deste E. Tribunal, com fornecimento e instalação; Modalidade de Licitação: Pregão Eletrônico SRP nº 90103/2024; Fundamento Legal: Lei nº 14.133/2021 e Decreto nº11.462/2023; Nota de Empenho: 2025NE000630; Valor GLOBAL do Contrato: R$ 66.388,00 (sessenta e seis mil, trezentos e oitenta e oito reais); Data da assinatura: 26/12/2025; Proc. nº 0005398-49.2024.4.02.8000; Termo de Contrato TRF2 nº 122/2025. PAULO CEZAR BRAGA EDMUNDO Diretor-Geral</p>]]></Texto>
  </body>
  <Midias />
</article></xml>