﻿<xml><article id="47231816" name="sc02Jan TA-Juliana" idOficio="11502144" pubName="DO3" artType="Extrato de Termo Aditivo" pubDate="02/01/2026" artClass="00070:00044:00001:00002:00004:00002:00000:00000:00000:00000:00053:00000" artCategory="Poder Judiciário/Tribunal Regional do Trabalho da 3ª Região/Presidência/Diretoria-Geral/Diretoria de Administração/Secretaria de Licitações e Contratos" artSize="12" artNotes="" numberPage="156" pdfPage="http://pesquisa.in.gov.br/imprensa/jsp/visualiza/index.jsp?data=02/01/2026&amp;jornal=530&amp;pagina=156" editionNumber="1" highlightType="" highlightPriority="" highlight="" highlightimage="" highlightimagename="" idMateria="23467352">
  <body>
    <Identifica><![CDATA[ EXTRATO DE TERMO ADITIVO]]></Identifica>
    <Data><![CDATA[]]></Data>
    <Ementa />
    <Titulo />
    <SubTitulo />
    <Texto><![CDATA[<p class="identifica">EXTRATO DE TERMO ADITIVO</p><p>NONO TERMO ADITIVO ao contrato 23SR001 celebrado entre o TRIBUNAL REGIONAL DO TRABALHO DA TERCEIRA REGIÃO - CNPJ 01.298.583/0001-41 e NEVADA SERVIÇOS TERCEIRIZADOS LTDA. - CNPJ 12.095.551/0001-65. OBJETO: Prorrogação da vigência por mais 12 meses com reajuste. FUNDAMENTAÇÃO LEGAL: art.57, II da Lei nº 8.666/93, Processo PROAD 30763/2025. DATA DA ASSINATURA: 18/12/2025. SIGNATÁRIOS: Patrícia Helena dos Reis (pelo Contratante) e Paulo Ricardo de Andrade (pela Contratada). 25TA079.</p>]]></Texto>
  </body>
  <Midias />
</article></xml>