﻿<xml><article id="47231975" name="EXTRATO 1A TA - C.A NA 002-2025-" idOficio="11501475" pubName="DO3" artType="Extrato de Termo Aditivo" pubDate="02/01/2026" artClass="00075:00013:00179:00000:00000:00000:00000:00000:00000:00000:00053:00000" artCategory="Prefeituras/Estado do Pará/Prefeitura Municipal de Óbidos" artSize="12" artNotes="" numberPage="164" pdfPage="http://pesquisa.in.gov.br/imprensa/jsp/visualiza/index.jsp?data=02/01/2026&amp;jornal=530&amp;pagina=164" editionNumber="1" highlightType="" highlightPriority="" highlight="" highlightimage="" highlightimagename="" idMateria="23466504">
  <body>
    <Identifica><![CDATA[ EXTRATO DE TERMO ADITIVO]]></Identifica>
    <Data><![CDATA[]]></Data>
    <Ementa />
    <Titulo />
    <SubTitulo />
    <Texto><![CDATA[<p class="identifica">EXTRATO DE TERMO ADITIVO</p><p>1º Termo Aditivo de Prorrogação de prazo por igual período e readequação de serviços no percentual de 23,21% (vinte e três, e vinte um por cento) ao contrato administrativo nº 002/2025/CC/SEMED, proveniente da Concorrência Pública Eletrônica nº 023/2024-SEMED. Contratado: Projeção Engenharia LTDA, inscrito no CNPJ sob nº 04.431.290/0001-89. Objeto: Contratação de mão de obra especializada para executar os serviços de reforma e ampliação da escola Hugo Antônio Ferrari, atendendo as demandas de educação infantil e ensino fundamental, no município de Óbidos-PA. Vigência 11/11/2025 à 10/05/2026.</p>]]></Texto>
  </body>
  <Midias />
</article></xml>