﻿<xml><article id="47238903" name="2025-12-30/11501971/siasgnet_234" idOficio="11501971" pubName="DO3" artType="Aviso de Licitação-Pregão" pubDate="02/01/2026" artClass="00047:00054:00036:00000:00000:00000:00000:00000:00000:00000:00163:00001" artCategory="Ministério da Saúde/Fundação Oswaldo Cruz/Instituto Leônidas e Maria Deane" artSize="12" artNotes="" numberPage="119" pdfPage="http://pesquisa.in.gov.br/imprensa/jsp/visualiza/index.jsp?data=02/01/2026&amp;jornal=530&amp;pagina=119" editionNumber="1" highlightType="" highlightPriority="" highlight="" highlightimage="" highlightimagename="" idMateria="23467134">
  <body>
    <Identifica><![CDATA[ AVISO DE LICITAÇÃO]]></Identifica>
    <Data><![CDATA[]]></Data>
    <Ementa />
    <Titulo />
    <SubTitulo />
    <Texto><![CDATA[<p class="identifica">AVISO DE LICITAÇÃO</p><p class="identifica">Pregão Eletrônico Nº 90013/2025 - UASG 254474</p><p>Nº Processo: 25792000078202542. Objeto: Aquisição de material de consumo para lavagem e esterilização para uso dos Laboratórios Multiusuários do ILMD. Total de Itens Licitados: 23. Edital: 02/01/2026 das 08h00 às 17h00. Endereço: Rua Terezina, 476 Adrianopolis/am, Adrianópolis - Manaus/AM ou https://www.gov.br/compras/edital/254474-5-90013-2025. Entrega das Propostas: a partir de 02/01/2026 às 08h00 no site www.gov.br/compras. Abertura das Propostas: 19/01/2026 às 10h00 no site www.gov.br/compras.</p><p class="assina">ANDRE IVAN LOPES DE OLIVEIRA</p><p class="cargo">Pregoeiro</p><p>(SIASGnet - 30/12/2025) 254474-25201-2025NE000034</p>]]></Texto>
  </body>
  <Midias />
</article></xml>