﻿<xml><article id="47232631" name="EDITAL 3437 - PROF. SUBSTITUTO -" idOficio="11500037" pubName="DO3" artType="Edital" pubDate="02/01/2026" artClass="00025:00111:00001:00000:00000:00000:00000:00000:00000:00000:00056:03437" artCategory="Ministério da Educação/Universidade Federal de Minas Gerais/Reitoria" artSize="24" artNotes="" numberPage="61" pdfPage="http://pesquisa.in.gov.br/imprensa/jsp/visualiza/index.jsp?data=02/01/2026&amp;jornal=530&amp;pagina=61" editionNumber="1" highlightType="" highlightPriority="" highlight="" highlightimage="" highlightimagename="" idMateria="23464254">
  <body>
    <Identifica><![CDATA[ EDITAL Nº 3.437, DE 26 DE DEZEMBRO DE 2025]]></Identifica>
    <Data><![CDATA[]]></Data>
    <Ementa />
    <Titulo />
    <SubTitulo />
    <Texto><![CDATA[<p class="identifica">EDITAL Nº 3.437, DE 26 DE DEZEMBRO DE 2025</p><p class="identifica">PROCESSO SELETIVO PARA PROFESSOR SUBSTITUTO</p><p>A Reitora da Universidade Federal de Minas Gerais, no uso de suas atribuições legais e estatutárias, e nos termos da Lei nº 8.745/1993, da Lei 12.772/2012, do Decreto 7.485/2011, da Lei 13.146/2015, do Decreto 9.508/2018, da Lei 15.142/2025, do Decreto n.º 12.536/2025, da Instrução Normativa Conjunta MGI/MDHC Nº 260/2025, da Instrução Normativa Conjunta MGI/MIR/MPI n.º 261/2025, da Resolução nº 15/91 do Conselho Universitário (aplicável no que couber), torna público que serão recebidas as inscrições de candidatos ao processo seletivo para preenchimento de 01 (uma) vaga(s) para o cargo de PROFESSOR SUBSTITUTO DO MAGISTÉRIO SUPERIOR, a ser(em) lotado(s) nesta Universidade. Lotação: Departamento de Teoria Geral da Música da Escola de Música. Área de conhecimento: Percepção Musical. Titulação mínima exigida: Bacharel em Música. Atribuições do cargo: Lecionar na graduação, podendo atuar também nas demais atividades do cargo de magistério superior, exceto atividades administrativas de representação, cargos e funções comissionadas e de confiança. Período de Inscrições: 10 (dez) dias corridos a partir do dia subsequente ao da publicação deste Edital. Valor de inscrição: Isento. Previsão da vigência do contrato: A vigência inicial será da data de assinatura do contrato até 31/01/2027, podendo ser prorrogada até a duração máxima de 2 (dois) anos, no interesse da Universidade Federal de Minas Gerais, e havendo manutenção do motivo vinculante à vaga. Remuneração: será correspondente ao nível 1 da classe A da carreira do magistério superior, constituída de vencimento básico - VB e Retribuição por Titulação - RT, observados o regime de trabalho contratado e a titulação do aprovado comprovada no ato da contratação, sendo vedada qualquer alteração posterior. Os valores da remuneração de professor substituto, aos quais são acrescidas parcelas referentes ao auxílio-alimentação, estão apresentados no quadro abaixo.</p><p>Quadro 1 - Remuneração de professor substituto</p><p /><p></p><table><tr /><tr><td rowspan="1" colspan="1"><p>Classe</p></td><td rowspan="1" colspan="1"><p>Regime</p></td><td rowspan="1" colspan="1"><p>Vencimento básico (R$)</p></td><td rowspan="1" colspan="1"><p>Titulação</p></td><td rowspan="1" colspan="1"><p>Retribuição por Titulação (R$)</p></td><td rowspan="1" colspan="1"><p>Remuneração (R$)</p></td></tr><tr><td rowspan="1" colspan="1"><p>A</p></td><td rowspan="1" colspan="1"><p>20 (vinte) horas semanais</p></td><td rowspan="1" colspan="1"><p>3.090,43</p></td><td rowspan="1" colspan="1"><p>Graduação</p></td><td rowspan="1" colspan="1"><p>0,00</p></td><td rowspan="1" colspan="1"><p>3.090,43</p></td></tr><tr><td rowspan="1" colspan="1" /><td rowspan="1" colspan="1" /><td rowspan="1" colspan="1"><p>3.090,43</p></td><td rowspan="1" colspan="1"><p>Aperfeiçoamento</p></td><td rowspan="1" colspan="1"><p>154,52</p></td><td rowspan="1" colspan="1"><p>3.244,95</p></td></tr><tr><td rowspan="1" colspan="1" /><td rowspan="1" colspan="1" /><td rowspan="1" colspan="1"><p>3.090,43</p></td><td rowspan="1" colspan="1"><p>Especialização</p></td><td rowspan="1" colspan="1"><p>309,04</p></td><td rowspan="1" colspan="1"><p>3.399,47</p></td></tr><tr><td rowspan="1" colspan="1" /><td rowspan="1" colspan="1" /><td rowspan="1" colspan="1"><p>3.090,43</p></td><td rowspan="1" colspan="1"><p>Mestrado</p></td><td rowspan="1" colspan="1"><p>772,61</p></td><td rowspan="1" colspan="1"><p>3.863,04</p></td></tr><tr><td rowspan="1" colspan="1" /><td rowspan="1" colspan="1" /><td rowspan="1" colspan="1"><p>3.090,43</p></td><td rowspan="1" colspan="1"><p>Doutorado</p></td><td rowspan="1" colspan="1"><p>1.777,00</p></td><td rowspan="1" colspan="1"><p>4.867,43</p></td></tr></table><p>A versão completa deste edital está disponível no site de Inscrições para docentes da UFMG: https://aplicativos.ufmg.br/gprocss/#/editais (EDITAL Nº 3437/2025) e no processo SEI nº 23072.276815/2025-86.</p><p class="assina">SANDRA REGINA GOULART ALMEIDA</p><p></p>]]></Texto>
  </body>
  <Midias />
</article></xml>