﻿<xml><article id="47237763" name="2025-12-28/11497634/COMPRASNETWS" idOficio="11497634" pubName="DO3" artType="Extrato de Termo Aditivo" pubDate="02/01/2026" artClass="00025:00083:00000:00000:00000:00000:00000:00000:00000:00000:00053:00001" artCategory="Ministério da Educação/Instituto Federal de Educação, Ciência e Tecnologia de Santa Catarina" artSize="12" artNotes="" numberPage="22" pdfPage="http://pesquisa.in.gov.br/imprensa/jsp/visualiza/index.jsp?data=02/01/2026&amp;jornal=530&amp;pagina=22" editionNumber="1" highlightType="" highlightPriority="" highlight="" highlightimage="" highlightimagename="" idMateria="23461080">
  <body>
    <Identifica><![CDATA[ EXTRATO DE TERMO ADITIVO Nº 5/2025 - UASG 158516]]></Identifica>
    <Data><![CDATA[]]></Data>
    <Ementa />
    <Titulo />
    <SubTitulo />
    <Texto><![CDATA[<p class="identifica">EXTRATO DE TERMO ADITIVO Nº 5/2025 - UASG 158516</p><p>Número do Contrato: 65/2024.</p><p>Nº Processo: 23292.020377/2024-28.</p><p>Dispensa. Nº 95018/2024. Contratante: INST.FED.DE EDUC.,CIENC.E TEC.DE STA.CAT/IFSC. Contratado: 28.553.301/0001-61 - GUIMARAES CONSTRUTORA E PROJETOS LTDA. Objeto: Prorrogação do prazo de execução e vigência.. Vigência: 24/03/2026 a 24/05/2026. Valor Total Atualizado do Contrato: R$ 41.922,38. Data de Assinatura: 14/11/2025.</p><p>(COMPRASNET 4.0 - 14/11/2025).</p>]]></Texto>
  </body>
  <Midias />
</article></xml>