﻿<xml><article id="47238294" name="2025-12-30/11503877/SICONV_23470" idOficio="11503877" pubName="DO3" artType="Extrato de Convênio" pubDate="02/01/2026" artClass="00015:00023:00000:00000:00000:00000:00000:00000:00000:00000:00031:00001" artCategory="Ministério da Cultura/Secretaria de Economia Criativa" artSize="12" artNotes="" numberPage="4" pdfPage="http://pesquisa.in.gov.br/imprensa/jsp/visualiza/index.jsp?data=02/01/2026&amp;jornal=530&amp;pagina=4" editionNumber="1" highlightType="" highlightPriority="" highlight="" highlightimage="" highlightimagename="" idMateria="23470790">
  <body>
    <Identifica><![CDATA[ EXTRATO DE TERMO DE FOMENTO]]></Identifica>
    <Data><![CDATA[]]></Data>
    <Ementa />
    <Titulo />
    <SubTitulo />
    <Texto><![CDATA[<p class="identifica">EXTRATO DE TERMO DE FOMENTO</p><p>Espécie: Termo de Fomento Código 985323, Nº Processo: 01400035297202541, Concedente: MINISTERIO DA CULTURA, Convenente: CENTRAL UNICA DAS QUEBRADAS CNPJ nº 25032138000101, Objeto: Realização de 32 aulas de música, sendo 16 de canto e 16 de violão na Cidade de São Paulo para 40 pessoas de qualquer faixa etária., Valor Total: R$ 150.000,00, Valor de Contrapartida: R$ 0,00, Valor a ser transferido ou descentralizado por exercício: 2025 - R$ 150.000,00, Crédito Orçamentário: Num Empenho: 2025NE000022, Valor: R$ 150.000,00, PTRES: 257476, Fonte Recurso: 1000000000, ND: 335041, Vigência: 30/12/2025 a 30/12/2026, Data de Assinatura: 30/12/2025, Signatários: Concedente: CLAUDIA SOUSA LEITAO CPF nº ***.712.353-**, Convenente: GERSON FERREIRA TAJES CPF nº ***.377.198-**.</p>]]></Texto>
  </body>
  <Midias />
</article></xml>