﻿<xml><article id="47238879" name="2025-12-28/11497605/COMPRASNETWS" idOficio="11497605" pubName="DO3" artType="Extrato de Termo Aditivo" pubDate="02/01/2026" artClass="00025:00083:00000:00000:00000:00000:00000:00000:00000:00000:00053:00001" artCategory="Ministério da Educação/Instituto Federal de Educação, Ciência e Tecnologia de Santa Catarina" artSize="12" artNotes="" numberPage="22" pdfPage="http://pesquisa.in.gov.br/imprensa/jsp/visualiza/index.jsp?data=02/01/2026&amp;jornal=530&amp;pagina=22" editionNumber="1" highlightType="" highlightPriority="" highlight="" highlightimage="" highlightimagename="" idMateria="23461051">
  <body>
    <Identifica><![CDATA[ EXTRATO DE TERMO ADITIVO Nº 2/2025 - UASG 158516]]></Identifica>
    <Data><![CDATA[]]></Data>
    <Ementa />
    <Titulo />
    <SubTitulo />
    <Texto><![CDATA[<p class="identifica">EXTRATO DE TERMO ADITIVO Nº 2/2025 - UASG 158516</p><p>Número do Contrato: 149/2023.</p><p>Nº Processo: 23292.037346/2023-25.</p><p>Pregão. Nº 21126/2023. Contratante: INST.FED.DE EDUC.,CIENC.E TEC.DE STA.CAT/IFSC. Contratado: 05.328.963/0001-32 - MASTERLAB MANUTENCAO DE EQUIPAMENTOS LTDA. Objeto: Prorrogação contratual.. Vigência: 08/01/2026 a 08/01/2027. Valor Total Atualizado do Contrato: R$ 120.249,64. Data de Assinatura: 10/11/2025.</p><p>(COMPRASNET 4.0 - 10/11/2025).</p>]]></Texto>
  </body>
  <Midias />
</article></xml>