﻿<xml><article id="47232014" name="Aviso de Licitacao Pregao 90.027" idOficio="11454951" pubName="DO3" artType="Aviso de Licitação" pubDate="02/01/2026" artClass="00071:00040:00000:00000:00000:00000:00000:00000:00000:00000:00078:00000" artCategory="Entidades de Fiscalização do Exercício das Profissões Liberais/Conselho Federal de Enfermagem" artSize="12" artNotes="" numberPage="157" pdfPage="http://pesquisa.in.gov.br/imprensa/jsp/visualiza/index.jsp?data=02/01/2026&amp;jornal=530&amp;pagina=157" editionNumber="1" highlightType="" highlightPriority="" highlight="" highlightimage="" highlightimagename="" idMateria="23395088">
  <body>
    <Identifica><![CDATA[AVISO DE LICITAÇÃO]]></Identifica>
    <Data><![CDATA[]]></Data>
    <Ementa />
    <Titulo />
    <SubTitulo />
    <Texto><![CDATA[<p class="identifica">AVISO DE LICITAÇÃO</p><p class="identifica">PREGÃO ELETRÔNICO Nº 90.027/2025 - UASG 389320</p><p>PROCESSO Nº: 00196.000864/2024-67.</p><p>Contratação de serviços contínuos de seguro imobiliário/patrimonial para o edifício sede do Conselho Federal de Enfermagem - Cofen, em Brasília/DF, conforme condições e exigências estabelecidas no Edital e seus anexos. O Edital está disponível nos endereços https://www.gov.br/compras/pt-br/ e https://www.cofen.gov.br/categoria/licitacoes/pregao_eletronico-licitacoes/, a partir de 02/01/2026 às 08h00. Data e Hora da Abertura da Licitação: 16/01/2026 às 09h00, no site https://www.gov.br/compras/pt-br/.</p><p class="assina">Tereza Souza Mendes</p><p class="cargo">Pregoeira</p>]]></Texto>
  </body>
  <Midias />
</article></xml>