﻿<xml><article id="47233410" name="Extrato complementar atas_90061" idOficio="11503922" pubName="DO3" artType="Extrato de Registro de Preços" pubDate="02/01/2026" artClass="00008:00029:00080:00000:00000:00000:00000:00000:00000:00000:00047:00000" artCategory="Ministério da Agricultura e Pecuária/Empresa Brasileira de Pesquisa Agropecuária/Embrapa Semi-Árido" artSize="12" artNotes="" numberPage="3" pdfPage="http://pesquisa.in.gov.br/imprensa/jsp/visualiza/index.jsp?data=02/01/2026&amp;jornal=530&amp;pagina=3" editionNumber="1" highlightType="" highlightPriority="" highlight="" highlightimage="" highlightimagename="" idMateria="23470795">
  <body>
    <Identifica><![CDATA[ EXTRATO DE REGISTRO DE PREÇOS]]></Identifica>
    <Data><![CDATA[]]></Data>
    <Ementa />
    <Titulo />
    <SubTitulo />
    <Texto><![CDATA[<p class="identifica">EXTRATO DE REGISTRO DE PREÇOS</p><p>Espécie: Extrato complementar - Ata de Registro de Preços, referente ao Pregão nº 90061/2025, cujo objeto é o Registro de Preços para eventual aquisição de EQUIPAMENTOS e INSTRUMENTOS de uso AGROPECUÁRIO para a Embrapa Semiárido com as empresas: Cancelamento da Ata da Fik Comercio de Artigos de Laboratorio Eireli, Cnpj nº 20.840.177/0001-03; Seu Mundo Distribuidora Ltda - Lohany Lopes Produtos-Mei, Cnpj nº 53.863.943/0001-04, Item 2, Valor Total R$ 9.556,00. Data da Assinatura da Ata: 30/12/2025. Vigência da Ata: 30/12/2025 a 29/12/2026. A ata de julgamento está disponível no site compras.gov.br. As atas de registro de preços originais fazem parte do processo eletrônico nº 21198.002652/2025-55.</p>]]></Texto>
  </body>
  <Midias />
</article></xml>