﻿<xml><article id="47236833" name="2025-12-31/11503957/COMPRASNETWS" idOficio="11503957" pubName="DO3" artType="Extrato de Contrato" pubDate="02/01/2026" artClass="00025:00111:00026:00000:00000:00000:00000:00000:00000:00000:00030:00001" artCategory="Ministério da Educação/Universidade Federal de Minas Gerais/Faculdade de Ciências Econômicas" artSize="12" artNotes="" numberPage="77" pdfPage="http://pesquisa.in.gov.br/imprensa/jsp/visualiza/index.jsp?data=02/01/2026&amp;jornal=530&amp;pagina=77" editionNumber="1" highlightType="" highlightPriority="" highlight="" highlightimage="" highlightimagename="" idMateria="23470880">
  <body>
    <Identifica><![CDATA[ EXTRATO DE CONTRATO Nº 486/2025 - UASG 153283]]></Identifica>
    <Data><![CDATA[]]></Data>
    <Ementa />
    <Titulo />
    <SubTitulo />
    <Texto><![CDATA[<p class="identifica">EXTRATO DE CONTRATO Nº 486/2025 - UASG 153283</p><p>Nº Processo: 23072.275958/2025-71.</p><p>Dispensa Nº 50/2025. Contratante: FACULDADE DE CIENCIAS ECONOMICAS/UFMG.</p><p>Contratado: 16.578.361/0001-50 - FUNDACAO INSTITUTO DE PESQUISAS ECONOMICAS, ADMINISTRATIVAS E CONTABEIS DE MINAS. Objeto: Constitui objeto deste instrumento a contratação da fundação instituto de pesquisas econômicas, administrativas e contábeis de minas gerais com a finalidade de dar apoio ao projeto "capacidades estatais municipais: a dimensão imobiliária na receita municipal"..</p><p>Fundamento Legal: LEI 14.133/2021 - Artigo: 75 - Inciso: XV. Vigência: 30/12/2025 a 12/11/2026. Valor Total: R$ 450.000,00. Data de Assinatura: 30/12/2025.</p><p>(COMPRASNET 4.0 - 31/12/2025).</p>]]></Texto>
  </body>
  <Midias />
</article></xml>