﻿<xml><article id="47231734" name="7003567082-03" idOficio="11497839" pubName="DO3" artType="Aviso de Pré-Qualificação" pubDate="02/01/2026" artClass="00035:00056:00001:00000:00000:00000:00000:00000:00000:00000:00155:00000" artCategory="Ministério de Minas e Energia/Petróleo Brasileiro S.A./Petrobrás" artSize="12" artNotes="" numberPage="108" pdfPage="http://pesquisa.in.gov.br/imprensa/jsp/visualiza/index.jsp?data=02/01/2026&amp;jornal=530&amp;pagina=108" editionNumber="1" highlightType="" highlightPriority="" highlight="" highlightimage="" highlightimagename="" idMateria="23461399">
  <body>
    <Identifica><![CDATA[ Aviso de licitação  Nº 3]]></Identifica>
    <Data><![CDATA[]]></Data>
    <Ementa />
    <Titulo />
    <SubTitulo />
    <Texto><![CDATA[<p class="identifica">Aviso de licitação Nº 3</p><p>Aviso prévio referente à Convocação de Pré-qualificação Nº 7003567082.</p><p>Objeto: Instalação e Operação de Sistema de Tratamento de MEG.</p><p>Data limite para o pedido de Pré-qualificação: 16/01/2026.</p><p>Obs: Para informações acesse www.petronect.com.br: Compras e Contratações &gt; Pré-qualificação (Abertas).</p><p class="assina">COMISSÃO DE PRÉ-QUALIFICAÇÃO</p>]]></Texto>
  </body>
  <Midias />
</article></xml>