﻿<xml><article id="47237658" name="2025-12-30/11502820/siasgnet_234" idOficio="11502820" pubName="DO3" artType="Aviso de Licitação-Pregão" pubDate="02/01/2026" artClass="00040:00024:00011:00006:00080:00016:00000:00000:00000:00000:00163:00001" artCategory="Ministério do Planejamento e Orçamento/Fundação Instituto Brasileiro de Geografia e Estatística/Diretoria Executiva/COORDENAÇÃO DE RECURSOS MATERIAIS/Gerência de Compras de Materiais e Serviços/Gerência de Licitações" artSize="12" artNotes="" numberPage="110" pdfPage="http://pesquisa.in.gov.br/imprensa/jsp/visualiza/index.jsp?data=02/01/2026&amp;jornal=530&amp;pagina=110" editionNumber="1" highlightType="" highlightPriority="" highlight="" highlightimage="" highlightimagename="" idMateria="23468171">
  <body>
    <Identifica><![CDATA[ AVISO DE LICITAÇÃO]]></Identifica>
    <Data><![CDATA[]]></Data>
    <Ementa />
    <Titulo />
    <SubTitulo />
    <Texto><![CDATA[<p class="identifica">AVISO DE LICITAÇÃO</p><p class="identifica">Pregão Eletrônico Nº 90001/2026 - UASG 114601</p><p>Nº Processo: 03604.000751/2025. Objeto: Solução de tecnologia da informação e comunicação de empresa especializada no fornecimento de licenças do pacote de softwares da Autodesk AEC Collection Single-User, incluindo garantia, e para a prestação de suporte técnico, por um período de 36 meses.. Total de Itens Licitados: 2. Edital: 02/01/2026 das 08h00 às 12h00 e das 13h00 às 17h00. Endereço: Av.franklin Roosevelt, 166 - Castelo, - Rio de Janeiro/RJ ou https://www.gov.br/compras/edital/114601-5-90001-2026. Entrega das Propostas: a partir de 02/01/2026 às 08h00 no site www.gov.br/compras. Abertura das Propostas: 19/01/2026 às 10h00 no site www.gov.br/compras. Informações Gerais: Em caso de eventual discordância existente entre as especificações descritas no sistema CATSER do ComprasGov e as especificações constantes nos anexos do edital, prevalecerão as últimas..</p><p class="assina">CLAUDIA GOULART DE SIQUEIRA</p><p class="cargo">Pregoeira</p><p>(SIASGnet - 30/12/2025) 114629-11301-2025NE800001</p>]]></Texto>
  </body>
  <Midias />
</article></xml>