﻿<xml><article id="47232041" name="AVISO REGISTRO DE PRECOS - PREGA" idOficio="11504017" pubName="DO3" artType="Aviso de Registro de Preços" pubDate="02/01/2026" artClass="00032:00038:00037:00000:00000:00000:00000:00000:00000:00000:00111:00000" artCategory="Ministério da Integração e do Desenvolvimento Regional/Companhia de Desenvolvimento dos Vales do São Francisco e do Parnaíba/13ª Superintendência Regional - João Pessoa/PB" artSize="12" artNotes="" numberPage="105" pdfPage="http://pesquisa.in.gov.br/imprensa/jsp/visualiza/index.jsp?data=02/01/2026&amp;jornal=530&amp;pagina=105" editionNumber="1" highlightType="" highlightPriority="" highlight="" highlightimage="" highlightimagename="" idMateria="23470921">
  <body>
    <Identifica><![CDATA[ AVISO DE REGISTRO DE PREÇOS ]]></Identifica>
    <Data><![CDATA[Em  31 de dezembro de 2025]]></Data>
    <Ementa />
    <Titulo />
    <SubTitulo />
    <Texto><![CDATA[<p class="identifica">AVISO DE REGISTRO DE PREÇOS</p><p>PREGÃO 90001/2025</p><p>Ata de Registro de Preços, referente ao Pregão Eletrônico 90001/2025, da CODEVASF/13ª/SR - Processo nº 59500.001939/2025-60-e.Objeto: Registro de Preços - execução dos serviços de Pavimentação em Bloco Intertravado de concreto (bloquete), em vias de diversos municípios inseridos na área de atuação da 13ª Superintendência Regional da Codevasf, no estado da Paraíba. Modalidade de Licitação: Pregão Eletrônico nº 90001/2025 - SRP - CODEVASF/13º SUPERINTENDENCIA Regional. FUNDAMENTOS: Leis nº 14.133/2021 e 13.303/2016, Lei Complementar 123/06, Decretos: 10.024/19, 11.462/2023, 8.538/15 e das demais normas legais aplicáveis. O Resultado foi publicado no Diário Oficial da União do dia 26/12/2025, seção 3, página 246 e autorizado pelo Sr. Fred Queiroga Pinto, Superintendente Regional da 13ª Superintendência Regional da CODEVASF, constante à peça do processo nº 59500.001939/2025-60-e. Assinatura: 30/12/2025.VIGÊNCIA: 12(doze) meses. FORNECEDOR: RCA CONSTRUCOES LTDA - CNPJ nº 08.766.483/0001-41. O valor global desta ATA é de R$ R$ 53.008.330,21(cinquenta e três milhões oito mil trezentos e trinta reais e vinte e um centavos). Esta ATA encontra-se disponível da integra no site: https://licitacoes.codevasf.gov.br/licitacoes/13a-superintendencia-regional-joao-pessoa-pb.</p><p class="data">Em 31 de dezembro de 2025</p><p class="assina">FRED QUEIROGA PINTO</p><p class="cargo">Superintendente da 13ª Superintendência Regional</p>]]></Texto>
  </body>
  <Midias />
</article></xml>