﻿<xml><article id="47232393" name="DIVULGACAO NO DOU - 7004543567 -" idOficio="11499055" pubName="DO3" artType="Aviso de Licitação" pubDate="02/01/2026" artClass="00035:00056:00001:00000:00000:00000:00000:00000:00000:00000:00079:00000" artCategory="Ministério de Minas e Energia/Petróleo Brasileiro S.A./Petrobrás" artSize="12" artNotes="" numberPage="108" pdfPage="http://pesquisa.in.gov.br/imprensa/jsp/visualiza/index.jsp?data=02/01/2026&amp;jornal=530&amp;pagina=108" editionNumber="1" highlightType="" highlightPriority="" highlight="" highlightimage="" highlightimagename="" idMateria="23462964">
  <body>
    <Identifica><![CDATA[  AVISO DE LICITAÇÃO   Nº 7004543567]]></Identifica>
    <Data><![CDATA[]]></Data>
    <Ementa />
    <Titulo />
    <SubTitulo />
    <Texto><![CDATA[<p class="identifica">AVISO DE LICITAÇÃO Nº 7004543567</p><p>Objeto: Aquisição Carvão betuminoso c/catalisador impregn</p><p>Abertura das propostas: 09/01/2026 às 17:00 horas</p><p>Obs.: A consulta ao edital e o processamento da licitação será realizada no portal www.petronect.com.br</p><p class="assina">PATRICK WILLIAN CORDEIRO SILVA</p><p class="cargo">Agente de Contratação</p>]]></Texto>
  </body>
  <Midias />
</article></xml>