﻿<xml><article id="47232421" name="ED CONV ASSEMB G EXTRAORD-2025 -" idOficio="11501076" pubName="DO3" artType="Edital de Convocação" pubDate="02/01/2026" artClass="00073:10056:32688:00000:00000:00000:00000:00000:00000:00000:00058:00000" artCategory="Ineditoriais/Sindicatos/SINDICATO DOS TRABALHADORES NA INDÚSTRIA EXTRATIVA DE ALTO HORIZONTE" artSize="12" artNotes="" numberPage="159" pdfPage="http://pesquisa.in.gov.br/imprensa/jsp/visualiza/index.jsp?data=02/01/2026&amp;jornal=530&amp;pagina=159" editionNumber="1" highlightType="" highlightPriority="" highlight="" highlightimage="" highlightimagename="" idMateria="23466039">
  <body>
    <Identifica><![CDATA[ EDITAL DE CONVOCAÇÃO]]></Identifica>
    <Data><![CDATA[ Alto Horizonte/ GO, 15 de dezembro de 2025.]]></Data>
    <Ementa />
    <Titulo />
    <SubTitulo />
    <Texto><![CDATA[<p class="identifica">EDITAL DE CONVOCAÇÃO</p><p class="identifica">ASSEMBLÉIA GERAL EXTRAORDINÁRIA</p><p>O Sindicato dos Trabalhadores na Indústria Extrativa de Alto Horizonte-SITIEAH/GO, CNPJ: 09.193.085/0001-46, na pessoa de seu Presidente e subscritor o Senhor WALTEMY BRAZ GOMIDES, no uso de suas atribuições legais e estatutárias, e em observância à Portaria MTE nº 3.472/2023, vem através deste CONVOCAR toda a categoria dos Trabalhadores das indústrias extrativas composto pelos minérios tais como: (cobalto, ouro, cobre, diamantes e metais preciosos, do ferro e metais básicos, do carvão e da fluorita, de mármore, calcário e pedreiras, de areias e barreiras, do sal, do petróleo, de madeiras, de resinas, de lenha, borracha, do estanho, da pirita, garimpeiros em geral, de minerais não metálicos como o gesso, amianto, mica, quartzo, grafite, talco, greda), sejam o conjunto de trabalhadores que, por atividade profissional e, ou, vínculo empregatício prestam serviços na extração e beneficiamento de minerais e rejeitos no município de Alto Horizonte/GO, para Assembleia Geral Extraordinária de Alteração Estatutária a ser realizada no dia 27 de janeiro de 2026 às 19h00min em primeira convocação e às 19h30min em segunda e última convocação com qualquer número de presentes no seguinte endereço: AV. SÃO FRANCISCO DE ASSIS, Q. 09 LT. 01, Bairro: RESIDENCIAL SUL CEP: 76.560-000, Alto Horizonte/GO, para deliberarem sobre a seguinte ordem do dia: a) Alteração da categoria passando a representar: Trabalhadores das indústrias extrativas composto pelos minérios tais como: (cobalto, ouro, cobre, diamantes e metais preciosos, do ferro e metais básicos, do carvão e da fluorita, de mármore, calcário e pedreiras, de areias e barreiras, do sal, do petróleo, de madeiras, de resinas, de lenha, borracha, do estanho, da pirita, garimpeiros em geral, de minerais não metálicos como o gesso, amianto, mica, quartzo, grafite, talco, greda), sejam o conjunto de trabalhadores que, por atividade profissional e, ou, vínculo empregatício prestam serviços na extração e beneficiamento de minerais e rejeitos; b) Demais alterações estatutárias que se fizerem necessárias.</p><p class="data">Alto Horizonte/ GO, 15 de dezembro de 2025.</p><p class="assina">WALTEMY BRAZ GOMIDES</p><p class="cargo">Presidente / Subscritor</p>]]></Texto>
  </body>
  <Midias />
</article></xml>