﻿<xml><article id="47233566" name="Publicacao dezembro de 2025" idOficio="11500872" pubName="DO3" artType="Aviso" pubDate="02/01/2026" artClass="00073:04862:08804:00000:00000:00000:00000:00000:00000:00000:00107:00000" artCategory="Ineditoriais/Fundação Universidade do Oeste de Santa Catarina" artSize="12" artNotes="" numberPage="158" pdfPage="http://pesquisa.in.gov.br/imprensa/jsp/visualiza/index.jsp?data=02/01/2026&amp;jornal=530&amp;pagina=158" editionNumber="1" highlightType="" highlightPriority="" highlight="" highlightimage="" highlightimagename="" idMateria="23465674">
  <body>
    <Identifica><![CDATA[ AVISO DE REGISTRO DE DIPLOMAS]]></Identifica>
    <Data><![CDATA[ Joaçaba, 30 de dezembro de 2025.]]></Data>
    <Ementa />
    <Titulo />
    <SubTitulo />
    <Texto><![CDATA[<p></p><p class="identifica">AVISO DE REGISTRO DE DIPLOMAS</p><p>Mantenedora: Fundação Universidade do Oeste de Santa Catarina (66)</p><p>Mantida: Universidade do Oeste de Santa Catarina (82)/ CNPJ 84.592.369/0001-20.</p><p>Para fins do disposto no art. 21 da Portaria MEC nº 1.095, de 25 de outubro de 2018, esta Instituição de Educação Superior informa que foram registrados 473(quatrocentos e setenta e três) diplomas, no período de 01/12/2025 a 29/12/2025, no seguinte livro de registro e sequências numéricas: 56-R, 57-R - registros de 65659 a 66137. A relação dos diplomas registrados poderá ser consultada no endereço https://www.unoesc.edu.br.</p><p class="data">Joaçaba, 30 de dezembro de 2025.</p><p class="assina">Ricardo Antonio De Marco</p><p class="cargo">Reitor da Unoesc</p>]]></Texto>
  </body>
  <Midias />
</article></xml>