﻿<xml><article id="47238303" name="2025-12-31/11503994/COMPRASNETWS" idOficio="11503994" pubName="DO3" artType="Extrato de Apostilamento" pubDate="02/01/2026" artClass="00032:00035:00000:00000:00000:00000:00000:00000:00000:00000:00142:00001" artCategory="Ministério da Integração e do Desenvolvimento Regional/Superintendência do Desenvolvimento da Amazônia" artSize="12" artNotes="" numberPage="103" pdfPage="http://pesquisa.in.gov.br/imprensa/jsp/visualiza/index.jsp?data=02/01/2026&amp;jornal=530&amp;pagina=103" editionNumber="1" highlightType="" highlightPriority="" highlight="" highlightimage="" highlightimagename="" idMateria="23470903">
  <body>
    <Identifica><![CDATA[ EXTRATO DE APOSTILAMENTO Nº 1/2025 - UASG 533013]]></Identifica>
    <Data><![CDATA[]]></Data>
    <Ementa />
    <Titulo />
    <SubTitulo />
    <Texto><![CDATA[<p class="identifica">EXTRATO DE APOSTILAMENTO Nº 1/2025 - UASG 533013</p><p>Número do Contrato: 29/2025.</p><p>Nº Processo: 59004.001765/2025-36.</p><p>Contratante: SUPERINTEND. DO DESENVOLVIMENTO DA AMAZONIA. Contratado: 12.110.767/0001-52 - SUPREMA SOLUCOES EM MAQUINAS AGRICOLAS LTDA. Objeto: Correção da dotação orçamentária para fazer frente a despesa do primeiro termo aditivo ao contrato administrativo nº 29/2025.. Vigência: 24/12/2025 a 18/06/2026. Valor Total Atualizado do Contrato: R$ 238.967,44. Data de Assinatura: 30/12/2025.</p><p>(COMPRASNET 4.0 - 30/12/2025).</p>]]></Texto>
  </body>
  <Midias />
</article></xml>