﻿<xml><article id="47233693" name="CAPIMGROSSOHOM" idOficio="11502499" pubName="DO3" artType="Aviso" pubDate="02/01/2026" artClass="00075:00005:00146:00000:00000:00000:00000:00000:00000:00000:00107:00000" artCategory="Prefeituras/Estado da Bahia/Prefeitura Municipal de Capim Grosso" artSize="12" artNotes="" numberPage="161" pdfPage="http://pesquisa.in.gov.br/imprensa/jsp/visualiza/index.jsp?data=02/01/2026&amp;jornal=530&amp;pagina=161" editionNumber="1" highlightType="" highlightPriority="" highlight="" highlightimage="" highlightimagename="" idMateria="23467773">
  <body>
    <Identifica><![CDATA[ AVISOs DE ADJUDICAÇÃO E HOMOLOGAÇÃO]]></Identifica>
    <Data><![CDATA[ Capim Grosso - BA, 30 de dezembro de 2025.]]></Data>
    <Ementa />
    <Titulo />
    <SubTitulo />
    <Texto><![CDATA[<p class="identifica">AVISOs DE ADJUDICAÇÃO E HOMOLOGAÇÃO</p><p class="identifica">CREDENCIAMENTO Nº 14/2025</p><p>O Prefeito do Município de Capim Grosso - Bahia, ADJUDICA e HOMOLOGA o resultado do Credenciamento de pessoas físicas e jurídicas para prestação de serviço de artistas, bandas, grupos musicais nos variados estilos, apresentações de teatro, circo e outras manifestações culturais com vistas a realizarem apresentações públicas, durante os eventos e projetos promovidos ou apoiados pelas Secretarias do Município de Capim Grosso- Bahia. Credenciados: 50.045.591 Luciano Sousa Santos, CNPJ Nº 50.045.591/0001-91, Valor: R$ 24.000,00; Jose Ricardo Araujo Oliveira, CPF Nº 058********, Valor: R$ 18.000,00 - Capim Grosso - BA, 30 de dezembro de 2025. José Sivaldo Rios de Carvalho, Prefeito Municipal</p><p class="identifica">CREDENCIAMENTO Nº 29/2025</p><p>O Prefeito do Município de Capim Grosso - Bahia, ADJUDICA e HOMOLOGA o resultado do credenciamento nº 029/2025, cujo objeto é Credenciamento para contratação de empresa especializada na prestação de serviços de manutenção preventiva e corretiva, conserto, duplagem e reforma de pneus e lavagem de veículos da frota municipal, para atender às necessidades das Secretarias Municipais de Capim Grosso - Bahia. Credenciado: Joao Balbino de Souza, CNPJ Nº: 02.091.554/0001-77, Valor: R$ 12.000,00; - Capim Grosso - BA, 30 de dezembro de 2025. José Sivaldo Rios de Carvalho, Prefeito Municipal.</p><p class="identifica">CREDENCIAMENTO Nº 39/2025</p><p>O Prefeito do Município de Capim Grosso - Bahia, ADJUDICA e HOMOLOGA o resultado do credenciamento nº 039/2025, cujo objeto é Credenciamento de empresa especializada no fornecimento de plantas naturais e ornamentais destinadas à composição da ambientação estética dos eventos culturais em atendimento às demandas das Secretarias Municipais de Capim Grosso. Credenciado: 48.893.076 Veranilde Araujo Rios Mendes, CNPJ Nº 48.893.076/0001-10, Valor: R$ 69.000,00</p><p class="data">Capim Grosso - BA, 30 de dezembro de 2025.</p><p class="assina">José Sivaldo Rios de Carvalho</p>]]></Texto>
  </body>
  <Midias />
</article></xml>