﻿<xml><article id="47238426" name="2025-12-30/11503890/SICONV_23470" idOficio="11503890" pubName="DO3" artType="Extrato de Convênio" pubDate="02/01/2026" artClass="00015:00023:00000:00000:00000:00000:00000:00000:00000:00000:00031:00001" artCategory="Ministério da Cultura/Secretaria de Economia Criativa" artSize="12" artNotes="" numberPage="4" pdfPage="http://pesquisa.in.gov.br/imprensa/jsp/visualiza/index.jsp?data=02/01/2026&amp;jornal=530&amp;pagina=4" editionNumber="1" highlightType="" highlightPriority="" highlight="" highlightimage="" highlightimagename="" idMateria="23470751">
  <body>
    <Identifica><![CDATA[ EXTRATO DE TERMO DE FOMENTO]]></Identifica>
    <Data><![CDATA[]]></Data>
    <Ementa />
    <Titulo />
    <SubTitulo />
    <Texto><![CDATA[<p class="identifica">EXTRATO DE TERMO DE FOMENTO</p><p>Espécie: Termo de Fomento Código 980716, Nº Processo: 01400018284202515, Concedente: MINISTERIO DA CULTURA, Convenente: INSTITUTO IRE CNPJ nº 14609441000108, Objeto: Capacitar mulheres negras e periféricas ao empreendedorismo cultural., Valor Total: R$ 400.000,00, Valor de Contrapartida: R$ 0,00, Valor a ser transferido ou descentralizado por exercício: 2025 - R$ 400.000,00, Crédito Orçamentário: Num Empenho: 2025NE000371, Valor: R$ 400.000,00, PTRES: 257791, Fonte Recurso: 1000000000, ND: 335041, Vigência: 30/12/2025 a 30/06/2026, Data de Assinatura: 30/12/2025, Signatários: Concedente: CLAUDIA SOUSA LEITAO CPF nº ***.712.353-**, Convenente: SANDOVAL DO PASSO BARCELLOS CPF nº ***.682.487-**.</p>]]></Texto>
  </body>
  <Midias />
</article></xml>