﻿<xml><article id="47237805" name="2025-12-29/11500497/COMPRASNETWS" idOficio="11500497" pubName="DO3" artType="Extrato de Contrato" pubDate="02/01/2026" artClass="00050:00020:00100:00000:00000:00000:00000:00000:00000:00000:00030:00001" artCategory="Ministério dos Transportes/Departamento Nacional de Infraestrutura de Transportes/Superintendência Regional no Paraná" artSize="12" artNotes="" numberPage="121" pdfPage="http://pesquisa.in.gov.br/imprensa/jsp/visualiza/index.jsp?data=02/01/2026&amp;jornal=530&amp;pagina=121" editionNumber="1" highlightType="" highlightPriority="" highlight="" highlightimage="" highlightimagename="" idMateria="23465133">
  <body>
    <Identifica><![CDATA[ EXTRATO DE CONTRATO Nº 836/2025 - UASG 393028]]></Identifica>
    <Data><![CDATA[]]></Data>
    <Ementa />
    <Titulo />
    <SubTitulo />
    <Texto><![CDATA[<p class="identifica">EXTRATO DE CONTRATO Nº 836/2025 - UASG 393028</p><p>Nº Processo: 50609.003163/2025-30.</p><p>Dispensa Nº 55/2025. Contratante: SUPERINTENDENCIA REG. NO ESTADO PR - DNIT.</p><p>Contratado: 03.436.676/0001-10 - CONTERSOLO CONSTRUTORA DE OBRAS LTDA. Objeto: Execução dos serviços especializados de recuperação e reforço estrutural emergencial da ponte sobre o rio Piquiri /PR.</p><p>Fundamento Legal: LEI 14.133/2021 - Artigo: 75 - Inciso: VIII. Vigência: 29/12/2025 a 29/09/2026. Valor Total: R$ 12.400.000,00. Data de Assinatura: 29/12/2025.</p><p>(COMPRASNET 4.0 - 29/12/2025).</p>]]></Texto>
  </body>
  <Midias />
</article></xml>