﻿<xml><article id="47229373" name="ATO AVISO DE LICITACAO__9YUPMU" idOficio="11502277" pubName="DO3" artType="Aviso de Licitação-Pregão" pubDate="02/01/2026" artClass="00073:00665:01950:00000:00000:00000:00000:00000:00000:00000:00163:00000" artCategory="Ineditoriais/ASSOCIAÇÃO DE APOIO AO COLÉGIO ESTADUAL PROFESSORA JULIANA BARROS" artSize="12" artNotes="" numberPage="158" pdfPage="http://pesquisa.in.gov.br/imprensa/jsp/visualiza/index.jsp?data=02/01/2026&amp;jornal=530&amp;pagina=158" editionNumber="1" highlightType="" highlightPriority="" highlight="" highlightimage="" highlightimagename="" idMateria="23467539">
  <body>
    <Identifica><![CDATA[ AVISO DE LICITAÇÃO]]></Identifica>
    <Data><![CDATA[ Xambioá - TO, 30 de dezembro de 2025.]]></Data>
    <Ementa />
    <Titulo />
    <SubTitulo />
    <Texto><![CDATA[<p class="identifica">AVISO DE LICITAÇÃO</p><p class="identifica">PREGÃO ELETRÔNICO Nº 1/2026</p><p>A Secretaria da Educação em apoio Assoc. de Apoio do Colégio Estadual Professora Juliana Barros, CNPJ nº. 01.136.074/0001-40, localizada na Av. B S/Nº -Xambioá - TO, por meio do pregoeiro Marcelo Morais Carvalho, promoverá Licitação na modalidade Pregão Eletrônico, para a aquisição de Gêneros Alimentícios para fornecimento de alimentação para a demanda do ano letivo de 2026, destinados aos alunos matriculados no Colégio Estadual Professora Juliana, por meio do Programa Nacional de Alimentação Escolar/PNAE. Data da abertura: 26 de janeiro de 2026, às 08h. O Edital poderá ser examinado ou retirado no Portal de Compras do Governo Federal: www.comprasgovernamentais.gov.br, ou na Unidade Escolar. Maiores informações poderão ser obtidas das 08h às 17h. Tel: (63) 992684132 e através do e-mail: moradasol@ue.seduc.to.gov.br.</p><p class="data">Xambioá - TO, 30 de dezembro de 2025.</p><p class="assina">Gilvan Martins da Silva</p><p class="cargo">Presidente</p>]]></Texto>
  </body>
  <Midias />
</article></xml>