﻿<xml><article id="47231731" name="RESULTADO-PREGAO-90012-2025" idOficio="11503210" pubName="DO3" artType="Resultado de Julgamento" pubDate="02/01/2026" artClass="00032:00038:00031:00007:00000:00000:00000:00000:00000:00000:00119:00000" artCategory="Ministério da Integração e do Desenvolvimento Regional/Companhia de Desenvolvimento dos Vales do São Francisco e do Parnaíba/9ª Superintendência Regional - Goiânia/GO/Secretaria Regional de Licitações" artSize="12" artNotes="" numberPage="105" pdfPage="http://pesquisa.in.gov.br/imprensa/jsp/visualiza/index.jsp?data=02/01/2026&amp;jornal=530&amp;pagina=105" editionNumber="1" highlightType="" highlightPriority="" highlight="" highlightimage="" highlightimagename="" idMateria="23468689">
  <body>
    <Identifica><![CDATA[ RESULTADO DE JULGAMENTO]]></Identifica>
    <Data><![CDATA[]]></Data>
    <Ementa />
    <Titulo />
    <SubTitulo />
    <Texto><![CDATA[<p class="identifica">RESULTADO DE JULGAMENTO</p><p class="identifica">PREGÃO ELETRÔNICO SRP Nº 90012/2025 - UASG 195017</p><p>Processo: 59504.000685/2025-22.</p><p>A Companhia de Desenvolvimento dos Vales do São Francisco e do Parnaíba - CODEVASF - comunica aos interessados no Edital Nº 90012/2025 - Pregão Eletrônico SRP - que tem por objeto: Fornecimento, por Sistema de Registro de Preços - SRP, de equipamentos de panificação para o estado de Goiás, distribuídos em 2 (dois) grupos., que foram consideradas vencedoras as empresas: Grupo 1: MAXIMUM COMERCIAL IMPORTADORA E EXPORTADORA LTDA - EPP, no valor global de R$ 769.785,00 (setecentos e sessenta e nove mil, setecentos e oitenta e cinco reais). Grupo 2: SANTOS COMERCIO E NEGOCIOS LTDA - EPP, CNPJ: 50.533.416/0001-43, no valor global de R$ R$ 48.989,33 (quarenta e oito mil, novecentos e oitenta e nove reais e trinta e três centavos), conforme documentos de realização do Pregão Eletrônico, disponíveis nos sítios: www.gov.br/compras e www.codevasf.gov.br.</p><p class="assina">ABELARDO VAZ FILHO</p><p class="cargo">Superintendente Regional da CODEVASF</p>]]></Texto>
  </body>
  <Midias />
</article></xml>