﻿<xml><article id="47237157" name="2025-12-31/11504091/SICONV_23470" idOficio="11504091" pubName="DO3" artType="Extrato de Convênio" pubDate="02/01/2026" artClass="00047:00053:00000:00000:00000:00000:00000:00000:00000:00000:00031:00001" artCategory="Ministério da Saúde/Fundação Nacional de Saúde" artSize="12" artNotes="" numberPage="118" pdfPage="http://pesquisa.in.gov.br/imprensa/jsp/visualiza/index.jsp?data=02/01/2026&amp;jornal=530&amp;pagina=118" editionNumber="1" highlightType="" highlightPriority="" highlight="" highlightimage="" highlightimagename="" idMateria="23470982">
  <body>
    <Identifica><![CDATA[ EXTRATO DE CONVÊNIO]]></Identifica>
    <Data><![CDATA[]]></Data>
    <Ementa />
    <Titulo />
    <SubTitulo />
    <Texto><![CDATA[<p class="identifica">EXTRATO DE CONVÊNIO</p><p>Espécie: Convênio Código 984754, Nº Processo: 25100005117202549, Concedente: FUNDACAO NACIONAL DE SAUDE, Convenente: MUNICIPIO DE BEZERROS CNPJ nº 10091510000175, Objeto: Construção de Cisternas em Áreas Rurais no Município de Bezerros/PE., Valor Total: R$ 1.544.449,55, Valor de Contrapartida: R$ 0,00, Valor a ser transferido ou descentralizado por exercício: 2026 - R$ 1.544.449,55, Crédito Orçamentário: Num Empenho: 2025NE000659, Valor: R$ 1.544.449,55, PTRES: 234068, Fonte Recurso: 3129000000, ND: 444042, Vigência: 30/12/2025 a 01/04/2029, Data de Assinatura: 30/12/2025, Signatários: Concedente: ALEXANDRE RIBEIRO MOTTA CPF nº ***.643.197-**, Convenente: MARIA LUCIELLE SILVA LAURENTINO CPF nº ***.570.264-**.</p>]]></Texto>
  </body>
  <Midias />
</article></xml>