﻿<xml><article id="47231614" name="TA PRORROG CONV - CNAM" idOficio="11422605" pubName="DO3" artType="Extrato de Termo Aditivo" pubDate="02/01/2026" artClass="00025:00111:00000:00000:00000:00000:00000:00000:00000:00000:00053:00000" artCategory="Ministério da Educação/Universidade Federal de Minas Gerais" artSize="12" artNotes="" numberPage="53" pdfPage="http://pesquisa.in.gov.br/imprensa/jsp/visualiza/index.jsp?data=02/01/2026&amp;jornal=530&amp;pagina=53" editionNumber="1" highlightType="" highlightPriority="" highlight="" highlightimage="" highlightimagename="" idMateria="23342277">
  <body>
    <Identifica><![CDATA[ Extrato de Termo Aditivo ]]></Identifica>
    <Data><![CDATA[]]></Data>
    <Ementa />
    <Titulo />
    <SubTitulo />
    <Texto><![CDATA[<p class="identifica">Extrato de Termo Aditivo</p><p>Espécie: Proc. 23072.260468/2022-27 - Termo Aditivo de Prorrogação de Convênio, firmado entre a Universidade Federal de Minas Gerais - UFMG, CNPJ/MF nº 17.217.985/0001-04 e o Conservatoire national des arts et métiers (Cnam), França. Objeto: Promover o intercâmbio discente de caráter amplo nos níveis da graduação e pós-graduação, além do intercâmbio de docentes e pesquisadores. Valor: Não se aplica. Início da vigência: 16 de novembro de 2025. Fim de Vigência: 16 de novembro de 2030. Nomes e cargos dos signatários: Prof. Sandra Regina Goulart Almeida - Reitora da UFMG, e Prof. Bénédicte Fauvarque-Cosson - Administradora-Geral do CNAM.</p>]]></Texto>
  </body>
  <Midias />
</article></xml>