﻿<xml><article id="47238663" name="2025-12-30/11502607/COMPRASNETWS" idOficio="11502607" pubName="DO3" artType="Extrato de Contrato" pubDate="02/01/2026" artClass="00016:00010:00010:00019:00316:00000:00000:00000:00000:00000:00030:00001" artCategory="Ministério da Defesa/Comando da Aeronáutica/Comando de Preparo/II Comando Aéreo Regional/Base Aérea de Natal" artSize="12" artNotes="" numberPage="6" pdfPage="http://pesquisa.in.gov.br/imprensa/jsp/visualiza/index.jsp?data=02/01/2026&amp;jornal=530&amp;pagina=6" editionNumber="1" highlightType="" highlightPriority="" highlight="" highlightimage="" highlightimagename="" idMateria="23467881">
  <body>
    <Identifica><![CDATA[ EXTRATO DO CONTRATO DE DESPESA Nº 35/BANT/2025]]></Identifica>
    <Data><![CDATA[]]></Data>
    <Ementa />
    <Titulo />
    <SubTitulo />
    <Texto><![CDATA[<p class="identifica">EXTRATO DO CONTRATO DE DESPESA Nº 35/BANT/2025</p><p>Nº Processo: 67222.000839/8202-55.</p><p>Pregão Nº 90040/2025. Contratante: BASE AÉREA DE NATAL.</p><p>Contratado: 05.340.639/0001-30 - PRIME CONSULTORIA E ASSESSORIA EMPRESARIAL LTDA. Objeto: Contratação de empresa especializada para serviços de administração e gerenciamento compartilhado de frota para a manutenção preventiva e corretiva de veículos e equipamentos da BANT. Fundamento Legal: Lei nº 14.133/21. Vigência: 24/12/2025 a 24/12/2026. Valor Total: R$ 502.391,67. Data de Assinatura: 24/12/2025.</p><p>(COMPRASNET 4.0 - 30/12/2025).</p>]]></Texto>
  </body>
  <Midias />
</article></xml>