﻿<xml><article id="47233356" name="ARP 71" idOficio="11501084" pubName="DO3" artType="Extrato de Registro de Preços" pubDate="02/01/2026" artClass="00070:00031:00005:00002:00000:00000:00000:00000:00000:00000:00047:00000" artCategory="Poder Judiciário/Tribunal Regional Eleitoral do Piauí/Secretaria de Administração, Orçamento e Finanças/Comissão Permanente de Licitações" artSize="24" artNotes="" numberPage="156" pdfPage="http://pesquisa.in.gov.br/imprensa/jsp/visualiza/index.jsp?data=02/01/2026&amp;jornal=530&amp;pagina=156" editionNumber="1" highlightType="" highlightPriority="" highlight="" highlightimage="" highlightimagename="" idMateria="23465893">
  <body>
    <Identifica><![CDATA[ EXTRATO DE REGISTRO DE PREÇOS]]></Identifica>
    <Data><![CDATA[]]></Data>
    <Ementa />
    <Titulo />
    <SubTitulo />
    <Texto><![CDATA[<p class="identifica">EXTRATO DE REGISTRO DE PREÇOS</p><p>Pregão Eletrônico SRP nº 90017/2025 (SEI nº 0008491-71.2025.6.18.8000)</p><p>ATA DE REGISTRO DE PREÇOS nº 71/2025</p><p>BENEFICIÁRIA: GRIFO QAP COMÉRCIO VAREJISTA DE ROUPAS E ARTIGOS ESPORTIVOS LTDA</p><p>CNPJ: 27.495.602/0001-13</p><p /><p></p><table><tr /><tr><td rowspan="1" colspan="1"><p>GRUPO</p></td><td rowspan="1" colspan="1"><p>ITEM</p></td><td rowspan="1" colspan="1"><p>ESPECIFICAÇÃO</p></td><td rowspan="1" colspan="1"><p>UNIDADE</p></td><td rowspan="1" colspan="1"><p>QUANT</p></td><td rowspan="1" colspan="2"><p>PREÇO (R$)</p></td></tr><tr><td rowspan="1" colspan="1" /><td rowspan="1" colspan="1" /><td rowspan="1" colspan="1" /><td rowspan="1" colspan="1" /><td rowspan="1" colspan="1" /><td rowspan="1" colspan="1"><p>UNITÁRIO</p></td><td rowspan="1" colspan="1"><p>TOTAL</p></td></tr><tr><td rowspan="1" colspan="1"><p>1</p></td><td rowspan="1" colspan="1"><p>1</p></td><td rowspan="1" colspan="1"><p>DISTINTIVO FUNCIONAL</p></td><td rowspan="1" colspan="1"><p>Unidade</p></td><td rowspan="1" colspan="1"><p>9</p></td><td rowspan="1" colspan="1"><p>165,00</p></td><td rowspan="1" colspan="1"><p>1.485,00</p></td></tr><tr><td rowspan="1" colspan="1" /><td rowspan="1" colspan="1"><p>2</p></td><td rowspan="1" colspan="1"><p>INSÍGNIA DE LAPELA</p></td><td rowspan="1" colspan="1"><p>Unidade</p></td><td rowspan="1" colspan="1"><p>9</p></td><td rowspan="1" colspan="1"><p>41,00</p></td><td rowspan="1" colspan="1"><p>369,00</p></td></tr><tr><td rowspan="1" colspan="1" /><td rowspan="1" colspan="1"><p>3</p></td><td rowspan="1" colspan="1"><p>PORTA DOCUMENTOS</p></td><td rowspan="1" colspan="1"><p>Unidade</p></td><td rowspan="1" colspan="1"><p>9</p></td><td rowspan="1" colspan="1"><p>148,00</p></td><td rowspan="1" colspan="1"><p>1.332,00</p></td></tr><tr><td rowspan="1" colspan="1"><p>2</p></td><td rowspan="1" colspan="1"><p>4</p></td><td rowspan="1" colspan="1"><p>CAMISA DE COMBATE</p></td><td rowspan="1" colspan="1"><p>Unidade</p></td><td rowspan="1" colspan="1"><p>30</p></td><td rowspan="1" colspan="1"><p>264,00</p></td><td rowspan="1" colspan="1"><p>7.920,00</p></td></tr><tr><td rowspan="1" colspan="1" /><td rowspan="1" colspan="1"><p>5</p></td><td rowspan="1" colspan="1"><p>CAMISA TÁTICA</p></td><td rowspan="1" colspan="1"><p>Unidade</p></td><td rowspan="1" colspan="1"><p>30</p></td><td rowspan="1" colspan="1"><p>100,00</p></td><td rowspan="1" colspan="1"><p>3.000,00</p></td></tr><tr><td rowspan="1" colspan="1" /><td rowspan="1" colspan="1"><p>6</p></td><td rowspan="1" colspan="1"><p>CAMISA OPERACIONAL</p></td><td rowspan="1" colspan="1"><p>Unidade</p></td><td rowspan="1" colspan="1"><p>30</p></td><td rowspan="1" colspan="1"><p>95,00</p></td><td rowspan="1" colspan="1"><p>2.850,00</p></td></tr><tr><td rowspan="1" colspan="1" /><td rowspan="1" colspan="1"><p>7</p></td><td rowspan="1" colspan="1"><p>SHORT / CALÇÃO</p></td><td rowspan="1" colspan="1"><p>Unidade</p></td><td rowspan="1" colspan="1"><p>13</p></td><td rowspan="1" colspan="1"><p>74,00</p></td><td rowspan="1" colspan="1"><p>962,00</p></td></tr></table>]]></Texto>
  </body>
  <Midias />
</article></xml>