﻿<xml><article id="47233437" name="EXTRATO 2A TA - CA- 011-2024-DL-" idOficio="11501475" pubName="DO3" artType="Extrato de Termo Aditivo" pubDate="02/01/2026" artClass="00075:00013:00179:00000:00000:00000:00000:00000:00000:00000:00053:00000" artCategory="Prefeituras/Estado do Pará/Prefeitura Municipal de Óbidos" artSize="12" artNotes="" numberPage="164" pdfPage="http://pesquisa.in.gov.br/imprensa/jsp/visualiza/index.jsp?data=02/01/2026&amp;jornal=530&amp;pagina=164" editionNumber="1" highlightType="" highlightPriority="" highlight="" highlightimage="" highlightimagename="" idMateria="23466507">
  <body>
    <Identifica><![CDATA[ EXTRATO DE TERMO ADITIVO]]></Identifica>
    <Data><![CDATA[]]></Data>
    <Ementa />
    <Titulo />
    <SubTitulo />
    <Texto><![CDATA[<p class="identifica">EXTRATO DE TERMO ADITIVO</p><p>2º Termo Aditivo de Prorrogação de prazo contratual por igual período ao Contrato Administrativo N° 011/2024/DL/PMO, proveniente da DISPENSA DE LICITAÇÃO Nº 07/2024-002. Contratado: Projeção Engenharia LTDA - CNPJ N°:04.431.290/0001-89, Objeto: Contratação de Mão de Obra Especializada para Executar os Serviços de Reforma Estrutural do antigo Prédio da Agência do Banpará. Vigência: 13/12/2025 à 11/06/2026.</p>]]></Texto>
  </body>
  <Midias />
</article></xml>