﻿<xml><article id="47233082" name="PARIPUEIRAPRORROG" idOficio="11502499" pubName="DO3" artType="Aviso" pubDate="02/01/2026" artClass="00075:00002:00091:00000:00000:00000:00000:00000:00000:00000:00107:00000" artCategory="Prefeituras/Estado de Alagoas/Prefeitura Municipal de Paripueira" artSize="12" artNotes="" numberPage="160" pdfPage="http://pesquisa.in.gov.br/imprensa/jsp/visualiza/index.jsp?data=02/01/2026&amp;jornal=530&amp;pagina=160" editionNumber="1" highlightType="" highlightPriority="" highlight="" highlightimage="" highlightimagename="" idMateria="23467774">
  <body>
    <Identifica><![CDATA[ AVISO DE PRORROGAÇÃO DE PRAZO ]]></Identifica>
    <Data><![CDATA[]]></Data>
    <Ementa />
    <Titulo />
    <SubTitulo />
    <Texto><![CDATA[<p class="identifica">AVISO DE PRORROGAÇÃO DE PRAZO</p><p class="identifica">CONCORRÊNCIA ELETRÔNICA Nº 2/2025</p><p>MUNICÍPIO DE PARIPUEIRA/AL PROCESSO Nº 2025.CGM.30.201521686-1 CONCORRÊNCIA ELETRÔNICA Nº 02/2025 - MENOR PREÇO GLOBAL OBJETO: CONTRATAÇÃO DE EMPRESA DE ENGENHARIA ESPECIALIZADA EM EXECUÇÃO DE OBRAS DE ACESSIBILIDADE, CONTENÇÃO DE TALUDES E ESCADARIAS COM DISPOSITIVOS DE DRENAGEM A SEREM INSTALADAS NO ALTO DA BOA VISTA NO MUNICÍPIO DE PARIPUEIRA-AL. O MUNICÍPIO DE PARIPUEIRA, torna público para conhecimento dos interessados que fica prorrogado o prazo para abertura de propostas na Concorrência Eletrônica 02/2025, nos termos seguintes: Onde se lia: Início das Propostas: 26/12/2025 10:00 Limite para Impugnação: 11/02/2026 23:59 Limite para Esclarecimentos: 11/02/2026 23:59 Limite p/ Recebimento de Propostas: 16/02/2026 10:00 Abertura das Propostas: 16/02/2026 10:01 Leia-se: Início das Propostas: 26/12/2025 10:00 Limite para Impugnação: 13/02/2026 23:59 Limite para Esclarecimentos: 13/02/2026 23:59 Limite p/ Recebimento de Propostas: 19/02/2026 10:00 Abertura das Propostas: 19/02/2026 10:01 Motivo: Em razão do período carnavalesco, o que implicaria interrupção do horário de expediente regular nos órgãos públicos. Permanecem inalteradas as demais condições do Edital. As propostas devem ser apresentadas exclusivamente via www.portaldecompraspublicas.com.br.</p><p class="assina">DOUGLAS DO NASCIMENTO DORTA</p><p class="cargo">Agente de Contratação</p>]]></Texto>
  </body>
  <Midias />
</article></xml>