﻿<xml><article id="47233910" name="EXTRATO_ RESCISAO UNILATERAL" idOficio="11498444" pubName="DO3" artType="Extrato de Rescisão" pubDate="02/01/2026" artClass="00029:00044:00000:00000:00000:00000:00000:00000:00000:00000:00106:00000" artCategory="Ministério da Gestão e da Inovação em Serviços Públicos/Fundação de Previdência Complementar do Servidor Público Federal do Poder Executivo" artSize="12" artNotes="" numberPage="98" pdfPage="http://pesquisa.in.gov.br/imprensa/jsp/visualiza/index.jsp?data=02/01/2026&amp;jornal=530&amp;pagina=98" editionNumber="1" highlightType="" highlightPriority="" highlight="" highlightimage="" highlightimagename="" idMateria="23462203">
  <body>
    <Identifica><![CDATA[ EXTRATO DE rescisão]]></Identifica>
    <Data><![CDATA[]]></Data>
    <Ementa />
    <Titulo />
    <SubTitulo />
    <Texto><![CDATA[<p class="identifica">EXTRATO DE rescisão</p><p>RESCISÃO UNILATERAL DO CONTRATO Nº 36/2025</p><p>Processo: 03750.020205.000644/2025-62. Espécie: EXTRATO DE RESCISÃO UNILATERAL DO CONTRATO Nº 36/2025 - UASG 926328. Contratante: FUNDAÇÃO DE PREVIDÊNCIA COMPLEMENTAR DO SERVIDOR PÚBLICO FEDERAL DO PODER EXECUTIVO - FUNPRESP-EXE. Contratada: CRESCER WORLD SERVICE LTDA Objeto: O presente extrato tem por objeto a rescisão unilateral do contrato nº 36/2025, em razão do descumprimento das obrigações contratuais pela contratada, consoante o subitem 16.2.2, combinado com a alínea "a" do item II e alínea "c" do item III, ambos do subitem 16.3 do contrato. Fundamento Legal: Art. 172 do Regulamento Interno de Licitações e Contratações da Funpresp-Exe. Fica notificada a contratada, para, querendo, apresentar recurso administrativo no prazo de até 5 (cinco) dias úteis, a contar da data desta publicação, conforme o disposto no inciso IX do art. 192 do Regulamento Interno de Licitações e Contratações da Funpresp-Exe.</p>]]></Texto>
  </body>
  <Midias />
</article></xml>