﻿<xml><article id="47232056" name="TEOFILANDIA 02 0126" idOficio="11502458" pubName="DO3" artType="Aviso de Licitação-Concorrência" pubDate="02/01/2026" artClass="00075:00005:00487:00000:00000:00000:00000:00000:00000:00000:00160:00000" artCategory="Prefeituras/Estado da Bahia/Prefeitura Municipal de Teofilandia" artSize="12" artNotes="" numberPage="162" pdfPage="http://pesquisa.in.gov.br/imprensa/jsp/visualiza/index.jsp?data=02/01/2026&amp;jornal=530&amp;pagina=162" editionNumber="1" highlightType="" highlightPriority="" highlight="" highlightimage="" highlightimagename="" idMateria="23467746">
  <body>
    <Identifica><![CDATA[ AVISOS DE LICITAÇÃO]]></Identifica>
    <Data><![CDATA[]]></Data>
    <Ementa />
    <Titulo />
    <SubTitulo />
    <Texto><![CDATA[<p class="identifica">AVISOS DE LICITAÇÃO</p><p class="identifica">CONCORRÊNCIA Nº 10/2025</p><p>O Município de Teofilândia/BA, realizará Licitação na modalidade Concorrência Eletrônica nº 010/2025, objetivando a Contratação de empresa especializada em serviços de engenharia civil para a Construção de uma UBS TIPO I (PAC3), no Município de Teofilândia/BA. Recebimento de proposta de preços e demais documentos de: 02/01/2026 até as 09:00hs de 19/01/2026 - disputa as 09:30hs do dia 19/01/2026. A licitação ocorrerá no site www.bllcompras.com. O Edital disponível nos sites: www.teofilandia.ba.gov.br - www.pncp.gov.br. Licitação nº CE010/2025 - ou por e-mail: licitacaoteofilandia2025@gmail.com (75) 3268-2150 - Higo Moura Medeiros - Prefeito. Lei nº 14.133/2021.</p><p class="identifica">CONCORRÊNCIA Nº 11/2025</p><p>O Município de Teofilândia/BA, realizará Licitação na modalidade Concorrência Eletrônica SRP nº 011/2025, objetivando o Registro de Preços para futura e eventual contratação de empresa especializada em engenharia, sob demanda, para execução de serviços de reforma e melhorias prediais nas Unidades de Saúde da Família - UBS do Município de Teofilândia/BA. Recebimento de proposta de preços e demais documentos de: 02/01/2026 até as 14:00hs de 19/01/2026 - disputa as 14:30hs do dia 19/01/2026. A licitação ocorrerá no site www.bllcompras.com. O Edital disponível nos sites: www.teofilandia.ba.gov.br - www.pncp.gov.br. Licitação nº CE011/2025 - ou por e-mail: licitacaoteofilandia2025@gmail.com (75) 3268-2150 - Lei nº 14.133/2021.</p><p class="assina">Higo Moura Medeiros</p><p class="cargo">Prefeito</p>]]></Texto>
  </body>
  <Midias />
</article></xml>