﻿<xml><article id="47238540" name="2025-12-31/11504037/COMPRASNETWS" idOficio="11504037" pubName="DO3" artType="Extrato de Termo Aditivo" pubDate="02/01/2026" artClass="00025:00137:00033:00000:00000:00000:00000:00000:00000:00000:00053:00001" artCategory="Ministério da Educação/Empresa Brasileira de Serviços Hospitalares/Filial Hospital Universitário de Juiz de Fora" artSize="12" artNotes="" numberPage="92" pdfPage="http://pesquisa.in.gov.br/imprensa/jsp/visualiza/index.jsp?data=02/01/2026&amp;jornal=530&amp;pagina=92" editionNumber="1" highlightType="" highlightPriority="" highlight="" highlightimage="" highlightimagename="" idMateria="23470968">
  <body>
    <Identifica><![CDATA[ EXTRATO DE TERMO ADITIVO Nº 2/2025 - UASG 155903]]></Identifica>
    <Data><![CDATA[]]></Data>
    <Ementa />
    <Titulo />
    <SubTitulo />
    <Texto><![CDATA[<p class="identifica">EXTRATO DE TERMO ADITIVO Nº 2/2025 - UASG 155903</p><p>Número do Contrato: 8/2025. Nº Processo: 23765.006852/2024-40. Pregão. Nº 90054/2024. Contratante: HOSPITAL UNIVERSITARIO DA UFJF. Contratado: 21.477.534/0002-64 - MARJA COMERCIO E REPRESENTACOES E IMPORTACOES DE PRODUTOS PARA SAUDE LTDA. Objeto: O presente termo aditivo tem por objeto a alteração quantitativa, com fundamento no art. 81, inciso ii, da lei n.º 13.303/2016, mediante o acréscimo de 4 (quatro) unidades do item 2; 25 (vinte e cinco) unidades do item 10, 5 (cinco) unidades do item 69, e 25 (vinte e cinco) unidades do item 115, o que equivale a 25% (vinte e cinco por cento) do valor total inicial atualizado de cada item.. Vigência: 31/12/2025 a 24/01/2026. Valor Total Atualizado do Contrato: R$ 3.399.369,80. Data de Assinatura: 30/12/2025.</p><p>(COMPRASNET 4.0 - 30/12/2025).</p>]]></Texto>
  </body>
  <Midias />
</article></xml>