﻿<xml><article id="47238891" name="2025-12-30/11503893/SICONV_23470" idOficio="11503893" pubName="DO3" artType="Extrato de Convênio" pubDate="02/01/2026" artClass="00015:00025:00000:00000:00000:00000:00000:00000:00000:00000:00031:00001" artCategory="Ministério da Cultura/Secretaria de Formação Artística e Cultural, Livro e Leitura" artSize="12" artNotes="" numberPage="4" pdfPage="http://pesquisa.in.gov.br/imprensa/jsp/visualiza/index.jsp?data=02/01/2026&amp;jornal=530&amp;pagina=4" editionNumber="1" highlightType="" highlightPriority="" highlight="" highlightimage="" highlightimagename="" idMateria="23470754">
  <body>
    <Identifica><![CDATA[ EXTRATO DE TERMO DE FOMENTO]]></Identifica>
    <Data><![CDATA[]]></Data>
    <Ementa />
    <Titulo />
    <SubTitulo />
    <Texto><![CDATA[<p class="identifica">EXTRATO DE TERMO DE FOMENTO</p><p>Espécie: Termo de Fomento Código 987934, Nº Processo: 01400034835202580, Concedente: MINISTERIO DA CULTURA, Convenente: COOPERATIVA PAULISTA DE TEATRO CNPJ nº 51561819000169, Objeto: Produção, edição, publicação e distribuição nacional gratuita das obras literárias "Teatro para Crianças", "Escritos para o Teatro" e "Reminiscências de um Lugar", de autoria de Jairo César Maciel, a partir da cidade de São Paulo/SP., Valor Total: R$ 100.000,00, Valor de Contrapartida: R$ 0,00, Valor a ser transferido ou descentralizado por exercício: 2025 - R$ 100.000,00, Crédito Orçamentário: Num Empenho: 2025NE000028, Valor: R$ 100.000,00, PTRES: 257476, Fonte Recurso: 1000000000, ND: 335041, Vigência: 30/12/2025 a 30/12/2026, Data de Assinatura: 30/12/2025, Signatários: Concedente: FABIANO DOS SANTOS CPF nº ***.429.043-**, Convenente: MONICA APARECIDA RAFAEL DA CRUZ CPF nº ***.889.418-**.</p>]]></Texto>
  </body>
  <Midias />
</article></xml>