﻿<xml><article id="47237355" name="2025-12-29/11498542/COMPRASNETWS" idOficio="11498542" pubName="DO3" artType="Extrato de Termo Aditivo" pubDate="02/01/2026" artClass="00016:00011:00010:00007:00012:00000:00000:00000:00000:00000:00053:00001" artCategory="Ministério da Defesa/Comando do Exército/Comando Militar do Nordeste/6ª Região Militar/35º Batalhão de Infantaria" artSize="12" artNotes="" numberPage="7" pdfPage="http://pesquisa.in.gov.br/imprensa/jsp/visualiza/index.jsp?data=02/01/2026&amp;jornal=530&amp;pagina=7" editionNumber="1" highlightType="" highlightPriority="" highlight="" highlightimage="" highlightimagename="" idMateria="23462285">
  <body>
    <Identifica><![CDATA[ EXTRATO DE TERMO ADITIVO Nº 95/2025 - UASG 160028]]></Identifica>
    <Data><![CDATA[]]></Data>
    <Ementa />
    <Titulo />
    <SubTitulo />
    <Texto><![CDATA[<p class="identifica">EXTRATO DE TERMO ADITIVO Nº 95/2025 - UASG 160028</p><p>Número do Contrato: 606/2021.</p><p>Nº Processo: 64063.000752/2020-70.</p><p>Inexigibilidade. Nº 2/2020. Contratante: 35º BATALHAO DE INFANTARIA. Contratado: 04.678.190/0001-51 - ASSISTE VIDA ATENCAO DOMICILIAR LTDA. Objeto: O presente termo aditivo é firmado para modificar a "cláusula sétima - da vigência", "cláusula oitava - da dotação orçamentária", do contrato ora aditivado, conforme itens 2 (dois) e 3 ( três), do presente termo aditivo.. Vigência: 01/01/2026 a 31/12/2026. Valor Total Atualizado do Contrato: R$ 300.000,00. Data de Assinatura: 11/12/2025.</p><p>(COMPRASNET 4.0 - 11/12/2025).</p>]]></Texto>
  </body>
  <Midias />
</article></xml>