﻿<xml><article id="47232300" name="RESULTADO JULGAMENTO EDITAL 9001" idOficio="11504015" pubName="DO3" artType="Resultado de Julgamento de Licitação" pubDate="02/01/2026" artClass="00032:00038:00017:00000:00000:00000:00000:00000:00000:00000:00159:00000" artCategory="Ministério da Integração e do Desenvolvimento Regional/Companhia de Desenvolvimento dos Vales do São Francisco e do Parnaíba/6ª Superintendência Regional" artSize="12" artNotes="" numberPage="104" pdfPage="http://pesquisa.in.gov.br/imprensa/jsp/visualiza/index.jsp?data=02/01/2026&amp;jornal=530&amp;pagina=104" editionNumber="1" highlightType="" highlightPriority="" highlight="" highlightimage="" highlightimagename="" idMateria="23470918">
  <body>
    <Identifica><![CDATA[  RESULTADO DE JULGAMENTO  ]]></Identifica>
    <Data><![CDATA[]]></Data>
    <Ementa />
    <Titulo />
    <SubTitulo />
    <Texto><![CDATA[<p></p><p class="identifica">RESULTADO DE JULGAMENTO</p><p></p><p>PROCESSO: 59560.001498/2025-91. ESPÉCIE: Resultado de Julgamento de Licitação.</p><p>A CODEVASF 6ª superintendência Regional comunica os interessados que Homologou o Resultado de Julgamento do Edital nº 90018/2025, cujo objeto é a contratação de empresa para execução dos serviços de perfuração e instalação de poços tubulares a serem executados em Municípios inseridos na área de atuação da 6ª Superintendência Regional da Codevasf, localizados no Estado da Bahia, através da Resolução nº 1890 de 30 de dezembro de 2025; Adjudicando os serviços a seguinte empresa: AGROMÁQUINAS EMPREENDIMENTOS AGRICOLAS LTDA, CNPJ nº 05.604.422/0001-90 no valor global de R$ 11.414.410,50 para o item 01 e R$ 12.207.290,00 para o item 02 . ASSINA: PAULO ANTONIO NUNES RANGEL DE LIMA - Superintendente da 6ª Superintendência Regional da CODEVASF. DATA: 31/12/2025.</p><p class="assina">PAULO ANTONIO NUNES RANGEL DE LIMA</p><p class="cargo">Superintendente</p>]]></Texto>
  </body>
  <Midias />
</article></xml>