﻿<xml><article id="47233058" name="DOU_Licitacao Petrobras 70045490" idOficio="11501385" pubName="DO3" artType="Aviso de Licitação" pubDate="02/01/2026" artClass="00035:00056:00001:00000:00000:00000:00000:00000:00000:00000:00079:00000" artCategory="Ministério de Minas e Energia/Petróleo Brasileiro S.A./Petrobrás" artSize="12" artNotes="" numberPage="108" pdfPage="http://pesquisa.in.gov.br/imprensa/jsp/visualiza/index.jsp?data=02/01/2026&amp;jornal=530&amp;pagina=108" editionNumber="1" highlightType="" highlightPriority="" highlight="" highlightimage="" highlightimagename="" idMateria="23466355">
  <body>
    <Identifica><![CDATA[ AVISO DE LICITAÇÃO Nº 7004549000]]></Identifica>
    <Data><![CDATA[]]></Data>
    <Ementa />
    <Titulo />
    <SubTitulo />
    <Texto><![CDATA[<p class="identifica">AVISO DE LICITAÇÃO Nº 7004549000</p><p>Objeto: Fornecimento de Alimentação</p><p>Abertura das propostas: 23/01/2026 às 17:00 horas (horário de Brasília).</p><p>Obs.: A consulta ao edital e o processamento da licitação serão realizados no portal www.petronect.com.br.</p><p class="assina">COMISSÃO DE LICITAÇÃO</p>]]></Texto>
  </body>
  <Midias />
</article></xml>