﻿<xml><article id="47233440" name="EXTRATO 3A TA - CA-004-2024-CC-P" idOficio="11501475" pubName="DO3" artType="Extrato de Termo Aditivo" pubDate="02/01/2026" artClass="00075:00013:00179:00000:00000:00000:00000:00000:00000:00000:00053:00000" artCategory="Prefeituras/Estado do Pará/Prefeitura Municipal de Óbidos" artSize="12" artNotes="" numberPage="164" pdfPage="http://pesquisa.in.gov.br/imprensa/jsp/visualiza/index.jsp?data=02/01/2026&amp;jornal=530&amp;pagina=164" editionNumber="1" highlightType="" highlightPriority="" highlight="" highlightimage="" highlightimagename="" idMateria="23466549">
  <body>
    <Identifica><![CDATA[ EXTRATO DE TERMO ADITIVO]]></Identifica>
    <Data><![CDATA[]]></Data>
    <Ementa />
    <Titulo />
    <SubTitulo />
    <Texto><![CDATA[<p class="identifica">EXTRATO DE TERMO ADITIVO</p><p>3º Termo Aditivo para Prorrogação de prazo contratual por igual período ao Contrato Administrativo N° 004/2024/CC/PMO, proveniente da concorrência pública eletrônica n° 006/2024/PMO. Contratado: A. O. C. Construção serviços de Terraplanagem e Manutenção LTDA - CNPJ 21.868.165/0001-50, objeto: Contratação de Empresa Especializada para conclusão do saldo (abrangendo serviços remanescentes) construção de uma feira no modelo atacarejo (mix de atacado e varejo) para a comercialização e o armazenamento dos produtos agrícolas na Rua Pedro Alvares Cabral, s/n, Bairro Cidade Nova, no Município de Óbidos-PA objeto do Convenio 865687/2018 - Obra Remanescente. Vigência: 05/12/2025 à 03/06/2026.</p>]]></Texto>
  </body>
  <Midias />
</article></xml>