﻿<xml><article id="47233419" name="EXTRATO_2 TERMO ADITIVO_MAQ LARE" idOficio="11502642" pubName="DO3" artType="Extrato de Contrato" pubDate="02/01/2026" artClass="00071:00216:00000:00000:00000:00000:00000:00000:00000:00000:00030:00000" artCategory="Entidades de Fiscalização do Exercício das Profissões Liberais/Conselho Regional de Educação Física da 10ª Região" artSize="12" artNotes="" numberPage="157" pdfPage="http://pesquisa.in.gov.br/imprensa/jsp/visualiza/index.jsp?data=02/01/2026&amp;jornal=530&amp;pagina=157" editionNumber="1" highlightType="" highlightPriority="" highlight="" highlightimage="" highlightimagename="" idMateria="23467901">
  <body>
    <Identifica><![CDATA[ EXTRATO DE TERMO ADITIVO]]></Identifica>
    <Data><![CDATA[]]></Data>
    <Ementa />
    <Titulo />
    <SubTitulo />
    <Texto><![CDATA[<p></p><p class="identifica">EXTRATO DE TERMO ADITIVO</p><p>OBJETO: SEGUNDO TERMO ADITIVO AO CONTRATO DE PRESTAÇÃO DE SERVIÇOS QUE ENTRE SI CELEBRAM O CONSELHO REGIONAL DE EDUCAÇÃO FÍSICA DA 10 REGIÃO E MAQ-LAREM MÁQUINAS MÓVEIS E EQUIPAMENTOS LTDA. Dispensa de Licitação nº DP00018/2023 - PROCESSO ADMINISTRATIVO N° 230510DV00015. DOTAÇÃO: 6.2.2.1.01.01.071 - LOCAÇÃO DE BENS MÓVEIS, MAQ. E EQUIPAMENTOS. Vigência: 14/05/2025 a 15/05/2026. PARTES CONTRATANTES: Conselho Regional de Educação Física da 10 Região e MAQ-LAREM MÁQUINAS MÓVEIS E EQUIPAMENTOS LTDA. Valor: 4.080,00.</p>]]></Texto>
  </body>
  <Midias />
</article></xml>