﻿<xml><article id="47238825" name="2025-12-17/11479293/COMPRASNETWS" idOficio="11479293" pubName="DO3" artType="Extrato de Termo Aditivo" pubDate="02/01/2026" artClass="00016:00011:00014:00007:00003:00000:00000:00000:00000:00000:00053:00001" artCategory="Ministério da Defesa/Comando do Exército/Comando Militar do Sudeste/2ª Região Militar/Hospital Militar de Área de São Paulo" artSize="12" artNotes="" numberPage="8" pdfPage="http://pesquisa.in.gov.br/imprensa/jsp/visualiza/index.jsp?data=02/01/2026&amp;jornal=530&amp;pagina=8" editionNumber="1" highlightType="" highlightPriority="" highlight="" highlightimage="" highlightimagename="" idMateria="23433446">
  <body>
    <Identifica><![CDATA[ EXTRATO DE TERMO ADITIVO Nº 60/2025 - UASG 160495]]></Identifica>
    <Data><![CDATA[]]></Data>
    <Ementa />
    <Titulo />
    <SubTitulo />
    <Texto><![CDATA[<p class="identifica">EXTRATO DE TERMO ADITIVO Nº 60/2025 - UASG 160495</p><p>Número do Contrato: 30/2022.</p><p>Nº Processo: 64584.026588/2022-12.</p><p>Pregão. Nº 48/2022. Contratante: HOSPITAL MILITAR DE AREA DE SAO PAULO. Contratado: 50.429.810/0001-36 - SAPRA LANDAUER SERVICO DE ASSESSORIA E PROTECAO RADIOLOGICA LTDA.. Objeto: 1.1.1. Prorrogar o prazo da vigência do contrato n° 30/2022 por 12</p><p>(doze) meses, contemplando-se, nesta ocasião, o período de 02/01/2025</p><p>a 01/01/2026, nos termos do art. 57, (ii ou iv), da lei n.º 8.666, de 1993.</p><p>1.1.2. Reajustar o valor inicial atualizado do contrato, conforme</p><p>exigência estabelecida na cláusula sexta do termo de contrato.</p><p>1.1.3. Acrescentar 6,38% do valor inicial atualizado do contrato, a</p><p>partir da assinatura deste instrumento, equivalente a r$ 520,56</p><p>(quinhentos e vinte reais e cinqüenta e seis centavos) nos moldes do art.</p><p>65, inciso i, alínea "b" § 1º, da lei n.º 8.666/1993;. Vigência: 02/01/2026 a 01/01/2027. Valor Total Atualizado do Contrato: R$ 10.064,16. Data de Assinatura: 16/12/2025.</p><p>(COMPRASNET 4.0 - 16/12/2025).</p>]]></Texto>
  </body>
  <Midias />
</article></xml>