﻿<xml><article id="47231590" name="DOU ATO EXTRATO DE ACORDO DE COO" idOficio="11503288" pubName="DO3" artType="Extrato de Acordo de Cooperação Técnica" pubDate="02/01/2026" artClass="00070:00008:00007:00000:00000:00000:00000:00000:00000:00000:00035:00000" artCategory="Poder Judiciário/Tribunal Regional Federal da 2ª Região/Secretaria-Geral" artSize="12" artNotes="" numberPage="155" pdfPage="http://pesquisa.in.gov.br/imprensa/jsp/visualiza/index.jsp?data=02/01/2026&amp;jornal=530&amp;pagina=155" editionNumber="1" highlightType="" highlightPriority="" highlight="" highlightimage="" highlightimagename="" idMateria="23468793">
  <body>
    <Identifica><![CDATA[ EXTRATO de ACORDO DE COOPERAÇÃO TÉCNICA ]]></Identifica>
    <Data><![CDATA[]]></Data>
    <Ementa />
    <Titulo />
    <SubTitulo />
    <Texto><![CDATA[<p class="identifica">EXTRATO de ACORDO DE COOPERAÇÃO TÉCNICA</p><p>ESPÉCIE: Acordo de Cooperação Técnica nº 645/2025.</p><p>PROCESSO: 0016287-28.2025.4.02.8000.</p><p>CONVENENTES: TRIBUNAL REGIONAL FEDERAL DA 4ª REGIÃO e TRIBUNAL REGIONAL FEDERAL DA 2ª REGIÃO.</p><p>OBJETO: a cessão de uso do módulo JURISPRUDÊNCIA, criado pelo TRF4.</p><p>BASE LEGAL: Art. 184 da Lei nº 14.133/2021. VIGÊNCIA: 22/12/2025 a 22/12/2030.</p><p>ASSINATURA: 22/12/2025.</p><p>Desembargador Federal João Batista Pinto Silveira, Presidente do TRF 4ª Região, e Desembargador Federal Luiz Paulo da Silva Araujo Filho, Presidente do TRF 2ª Região.</p><p>Desembargador Federal</p>]]></Texto>
  </body>
  <Midias />
</article></xml>