﻿<xml><article id="47237877" name="2025-12-31/11503999/COMPRASNETWS" idOficio="11503999" pubName="DO3" artType="Extrato de Contrato" pubDate="02/01/2026" artClass="00013:00041:00000:00000:00000:00000:00000:00000:00000:00000:00030:00001" artCategory="Ministério da Ciência, Tecnologia e Inovação/Instituto Nacional de Pesquisas Espaciais" artSize="12" artNotes="" numberPage="3" pdfPage="http://pesquisa.in.gov.br/imprensa/jsp/visualiza/index.jsp?data=02/01/2026&amp;jornal=530&amp;pagina=3" editionNumber="1" highlightType="" highlightPriority="" highlight="" highlightimage="" highlightimagename="" idMateria="23470948">
  <body>
    <Identifica><![CDATA[ EXTRATO DE CONTRATO Nº 680/2025 - UASG 240106]]></Identifica>
    <Data><![CDATA[]]></Data>
    <Ementa />
    <Titulo />
    <SubTitulo />
    <Texto><![CDATA[<p class="identifica">EXTRATO DE CONTRATO Nº 680/2025 - UASG 240106</p><p>Nº Processo: 01340.009869/2025-98.</p><p>Pregão Nº 90021/2024. Contratante: INSTITUTO NACIONAL DE PESQ. ESPACIAIS-INPE.</p><p>Contratada: 65.149.197/0002-51 - REPREMIG REPRESENTAÇÃO E COMÉRCIO DE MINAS GERAIS LTDA. Objeto: Aquisição de material permanente de TI, nas condições estabelecidas no Termo de Referência (R.D. Nº 01.14.068.0/25).</p><p>Fundamento Legal: LEI 14.133/2021 - Artigo: 28 - Inciso: I. Vigência: 30/12/2025 a 30/12/2026. Valor Total: R$ 3.465,00. Data de Assinatura: 30/12/2025.</p><p>(COMPRASNET 4.0 - 31/12/2025).</p>]]></Texto>
  </body>
  <Midias />
</article></xml>