﻿<xml><article id="47237142" name="2025-12-29/11500624/COMPRASNETWS" idOficio="11500624" pubName="DO3" artType="Extrato de Termo Aditivo" pubDate="02/01/2026" artClass="00025:00055:00010:00000:00000:00000:00000:00000:00000:00000:00053:00001" artCategory="Ministério da Educação/Instituto Federal de Educação, Ciência e Tecnologia de Alagoas/Campus Piranhas" artSize="12" artNotes="" numberPage="17" pdfPage="http://pesquisa.in.gov.br/imprensa/jsp/visualiza/index.jsp?data=02/01/2026&amp;jornal=530&amp;pagina=17" editionNumber="1" highlightType="" highlightPriority="" highlight="" highlightimage="" highlightimagename="" idMateria="23465321">
  <body>
    <Identifica><![CDATA[ EXTRATO DE TERMO ADITIVO Nº 1/2025 - UASG 152802]]></Identifica>
    <Data><![CDATA[]]></Data>
    <Ementa />
    <Titulo />
    <SubTitulo />
    <Texto><![CDATA[<p class="identifica">EXTRATO DE TERMO ADITIVO Nº 1/2025 - UASG 152802</p><p>Número do Contrato: 3/2025.</p><p>Nº Processo: 23041.009434/2025-51.</p><p>Dispensa. Nº 90004/2024. Contratante: INST.FED.DE ALAGOAS/CAMPUS PIRANHAS. Contratado: 12.705.463/0001-38 - ASSOC DE DESEN COM DOS PROD RURAIS DO S ALGODAOZINHO. Objeto: Alteração para acréscimo quantitativo do objeto contratual, consistente em 25% (vinte e cinco por cento) do valor inicial atualizado do contrato 03/2025/campus piranhas/ifal. Vigência: 29/12/2025 a 19/03/2026. Valor Total Atualizado do Contrato: R$ 54.159,60. Data de Assinatura: 29/12/2025.</p><p>(COMPRASNET 4.0 - 29/12/2025).</p>]]></Texto>
  </body>
  <Midias />
</article></xml>