﻿<xml><article id="47236860" name="2025-12-31/11504063/COMPRASNETWS" idOficio="11504063" pubName="DO3" artType="Extrato de Termo Aditivo" pubDate="02/01/2026" artClass="00034:00062:00000:00000:00000:00000:00000:00000:00000:00000:00053:00001" artCategory="Ministério do Meio Ambiente e Mudança do Clima/Instituto Brasileiro do Meio Ambiente e dos Recursos Naturais Renováveis" artSize="12" artNotes="" numberPage="107" pdfPage="http://pesquisa.in.gov.br/imprensa/jsp/visualiza/index.jsp?data=02/01/2026&amp;jornal=530&amp;pagina=107" editionNumber="1" highlightType="" highlightPriority="" highlight="" highlightimage="" highlightimagename="" idMateria="23470927">
  <body>
    <Identifica><![CDATA[ EXTRATO DE TERMO ADITIVO Nº 1/2025 - UASG 193099]]></Identifica>
    <Data><![CDATA[]]></Data>
    <Ementa />
    <Titulo />
    <SubTitulo />
    <Texto><![CDATA[<p class="identifica">EXTRATO DE TERMO ADITIVO Nº 1/2025 - UASG 193099</p><p>Número do Contrato: 87/2024.</p><p>Nº Processo: 02001.018464/2024-73.</p><p>Pregão. Nº 90030/2024. Contratante: IBAMA-INST.BRAS.DO MEIO AMB.E DOS REC.NAT.REN. Contratado: 06.926.223/0001-60 - AMERICA TECNOLOGIA DE INFORMATICA E ELETRO-ELETRONICOS LTDA. Objeto: Prorrogar o prazo de vigência do contrato nº 87/2024, por mais 12 (doze) meses, a partir de 27/12/2025 até 27/12/2026, na forma dos artigos 106 e 107 da lei nº 14.133, de 2021.. Vigência: 27/12/2025 a 27/12/2026. Valor Total Atualizado do Contrato: R$ 132.988,35. Data de Assinatura: 19/12/2025.</p><p>(COMPRASNET 4.0 - 19/12/2025).</p>]]></Texto>
  </body>
  <Midias />
</article></xml>