﻿<xml><article id="47229363" name="EXTRATO DE CONTRATO NA 09_2025" idOficio="11503864" pubName="DO3" artType="Extrato de Contrato" pubDate="02/01/2026" artClass="00032:00034:00012:00000:00000:00000:00000:00000:00000:00000:00030:00000" artCategory="Ministério da Integração e do Desenvolvimento Regional/Departamento Nacional de Obras Contra as Secas/Coordenadoria Estadual em Sergipe" artSize="12" artNotes="" numberPage="102" pdfPage="http://pesquisa.in.gov.br/imprensa/jsp/visualiza/index.jsp?data=02/01/2026&amp;jornal=530&amp;pagina=102" editionNumber="1" highlightType="" highlightPriority="" highlight="" highlightimage="" highlightimagename="" idMateria="23470602">
  <body>
    <Identifica><![CDATA[EXTRATO DE CONTRATO  Nº  9/2025 - CEST-SE]]></Identifica>
    <Data><![CDATA[]]></Data>
    <Ementa />
    <Titulo />
    <SubTitulo />
    <Texto><![CDATA[<p class="identifica">EXTRATO DE CONTRATO Nº 9/2025 - CEST-SE</p><p>EXTRATO DE CONTRATO Nº 09/2025 - CEST-SE</p><p>Processo nº 59414.000059/2025-45</p><p>Contratante: Departamento Nacional de Obras Contra as Secas - DNOCS, por intermédio da Coordenação Estadual em Sergipe - CEST-SE.</p><p>Contratada: BOUWMAN TECNOLOGIA AGROPECUÁRIA LTDA , CNPJ nº 79.440.152/0001-65 .</p><p>Objeto: O objeto do presente instrumento é a Aquisição de MÁQUINAS E EQUIPAMENTOS AGRÍCOLAS NOVOS, destinados a atender os municípios da área de atuação do DNOCS para realizar as atividades pertinentes , sob coordenação do DNOCS/CEST-SE.</p><p>Vigência: 12 (doze) meses, contados da data de assinatura do contrato, nos termos do art. 105 da Lei nº 14.133, de 1º de abril de 2021.</p><p>Assinam: Marcos Vander Costa da Cunha, Coordenador Estadual do DNOCS em Sergipe, pelo Contratante, e SR. RAFAEL HENDRIK BOUWMAN , pela Contratada.</p><p>Aracaju/SE, 29 de dezembro de 2025.</p><p></p>]]></Texto>
  </body>
  <Midias />
</article></xml>