﻿<xml><article id="47232514" name="Publicacao Aviso de Chamamento P" idOficio="11502319" pubName="DO3" artType="Aviso de Chamamento Público" pubDate="02/01/2026" artClass="00025:00130:00000:00000:00000:00000:00000:00000:00000:00000:00109:00000" artCategory="Ministério da Educação/Universidade Federal de São Paulo" artSize="12" artNotes="" numberPage="92" pdfPage="http://pesquisa.in.gov.br/imprensa/jsp/visualiza/index.jsp?data=02/01/2026&amp;jornal=530&amp;pagina=92" editionNumber="1" highlightType="" highlightPriority="" highlight="" highlightimage="" highlightimagename="" idMateria="23467604">
  <body>
    <Identifica><![CDATA[ AVISO DE CHAMAMENTO PÚBLICO Nº 1/2026]]></Identifica>
    <Data><![CDATA[]]></Data>
    <Ementa />
    <Titulo />
    <SubTitulo />
    <Texto><![CDATA[<p class="identifica">AVISO DE CHAMAMENTO PÚBLICO Nº 1/2026</p><p>A Reitora da Universidade Federal de São Paulo - UNIFESP torna público o chamamento para Cadastro Simplificado de instituições privadas (empresas) ou públicas, agentes de integração e profissionais liberais regularmente constituídos, para oferta de campo de estágio obrigatório e não obrigatório aos(às) estudantes de graduação da UNIFESP, com validade até 31/12/2026 a contar da presente publicação, nos termos da Lei n° 11.788 de 25/09/2008 e da Resolução do Conselho Universitário nº 220, de 31/05/2022. Processo Administrativo nº 23089.042149/2025-03.</p><p>O Edital contendo as condições estabelecidas encontra-se disponível no sítio: https://proreitoria.unifesp.br/prograd/todos-institucional/estagio-estudantes-da-unifesp</p><p class="assina">RAIANE PATRÍCIA SEVERINO ASSUMPÇÃO</p>]]></Texto>
  </body>
  <Midias />
</article></xml>