﻿<xml><article id="47232390" name="resultado de julgamento PE 90002" idOficio="11504053" pubName="DO3" artType="Resultado de Julgamento" pubDate="02/01/2026" artClass="00032:00038:00028:00000:00000:00000:00000:00000:00000:00000:00119:00000" artCategory="Ministério da Integração e do Desenvolvimento Regional/Companhia de Desenvolvimento dos Vales do São Francisco e do Parnaíba/10ª Superintendência Regional - Palmas/TO" artSize="12" artNotes="" numberPage="104" pdfPage="http://pesquisa.in.gov.br/imprensa/jsp/visualiza/index.jsp?data=02/01/2026&amp;jornal=530&amp;pagina=104" editionNumber="1" highlightType="" highlightPriority="" highlight="" highlightimage="" highlightimagename="" idMateria="23470963">
  <body>
    <Identifica><![CDATA[ RESULTADO DE JULGAMENTO  PREGÃO ELETRÔNICO Nº 90002/2025 - UASG 195018 - SRP]]></Identifica>
    <Data><![CDATA[Em 31 de dezembro de 2025.]]></Data>
    <Ementa />
    <Titulo />
    <SubTitulo />
    <Texto><![CDATA[<p></p><p class="identifica">RESULTADO DE JULGAMENTO PREGÃO ELETRÔNICO Nº 90002/2025 - UASG 195018 - SRP</p><p>ESPÉCIE: PREGÃO ELETRÔNICO Nº 90002/2025 - UASG 195018 - SRP - MAIOR DESCONTO- 10ª Superintendência Regional - PROCESSO nº 59506.000002/2025-17-e. OBJETO: Contratação de serviços de construção de espaços multiuso cobertos em diversos municípios inseridos na área de atuação da CODEVASF no estado do Tocantins. Foi considerada VENCEDORA a empresa: ITEM 1 - ALCANCE ENGENHARIA E CONSTRUÇÃO LTDA, CNPJ N° 20.501.854/0001- 69, pelo valor global de R$ 28.224.124,13 (vinte e oito milhões, duzentos e vinte e quatro mil, cento e vinte e quatro reais e treze centavos) e valor unitário de R$ 940.804,13 (novecentos e quarenta mil e oitocentos e quatro reais e treze centavos), a preços de outubro de 2025. conforme documentos de realização do pregão eletrônico, disponíveis nos sitios: www.gov.br/compras www.codevasf.gov.br.</p><p class="data">Em 31 de dezembro de 2025.</p><p class="assina">CÉSAR FÉLIX FRAGOSO</p><p class="cargo">Superintendente da 10ª Superintendência Regional da CODEVASF</p>]]></Texto>
  </body>
  <Midias />
</article></xml>