﻿<xml><article id="47233413" name="EXTRATO DE CONTRATO 134-2025 _DI" idOficio="11502556" pubName="DO3" artType="Extrato de Contrato" pubDate="02/01/2026" artClass="00075:00007:00060:00000:00000:00000:00000:00000:00000:00000:00030:00000" artCategory="Prefeituras/Estado do Espírito Santo/Prefeitura Municipal de Muqui" artSize="12" artNotes="" numberPage="162" pdfPage="http://pesquisa.in.gov.br/imprensa/jsp/visualiza/index.jsp?data=02/01/2026&amp;jornal=530&amp;pagina=162" editionNumber="1" highlightType="" highlightPriority="" highlight="" highlightimage="" highlightimagename="" idMateria="23467849">
  <body>
    <Identifica><![CDATA[EXTRATO DE CONTRATO Nº 134/2025]]></Identifica>
    <Data><![CDATA[]]></Data>
    <Ementa />
    <Titulo />
    <SubTitulo />
    <Texto><![CDATA[<p class="identifica">EXTRATO DE CONTRATO Nº 134/2025</p><p>ID 2025.051E0700001.16.0012</p><p>Contratante: Município de Muqui; Contratada: PORTO LIVRE IMPORTACAO E EXPORTACAO LTDA, CNPJ: 54.593.666/0001-20. Objeto: Trator agrícola, 0 km; sobre rodas e com pneus novos; ano/modelo atual; tração 4x4; com sistema de redução; motor a diesel; potência mínima de 75 cv. Fonte de Recurso: 170600003110; Ficha Financeira: 0000461 - CONVÊNIO 911729/21 MAPA. Valor, R$ 138.000,00. Muqui-ES, 30 de dezembro de 2025.</p>]]></Texto>
  </body>
  <Midias />
</article></xml>