﻿<xml><article id="47239079" name="2025-12-31/11504051/SICONV_23470" idOficio="11504051" pubName="DO3" artType="Extrato de Convênio" pubDate="02/01/2026" artClass="00021:00035:00000:00000:00000:00000:00000:00000:00000:00000:00031:00001" artCategory="Ministério dos Direitos Humanos e da Cidadania/Secretaria Nacional de Promoção e Defesa dos Direitos Humanos" artSize="12" artNotes="" numberPage="14" pdfPage="http://pesquisa.in.gov.br/imprensa/jsp/visualiza/index.jsp?data=02/01/2026&amp;jornal=530&amp;pagina=14" editionNumber="1" highlightType="" highlightPriority="" highlight="" highlightimage="" highlightimagename="" idMateria="23470961">
  <body>
    <Identifica><![CDATA[ EXTRATO DE TERMO ADITIVO]]></Identifica>
    <Data><![CDATA[]]></Data>
    <Ementa />
    <Titulo />
    <SubTitulo />
    <Texto><![CDATA[<p class="identifica">EXTRATO DE TERMO ADITIVO</p><p>Espécie: Termo Aditivo de Alteração da Vigência Nº 000003/2025 ao Instrumento código 948836. Convenentes: Concedente: MINISTERIO DOS DIREITOS HUMANOS E CIDADANIA, Unidade Gestora: 810006. Convenente: INSTITUTO CASA DA VILA, CNPJ nº 07996915000148. Prorrogação de vigência do Termo de Fomento nº 948836/2023, alterando a vigência de 29/12/2024 para 31/03/2026. Valor Total: R$ 100.000,00, Valor de Contrapartida: R$ 0,00, Vigência: 22/12/2023 a 31/03/2026. Data de Assinatura: 22/12/2023. Signatários: Concedente: ELIDA DE OLIVEIRA LAURIS DOS SANTOS, CPF nº ***.858.852-**, Convenente: CAMILA PALATUCCI ARANTES, CPF nº ***.274.821-**.</p>]]></Texto>
  </body>
  <Midias />
</article></xml>