﻿<xml><article id="47231888" name="CONV - Uni-Bielefeld" idOficio="11422605" pubName="DO3" artType="Extrato de Convênio" pubDate="02/01/2026" artClass="00025:00111:00000:00000:00000:00000:00000:00000:00000:00000:00031:00000" artCategory="Ministério da Educação/Universidade Federal de Minas Gerais" artSize="12" artNotes="" numberPage="53" pdfPage="http://pesquisa.in.gov.br/imprensa/jsp/visualiza/index.jsp?data=02/01/2026&amp;jornal=530&amp;pagina=53" editionNumber="1" highlightType="" highlightPriority="" highlight="" highlightimage="" highlightimagename="" idMateria="23342286">
  <body>
    <Identifica><![CDATA[ Extrato de Convênio]]></Identifica>
    <Data><![CDATA[]]></Data>
    <Ementa />
    <Titulo />
    <SubTitulo />
    <Texto><![CDATA[<p class="identifica">Extrato de Convênio</p><p>Espécie: Proc. 23072.007636/2015-29 - Convênio firmado entre a Universidade Federal de Minas Gerais - UFMG, CNPJ/MF nº 17.217.985/0001-04 e a Universität Bielefeld (Uni-Bielefeld), Alemanha. Objeto: Promover o intercâmbio discente de caráter amplo nos níveis da graduação e pós-graduação, além do intercâmbio de docentes e pesquisadores. Valor: Não se aplica. Início da vigência: 17 de agosto de 2020. Fim de Vigência: 31 de julho de 2030. Nomes e cargos dos signatários: Prof. Sandra Regina Goulart Almeida - Reitora da UFMG, e Prof. Angelika Epple - Reitora da Uni-Bielefeld.</p>]]></Texto>
  </body>
  <Midias />
</article></xml>