﻿<xml><article id="47237424" name="2025-12-29/11500677/COMPRASNETWS" idOficio="11500677" pubName="DO3" artType="Extrato de Termo Aditivo" pubDate="02/01/2026" artClass="00025:00052:00013:00000:00000:00000:00000:00000:00000:00000:00053:00001" artCategory="Ministério da Educação/Colégio Pedro II/Campus São Cristovão II" artSize="12" artNotes="" numberPage="16" pdfPage="http://pesquisa.in.gov.br/imprensa/jsp/visualiza/index.jsp?data=02/01/2026&amp;jornal=530&amp;pagina=16" editionNumber="1" highlightType="" highlightPriority="" highlight="" highlightimage="" highlightimagename="" idMateria="23465465">
  <body>
    <Identifica><![CDATA[ EXTRATO DE TERMO ADITIVO Nº 3/2024]]></Identifica>
    <Data><![CDATA[]]></Data>
    <Ementa />
    <Titulo />
    <SubTitulo />
    <Texto><![CDATA[<p class="identifica">EXTRATO DE TERMO ADITIVO Nº 3/2024</p><p>UASG 155631</p><p>Número do Contrato: 60000/2021.</p><p>Nº Processo: 23778.000217/2021-67.</p><p>Pregão. Nº 2/2021.</p><p>Contratante: COLEGIO PEDRO II - CAMPUS SAO CRISTOVAO II.</p><p>Contratado: 19.088.605/0001-04 - MGS CLEAN SOLUCOES E SERVICOS LTDA.</p><p>Objeto: O objeto do presente instrumento é:Prorrogar o prazo da vigência do contrato nº 06/2021, por 12 (doze) meses, contemplando-se, nesta ocasião, o período de 02/01/2025 a 02/01/2026, nos termos do art. 57, ii, da lei n.º 8.666, de 1993)</p><p>Vigência: 02/01/2025 a 02/01/2026.</p><p>Valor Total Atualizado do Contrato: R$ 309.680,88.</p><p>Data de Assinatura: 27/12/2024.</p>]]></Texto>
  </body>
  <Midias />
</article></xml>