﻿<xml><article id="47237310" name="2025-12-30/11502923/COMPRASNETWS" idOficio="11502923" pubName="DO3" artType="Extrato de Contrato" pubDate="02/01/2026" artClass="00006:00007:00013:00009:00015:00000:00000:00000:00000:00000:00030:00001" artCategory="Presidência da República/Advocacia-Geral da União/Secretaria-Geral de Consultoria/Secretaria de Gestão Administrativa/Superintendência Regional de Administração da 5ª Região" artSize="12" artNotes="" numberPage="1" pdfPage="http://pesquisa.in.gov.br/imprensa/jsp/visualiza/index.jsp?data=02/01/2026&amp;jornal=530&amp;pagina=1" editionNumber="1" highlightType="" highlightPriority="" highlight="" highlightimage="" highlightimagename="" idMateria="23468272">
  <body>
    <Identifica><![CDATA[ EXTRATO DE CONTRATO Nº 4f0/2025 - UASG 110096]]></Identifica>
    <Data><![CDATA[]]></Data>
    <Ementa />
    <Titulo />
    <SubTitulo />
    <Texto><![CDATA[<p class="identifica">EXTRATO DE CONTRATO Nº 4f0/2025 - UASG 110096</p><p>Nº Processo: 00587.000500/2025-64.</p><p>Pregão Nº 90020/2025. Contratante: SUPERINTENDENCIA REG. DE ADMIN. DA 5ª REGIAO.</p><p>Contratado: 30.095.615/0001-00 - FRANCO SOLAR ENGENHARIA LTDA. Objeto: Aquisição de conjunto fotovoltaico para geração de energia solar com potência de pico mínima de 225,12 KWP com tecnologia MLPE (module-level power electronics/eletrônica de potência no nível do módulo), incluindo instalação, montagem e infraestrutura.</p><p>Fundamento Legal: LEI 14.133/2021 - Artigo: 28 - Inciso: I. Vigência: 30/12/2025 a 30/12/2030. Valor Total: R$ 796.946,00. Data de Assinatura: 30/12/2025.</p><p>(COMPRASNET 4.0 - 30/12/2025).</p>]]></Texto>
  </body>
  <Midias />
</article></xml>