﻿<xml><article id="47231515" name="aditivo pregao eletronico n 9002" idOficio="11497841" pubName="DO3" artType="Extrato de Termo Aditivo" pubDate="02/01/2026" artClass="00041:00023:00000:00000:00000:00000:00000:00000:00000:00000:00053:00000" artCategory="Ministério de Portos e Aeroportos/Companhia Docas do Ceará" artSize="12" artNotes="" numberPage="115" pdfPage="http://pesquisa.in.gov.br/imprensa/jsp/visualiza/index.jsp?data=02/01/2026&amp;jornal=530&amp;pagina=115" editionNumber="1" highlightType="" highlightPriority="" highlight="" highlightimage="" highlightimagename="" idMateria="23461401">
  <body>
    <Identifica><![CDATA[extrato de termo aditivo]]></Identifica>
    <Data><![CDATA[]]></Data>
    <Ementa />
    <Titulo />
    <SubTitulo />
    <Texto><![CDATA[<p class="identifica">extrato de termo aditivo</p><p>1º termo aditivo ao edital do pregão eletrônico nº 90026/22025</p><p>Objeto: O Coordenador da Coordenadoria de Compras e Licitações - CODCOL da Companhia Docas do Ceará, no uso de suas atribuições legais, considerando a ausência de publicação do aviso de licitação do Pregão Eletrônico nº 90026/2025, cujo objeto é a aquisição de aparelhos de ar-condicionado com serviço de instalação para a Companhia Docas do Ceará, resolver alterar o ato convocatório do referido certame nos seguintes termos:</p><p>Cláusula 1ª - o quadro de ''Datas e Horários'' do Edital do Pregão Eletrônico nº 90026/2025, constante no processo SEI 50900.000493/025-79, passa a vigorar com a seguinte redação:</p><p>DATAS E HORÁRIOS</p><p>Edital a partir de 02/01/2026, às 10h00min;</p><p>Entrega das propostas a partir de; 02/01/2026, às 10h10min;</p><p>Abertura da sessão pública para lances: 14/01/2026, às 14h00min</p>]]></Texto>
  </body>
  <Midias />
</article></xml>