﻿<xml><article id="47238552" name="2025-12-30/11503938/COMPRASNETWS" idOficio="11503938" pubName="DO3" artType="Extrato de Contrato" pubDate="02/01/2026" artClass="00029:00040:00005:00022:00000:00000:00000:00000:00000:00000:00030:00001" artCategory="Ministério da Gestão e da Inovação em Serviços Públicos/Secretaria de Serviços Compartilhados/Diretoria de Contratações e Unidades Descentralizadas/Superintendência Regional de Administração no Estado do Ceará" artSize="12" artNotes="" numberPage="97" pdfPage="http://pesquisa.in.gov.br/imprensa/jsp/visualiza/index.jsp?data=02/01/2026&amp;jornal=530&amp;pagina=97" editionNumber="1" highlightType="" highlightPriority="" highlight="" highlightimage="" highlightimagename="" idMateria="23470841">
  <body>
    <Identifica><![CDATA[ EXTRATO DE CONTRATO Nº 35/2025 - UASG 170038]]></Identifica>
    <Data><![CDATA[]]></Data>
    <Ementa />
    <Titulo />
    <SubTitulo />
    <Texto><![CDATA[<p class="identifica">EXTRATO DE CONTRATO Nº 35/2025 - UASG 170038</p><p>Nº Processo: 10380.100325/2023-12.</p><p>Pregão Nº 90010/2025. Contratante: SUPERINTENDÊNCIA REGIONAL DE ADMINISTRAÇÃO DO MINISTÉRIO DA GESTÃO E DA INOVAÇÃO EM SERVIÇOS PÚBLICOS NO CEARÁ.</p><p>Contratado: 11.071.357/0001-87 - MOREIRA COSTA LABORATORIOS E ENGENHARIA AMBIENTAL LTDA. Objeto: Contratação de empresa especializada para execução dos serviços de monitoramento da qualidade do ar interior do edifício-sede do ministério da gestão e da inovação em serviços públicos no estado do ceará, nas condições estabelecidas no termo de referência..</p><p>Fundamento Legal: LEI 14.133/2021 - Artigo: 28 - Inciso: I. Vigência: 30/12/2025 a 30/01/2026. Valor Total: R$ 49.616,86. Data de Assinatura: 30/12/2025.</p><p>(COMPRASNET 4.0 - 30/12/2025).</p>]]></Texto>
  </body>
  <Midias />
</article></xml>