﻿<xml><article id="47231611" name="CONV - UT Austin" idOficio="11422605" pubName="DO3" artType="Extrato de Convênio" pubDate="02/01/2026" artClass="00025:00111:00000:00000:00000:00000:00000:00000:00000:00000:00031:00000" artCategory="Ministério da Educação/Universidade Federal de Minas Gerais" artSize="12" artNotes="" numberPage="53" pdfPage="http://pesquisa.in.gov.br/imprensa/jsp/visualiza/index.jsp?data=02/01/2026&amp;jornal=530&amp;pagina=53" editionNumber="1" highlightType="" highlightPriority="" highlight="" highlightimage="" highlightimagename="" idMateria="23342271">
  <body>
    <Identifica><![CDATA[ Extrato de Convênio]]></Identifica>
    <Data><![CDATA[]]></Data>
    <Ementa />
    <Titulo />
    <SubTitulo />
    <Texto><![CDATA[<p class="identifica">Extrato de Convênio</p><p>Espécie: Proc. 23072.222724/2025-21 - Convênio firmado entre a Universidade Federal de Minas Gerais - UFMG, CNPJ/MF nº 17.217.985/0001-04 e a University of Texas at Austin (UT Austin), EUA. Objeto: Promover o intercâmbio discente de caráter amplo nos níveis da graduação e pós-graduação. Valor: Não se aplica. Início da vigência: 26 de junho de 2025. Fim de Vigência: 26 de junho de 2030. Nomes e cargos dos signatários: Prof. Sandra Regina Goulart Almeida - Reitora da UFMG, e Prof. Sonia Feigeenbaum - Vice-Reitora da UT Austin.</p>]]></Texto>
  </body>
  <Midias />
</article></xml>