﻿<xml><article id="47231837" name="EDITAL 3439 - PROF. MAG. SUPERIO" idOficio="11499919" pubName="DO3" artType="Edital" pubDate="02/01/2026" artClass="00025:00111:00001:00000:00000:00000:00000:00000:00000:00000:00056:03439" artCategory="Ministério da Educação/Universidade Federal de Minas Gerais/Reitoria" artSize="24" artNotes="" numberPage="69" pdfPage="http://pesquisa.in.gov.br/imprensa/jsp/visualiza/index.jsp?data=02/01/2026&amp;jornal=530&amp;pagina=69" editionNumber="1" highlightType="" highlightPriority="" highlight="" highlightimage="" highlightimagename="" idMateria="23464066">
  <body>
    <Identifica><![CDATA[ EDITAL Nº 3.439, DE 26 DE DEZEMBRO DE 2025]]></Identifica>
    <Data><![CDATA[]]></Data>
    <Ementa />
    <Titulo />
    <SubTitulo />
    <Texto><![CDATA[<p class="identifica">EDITAL Nº 3.439, DE 26 DE DEZEMBRO DE 2025</p><p class="identifica">CONCURSO PÚBLICO DE PROVAS E TÍTULOS PARA PROVIMENTO EFETIVO</p><p class="identifica">DA CARREIRA DE MAGISTÉRIO SUPERIOR</p><p>A Reitora da Universidade Federal de Minas Gerais, no uso de suas atribuições legais e estatutárias, com base na Constituição da República Federativa do Brasil, na Lei 8.112/90, no Decreto 7.485/2011 na Lei 12.772/2012, no Decreto 9.739/2019, na Lei 15.142/2025, no Decreto 12.536/2025, na Lei 13.146/2015, no Decreto 9.508/2018, na Instrução Normativa Conjunta MGI/MDHC Nº 260/2025, na Instrução Normativa Conjunta MGI/MIR/MPI n.º 261/2025, e na Resolução Complementar n.º 02/2013 do Conselho Universitário, no Edital de Condições Gerais n.º 2.406, de 08 de setembro de 2025, resolve tornar público que, consoante o prazo abaixo especificado, serão recebidas inscrições de candidatos ao Concurso Público de Provas e Títulos para provimento efetivo de vaga(s) em cargo integrante da CARREIRA DO MAGISTÉRIO SUPERIOR, na CLASSE A, com a denominação de PROFESSOR ASSISTENTE, Nível 1, lotada(s) nesta Universidade e destinada(s) ao DEPARTAMENTO DE CLÍNICA E CIRURGIA VETERINÁRIAS da ESCOLA DE VETERINÁRIA, de acordo com a seguinte discriminação:</p><p>Quadro 1 - Quadro de especificação da(s) vaga(s)</p><p /><p></p><table><tr /><tr><td rowspan="1" colspan="1"><p>Vagas para ampla concorrência</p></td><td rowspan="1" colspan="2"><p>-</p></td></tr><tr><td rowspan="1" colspan="1"><p>Vagas reservadas para pessoas pretas e pardas*</p></td><td rowspan="1" colspan="2"><p>1 (uma)</p></td></tr><tr><td rowspan="1" colspan="1"><p>Vagas reservadas para pessoas indígenas</p></td><td rowspan="1" colspan="2"><p>-</p></td></tr><tr><td rowspan="1" colspan="1"><p>Vagas reservadas para pessoas quilombolas</p></td><td rowspan="1" colspan="2"><p>-</p></td></tr><tr><td rowspan="1" colspan="1"><p>Vagas reservadas para pessoas com deficiência</p></td><td rowspan="1" colspan="2"><p>-</p></td></tr><tr><td rowspan="1" colspan="1"><p>Total de vagas</p></td><td rowspan="1" colspan="2"><p>1 (uma)</p></td></tr><tr><td rowspan="1" colspan="1"><p>Área de conhecimento</p></td><td rowspan="1" colspan="2"><p>Clínica de Ruminantes e Medicina de Produção</p></td></tr><tr><td rowspan="1" colspan="1"><p>Regime de trabalho</p></td><td rowspan="1" colspan="2"><p>40 (quarenta) horas semanais, em tempo integral, com dedicação exclusiva</p></td></tr><tr><td rowspan="1" colspan="1"><p>Titulação</p></td><td rowspan="1" colspan="2"><p>Graduação em Medicina Veterinária para atender à lei 5.517/68, com Doutorado em Ciência Animal ou Medicina Veterinária ou Clínica Veterinária ou áreas afins.</p></td></tr><tr><td rowspan="1" colspan="1"><p>Perfil desejado do(a) candidato(a)</p></td><td rowspan="1" colspan="2"><p>Médico Veterinário com experiência em Clínica de Ruminantes e Medicina de Produção de Ruminantes, com habilidades e experiência demonstradas pela prática. Capacidade de ministrar aulas teóricas e práticas de Clínica de Ruminantes e Medicina de Produção; iniciar tutoria e preceptoria de residentes na área de Clínica de Ruminantes e orientação de alunos de graduação e pós-graduação.</p></td></tr><tr><td rowspan="1" colspan="1"><p>Inscrição via postal</p></td><td rowspan="1" colspan="1"><p>Período de Inscrição:</p></td><td rowspan="1" colspan="1"><p>Até 60 (sessenta) dias a partir da publicação deste Edital</p></td></tr><tr><td rowspan="1" colspan="1" /><td rowspan="1" colspan="1"><p>Endereço:</p></td><td rowspan="1" colspan="1"><p>Secretaria Geral da Escola de Veterinária da UFMG Avenida Presidente Antônio Carlos, 6627 - Pampulha - Belo Horizonte/MG - CEP 31.270-901</p></td></tr><tr><td rowspan="1" colspan="1"><p></p><p></p><p>Contato</p><p></p><p></p><p></p></td><td rowspan="1" colspan="1"><p>Telefone:</p></td><td rowspan="1" colspan="1"><p>(31) 3409-2001</p></td></tr><tr><td rowspan="1" colspan="1" /><td rowspan="1" colspan="1"><p>Endereço Eletrônico:</p></td><td rowspan="1" colspan="1"><p>secgeral@vet.ufmg.br</p></td></tr><tr><td rowspan="1" colspan="1" /><td rowspan="1" colspan="1"><p>Horário de Funcionamento:</p></td><td rowspan="1" colspan="1"><p>Das 9h às 11h e das 14h às 16h, nos dias úteis</p></td></tr><tr><td rowspan="1" colspan="1"><p>Endereço da página eletrônica para emissão de Guia de Recolhimento da União - GRU</p></td><td rowspan="1" colspan="2"><p>https://sisarc.ufmg.br/sisarc/emissaogru/gerir/geriremissaogru.seam?codigo=aVaTckhmU</p></td></tr><tr><td rowspan="1" colspan="1"><p>Endereço da página eletrônica onde consta(m) o(s) programa(s), quando for o caso, e demais informações do Concurso</p></td><td rowspan="1" colspan="2"><p>http://www.vet.ufmg.br</p></td></tr><tr><td rowspan="1" colspan="1"><p></p><p>Tipos de prova</p><p></p></td><td rowspan="1" colspan="2"><p>Fase 1: Prova Escrita com caráter eliminatório</p><p>Fase 2: Julgamento de Títulos e Prova Prática</p></td></tr><tr><td rowspan="1" colspan="1"><p>Realização da Prova Prática</p></td><td rowspan="1" colspan="2"><p>A prova prática será realizada com arguição, visando aferir as habilidades e conhecimento na área, com especial atenção na abordagem do paciente, conhecimento e domínio de semiologia, fisiologia, anatomia topográfica, patologia clínica, patologia veterinária, . cirurgia, bioquímica, terapêutica, medicina veterinária preventiva, produção e nutrição de ruminantes.</p></td></tr><tr><td rowspan="1" colspan="1"><p>Instrumentos, aparelhos ou técnicas a serem utilizadas</p></td><td rowspan="1" colspan="2"><p>O candidato deverá estar com vestimenta adequada e demonstrar habilidades e capacidade técnica durante a condução e conclusão dos exames clínicos. Serão disponibilizados equipamentos utilizados rotineiramente no exame (estetoscópio, termômetro, martelo, plexímetro, lanterna, equipamentos para exame digestivo e demais sistemas).</p></td></tr><tr><td rowspan="1" colspan="1"><p>Metodologia de aferição</p></td><td rowspan="1" colspan="2"><p>A metodologia de aferição contemplará a capacidade de demonstração, explanação, habilidade e afinidade com as espécies ruminantes e conhecimento teórico-prático de clínica médica de ruminantes e medicina de produção.</p></td></tr><tr><td rowspan="1" colspan="1"><p>Duração da Prova Prática</p></td><td rowspan="1" colspan="2"><p>A prova prática terá a duração de até 4 (quatro) horas</p></td></tr><tr><td rowspan="1" colspan="1"><p>Previsão para o início do concurso</p></td><td rowspan="1" colspan="2"><p>De 30 (trinta) a 90 (noventa) dias, contados a partir da data de encerramento das inscrições</p></td></tr></table><p>* Vaga reservada nos termos do Edital n.° 2.406, de 08 de setembro de 2025 e conforme resultado divulgado no Edital Complementar n.° 2.548, de 19/09/2025.</p><p>1. DAS ATRIBUIÇÕES DO CARGO</p><p>Atividades pertinentes à pesquisa, ensino no nível superior e extensão que, indissociáveis, visem à aprendizagem, à produção do conhecimento, à ampliação e transmissão do saber e da cultura e atividades inerentes ao exercício de direção, assessoramento, chefia, coordenação e assistência na própria instituição, além de outras previstas na legislação vigente.</p><p>2. DA(S) VAGA(S)</p><p>2.1. O Concurso visa ao provimento da(s) vaga(s) especificada(s) no Quadro 1 deste Edital.</p><p>2.2. O turno de trabalho diurno e/ou noturno do(s) candidato(s) nomeado(s) será definido pelo Departamento/Unidade. As atividades serão desenvolvidas no horário de acordo com a necessidade do Departamento/Unidade, sem direito de opção pelo candidato nomeado.</p><p>2.3. É parte integrante do presente o EDITAL DE CONDIÇÕES GERAIS PARA A RESERVA DE VAGAS A CANDIDATOS PRETOS E PARDOS, INDÍGENAS, QUILOMBOLAS E PESSOAS COM DEFICIÊNCIA EM CONCURSOS PÚBLICOS DE PROVAS E TÍTULOS PARA PROVIMENTO DE CARGOS DO MAGISTÉRIO FEDERAL n.º 2.406, de 08/09/2025, publicado no Diário Oficial da União em 12/09/2025, seção 3, páginas 57 a 61, e o EDITAL COMPLEMENTAR nº 2.458 DE 19/09/2025, publicado no Diário Oficial da União em 24/09/2025, seção 3, página 56, dos quais o candidato, ao se inscrever para o concurso público, declara ter conhecimento.</p><p>2.3.1. As vagas ofertadas no presente edital integram o rol de vagas de que trata o Edital de Condições Gerais n.º 2.406, de 08 de setembro de 2025 e suas retificações.</p><p>2.3.2. A alocação das vagas reservadas para candidatos pretos e pardos, indígenas, quilombolas e para pessoas com deficiência foi definida após a realização dos procedimentos e a aplicação dos critérios dispostos no Edital de Condições Gerais n.º 2.406, de 08 de setembro de 2025, observada a legislação vigente.</p><p>2.3.3. O resultado da Sessão Pública de apuração da distribuição das vagas reservadas a candidatos pretos e pardos, indígenas, quilombolas e para pessoas com deficiência está disposto no Edital Complementar n.º 2.548, de 19/09/2025, publicado no Diário Oficial da União em 24/09/2025, e encontra-se disponível em https://www.ufmg.br/prorh/wp-content/uploads/2025/09/EDITAL_N__2.548__DE_19_DE_SETEMBRO_DE_2025__COMPLEMENTAR.pdf .</p><p>2.3.4. De acordo com o resultado da Sessão Pública, a vaga ofertada no presente edital será provida, preferencialmente, por candidato concorrente à(s) vaga(s) reservada(s) às pessoas pretas e pardas.</p><p>2.3.5. Poderão se inscrever, inclusive, aqueles candidatos que não atendam aos requisitos para a modalidade de reserva de que trata este Edital. Não havendo candidatos pessoas pretas e pardas inscritos ou aprovados para a(s) respectiva(s) vaga(s) reservada(s), esta(s) será(ão) revertida(s) para ampla concorrência e será(ão) preenchida(s) pelos demais candidatos aprovados, observada a ordem de classificação.</p><p>2.4. Não há vagas reservadas para candidatos com deficiência e para candidatos indígenas e quilombolas para admissão imediata em razão do quantitativo oferecido e considerando a aplicação dos critérios estabelecidos no Edital de Condições Gerais n.º 2.406, de 08 de setembro de 2025. O percentual mínimo de reserva será observado na hipótese de aproveitamento de vagas remanescentes e na formação de cadastro de reserva.</p><p>2.5. A lista de candidatos aprovados fora do número de vagas especificadas no Quadro 1 consistirá em cadastro de reserva para o aproveitamento dos candidatos caso novas vagas venham a ser autorizadas pelos órgãos competentes da UFMG no mesmo cargo e especificações deste Edital e dentro do prazo de validade do concurso, devendo ser preenchidas por ordem de classificação dos candidatos, observada a legislação vigente, o disposto nos itens 4.5 e 5.13 e os critérios estabelecidos no Edital de Condições Gerais n.º 2.406, de 08 de setembro de 2025.</p><p>3. DA REMUNERAÇÃO</p><p>3.1. A remuneração inicial será composta pelo Vencimento Básico e pela Retribuição por Titulação (RT), conforme apresentada na Tabela abaixo:</p><p>Tabela I - referente à remuneração do Cargo</p><p /><p></p><table><tr /><tr><td rowspan="1" colspan="1"><p>Vencimento básico (R$)</p></td><td rowspan="1" colspan="1"><p>Titulação</p></td><td rowspan="1" colspan="1"><p>Retribuição por Titulação (R$)</p></td><td rowspan="1" colspan="1"><p>Remuneração (R$)</p></td></tr><tr><td rowspan="1" colspan="1"><p>6.180,86</p></td><td rowspan="1" colspan="1"><p>Doutorado</p></td><td rowspan="1" colspan="1"><p>7.107,99</p></td><td rowspan="1" colspan="1"><p>13.288,85</p></td></tr></table><p>4. DAS VAGAS RESERVADAS ÀS PESSOAS PRETAS E PARDAS, INDÍGENAS E QUILOMBOLAS</p><p>4.1. De acordo com o resultado da Sessão Pública de apuração da distribuição das vagas reservadas a pessoas pretas e pardas, indígenas e quilombolas e a pessoas com deficiência de que trata o item 2.3.3, a vaga ofertada no presente edital será provida, preferencialmente, por candidato(s) concorrente(s) à(s) vaga(s) reservada(s) a pessoas pretas e pardas.</p><p>4.1.1. As pessoas pretas e pardas, indígenas e quilombolas que pretendam fazer uso das prerrogativas que lhe são facultadas na Lei n.º 15.142/2025 poderão concorrer à(s) vaga(s) reservada(s) nos termos do presente Edital, mesmo que inicialmente não exista vaga reservada para o cargo pretendido.</p><p>4.2. Em cumprimento ao disposto na Lei n.º 15.142/2025 e no Decreto n.º 12.536/2025, ser-lhes-á reservado o percentual de 30% (trinta por cento) das vagas oferecidas, divididos da seguinte maneira:</p><p>I - reserva de 25% (vinte e cinco por cento) do total de vagas para pessoas pretas e pardas;</p><p>II - reserva de 3% (três por cento) do total de vagas para indígenas; e</p><p>III - reserva de 2% (dois por cento) do total de vagas para quilombolas.</p><p>4.2.1. Na hipótese de não haver candidatos quilombolas em número suficiente para ocupar as vagas reservadas, as vagas remanescentes serão revertidas para as pessoas indígenas.</p><p>4.2.2. Na hipótese de não haver candidatos indígenas em número suficiente para ocupar as vagas reservadas, as vagas remanescentes serão revertidas para as pessoas quilombolas.</p><p>4.2.3. Na hipótese de não haver candidatos indígenas ou quilombolas em número suficiente para ocupar as vagas reservadas, as vagas remanescentes serão revertidas para as pessoas pretas e pardas, e, por último, para a ampla concorrência.</p><p>4.2.4. Na hipótese de não haver candidatos aprovados em número suficiente para o preenchimento das vagas em ampla concorrência, as vagas remanescentes serão revertidas para candidatos pretos e pardos, indígenas e quilombolas, observada a proporcionalidade prevista nos incisos I, II e III do item 4.2.</p><p>4.2.5. A reserva de vagas será aplicada sempre que o número de vagas oferecidas no concurso público for igual ou superior a 2 (duas), observado o disposto no Edital de Condições Gerais n.º2.406, de 08 de setembro de 2025</p><p>4.2.6. Na hipótese de quantitativo fracionado para as vagas reservadas a pessoas pretas e pardas, indígenas e quilombolas, o número será aumentado para o primeiro inteiro subsequente, em caso de fração igual ou maior do que 0,5 (cinco décimos) ou diminuído para o inteiro imediatamente inferior, na hipótese de fração menor do que 0,5 (cinco décimos).</p><p>4.2.7. A reserva de vagas às pessoas pretas e pardas, indígenas e quilombolas observará, além da autodeclaração, os seguintes procedimentos:</p><p>I - confirmação complementar à autodeclaração, para pessoas pretas e pardas; ou</p><p>II - verificação documental complementar, para indígenas e quilombolas.</p><p>4.3. Conforme a Lei n.º 15.142/2025, considera-se:</p><p>I - pessoa preta ou parda: aquela que se autodeclarar preta ou parda, conforme o quesito cor ou raça utilizado pela Fundação Instituto Brasileiro de Geografia e Estatística (IBGE), nos termos do inciso IV do parágrafo único do art. 1º da Lei nº 12.288, de 20 de julho de 2010 (Estatuto da Igualdade Racial), na forma de regulamento;</p><p>II - pessoa indígena: aquela que se identifica como parte de uma coletividade indígena e é reconhecida por seus membros como tal, independentemente de viver ou não em território indígena; e</p><p>III - pessoa quilombola: aquela pertencente a grupo étnico-racial, segundo critérios de autoatribuição, com trajetória histórica própria, dotado de relações territoriais específicas, com presunção de ancestralidade preta ou parda, conforme previsto no Decreto nº 4.887, de 20 de novembro de 2003.</p><p>4.3.1. Para concorrer às vagas reservadas, a pessoa deverá, conforme o caso, autodeclarar-se preta ou parda, indígena ou quilombola no momento da inscrição no certame, de acordo com os critérios de raça, cor e etnia utilizados pela Fundação Instituto Brasileiro de Geografia e Estatística - IBGE.</p><p>4.3.1.1 A pessoa que se autodeclarar preta ou parda, indígena ou quilombola indicará, em campo específico do Termo de Requerimento de Inscrição, no momento da inscrição, se pretende concorrer pelo sistema de reserva de vagas e em qual modalidade de reserva de vaga pretende concorrer.</p><p>4.3.1.2. Até o final do período de inscrição do certame, será facultado ao candidato desistir de concorrer pelo sistema de reserva de vagas destinado às pessoas pretas e pardas, indígenas e quilombolas.</p><p>4.3.1.3. A desistência deverá ser expressamente comunicada pelo candidato por meio de mensagem dirigida ao e-mail definido para inscrição indicado no Quadro 1 deste Edital. A mensagem de desistência também deverá informar o nome completo do candidato, CPF e indicar o número do Edital.</p><p>4.4 Os candidatos que se autodeclararem pessoas pretas e pardas, indígenas e quilombolas concorrerão concomitantemente:</p><p>a) às vagas reservadas e às vagas destinadas à ampla concorrência, de acordo com a sua classificação no concurso;</p><p>b) às vagas reservadas às pessoas com deficiência, se atenderem a essa condição, nos termos deste edital.</p><p>4.4.1. Os candidatos pessoas pretas e pardas, indígenas e quilombolas aprovados dentro do número de vagas oferecido para ampla concorrência não serão computados para efeito do preenchimento das vagas reservadas.</p><p>4.4.2. Em caso de não preenchimento de vaga reservada no certame, a vaga não preenchida será ocupada pela pessoa preta e parda, indígena ou quilombola aprovada na posição imediatamente subsequente na lista de reserva de vagas, de acordo com a ordem de classificação.</p><p>4.4.3. Na hipótese de número insuficiente de pessoas pretas e pardas, indígenas e quilombolas para ocupar as vagas reservadas, as vagas remanescentes serão revertidas no mesmo certame para a ampla concorrência, de acordo com a ordem de classificação.</p><p>4.4.4. O candidato pessoa preta e parda, indígena ou quilombola cuja classificação constar da homologação do concurso, figurará em lista geral, juntamente com todos os candidatos da ampla concorrência, e em lista específica para candidatos pretos e pardos, indígenas e quilombolas.</p><p>4.4.5. Durante o período de validade do certame, em caso de vacância do cargo público ocupado por pessoa negra, indígena ou quilombola, caso a administração decida pela convocação de pessoa candidata aprovada, será convocada pessoa negra, indígena ou quilombola optante pela reserva de vagas, de acordo com a ordem de classificação.</p><p>4.4.6. Na hipótese de todas as pessoas aprovadas na ampla concorrência serem nomeadas e remanescerem cargos vagos durante o prazo de validade do certame, poderão ser nomeadas as pessoas aprovadas que se encontrem na lista da reserva de vagas, de acordo com a ordem de classificação.</p><p>4.4.7. O candidato que optar por concorrer em múltiplas hipóteses de reserva de vagas será classificado, ao fim do concurso público, exclusivamente na modalidade cujo percentual seja mais elevado, observada a ordem de classificação.</p><p>4.4.7.1. Caso o percentual de vagas reservadas seja igual entre os grupos para os quais o candidato concorrer, a classificação será feita na modalidade em que o candidato obtiver melhor posição relativa na lista específica de classificação.</p><p>4.5. A nomeação dos candidatos aprovados e classificados observará os critérios de alternância e proporcionalidade, considerada a relação entre o número total de vagas e o número de vagas reservado a pessoas pretas e pardas, indígenas e quilombolas e a outros grupos previstos na legislação, observado o disposto no item 12.3 deste Edital e no Edital de Condições Gerais n.º 2.406, de 08 de setembro de 2025.</p><p>4.6. O(s) candidato(s) aprovado(s) na(s) vaga(s) reservada(s) às pessoas pretas e pardas, indígenas e quilombolas, imediata(s) ou de reserva legal, deverá(ão) se submeter a procedimento de confirmação da autodeclaração por Comissão designada pela Reitoria especificamente para esse fim.</p><p>PROCEDIMENTO DE CONFIRMAÇÃO COMPLEMENTAR À AUTODECLARAÇÃO PARA PESSOAS NEGRAS</p><p>4.7. Os candidatos que se autodeclararem como pessoas pretas e pardas aprovados nas vagas reservadas, imediatas ou de reserva legal, deverão se submeter ao procedimento de heteroidentificação por Comissão designada pela Reitoria especificamente para esse fim.</p><p>4.7.1. Considera-se procedimento de heteroidentificação a identificação por terceiros da condição autodeclarada.</p><p>4.7.2. Cabe ao departamento/estrutura equivalente o agendamento do procedimento de heteroidentificação junto à comissão competente.</p><p>4.7.3. A convocação para o procedimento de heteroidentificação se dará antes da homologação do resultado final do concurso.</p><p>4.7.4. Para o procedimento de heteroidentificação, o candidato que se autodeclarou pessoa preta ou parda deverá se apresentar presencialmente à comissão de heteroidentificação.</p><p>4.7.5. Serão convocados para o procedimento de heteroidentificação todos os candidatos que se autodeclararam pessoas pretas ou pardas e que, após a aplicação de todas as provas, não houverem sido eliminados do concurso.</p><p>4.7.6. A Comissão de Heteroidentificação será composta por cinco membros e seus suplentes. A composição da comissão garantirá a diversidade das pessoas que a integram quanto ao gênero, à cor e, sempre que possível, à origem regional.</p><p>4.7.7. A Comissão de Heteroidentificação utilizará exclusivamente o critério fenotípico para aferição da condição declarada pelo candidato no concurso público.</p><p>4.7.8. Serão consideradas as características fenotípicas da pessoa ao tempo da realização do procedimento de heteroidentificação.</p><p>4.7.9. Não serão considerados, para os fins de que trata o item 4.7.8, quaisquer registros ou documentos pretéritos eventualmente apresentados, inclusive imagem e certidões referentes a confirmação em procedimentos de heteroidentificação realizados em certames federais, estaduais, distritais e municipais ou em processos seletivos de qualquer natureza.</p><p>4.7.10. Não será admitida, em nenhuma hipótese, a prova baseada em ancestralidade e em laudos médicos, dermatológicos, genéticos ou antropológicos.</p><p>4.7.11. A comissão de heteroidentificação deliberará pela maioria dos seus membros, em parecer motivado.</p><p>4.7.12. As deliberações da comissão de heteroidentificação terão validade apenas para o certame para o qual foi designada, não servindo para outras finalidades.</p><p>4.7.13. A convocação para o procedimento de heteroidentificação se dará por meio de comunicado divulgado em endereço eletrônico informado no Quadro 1 deste Edital, e, pessoalmente, para o e-mail do candidato, com um prazo mínimo de 7 (sete) dias corridos em relação à data da referida verificação.</p><p>4.7.14. A convocação pessoal dos candidatos será realizada por meio do correio eletrônico informado pelo candidato no ato da inscrição, eximindo-se a UFMG de quaisquer responsabilidades por convocação não recebida por quaisquer motivos de ordem técnica relativos a computadores, falhas de comunicação, desconexão, congestionamento de linhas de comunicação, procedimento indevido, bem como por outros fatos que impossibilitem a transferência de dados. A convocação pessoal para o procedimento de confirmação complementar à autodeclaração é meramente complementar à convocação divulgada no endereço eletrônico informado no Quadro 1 deste Edital, de que trata o item 4.7.13, cabendo ao candidato acompanhar as publicações.</p><p>4.7.15. Os candidatos que optarem por concorrer às vagas reservadas às pessoas pretas e pardas, ainda que tenham obtido nota suficiente para aprovação na ampla concorrência, e satisfizerem as condições de habilitação estabelecidas em edital deverão se submeter ao procedimento de heteroidentificação.</p><p>4.7.16. A pessoa que não comparecer ao procedimento de confirmação complementar à autodeclaração poderá prosseguir no concurso público pela ampla concorrência, desde que possua, em cada fase anterior do certame, pontuação suficiente para as fases seguintes. Na hipótese de a pessoa não possuir pontuação suficiente para as fases seguintes, será eliminada do certame, dispensada a convocação suplementar de pessoas candidatas não habilitadas.</p><p>4.7.17. Na hipótese de não confirmação da autodeclaração no procedimento de heteroidentificação complementar à autodeclaração, a pessoa poderá participar do certame pela ampla concorrência, desde que possua, em cada fase anterior do certame, pontuação suficiente para prosseguir nas demais fases. Na hipótese de a pessoa não possuir pontuação suficiente para as fases seguintes, será eliminada do certame, dispensada a convocação suplementar de pessoas candidatas não habilitadas.</p><p>4.7.18. O resultado provisório do procedimento de heteroidentificação - do qual constarão os dados de identificação do candidato, a conclusão do parecer da Comissão de Heteroidentificação a respeito da confirmação da autodeclaração e as condições para exercício do direito de recurso pelos interessados - será publicado no sítio eletrônico informado no Quadro 1 deste Edital.</p><p>4.7.19. Das decisões da comissão de heteroidentificação caberá recurso dirigido à comissão recursal.</p><p>4.7.20. O recurso deverá ser apresentado no prazo de 10 (dez) dias, a contar da data de publicação do resultado provisório de que trata o item 4.7.18.</p><p>4.7.21. A comissão recursal será composta por três integrantes distintos das pessoas que compõem a comissão de heteroidentificação.</p><p>4.7.22. Das decisões da comissão recursal não caberá recurso.</p><p>4.7.23. O resultado definitivo do procedimento de heteroidentificação será publicado no sítio eletrônico informado no Quadro 1 deste Edital, do qual constarão os dados de identificação do candidato e a conclusão final a respeito da confirmação da autodeclaração.</p><p>4.7.24. A autodeclaração do candidato prevalecerá na hipótese de haver decisão não unânime em desfavor do candidato, cumulativamente na:</p><p>I - comissão de heteroidentificação; e</p><p>II - comissão recursal.</p><p>PROCEDIMENTO DE CONFIRMAÇÃO COMPLEMENTAR À AUTODECLARAÇÃO PARA PESSOAS INDÍGENAS E QUILOMBOLAS</p><p>4.8. O procedimento de verificação documental complementar para pessoas indígenas será realizado por meio da análise de documentação comprobatória do pertencimento étnico da pessoa candidata, mediante apresentação de:</p><p>I - documento de identificação civil da pessoa candidata, expedido por órgão público reconhecido na forma estabelecida na legislação, com indicação de pertencimento étnico;</p><p>II - documento de comunidade indígena ou de instituição ou organização representativa do povo ou grupo indígena que reconheça o pertencimento étnico da pessoa candidata, assinada por, no mínimo, três integrantes indígenas da respectiva etnia; ou</p><p>III - outros documentos que estejam aptos a confirmar o pertencimento étnico da pessoa candidata, tais como:</p><p>a) comprovantes de habitação em comunidades indígenas;</p><p>b) documentos expedidos por escolas indígenas;</p><p>c) documentos expedidos por órgãos de saúde indígena;</p><p>d) documentos expedidos pela Funai ou pelo Ministério dos Povos Indígenas;</p><p>e) documentos expedidos por órgão de assistência social;</p><p>f) documentos constantes do Cadastro Único para Programas Sociais do Governo Federal - CadÚnico, instituído pelo art. 6º-F da Lei nº 8.742, de 7 de dezembro de 1993; e</p><p>g) documentos de natureza previdenciária.</p><p>4.9. O procedimento de verificação documental complementar para pessoas quilombolas será realizado por meio da análise de documentação comprobatória do pertencimento étnico da pessoa candidata, mediante apresentação de:</p><p>I - declaração que comprove seu pertencimento étnico, assinada por três lideranças ligadas à associação da comunidade, nos moldes do art. 17, parágrafo único, do Decreto nº 4.887, de 20 de novembro de 2003; e</p><p>II - certificação da Fundação Cultural Palmares que reconhece como quilombola a comunidade a qual a pessoa candidata pertence.</p><p>4.10. A análise da documentação será realizada por Comissão designada pela Reitoria especificamente para esse fim.</p><p>4.10.1. A comissão de verificação documental complementar deliberará por maioria, em parecer sobre a atribuição identitária autodeclarada pela pessoa candidata.</p><p>4.10.2. As deliberações da comissão de verificação documental complementar terão validade apenas para o certame para o qual foi designada, não servindo para outras finalidades.</p><p>4.10.3. Serão convocados para o procedimento de confirmação complementar à autodeclaração todos os candidatos que se autodeclararam pessoa indígena ou quilombola e que, após a aplicação de todas as provas, não houverem sido eliminados do concurso.</p><p>4.10.4. A convocação se dará por meio de comunicado divulgado em endereço eletrônico informado no Quadro 1 deste Edital, e, pessoalmente, para o e-mail do candidato, com um prazo mínimo de 7 (sete) dias corridos em relação à data da referida verificação.</p><p>4.10.5. A convocação pessoal dos candidatos será realizada por meio do correio eletrônico informado pelo candidato no ato da inscrição, eximindo-se a UFMG de quaisquer responsabilidades por convocação não recebida por quaisquer motivos de ordem técnica relativos a computadores, falhas de comunicação, desconexão, congestionamento de linhas de comunicação, procedimento indevido, bem como por outros fatos que impossibilitem a transferência de dados. A convocação pessoal para o procedimento de confirmação complementar à autodeclaração é meramente complementar à convocação divulgada no endereço eletrônico informado no Quadro 1 deste Edital, de que trata o item 4.10.4, cabendo ao candidato acompanhar as publicações.</p><p>4.10.6. A comissão de verificação documental complementar deliberará por maioria, em parecer sobre a atribuição identitária autodeclarada pela pessoa candidata.</p><p>4.10.7. Documentos rasurados, ilegíveis ou que apresentem erro material serão desconsiderados, o que acarretará o indeferimento da autodeclaração.</p><p>4.10.8. Na hipótese de desconformidade documental, a pessoa poderá participar do certame pela ampla concorrência, desde que possua, em cada fase anterior do certame, pontuação suficiente para prosseguir nas demais fases, dispensada a convocação suplementar de candidatos.</p><p>4.10.9. No caso do candidato pessoa indígena ou quilombola não apresentar a documentação exigida no procedimento de confirmação complementar, o candidato poderá participar do certame pela ampla concorrência, desde que possua, em cada fase anterior do certame, nota ou pontuação suficiente para prosseguir nas demais fases, dispensada a convocação suplementar de candidatos.</p><p>4.10.10. O resultado provisório do procedimento de confirmação complementar à autodeclaração de candidatos indígenas e quilombolas será publicado no sítio eletrônico informado no Quadro 1 deste Edital.</p><p>4.10.11. Caberá recurso à comissão recursal contra as decisões da comissão de verificação documental complementar.</p><p>4.10.12. O recurso deverá ser apresentado no prazo de 10 (dez) dias, a contar da data de publicação do resultado provisório de que trata o item 4.10.10.</p><p>4.10.13. Das decisões da comissão recursal não caberá recurso.</p><p>4.10.14. As decisões da comissão recursal deverão considerar os documentos apresentados pela pessoa candidata, o parecer decisório emitido pela comissão de verificação documental complementar e o conteúdo do recurso interposto.</p><p>4.10.15. O resultado definitivo do procedimento de confirmação complementar à autodeclaração de candidatos indígenas e quilombolas será publicado no sítio eletrônico informado no Quadro 1 deste Edital, do qual constarão os dados de identificação do candidato e a conclusão final a respeito da confirmação da autodeclaração.</p><p>DISPOSIÇÕES FINAIS ACERCA DOS PROCEDIMENTOS DE HETEROIDENTIFICAÇÃO E DE CONFIRMAÇÃO COMPLEMENTAR À AUTODECLARAÇÃO DE CANDIDATOS INDÍGENAS E QUILOMBOLAS</p><p>4.11. Na hipótese de indícios ou denúncias de fraude ou má-fé no procedimento de heteroidentificação ou no procedimento de confirmação complementar à autodeclaração de candidatos indígenas e quilombolas, o caso será encaminhado aos órgãos competentes para as providências cabíveis.</p><p>4.11.1. Na hipótese de constatação, pelos órgãos competentes, de fraude ou má-fé no procedimento de heteroidentificação ou no procedimento de confirmação complementar à autodeclaração de candidatos indígenas e quilombolas, respeitados o contraditório e a ampla defesa:</p><p>I - caso o certame ainda esteja em andamento, o candidato será eliminado;</p><p>II - caso a pessoa já tenha sido nomeada, ficará sujeita à anulação da sua admissão ao serviço público, sem prejuízo de outras sanções cabíveis.</p><p>4.11.2. Demais informações a respeito do procedimento de heteroidentificação e do procedimento de confirmação complementar à autodeclaração de candidatos indígenas e quilombolas constarão do respectivo documento de convocação para essa fase.</p><p>5. DAS VAGAS RESERVADAS ÀS PESSOAS COM DEFICIÊNCIA</p><p>5.1. As pessoas com deficiência que pretendam fazer uso das prerrogativas que lhe são facultadas no art. 37, inciso VIII, da Constituição Federal, no art. 5º, § 2º, da Lei n.º 8.112/90, nos Decretos n.º 3.298/1999, nº 9.508/2018, n.º 10.654/2021 e nas Leis n.º 12.764/2012 e n.º 13.146/2015, poderão concorrer à(s) vaga(s) reservada(s) nos termos do presente Edital, cujas atribuições sejam compatíveis com a deficiência que possuem, mesmo que inicialmente não exista vaga reservada para o cargo pretendido.</p><p>5.2. Ficam reservadas às pessoas com deficiência 5% (cinco por cento) das vagas oferecidas para o provimento de cargos efetivos, conforme previsto no Decreto n.º 9.508/2018.</p><p>5.3. Caso a aplicação do percentual resultar em número fracionado, esse deverá ser elevado até o primeiro número inteiro subsequente, desde que este não ultrapasse o limite máximo legal de 20% das vagas do edital.</p><p>5.4. Poderão concorrer à(s) vaga(s) reservada(s) às pessoas com deficiência aqueles que manifestarem interesse em concorrer a essa(s) vaga(s) no ato da inscrição no concurso público, observados os itens abaixo:</p><p>a) Consideram-se pessoas com deficiência aquelas que se enquadrarem nas categorias descritas no artigo 4º do Decreto nº 3.298/1999, com as alterações introduzidas pelo Decreto nº 5.296/2004, no §1º do artigo 1º da Lei nº 12.764/2012 (transtorno do espectro autista), na Lei nº 14.126/2021 (visão monocular), no Decreto nº 10.654/2021 e na Lei nº 14.768/2023, observado o disposto no art. 2º da Lei 13.146/2015.</p><p>b) O candidato deverá, no ato da inscrição, enviar cópia legível de laudo médico (documentação caracterizadora da deficiência), que deve atestar a espécie e o grau ou o nível de sua deficiência, com expressa referência ao código correspondente da Classificação Internacional de Doenças (CID), bem como a provável causa da deficiência. O laudo deve conter também a assinatura e o carimbo do médico com o número de sua inscrição no CRM e deve ter sido emitido, no máximo, nos 36 meses anteriores à data de publicação deste edital, exceto no caso das pessoas candidatas cuja deficiência se enquadre no art. 1º, § 1º, da Lei nº 12.764, de 27 de dezembro de 2012, ou das pessoas candidatas com outros impedimentos irreversíveis que caracterizem deficiência permanente.</p><p>5.4.1. Relatório de avaliação biopsicossocial da deficiência, emitido nos últimos trinta e seis meses, poderá ser utilizado como documentação caracterizadora da deficiência.</p><p>5.4.2. A pessoa candidata poderá informar, durante o período de inscrições do certame, o reconhecimento administrativo prévio da deficiência, encaminhando documentação expedida por órgão ou entidade da administração pública federal direta, autárquica ou fundacional, que deverá conter a identificação de quem se candidatou, a espécie e o grau ou o nível de sua deficiência, a data da emissão e a assinatura da pessoa profissional responsável, com o número de sua inscrição no Conselho Regional Profissional respectivo.</p><p>5.5. Caso não assinale o desejo de concorrer à(s) vaga(s) destinada(s) às pessoas com deficiência, no ato da inscrição, ou não cumpra os procedimentos descritos neste Edital, o candidato perderá o direito e, consequentemente, concorrerá somente às vagas da ampla concorrência.</p><p>5.5.1. Até o final do período de inscrição do certame, será facultado ao candidato desistir de concorrer pelo sistema de reserva de vagas destinado às pessoas com deficiência.</p><p>5.5.1.1. A desistência deverá ser expressamente comunicada pelo candidato por meio de mensagem dirigida ao e-mail definido para inscrição indicado no Quadro 1 deste Edital. A mensagem de desistência também deverá informar o nome completo do candidato, CPF e indicar o número do Edital.</p><p>5.6. Os candidatos concorrentes à(s) vaga(s) reservada(s) participarão do concurso em igualdade de condições com os demais candidatos, no que se refere ao conteúdo das provas; critérios de avaliação e aprovação; ao horário e o local de aplicação das provas e à nota mínima exigida para os demais candidatos.</p><p>5.7. Aos candidatos com deficiência concorrentes à(s) vaga(s) reservada(s) serão garantidas as tecnologias assistivas e adaptações para a realização das provas, de acordo com o Anexo do Decreto n.º 9.508, de 24/09/2018.</p><p>5.7.1. O candidato com deficiência que for concorrer às vagas reservadas que necessitar de atendimento especial e/ou tecnologias assistivas, previstas no Anexo do Decreto n.º 9.508/2018, deverá indicar sua intenção no ato da inscrição e comprovar, com apresentação de laudo médico, a condição de pessoa com deficiência e informar, por escrito, as condições especiais de que necessita para a realização das provas.</p><p>5.7.2. O laudo médico, emitido nos últimos 36 meses, deverá comprovar a condição de pessoa com deficiência, atestando a espécie e o grau ou nível da deficiência, com expressa referência ao código correspondente da Classificação Internacional de Doenças (CID-10), bem como a provável causa da deficiência, nos termos do disposto no § 1º do art. 2º da Lei n.º 13.146, de 6 de julho de 2015.</p><p>5.7.3. A concessão de atendimento especial e/ou tecnologias assistivas ao candidato não garante sua nomeação na categoria de candidato com deficiência, tendo em vista que a caracterização da deficiência será efetuada após o resultado do Concurso e antes da sua homologação.</p><p>5.8. O candidato com deficiência que necessitar de tempo adicional para realização das provas, conforme previsto no Decreto n.º 9.508/2018, além de seguir os procedimentos do item 5.4 deste Edital, deverá:</p><p>a) declarar no ato da inscrição a opção por tempo adicional;</p><p>b) solicitar ao especialista da área de sua deficiência que expresse, detalhadamente, no laudo médico de que trata o subitem 5.4, alínea b deste Edital a justificativa para a concessão dessa condição especial.</p><p>5.8.1. Terá o pedido de tempo adicional indeferido o candidato cujo laudo médico não informar expressamente que, devido à deficiência, o candidato necessita de tempo adicional para realização da prova, com a devida justificativa para a concessão.</p><p>5.8.2. O tempo adicional para a realização da prova escrita será de 1 (uma) hora. Para as demais provas será de 10 minutos.</p><p>5.8.3. Não será concedido tempo adicional ao candidato com deficiência que não o solicitou no ato da inscrição, mesmo que o médico prescreva no laudo médico a necessidade desse tempo.</p><p>5.8.4. A concessão de tempo adicional ao candidato não garante sua nomeação na categoria de candidato com deficiência, tendo em vista que a caracterização da deficiência será efetuada após o resultado do Concurso e antes da sua homologação.</p><p>5.8.5. O candidato que tiver usufruído de tempo adicional e não tiver confirmada a condição de deficiência pelos procedimentos previstos neste Edital ou, caso convocado, não comparecer à perícia, no dia e horário determinados, será eliminado do Concurso.</p><p>5.8.6. Antes da realização das provas, o departamento/estrutura equivalente divulgará a relação dos candidatos que apresentaram a documentação exigida para realização da prova com tempo adicional. Nessa relação, serão divulgados também os candidatos que tiveram o pedido indeferido em virtude da documentação entregue em desacordo com as exigências previstas neste Edital.</p><p>5.9 Os candidatos inscritos na modalidade de pessoa com deficiência aprovados dentro do número de vagas oferecido para ampla concorrência não serão computados para efeito do preenchimento da(s) vaga(s) reservada(s).</p><p>5.9.1. As pessoas com deficiência que optarem por concorrer às vagas reservadas concorrerão concomitantemente às vagas destinadas à ampla concorrência, de acordo com sua classificação no certame.</p><p>5.10. O candidato, inscrito na modalidade de pessoa com deficiência, cuja classificação constar da homologação do concurso, figurará em lista geral, juntamente com todos os candidatos da ampla concorrência, e em lista específica para candidatos com deficiência.</p><p>5.11. Em caso de desclassificação, desistência ou qualquer outro impedimento de candidato aprovado em vaga reservada à pessoa com deficiência, a vaga será preenchida pelo candidato com deficiência posteriormente classificado para essa vaga.</p>]]></Texto>
  </body>
  <Midias />
</article></xml>