﻿<xml><article id="47231879" name="DOU-Inex.0134-2025" idOficio="11493524" pubName="DO3" artType="Extrato de Inexigibilidade de Licitação" pubDate="02/01/2026" artClass="00073:04862:08146:00000:00000:00000:00000:00000:00000:00000:00040:00000" artCategory="Ineditoriais/Fundação de Apoio ao Desenvolvimento da Universidade Federal de Pernambuco" artSize="12" artNotes="" numberPage="158" pdfPage="http://pesquisa.in.gov.br/imprensa/jsp/visualiza/index.jsp?data=02/01/2026&amp;jornal=530&amp;pagina=158" editionNumber="1" highlightType="" highlightPriority="" highlight="" highlightimage="" highlightimagename="" idMateria="23454877">
  <body>
    <Identifica><![CDATA[ Extrato de  Inexigibilidade  DE LICITAÇÃO nº  134/2025]]></Identifica>
    <Data><![CDATA[]]></Data>
    <Ementa />
    <Titulo />
    <SubTitulo />
    <Texto><![CDATA[<p class="identifica">Extrato de Inexigibilidade DE LICITAÇÃO nº 134/2025</p><p>Objeto: Aquisição de SISTEMA DINÂMICO DE UNIDADES DE CONTROLE DE TEMPERATURA, que atenderá as demandas do Centro Avançado para Inovações em Saúde - CAIS da UFPE. Empresa Contratada: Peter Huber Kältemaschinenbau SE. Fundamento Legal: inciso I, Art. 25 da Lei no 8.666/93 com suas alterações. Fonte de recursos: Convênio FINEP no 01.18.0120.00. Valor estimado R$ 625.770,00. Reconhecido e ratificado por Profa. Maira Galdino da Rocha Pitta, Secretária Executiva da Fade-UFPE.</p>]]></Texto>
  </body>
  <Midias />
</article></xml>