﻿<xml><article id="47232427" name="CAMAMU.REP." idOficio="11499196" pubName="DO3" artType="Aviso" pubDate="02/01/2026" artClass="00075:00005:00131:00000:00000:00000:00000:00000:00000:00000:00107:00000" artCategory="Prefeituras/Estado da Bahia/Prefeitura Municipal de Camamu" artSize="12" artNotes="" numberPage="161" pdfPage="http://pesquisa.in.gov.br/imprensa/jsp/visualiza/index.jsp?data=02/01/2026&amp;jornal=530&amp;pagina=161" editionNumber="1" highlightType="" highlightPriority="" highlight="" highlightimage="" highlightimagename="" idMateria="23463143">
  <body>
    <Identifica><![CDATA[  AVISO DE CREDENCIAMENTO Nº 2/2025 ]]></Identifica>
    <Data><![CDATA[Camamu-BA, 30 de dezembro de 2025. ]]></Data>
    <Ementa />
    <Titulo />
    <SubTitulo />
    <Texto><![CDATA[<p class="identifica">AVISO DE CREDENCIAMENTO Nº 2/2025</p><p>Repetição</p><p>A Prefeitura Municipal de Camamu, através da Secretaria Municipal de Saúde, torna público aos interessados que realizará Chamada Pública Nº 002/2025, para o credenciamento de empresa especializada em oferta de serviços voltados à promoção e recuperação da saúde bucal de caráter complementar ao Sistema Único de Saúde - SUS, por meio de mutirões em Unidades Odontológicas Móveis - UOM, devidamente equipadas para a realização dos procedimentos, no município de Camamu-BA. As empresas interessadas que atenderem as condições estabelecidas em edital poderão se credenciar a partir do dia 02 de janeiro de 2026. Edital no DOM: https://www.camamu.ba.gov.br/Site/DiarioOficial. Maiores informações através do seguinte endereço eletrônico: licitacao.camamu@gmail.com.</p><p class="data">Camamu-BA, 30 de dezembro de 2025.</p><p class="assina">Bruno da Cruz Tavares</p><p class="cargo">Secretário Municipal de Saúde</p>]]></Texto>
  </body>
  <Midias />
</article></xml>