﻿<xml><article id="47237601" name="2025-12-31/11503990/COMPRASNETWS" idOficio="11503990" pubName="DO3" artType="Retificação" pubDate="02/01/2026" artClass="00016:00011:00010:00009:00007:00000:00000:00000:00000:00000:00127:00001" artCategory="Ministério da Defesa/Comando do Exército/Comando Militar do Nordeste/10ª Região Militar/Hospital Geral de Fortaleza" artSize="12" artNotes="" numberPage="8" pdfPage="http://pesquisa.in.gov.br/imprensa/jsp/visualiza/index.jsp?data=02/01/2026&amp;jornal=530&amp;pagina=8" editionNumber="1" highlightType="" highlightPriority="" highlight="" highlightimage="" highlightimagename="" idMateria="23470899">
  <body>
    <Identifica><![CDATA[ EXTRATO DE TERMO ADITIVO Nº 2/2025 - UASG 160050]]></Identifica>
    <Data><![CDATA[]]></Data>
    <Ementa />
    <Titulo />
    <SubTitulo />
    <Texto><![CDATA[<p class="identifica">EXTRATO DE TERMO ADITIVO Nº 2/2025 - UASG 160050</p><p>Número do Contrato: 9/2023.</p><p>Nº Processo: 64579009063202364.</p><p>Pregão. Nº 9/2023. Contratante: HOSPITAL GERAL DE FORTALEZA. Contratado: 03.825.354/0001-63 - LIMP-TUDO SERVICOS DE LIMPEZA E CONSERVACAO LTDA. Objeto: Em retificação ao termo aditivo n° 01/2024 ao contrato 09/2023; na cláusula segunda - vigência, onde lê-se: " o prazo de vigência da contratação é de 5 (cinco) anos, contados da assinatura do contrato, desde que haja autorização formal da autoridade competente. ", leia-se: o prazo de vigência da contratação é de 12 (doze) meses, a contar de 01/01/2025 a 31/12/2025, podendo ser prorrogado por interesse das partes até o limite de 60 (sessenta) meses, conforme inciso ii do art. 57 da lei 8.666/1993, desde que haja autorização formal da autoridade competente e observados os requisitos da cláusula segunda do contrato original.. Vigência: 28/04/2025 a 31/12/2025. Valor Total Atualizado do Contrato: R$ 43.607,76. Data de Assinatura: 28/04/2025.</p><p>(COMPRASNET 4.0 - 28/04/2025).</p>]]></Texto>
  </body>
  <Midias />
</article></xml>