﻿<xml><article id="47238630" name="2025-12-30/11503891/SICONV_23470" idOficio="11503891" pubName="DO3" artType="Extrato de Convênio" pubDate="02/01/2026" artClass="00008:00002:00009:00007:00000:00000:00000:00000:00000:00000:00031:00001" artCategory="Ministério da Agricultura e Pecuária/Secretaria Executiva/Subsecretaria de Planejamento, Orçamento e Administração/Coordenação-Geral de Parcerias Institucionais" artSize="12" artNotes="" numberPage="2" pdfPage="http://pesquisa.in.gov.br/imprensa/jsp/visualiza/index.jsp?data=02/01/2026&amp;jornal=530&amp;pagina=2" editionNumber="1" highlightType="" highlightPriority="" highlight="" highlightimage="" highlightimagename="" idMateria="23470752">
  <body>
    <Identifica><![CDATA[ EXTRATO DE CONVÊNIO]]></Identifica>
    <Data><![CDATA[]]></Data>
    <Ementa />
    <Titulo />
    <SubTitulo />
    <Texto><![CDATA[<p class="identifica">EXTRATO DE CONVÊNIO</p><p>Espécie: Convênio Código 989653, Nº Processo: 21000092226202565, Concedente: Ministério da Agricultura e Pecuária, Convenente: MUNICIPIO DE PARANATINGA CNPJ nº 15023971000124, Objeto: Execução de obras e serviços de engenharia em estradas vicinais, Valor Total: R$ 12.311.656,83, Valor de Contrapartida: R$ 39.611,77, Valor a ser transferido ou descentralizado por exercício: 2025 - R$ 2.500.000,00; 2026 - R$ 9.772.045,06, Crédito Orçamentário: Num Empenho: 2025NE001390, Valor: R$ 2.500.000,00, PTRES: 247476, Fonte Recurso: 3129000000, ND: 444042, Vigência: 30/12/2025 a 30/08/2028, Data de Assinatura: 30/12/2025, Signatários: Concedente: IRAJA REZENDE DE LACERDA CPF nº ***.693.051-**, Convenente: ANTONIO MARCOS THOMAZINI CPF nº ***.444.951-**.</p>]]></Texto>
  </body>
  <Midias />
</article></xml>