﻿<xml><article id="47233812" name="AVISO DE ABERTURA DE LICITACAO P" idOficio="11501241" pubName="DO3" artType="Aviso de Licitação-Pregão" pubDate="02/01/2026" artClass="00075:00010:00097:00000:00000:00000:00000:00000:00000:00000:00163:00000" artCategory="Prefeituras/Estado de Mato Grosso/Prefeitura Municipal de Nossa Senhora do Livramento" artSize="12" artNotes="" numberPage="163" pdfPage="http://pesquisa.in.gov.br/imprensa/jsp/visualiza/index.jsp?data=02/01/2026&amp;jornal=530&amp;pagina=163" editionNumber="1" highlightType="" highlightPriority="" highlight="" highlightimage="" highlightimagename="" idMateria="23466193">
  <body>
    <Identifica><![CDATA[ AVISO DE LICITAÇÃO]]></Identifica>
    <Data><![CDATA[Nossa Senhora do Livramento-MT, 30 de dezembro de 2025.]]></Data>
    <Ementa />
    <Titulo />
    <SubTitulo />
    <Texto><![CDATA[<p class="identifica">AVISO DE LICITAÇÃO</p><p class="identifica">PREGÃO ELETRÔNICO Nº 29/2025</p><p>PROCESSO ADMINISTRATIVO N.° 31419/2025,</p><p>A PREFEITURA MUNICIPAL DE NOSSA SENHORA DO LIVRAMENTO-MT, por intermédio de sua Pregoeira e Equipe de Apoio, nomeadas pela Portaria nº 014/2025, torna público que está autorizada a realização de licitação na modalidade Pregão, na forma eletrônica, Tipo: MENOR PREÇO UNITÁRIO POR QUILÔMETRO RODADO (disputa aberta), sob o nº 029/2025, destinada à qualificação de empresas e à seleção da proposta mais vantajosa, conforme este Edital e seus anexos, nos termos da Lei nº 14.133/2021, Lei Complementar nº 123/2006, Decreto nº 8.538/2015, e Decreto Municipal nº 004/2024, além das demais exigências editalícias.</p><p>OBJETO: Contratação de Empresa para Prestação de Serviços de Transporte Escolar para atender as necessidades de locomoção dos alunos matriculados nas escolas de ensino público (Estadual e Municipal), do Município de Nossa Senhora do Livramento - MT, por QUILOMETRAGEM E POR VEÍCULO conforme especificações apresentadas neste instrumento e seus anexos.</p><p>CRONOGRAMA (horário de Brasília - DF):</p><p>Recebimento das propostas: a partir de 12/01/2026, às 10h00;</p><p>Encerramento das propostas: 26/01/2026, às 09h00;</p><p>Abertura das propostas: 26/01/2026, às 09h30;</p><p>Início da sessão de disputa de preços: 26/01/2026, às 10h30.</p><p>Para todas as referências de tempo será observado o horário de Brasília - DF.</p><p>ENDEREÇO ELETRÔNICO: O Pregão Eletrônico será realizado na Plataforma BLL Compras (www.bll.org.br), por intermédio da Pregoeira e da Equipe de Apoio. EDITAL: O Instrumento Convocatório e seus anexos estarão disponíveis para consulta e download na Plataforma BLL Compras (www.bll.org.br) e no site institucional www.nossasenhoradolivramento.mt.gov.br.</p><p class="data">Nossa Senhora do Livramento-MT, 30 de dezembro de 2025.</p><p class="assina">Leonildes F. S. Benevides</p><p class="cargo">Pregoeira nº. 014/2025</p>]]></Texto>
  </body>
  <Midias />
</article></xml>