﻿<xml><article id="47233835" name="EXTRATO_CONTRATO_ PLACAS SOLARES" idOficio="11503125" pubName="DO3" artType="Extrato de Contrato" pubDate="02/01/2026" artClass="00071:00216:00000:00000:00000:00000:00000:00000:00000:00000:00030:00000" artCategory="Entidades de Fiscalização do Exercício das Profissões Liberais/Conselho Regional de Educação Física da 10ª Região" artSize="12" artNotes="" numberPage="157" pdfPage="http://pesquisa.in.gov.br/imprensa/jsp/visualiza/index.jsp?data=02/01/2026&amp;jornal=530&amp;pagina=157" editionNumber="1" highlightType="" highlightPriority="" highlight="" highlightimage="" highlightimagename="" idMateria="23468553">
  <body>
    <Identifica><![CDATA[ EXTRATO DE CONTRATO]]></Identifica>
    <Data><![CDATA[]]></Data>
    <Ementa />
    <Titulo />
    <SubTitulo />
    <Texto><![CDATA[<p></p><p class="identifica">EXTRATO DE CONTRATO</p><p>OBJETO: Contratação de empresa especializada para prestação de serviço de desinstalação, mobilização e reinstalação de 50 (cinquenta) módulos fotovoltaicos, visando atender às necessidades do CONSELHO REGIONAL DE EDUCAÇÃO FÍSICA DA 10ª REGIÃO, conforme condições especificadas no Termo de Referência: FUNDAMENTO LEGAL: - Dispensa De Licitação nº 0024/2025. DOTAÇÃO: 6.2.2.1.01.01.075 MANUTENÇÃO E CONSERVAÇÃO DE BENS IMÓVEIS. VIGÊNCIA: até 29/01/2026. PARTES CONTRATANTES: Conselho Regional de Educação Física da 10 Região e: CT DISPENSA Nº 0024/2025 - 30.12.25 - JOSELITO SILVA DE SOUZA LTDA ("ACCESSENERGY SOLAR BR") - R$ 4.750,00.</p>]]></Texto>
  </body>
  <Midias />
</article></xml>