﻿<xml><article id="47232469" name="EDITAL 3345 - PROF. MAG. SUPERIO" idOficio="11500324" pubName="DO3" artType="Edital" pubDate="02/01/2026" artClass="00025:00111:00001:00000:00000:00000:00000:00000:00000:00000:00056:03345" artCategory="Ministério da Educação/Universidade Federal de Minas Gerais/Reitoria" artSize="24" artNotes="" numberPage="56" pdfPage="http://pesquisa.in.gov.br/imprensa/jsp/visualiza/index.jsp?data=02/01/2026&amp;jornal=530&amp;pagina=56" editionNumber="1" highlightType="" highlightPriority="" highlight="" highlightimage="" highlightimagename="" idMateria="23464859">
  <body>
    <Identifica />
    <Data><![CDATA[]]></Data>
    <Ementa />
    <Titulo />
    <SubTitulo />
    <Texto><![CDATA[<p>5.11. Em caso de desclassificação, desistência ou qualquer outro impedimento de candidato aprovado em vaga reservada à pessoa com deficiência, a vaga será preenchida pelo candidato com deficiência posteriormente classificado para essa vaga.</p><p>5.12 Na hipótese de não haver candidatos com deficiência aprovados em número suficiente para ocupar a(s) vaga(s) reservada(s), essas(s) vaga(s) será(ão) revertida(s) para a ampla concorrência e será(ão) preenchida(s) pelos demais candidatos aprovados, observada a ordem de classificação.</p><p>5.13. A nomeação dos candidatos aprovados neste concurso respeitará os critérios de alternância e proporcionalidade, que consideram a relação entre o número de vagas total e o número de vagas reservadas a candidatos com deficiência, observado o disposto no item 12.3 deste Edital e no Edital de Condições Gerais n.º 2.406, de 08 de setembro de 2025.</p><p>5.13.1. Na hipótese de todas as pessoas aprovadas na ampla concorrência serem nomeadas e remanescerem cargos vagos durante o prazo de validade do certame, poderão ser nomeadas as pessoas aprovadas que se encontram na lista da reserva de vagas para pessoas com deficiência, de acordo com a ordem de classificação e os critérios de alternância e proporcionalidade, desde que possua, em cada fase do certame, nota ou pontuação suficientes.</p><p>5.14. Participarão do procedimento de caracterização da deficiência todos os candidatos que optarem por concorrer às vagas reservadas às pessoas com deficiência e que, após a aplicação de todas as provas, não houverem sido eliminados do concurso.</p><p>5.14.1. Os candidatos que optarem por concorrer às vagas reservadas às pessoas com deficiência, ainda que tenham obtido nota suficiente para aprovação na ampla concorrência, e satisfizerem as condições de habilitação estabelecidas em edital deverão se submeter a procedimento de caracterização da deficiência.</p><p>5.14.2. Cabe ao departamento/estrutura equivalente o agendamento do procedimento de caracterização da deficiência junto ao setor competente.</p><p>5.14.3. O candidato que, submetido ao procedimento de caracterização da deficiência, não for considerado pessoa com deficiência figurará apenas na ampla concorrência, desde que possua pontuação suficiente, exceto para o item 5.8.5. deste Edital.</p><p>5.14.4. O procedimento de caracterização da deficiência será realizado por equipe multiprofissional e interdisciplinar, por meio de análise documental, nos termos deste Edital. Em caso de dúvida quanto à caracterização da deficiência, deverá ser complementado por meio da avaliação presencial.</p><p>I - A avaliação presencial da deficiência poderá ser realizada com o uso de tecnologia de telemedicina, mediante concordância expressa da pessoa candidata no ato da inscrição e à critério da equipe multiprofissional e interdisciplinar;</p><p>II - Nos casos de necessidade de avaliação presencial, as pessoas candidatas serão convocadas para esse fim, com a indicação de local, data e horário para a sua realização.</p><p>5.14.4.1. Caso seja convocado para se apresentar presencialmente ou via telemedicina, o candidato que não comparecer à perícia no dia e horário determinados poderá participar do certame pela ampla concorrência, desde que possua, em cada fase anterior do certame, pontuação suficiente para prosseguir nas demais fases. Na hipótese de a pessoa não possuir pontuação suficiente para as fases seguintes, será eliminada do certame, dispensada a convocação suplementar de pessoas candidatas não habilitadas.</p><p>5.15 A convocação para o procedimento de caracterização da deficiência se dará antes da publicação da homologação do resultado final do concurso.</p><p>5.16 A convocação se dará por meio de comunicado divulgado em endereço eletrônico informado no Quadro 1 deste Edital, e, pessoalmente, para o e-mail do candidato, com um prazo mínimo de 7 (sete) dias corridos em relação à data da referida verificação.</p><p>5.16.1. A convocação pessoal dos candidatos será realizada por meio do correio eletrônico informado pelo candidato no ato da inscrição, eximindo-se a UFMG de quaisquer responsabilidades por convocação não recebida por quaisquer motivos de ordem técnica relativos a computadores, falhas de comunicação, desconexão, congestionamento de linhas de comunicação, procedimento indevido, bem como por outros fatos que impossibilitem a transferência de dados. A convocação pessoal para o procedimento de caracterização da deficiência é meramente complementar à convocação divulgada no endereço eletrônico informado no Quadro 1 deste Edital, de que trata o item 5.16, cabendo ao candidato acompanhar as publicações.</p><p>5.17. Nos casos em que o parecer da equipe multiprofissional e interdisciplinar concluir pela não caracterização da deficiência da pessoa candidata, caberá recurso, que deverá ser interposto em até 10 (dez) dias após a sua divulgação.</p><p>5.17.1. O recurso deverá ser interposto por meio do e-mail informado no Quadro 1 deste Edital e o(a) candidato(a) deverá apresentar nova documentação caracterizadora da deficiência.</p><p>5.17.2. A comissão recursal será composta por integrantes diferentes das pessoas que compõem a equipe multiprofissional e interdisciplinar do procedimento de caracterização da deficiência.</p><p>5.17.3. Das decisões da comissão recursal não caberá recurso.</p><p>5.17.4. O resultado definitivo do procedimento de caracterização da deficiência será publicado no sítio eletrônico informado no Quadro 1 deste Edital.</p><p>5.18. Na hipótese de indícios ou denúncias de fraude ou má-fé no procedimento de caracterização da deficiência, o caso será encaminhado aos órgãos competentes para as providências cabíveis.</p><p>5.19. Na hipótese de constatação, pelos órgãos competentes, de fraude ou má-fé no procedimento de caracterização da deficiência, respeitados o contraditório e a ampla defesa:</p><p>I - caso o certame ainda esteja em andamento, a pessoa será eliminada; ou</p><p>II - caso a pessoa já tenha sido nomeada, ficará sujeita à anulação da sua admissão ao serviço ou emprego público, sem prejuízo de outras sanções cabíveis.</p><p>5.20. Para o candidato com deficiência reconhecida será verificada a compatibilidade de sua deficiência com o exercício das atribuições do cargo para o qual concorreu se e quando for nomeado. Caso a equipe multiprofissional oficial conclua pela incompatibilidade da deficiência com o cargo para o qual o candidato concorreu, será tornado sem efeito o ato de sua nomeação.</p><p>5.21. Após a investidura do candidato, a deficiência não poderá ser arguida para justificar a aposentadoria ou remoção por motivo de saúde do servidor, salvo nas hipóteses excepcionais de agravamento imprevisível da deficiência, que impossibilitem a permanência do servidor em atividade, sendo atestada por perícia médica oficial. Também não poderá solicitar redução de carga horária ou concessão de horário especial, salvo após parecer de equipe multiprofissional e avaliação da perícia médica oficial.</p><p>5.22. Durante o período de validade do certame, em caso de vacância do cargo público ocupado por pessoa com deficiência, caso a administração decida por nova convocação, será convocada pessoa com deficiência optante pela reserva de vagas, de acordo com a ordem de classificação.</p><p>6. DA INSCRIÇÃO</p><p>6.1. O prazo de inscrição terá início a partir da publicação deste Edital.</p><p>6.2. As inscrições deverão ser realizadas exclusivamente por meio do correio eletrônico especificado no Quadro 1 deste Edital até as 23h59min do último dia de inscrição, com o envio da documentação informada no subitem 6.7 deste Edital.</p><p>6.3. A confirmação do recebimento da inscrição será enviada para o mesmo endereço de correio eletrônico que realizou a inscrição, até o segundo dia útil do envio da inscrição.</p><p>6.4. A taxa de inscrição, no valor de R$ 215,99 (duzentos e quinze reais e noventa e nove centavos), deverá ser paga no Banco do Brasil S/A, por meio de Guia de Recolhimento da União - GRU, emitida através da página eletrônica informada no Quadro 1 deste Edital.</p><p>6.5. A inscrição somente será aceita mediante a confirmação do pagamento da taxa de inscrição ou do deferimento do pedido de isenção, nos termos deste Edital.</p><p>6.6. Não haverá devolução da taxa de inscrição, exceto em caso de cancelamento do Concurso por conveniência ou interesse da UFMG.</p><p>6.7. O candidato deverá enviar, no ato da inscrição, os seguintes documentos em arquivos digitais individuais, no formato PDF, com o tamanho máximo de 2 (dois) MB cada um:</p><p>a) Termo de requerimento de inscrição devidamente preenchido e assinado (disponível na página eletrônica https://www.ufmg.br/prorh/publicacoes/, campo "CONCURSO PÚBLICO DOCENTE", "ORIENTAÇÕES para Candidato" e na página eletrônica informada no Quadro 1);</p><p>b) Cópia da Carteira de Identidade ou de outra prova de ser brasileiro nato ou naturalizado e, no caso de estrangeiro, de documento de identificação;</p><p>c) Comprovação de quitação com o Serviço Militar, quando for o caso;</p><p>d) Certidão de Quitação Eleitoral, que pode ser obtida por meio do sítio eletrônico https://www.tse.jus.br/eleitor/certidoes/certidao-de-quitacao-eleitoral, dispensável no caso de candidatos estrangeiros;</p><p>e) Comprovante do pagamento da taxa de inscrição ou Formulário de Requerimento de Isenção do Pagamento de Taxa de Inscrição de Concursos Públicos (disponível na página eletrônica https://www.ufmg.br/prorh/publicacoes/, campo "CONCURSO PÚBLICO DOCENTE", "ORIENTAÇÕES para Candidato" e na página eletrônica informada no Quadro 1);</p><p>f) Curriculum vitae;</p><p>g) Documentos necessários para satisfazer os itens 6.11 e 11.6, alínea "e", deste Edital, se for o caso.</p><p>6.7.1. No envio da inscrição o candidato deverá nomear a mensagem da seguinte forma: "Edital [número do edital] - [nome completo do candidato]".</p><p>6.7.2. Caso não seja possível o envio dos arquivos em uma única mensagem eletrônica, é facultado o envio dos arquivos em mais de uma mensagem, devendo ser acrescido, ao título de cada mensagem, uma numeração correspondente à ordem de envio das mensagens.</p><p>6.8. Os originais, ou cópias autenticadas, dos documentos das alíneas 'b' e 'g' do item 6.7 devem ser apresentados na data da realização da primeira prova.</p><p>6.9. O candidato travesti ou transexual (pessoa que se identifica e quer ser reconhecida socialmente, em consonância com sua identidade de gênero) que desejar ser atendida ou atendido pelo NOME SOCIAL poderá solicitá-lo no ato da inscrição.</p><p>6.9.1. Não serão aceitas outras formas de solicitação de atendimento pelo nome social, tais como: via postal, telefone, fax ou correio eletrônico.</p><p>6.9.2. A UFMG reserva-se o direito de exigir, a qualquer tempo, documentos que atestem a condição que motiva a solicitação de atendimento declarado.</p><p>6.10. Os documentos comprobatórios do curriculum vitae, numerados e ordenados, preferencialmente, na mesma sequência apresentada no curriculum vitae, deverão ser enviados, no formato PDF, para o correio eletrônico secrgeral@musica.ufmg.br, em até dez dias após o término das inscrições.</p><p>6.10.1. Os documentos comprobatórios do curriculum vitae devem ser enviados em arquivos no formato PDF de até 20 (vinte) MB cada.</p><p>6.10.1.1 A caixa de correio eletrônico da UFMG tem capacidade limitada em 20 (vinte) MB por mensagem. Os envios que excederem a capacidade de 20 (vinte) MB não serão considerados e o candidato não fará jus à pontuação referente ao envio.</p><p>6.10.1.2 Caso não seja possível o envio dos arquivos em uma única mensagem eletrônica, é facultado o envio dos documentos comprobatórios do curriculum vitae em mais de uma mensagem, devendo ser acrescido, ao título de cada mensagem, uma numeração correspondente à ordem de envio das mensagens.</p><p>6.10.2. O recebimento dos documentos comprobatórios será confirmado por meio de mensagem eletrônica ao candidato, em até 1 (um) dia útil.</p><p>6.10.3. A UFMG reserva-se o direito de exigir, a qualquer tempo, a apresentação dos documentos originais ou cópias autenticadas dos documentos comprobatórios, pessoalmente ou por envio postal.</p><p>6.10.4. Os itens do currículo para os quais o candidato não apresentar documentação comprobatória correspondente ou cuja documentação não permita comprovar seu cumprimento não serão pontuados na Prova de Títulos.</p><p>6.10.4.1. Documentos rasurados, ilegíveis ou que apresentem erro material serão desconsiderados e o item correspondente não será pontuado na Prova de Títulos.</p><p>6.11. O candidato que necessitar de adaptações razoáveis e tecnologias assistivas para a realização das provas deverá solicitá-las no ato do requerimento de inscrição, indicando, claramente, quais os recursos assistivos necessários juntamente com a apresentação de laudo médico, emitido nos últimos 36 meses, que justifique o atendimento diferenciado solicitado.</p><p>6.11.1. O laudo médico de que trata o subitem 6.11 deverá indicar o número do documento de identificação do candidato, a assinatura do Médico ou Psicólogo responsável pela emissão do relatório, seu nome e o número do registro no Conselho Regional de Medicina (CRM) ou Conselho Regional de Psicologia (CRP); a descrição da espécie do grau ou do nível de impedimentos nos órgãos e estruturas do corpo, bem como da sua provável causa, com expressa referência ao código correspondente da Classificação Internacional de Doenças (CID);</p><p>6.11.2. Serão disponibilizadas aos candidatos sem deficiência que necessitem de condição diferenciada para realização das provas as mesmas opções de condições diferenciadas previstas para as pessoas com deficiência.</p><p>6.12. A candidata que tiver necessidade de amamentar durante a realização das provas deverá, no período previsto para as inscrições, enviar solicitação ao endereço eletrônico informado no Quadro 1 deste Edital, juntamente com cópia da certidão de nascimento da criança.</p><p>6.12.1. Caso a criança ainda não tenha nascido até a data estabelecida neste edital, a cópia da certidão de nascimento poderá ser substituída por documento emitido pelo médico obstetra, com o respectivo CRM, que ateste a data provável do nascimento.</p><p>6.12.2. Terá o direito previsto no item 6.12 a mãe cujo filho tiver até 6 (seis) meses de idade no dia da realização da prova.</p><p>6.12.3. A candidata deverá levar, no dia de realização das provas, um acompanhante adulto que ficará em sala reservada e será o responsável pela guarda da criança. A candidata que não levar acompanhante adulto não poderá permanecer com a criança no local de realização das provas.</p><p>6.12.4. A pessoa acompanhante deverá estar presente até o horário estabelecido para o início das provas. A UFMG não disponibilizará acompanhante para a guarda de crianças.</p><p>6.12.5. A mãe terá o direito de proceder à amamentação a cada intervalo de 2 (duas) horas, por até 30 (trinta) minutos, por filho. O tempo despendido na amamentação será compensado durante a realização da prova, em igual período.</p><p>6.12.6. A ausência de qualquer dos documentos citados acima ocasionará no indeferimento do pleito solicitado.</p><p>6.13. O atendimento às condições especiais solicitadas ficará sujeito à razoabilidade e viabilidade do pedido e, caso a UFMG julgue o pedido procedente, determinará as condições em que o candidato fará a prova. A locomoção ficará por conta do candidato.</p><p>6.13.1. O resultado dos pedidos de condições especiais para realização das provas será divulgado oficialmente em até 15 dias após a divulgação das inscrições, por publicação no site informado no Quadro 1 deste Edital.</p><p>6.13.2. As solicitações previstas nos itens 6.11 e 6.12, se realizadas fora do prazo estipulado neste Edital, seja qual for o motivo alegado, poderão não ser atendidas.</p><p>6.14. Na confirmação da inscrição, o candidato inscrito receberá, juntamente com a informação do número do Protocolo de Inscrição, o programa integral do Concurso, quando for o caso, a Resolução n.º 02/2013, do Conselho Universitário e outros documentos e demais informações consideradas pertinentes pelo Diretor da Unidade, que deverão ser considerados parte integrante deste Edital.</p><p>6.15. A inscrição do candidato implicará o conhecimento e aceitação tácita das condições estabelecidas no presente Edital, das leis e regulamentos aplicáveis e das instruções específicas para o cargo, das quais não poderá alegar desconhecimento.</p><p>6.16. O candidato é responsável pela exatidão e veracidade de informações prestadas e pelos documentos enviados no ato da inscrição, arcando com as consequências de eventuais erros, falhas ou omissões no preenchimento de qualquer campo ou em documento necessário à inscrição.</p><p>6.17. O candidato é responsável pelo correto preenchimento do Termo de Requerimento de Inscrição para efetivar a inscrição e pelo encaminhamento da documentação correspondente, eximindo-se a UFMG de quaisquer responsabilidades por inscrição não efetivada ou deficiente por quaisquer motivos de ordem técnica relativos a computadores, falhas de comunicação, desconexão, congestionamento de linhas de comunicação, procedimento indevido, bem como por outros fatos que impossibilitem a transferência de dados.</p><p>6.18. Os Requerimentos de Inscrição serão despachados pelo Diretor da Unidade, que decidirá sobre o deferimento de cada um deles, no prazo de 5 (cinco) dias úteis, contados da data imediatamente posterior ao encerramento do prazo para as inscrições.</p><p>6.18.1. Serão indeferidas as inscrições que não cumprirem os procedimentos previstos neste Edital, garantindo-se, contudo, ao candidato o direito ao contraditório e à ampla defesa.</p><p>6.19. A relação nominal dos candidatos inscritos será divulgada na página eletrônica informada no Quadro 1 deste Edital.</p><p>7. DA ISENÇÃO DA TAXA DE INSCRIÇÃO</p><p>7.1 Poderão solicitar isenção da taxa de inscrição os candidatos amparados pelo Decreto n.º 6.593, de 2 de outubro de 2008, pelo Decreto n.º 6.135, de 26 de junho de 2007, ou pela Lei n.º 13.656, de 30 de abril de 2018.</p><p>7.2. Hipótese 1: De acordo com o art. 1º, inciso I, da Lei n.º 13.656, de 30/04/2018, e com o art. 1º do Decreto n.º 6.593, de 02/10/2008, o candidato poderá solicitar isenção da taxa de inscrição, declarando que é membro de família de baixa renda, nos termos do Decreto n.º 6.135, de 26/06/2007 e informando o seu Número de Identificação Social (NIS) atribuído pelo Cadastro Único para Programas Sociais do Governo Federal (CadÚnico).</p><p>7.3. Hipótese 2: De acordo com o art. 1º, inciso II, da Lei n.º 13.656, de 30/04/2018, o candidato poderá solicitar isenção da taxa de inscrição, declarando que é doador de medula óssea em entidades reconhecidas pelo Ministério da Saúde. Nesta modalidade, o candidato deverá comprovar sua condição de doador através do comprovante atualizado de cadastramento expedido por Hemocentro Regional e/ou carteira expedida pelo Registro Nacional de Doadores Voluntários de Medula Óssea - REDOME.</p><p>7.4. As isenções mencionadas nos itens 7.2 e 7.3 deverão ser solicitadas mediante o preenchimento e o envio do Formulário de Isenção do Pagamento de Taxa de Inscrição de Concursos Públicos (disponível no endereço eletrônico www.ufmg.br/prorh/publicacoes/, campo "CONCURSO PÚBLICO DOCENTE", "ORIENTAÇÕES para Candidato" e na página eletrônica informada no Quadro 1 deste Edital), para o endereço eletrônico informado no Quadro 1 deste Edital, acompanhado da documentação comprobatória e de cópia de documento oficial de identificação com fotografia e assinatura, até o 5º dia após o início do período de inscrição.</p><p>7.5. Não serão aceitos pedidos de isenção da taxa de inscrição fora do prazo estipulado no subitem 7.4.</p><p>7.6. Na hipótese de solicitação da isenção prevista no subitem 7.2, a UFMG, por meio do Número de Identificação Social (NIS), procederá à consulta ao órgão competente, podendo o candidato ter seu pedido deferido ou indeferido, de acordo com o artigo 2º do Decreto n.º 6.593/2008.</p><p>7.7. Caso a documentação enviada não possibilite a análise ou não demonstre a condição do candidato, nos termos deste Edital, o pedido de isenção será indeferido.</p><p>7.8. Documentos rasurados, ilegíveis ou que apresentem erro material serão desconsiderados, o que acarretará o indeferimento do pedido de isenção.</p><p>7.9. A declaração falsa sujeitará o candidato às sanções previstas em lei, aplicando-se, ainda, o disposto no parágrafo único do artigo 10 do Decreto n.º 83.936, de 06/09/1979.</p><p>7.10. O resultado dos pedidos de isenção será divulgado oficialmente em até dois dias úteis após o término do período previsto para o pedido de isenção, por correio eletrônico dirigido ao candidato interessado.</p><p>7.11. O candidato que tiver o seu pedido de isenção indeferido deverá efetuar o pagamento da taxa de inscrição conforme o disposto no subitem 6.4 deste Edital.</p><p>8. DO INÍCIO DO CONCURSO</p><p>8.1. O prazo para o início do Concurso está indicado no Quadro 1 deste Edital.</p><p>8.2. Os candidatos serão convocados para a realização das provas, pessoalmente e por Edital, a ser divulgado no sítio eletrônico informado no Quadro 1 deste Edital, com antecedência mínima de quinze dias.</p><p>8.2.1. A convocação pessoal dos candidatos será realizada por meio do correio eletrônico informado pelo candidato no ato da inscrição, eximindo-se a UFMG de quaisquer responsabilidades por convocação não recebida por quaisquer motivos de ordem técnica relativos a computadores, falhas de comunicação, desconexão, congestionamento de linhas de comunicação, procedimento indevido, bem como por outros fatos que impossibilitem a transferência de dados.</p><p>8.3. Será encaminhada a cada um dos candidatos inscritos, juntamente com a convocação pessoal, cópia da Portaria do Diretor da Unidade, designando os membros da Comissão Examinadora, cujos nomes serão previamente divulgados, como determinado no parágrafo único do artigo 12 da Resolução Complementar n.º 02/2013, bem como cópia de eventual Portaria em que se especifiquem alterações na composição da referida Comissão.</p><p>8.4. De acordo com a Ação Civil Pública n.º 69678-37.2010.4.01.3800 estão impedidos de participar da Comissão Examinadora integrantes que mantenham ou tenham mantido, no interregno de 05 (cinco) anos anteriores à publicação deste Edital, vínculo de natureza acadêmica (como orientador ou coautor de obras publicadas), em nível de pós-graduação, com os candidatos inscritos.</p><p>8.5. O membro da Comissão Examinadora que se enquadre no disposto no subitem anterior deverá declarar-se impedido devendo a substituição ser determinada pelo Diretor da Unidade.</p><p>8.6. A não observância do disposto nos subitens 8.4 e 8.5 implicará a nulidade do presente concurso, em qualquer fase que este se encontre.</p><p>8.7. O Concurso será iniciado mediante sessão pública de instalação da Comissão Examinadora, presidida pelo Chefe do Departamento ou autoridade pertinente.</p><p>8.8. Na sessão de instalação, a Comissão Examinadora:</p><p>I- escolherá seu Presidente, o qual escolherá o seu secretário, dentre os membros que a compõem;</p><p>II- apurará a presença dos candidatos;</p><p>III- sorteará a ordem de participação dos candidatos nas provas, cuja realização não seja simultânea, ressalvado o disposto no subitem 9.7.2.3 deste Edital.</p><p>8.9. É de responsabilidade exclusiva do candidato a identificação correta de seu local de prova e o comparecimento no horário determinado.</p><p>8.10. O não comparecimento do candidato na sessão de abertura determinará sua eliminação do Concurso.</p><p>8.10.1. Atrasos não serão tolerados e o candidato que não estiver presente no horário determinado será eliminado do Concurso.</p><p>8.11. Após instalada, a Comissão Examinadora estabelecerá o cronograma, o tempo destinado a cada prova, a ordem das provas, fixando o dia, a hora e o local de sua realização, e divulgará tais informações na página eletrônica disponível no Quadro 1 deste Edital.</p><p>8.11.1. Poderá ser agendada a aplicação de provas para o mesmo dia da sessão de instalação da Comissão Examinadora, caso em que o departamento deverá, antecipadamente, notificar os candidatos sobre sua realização, observado o disposto no item 8.2 deste Edital.</p><p>8.12. Será automaticamente eliminado do Concurso o candidato que durante a realização das provas for flagrado em tentativa de fraude ou em desrespeito aos membros da Comissão Examinadora, bem como à Comunidade Universitária.</p><p>9. DAS PROVAS</p><p>9.1. O Concurso compreenderá a realização de Provas e o Julgamento de Títulos, conforme especificado no Quadro 1 deste Edital.</p><p>9.2. O candidato que não comparecer a qualquer uma das provas ou sessões para as quais for convocado, nos dias, horários e locais, estabelecidos pela Comissão Examinadora, será automaticamente eliminado do Concurso.</p><p>9.2.1. A Comissão Examinadora apurará a presença dos candidatos, em cada etapa ou prova.</p><p>9.2.2. Quando da realização das provas do concurso, o candidato deverá, obrigatoriamente, apresentar documento oficial e original de identidade com fotografia e assinatura. Serão aceitos documentos digitais com foto e assinatura (CNH digital e RG digital ou qualquer outro documento digital, com foto e assinatura, válido como documento de identificação, nos termos da legislação vigente), desde que apresentados nos respectivos aplicativos oficiais.</p><p>9.2.3. Será automaticamente eliminado o candidato que não apresentar documento oficial e original de identidade com fotografia e assinatura quando da apuração da presença dos candidatos, em cada etapa ou prova.</p><p>9.3 Serão públicas as sessões de realização da Prova Didática e de apuração final do resultado do Concurso.</p><p>9.4 As sessões públicas de realização da Prova Didática e Prova Prática serão gravadas.</p><p>9.4.1. O candidato deverá assinar termo de consentimento para gravação das provas orais previstas no certame.</p><p>9.4.2. É vedado ao candidato assistir à realização das provas dos demais candidatos.</p><p>9.5. Do Julgamento de Títulos</p><p>9.5.1. A Tabela de Pontuação da Prova de Títulos, estabelecida para este Concurso pela Câmara Departamental ou estrutura equivalente, contendo tanto a Pontuação Limite para cada um dos quesitos, respeitando a respectiva faixa de Pontuação-Limite e o total de cem pontos, quanto os critérios de análise de cada quesito e sua respectiva pontuação, está apresentada abaixo.</p><p>Tabela de Pontuação da Prova de Títulos</p><p /><p></p><table><tr /><tr><td rowspan="1" colspan="1"><p>Quesitos / Critérios de análise</p></td><td rowspan="1" colspan="1"><p>Pontuação</p><p>(unidade)</p></td><td rowspan="1" colspan="1"><p>Pontuação</p><p>(máxima)</p></td></tr><tr><td rowspan="1" colspan="3"><p>Quesito: TÍTULOS ACADÊMICOS</p></td></tr><tr><td rowspan="1" colspan="1"><p>Doutorado na área de Humanidades: "Linguística, Letras e Artes", "História" e "Filosofia"</p></td><td rowspan="1" colspan="1"><p>10</p></td><td rowspan="1" colspan="1"><p>10</p></td></tr><tr><td rowspan="1" colspan="1"><p>Mestrado na área de Humanidades: "Linguística, Letras e Artes", "História" e "Filosofia" .</p></td><td rowspan="1" colspan="1"><p>7</p></td><td rowspan="1" colspan="1"><p>7</p></td></tr><tr><td rowspan="1" colspan="1"><p>Graduação</p></td><td rowspan="1" colspan="1"><p>1</p></td><td rowspan="1" colspan="1"><p>3</p></td></tr><tr><td rowspan="1" colspan="1"><p>Cursos/especialização</p></td><td rowspan="1" colspan="1"><p>1</p></td><td rowspan="1" colspan="1"><p>5</p></td></tr><tr><td rowspan="1" colspan="1"><p>Qualificação em andamento/outros</p></td><td rowspan="1" colspan="1"><p>2</p></td><td rowspan="1" colspan="1"><p>5</p></td></tr><tr><td rowspan="1" colspan="1"><p>Pontuação limite do quesito</p></td><td rowspan="1" colspan="2"><p>20</p></td></tr><tr><td rowspan="1" colspan="3"><p>Quesito: EXPERIÊNCIA DOCENTE</p></td></tr><tr><td rowspan="1" colspan="1"><p>Docência no Ensino Superior na área de inscrição - 15 h</p></td><td rowspan="1" colspan="1"><p>2</p></td><td rowspan="1" colspan="1"><p>20</p></td></tr><tr><td rowspan="1" colspan="1"><p>Docência em outros níveis na área de inscrição - 15 h</p></td><td rowspan="1" colspan="1"><p>1</p></td><td rowspan="1" colspan="1"><p>10</p></td></tr><tr><td rowspan="1" colspan="1"><p>Orientação de tese de doutorado na área defendida (comprovada) - orientação</p></td><td rowspan="1" colspan="1"><p>5</p></td><td rowspan="1" colspan="1"><p>10</p></td></tr><tr><td rowspan="1" colspan="1"><p>Orientação de dissertação de mestrado na área defendida (comprovada) - por orientação</p></td><td rowspan="1" colspan="1"><p>2</p></td><td rowspan="1" colspan="1"><p>10</p></td></tr><tr><td rowspan="1" colspan="1"><p>Orientação de monografia de Especialização/TCC de Graduação (concluído) - por orientação</p></td><td rowspan="1" colspan="1"><p>1</p></td><td rowspan="1" colspan="1"><p>5</p></td></tr><tr><td rowspan="1" colspan="1"><p>Orientação de iniciação científica (concluído) - por orientação</p></td><td rowspan="1" colspan="1"><p>1</p></td><td rowspan="1" colspan="1"><p>5</p></td></tr><tr><td rowspan="1" colspan="1"><p>Participação em banca de TCC - por banca</p></td><td rowspan="1" colspan="1"><p>1</p></td><td rowspan="1" colspan="1"><p>5</p></td></tr><tr><td rowspan="1" colspan="1"><p>Participação em banca de Mestrado - por banca</p></td><td rowspan="1" colspan="1"><p>1</p></td><td rowspan="1" colspan="1"><p>5</p></td></tr><tr><td rowspan="1" colspan="1"><p>Participação em banca de Doutorado - por banca</p></td><td rowspan="1" colspan="1"><p>1</p></td><td rowspan="1" colspan="1"><p>5</p></td></tr><tr><td rowspan="1" colspan="1"><p>Pontuação limite do quesito</p></td><td rowspan="1" colspan="2"><p>20</p></td></tr><tr><td rowspan="1" colspan="3"><p>Quesito: PRODUÇÃO CIENTÍFICA, TÉCNICA, ARTÍSTICA E CULTURAL NA ÁREA</p></td></tr><tr><td rowspan="1" colspan="1"><p>Subquesito: Produção científica na área</p></td><td rowspan="1" colspan="1"><p></p></td><td rowspan="1" colspan="1"><p>10</p></td></tr><tr><td rowspan="1" colspan="1"><p>Autoria ou coautoria de livros publicados com ISBN - por publicação</p></td><td rowspan="1" colspan="1"><p>2</p></td><td rowspan="1" colspan="1"><p>10</p></td></tr><tr><td rowspan="1" colspan="1"><p>Autoria ou coautoria de capítulos de livros publicados com ISBN - por publicação</p></td><td rowspan="1" colspan="1"><p>2</p></td><td rowspan="1" colspan="1"><p>10</p></td></tr><tr><td rowspan="1" colspan="1"><p>Organização de livros com ISBN - por publicação</p></td><td rowspan="1" colspan="1"><p>2</p></td><td rowspan="1" colspan="1"><p>10</p></td></tr><tr><td rowspan="1" colspan="1"><p>Artigo científico publicado em periódico (Qualis A1, A2) - por publicação</p></td><td rowspan="1" colspan="1"><p>2</p></td><td rowspan="1" colspan="1"><p>10</p></td></tr><tr><td rowspan="1" colspan="1"><p>Artigo científico publicado em periódico (Demais Qualis B) - por publicação</p></td><td rowspan="1" colspan="1"><p>1</p></td><td rowspan="1" colspan="1"><p>5</p></td></tr><tr><td rowspan="1" colspan="1"><p>Artigo científico publicado em periódico não indexado - por publicação</p></td><td rowspan="1" colspan="1"><p>1</p></td><td rowspan="1" colspan="1"><p>5</p></td></tr><tr><td rowspan="1" colspan="1"><p>Publicação de resumos expandidos em anais de evento - por publicação</p></td><td rowspan="1" colspan="1"><p>1</p></td><td rowspan="1" colspan="1"><p>5</p></td></tr><tr><td rowspan="1" colspan="1"><p>Publicação de trabalho completo em anais de evento - por publicação</p></td><td rowspan="1" colspan="1"><p>1</p></td><td rowspan="1" colspan="1"><p>5</p></td></tr><tr><td rowspan="1" colspan="1"><p>Apresentação de pôster em evento acadêmico - por apresentação</p></td><td rowspan="1" colspan="1"><p>1</p></td><td rowspan="1" colspan="1"><p>5</p></td></tr><tr><td rowspan="1" colspan="1"><p>Apresentação oral em evento acadêmico internacional - por apresentação</p></td><td rowspan="1" colspan="1"><p>1</p></td><td rowspan="1" colspan="1"><p>5</p></td></tr><tr><td rowspan="1" colspan="1"><p>Apresentação oral em evento acadêmico nacional - por apresentação</p></td><td rowspan="1" colspan="1"><p>1</p></td><td rowspan="1" colspan="1"><p>5</p></td></tr><tr><td rowspan="1" colspan="1"><p>Apresentação de trabalho em evento regional/local - por apresentação</p></td><td rowspan="1" colspan="1"><p>1</p></td><td rowspan="1" colspan="1"><p>5</p></td></tr><tr><td rowspan="1" colspan="1"><p>Comunicação oral em evento acadêmico nacional - por comunicação</p></td><td rowspan="1" colspan="1"><p>1</p></td><td rowspan="1" colspan="1"><p>5</p></td></tr><tr><td rowspan="1" colspan="1"><p>Comunicação oral em evento acadêmico internacional - por comunicação</p></td><td rowspan="1" colspan="1"><p>1</p></td><td rowspan="1" colspan="1"><p>5</p></td></tr><tr><td rowspan="1" colspan="1"><p>Organização de evento acadêmico - por evento</p></td><td rowspan="1" colspan="1"><p>1</p></td><td rowspan="1" colspan="1"><p>5</p></td></tr><tr><td rowspan="1" colspan="1"><p>Revisor de periódico indexado - por revisão</p></td><td rowspan="1" colspan="1"><p>1</p></td><td rowspan="1" colspan="1"><p>5</p></td></tr><tr><td rowspan="1" colspan="1"><p>Tradução de artigo ou livro com ISBN -por tradução</p></td><td rowspan="1" colspan="1"><p>1</p></td><td rowspan="1" colspan="1"><p>5</p></td></tr><tr><td rowspan="1" colspan="1"><p>Participação em projetos de pesquisa com relatório técnico - por participação</p></td><td rowspan="1" colspan="1"><p>1</p></td><td rowspan="1" colspan="1"><p>5</p></td></tr><tr><td rowspan="1" colspan="1"><p>Subquesito: Produção técnica na área</p></td><td rowspan="1" colspan="1"><p></p></td><td rowspan="1" colspan="1"><p>10</p></td></tr><tr><td rowspan="1" colspan="1"><p>Produção de material didático, tradução e/ou editoração - por produto</p></td><td rowspan="1" colspan="1"><p>2</p></td><td rowspan="1" colspan="1"><p>4</p></td></tr><tr><td rowspan="1" colspan="1"><p>Organização de evento com apoio Institucional - por evento</p></td><td rowspan="1" colspan="1"><p>2</p></td><td rowspan="1" colspan="1"><p>4</p></td></tr><tr><td rowspan="1" colspan="1"><p>Coordenação de projetos de pesquisa, ensino ou extensão - por projeto</p></td><td rowspan="1" colspan="1"><p>2</p></td><td rowspan="1" colspan="1"><p>4</p></td></tr><tr><td rowspan="1" colspan="1"><p>Participação em projeto de pesquisa, extensão ou ensino (por projeto) - por projeto</p></td><td rowspan="1" colspan="1"><p>1</p></td><td rowspan="1" colspan="1"><p>4</p></td></tr><tr><td rowspan="1" colspan="1"><p>Palestra ou Conferência - por evento</p></td><td rowspan="1" colspan="1"><p>1</p></td><td rowspan="1" colspan="1"><p>5</p></td></tr><tr><td rowspan="1" colspan="1"><p>Participação em mesa redonda/roda de conversa - por evento</p></td><td rowspan="1" colspan="1"><p>1</p></td><td rowspan="1" colspan="1"><p>5</p></td></tr><tr><td rowspan="1" colspan="1"><p>Parecer técnico-científico para periódicos e/ou eventos e/ou agência de fomento - por evento</p></td><td rowspan="1" colspan="1"><p>1</p></td><td rowspan="1" colspan="1"><p>5</p></td></tr><tr><td rowspan="1" colspan="1"><p>Pontuação limite do quesito</p></td><td rowspan="1" colspan="2"><p>40</p></td></tr><tr><td rowspan="1" colspan="3"><p>Quesito: ADMINISTRAÇÃO ACADÊMICA / EXPERIÊNCIA PROFISSIONAL NÃO DOCENTE</p></td></tr><tr><td rowspan="1" colspan="1"><p>Superior - por cargo/ano</p></td><td rowspan="1" colspan="1"><p>5</p></td><td rowspan="1" colspan="1"><p>10</p></td></tr><tr><td rowspan="1" colspan="1"><p>Escolas de cursos livres - por cargo/ano</p></td><td rowspan="1" colspan="1"><p>2</p></td><td rowspan="1" colspan="1"><p>8</p></td></tr><tr><td rowspan="1" colspan="1"><p>Outros - por cargo/ano</p></td><td rowspan="1" colspan="1"><p>1</p></td><td rowspan="1" colspan="1"><p>5</p></td></tr><tr><td rowspan="1" colspan="1"><p>Pontuação limite do quesito</p></td><td rowspan="1" colspan="2"><p>10</p></td></tr><tr><td rowspan="1" colspan="3"><p>Quesito: DISTINÇÕES</p></td></tr><tr><td rowspan="1" colspan="1"><p>Bolsa - por ano</p></td><td rowspan="1" colspan="1"><p>2</p></td><td rowspan="1" colspan="1"><p>10</p></td></tr><tr><td rowspan="1" colspan="1"><p>Prêmio - por prêmio</p></td><td rowspan="1" colspan="1"><p>2</p></td><td rowspan="1" colspan="1"><p>10</p></td></tr><tr><td rowspan="1" colspan="1"><p>Aprovação em concurso - por concurso</p></td><td rowspan="1" colspan="1"><p>2</p></td><td rowspan="1" colspan="1"><p>10</p></td></tr><tr><td rowspan="1" colspan="1"><p>Outros</p></td><td rowspan="1" colspan="1"><p>1</p></td><td rowspan="1" colspan="1"><p>10</p></td></tr><tr><td rowspan="1" colspan="1"><p>Pontuação limite do quesito</p></td><td rowspan="1" colspan="2"><p>10</p></td></tr><tr><td rowspan="1" colspan="1"><p>TOTAL</p></td><td rowspan="1" colspan="2"><p>100</p></td></tr></table><p>9.5.2. A Comissão Examinadora atribuirá a nota final obtida na Prova de Títulos a cada candidato, numa escala de zero a cem pontos, detalhando a pontuação atribuída a cada quesito, respeitada a pontuação-limite de cada um, observado o disposto no artigo 41 da Resolução Complementar n.º 02/2013.</p><p>9.5.3. Os diplomas de graduação, mestrado e doutorado obtidos no exterior deverão, obrigatoriamente, ser reconhecidos/revalidados (a depender do caso) pelos órgãos competentes no Brasil, conforme disposição da legislação vigente.</p><p>9.5.3.1. Os diplomas obtidos no exterior que não atenderem ao disposto no item 9.5.3. acima não serão considerados para fins de pontuação da prova de títulos.</p><p>9.6. Da Prova Prática</p><p>9.6.1. A Prova Prática será realizada segundo especificação no Quadro 1 deste Edital.</p><p>9.6.2. A inobservância do prazo definido para realização da Prova não acarretará, por si só, a anulação da Prova nem a desclassificação do candidato.</p><p>9.7. Da Prova Didática</p><p>9.7.1. A Prova Didática consistirá em aula sobre ponto contido em lista organizada pela Comissão Examinadora, com base no programa do Concurso, a ser sorteado, pelo menos vinte e quatro horas antes do início da prova, à qual se seguirá uma arguição oral pela referida Comissão.</p><p>9.7.2. A Comissão Examinadora poderá agrupar os candidatos, a seu critério, para fins de sorteio de ponto e de realização da Prova Didática.</p><p>9.7.2.1. O agrupamento deverá garantir a todos os candidatos, pelo menos, o tempo previsto no subitem 9.7.1, para preparo da Prova Didática.</p><p>9.7.2.2. O agrupamento deverá garantir que todos os candidatos estejam no local das provas no horário indicado para o início da primeira aula.</p><p>9.7.2.3. No caso do agrupamento, a ordem de apresentação será feita mediante sorteio na presença de todos os candidatos, comprovada por registro de presença, no horário indicado para o início da primeira prova.</p><p>9.7.3. Na Prova Didática serão garantidos ao candidato cinquenta minutos para a exposição do tema.</p><p>9.7.3.1. Após a exposição oral do tema, a Comissão Examinadora arguirá o candidato pelo tempo estabelecido no cronograma.</p>]]></Texto>
  </body>
  <Midias />
</article></xml>