﻿<xml><article id="47233788" name="Edital Docente Efetivo_n_01_2026" idOficio="11500739" pubName="DO3" artType="Edital" pubDate="02/01/2026" artClass="00025:00096:00000:00000:00000:00000:00000:00000:00000:00000:00056:00000" artCategory="Ministério da Educação/Universidade Federal da Bahia" artSize="12" artNotes="" numberPage="51" pdfPage="http://pesquisa.in.gov.br/imprensa/jsp/visualiza/index.jsp?data=02/01/2026&amp;jornal=530&amp;pagina=51" editionNumber="1" highlightType="" highlightPriority="" highlight="" highlightimage="" highlightimagename="" idMateria="23465533">
  <body>
    <Identifica />
    <Data><![CDATA[]]></Data>
    <Ementa />
    <Titulo />
    <SubTitulo />
    <Texto><![CDATA[<p>Unidade Universitária: Faculdade de Educação / Departamento: Educação II</p><p /><p></p><table><tr /><tr><td rowspan="1" colspan="1"><p>Área de Conhecimento: Metodologia, Estágio Supervisionado e Vivências em Ensino de Física</p></td><td rowspan="1" colspan="1"><p>Vagas: 1</p></td></tr><tr><td rowspan="1" colspan="1"><p>Denominação/Classe: Professor Assistente</p></td><td rowspan="1" colspan="1"><p>Regime de Trabalho: Dedicação Exclusiva</p></td></tr><tr><td rowspan="1" colspan="2"><p>Tipo de Prova: Escrita, Didática, Títulos e Defesa de Memorial.</p></td></tr><tr><td rowspan="1" colspan="2"><p>Titulação: Licenciatura em Física, com Doutorado em Educação ou Ensino de Ciências ou Ensino, Filosofia e História das Ciências ou Ensino de Física.</p></td></tr></table><p>Unidade Universitária: Faculdade de Educação / Departamento: Educação III</p><p /><p></p><table><tr /><tr><td rowspan="1" colspan="1"><p>Área de Conhecimento: Conhecimento, método e práticas em esportes individuais (Atletismo)</p></td><td rowspan="1" colspan="1"><p>Vagas: 1</p></td></tr><tr><td rowspan="1" colspan="1"><p>Denominação/Classe: Professor Assistente</p></td><td rowspan="1" colspan="1"><p>Regime de Trabalho: 20 Horas Semanais</p></td></tr><tr><td rowspan="1" colspan="2"><p>Tipo de Prova: Escrita, Didática, Títulos e Defesa de Memorial.</p></td></tr><tr><td rowspan="1" colspan="2"><p>Titulação: Bacharelado ou Licenciatura em Educação Física e Doutorado.</p></td></tr></table><p>Unidade Universitária: Faculdade de Farmácia / Departamento: Análises Clínicas e Toxicológicas</p><p /><p></p><table><tr /><tr><td rowspan="1" colspan="1"><p>Área de Conhecimento: Farmácia / Análises Clínicas</p></td><td rowspan="1" colspan="1"><p>Vagas: 1</p></td></tr><tr><td rowspan="1" colspan="1"><p>Denominação/Classe: Professor Assistente</p></td><td rowspan="1" colspan="1"><p>Regime de Trabalho: Dedicação Exclusiva</p></td></tr><tr><td rowspan="1" colspan="2"><p>Tipo de Prova: Escrita, Didática, Títulos e Defesa de Memorial.</p></td></tr><tr><td rowspan="1" colspan="2"><p>Titulação: Graduação em Farmácia, Pós-Graduação<em>lato sensu</em>em Citologia Clínica, Citopatologia ou Citologia Oncótica e Doutorado em Ciências da Saúde ou afins.</p></td></tr></table><p>Unidade Universitária: Faculdade de Farmácia / Departamento: Medicamento</p><p /><p></p><table><tr /><tr><td rowspan="1" colspan="1"><p>Área de Conhecimento: Controle de Qualidade Físico-Químico e Microbiológico</p></td><td rowspan="1" colspan="1"><p>Vagas: 1</p></td></tr><tr><td rowspan="1" colspan="1"><p>Denominação/Classe: Professor Assistente</p></td><td rowspan="1" colspan="1"><p>Regime de Trabalho: Dedicação Exclusiva</p></td></tr><tr><td rowspan="1" colspan="2"><p>Tipo de Prova: Escrita, Didática, Títulos e Defesa de Memorial.</p></td></tr><tr><td rowspan="1" colspan="2"><p>Titulação: Graduação em Farmácia com Doutorado em Ciências Farmacêuticas ou áreas afins.</p></td></tr></table><p>Unidade Universitária: Faculdade de Filosofia e Ciências Humanas / Departamento: Antropologia e Etnologia</p><p /><p></p><table><tr /><tr><td rowspan="1" colspan="1"><p>Área de Conhecimento: Teoria Antropológica</p></td><td rowspan="1" colspan="1"><p>Vagas: 1</p></td></tr><tr><td rowspan="1" colspan="1"><p>Denominação/Classe: Professor Assistente</p></td><td rowspan="1" colspan="1"><p>Regime de Trabalho: Dedicação Exclusiva</p></td></tr><tr><td rowspan="1" colspan="2"><p>Tipo de Prova: Escrita, Didática, Títulos e Defesa de Memorial.</p></td></tr><tr><td rowspan="1" colspan="2"><p>Titulação: Doutorado em Antropologia ou área afins.</p></td></tr></table><p>Unidade Universitária: Faculdade de Filosofia e Ciências Humanas / Departamento: Filosofia</p><p /><p></p><table><tr /><tr><td rowspan="1" colspan="1"><p>Área de Conhecimento: Filosofia / Ensino de Filosofia</p></td><td rowspan="1" colspan="1"><p>Vagas: 1</p></td></tr><tr><td rowspan="1" colspan="1"><p>Denominação/Classe: Professor Assistente</p></td><td rowspan="1" colspan="1"><p>Regime de Trabalho: Dedicação Exclusiva</p></td></tr><tr><td rowspan="1" colspan="2"><p>Tipo de Prova: Escrita, Didática, Títulos e Defesa de Memorial.</p></td></tr><tr><td rowspan="1" colspan="2"><p>Titulação: Graduação em Filosofia. Doutorado em Filosofia ou Doutorado em Educação.</p></td></tr></table><p /><p></p><table><tr /><tr><td rowspan="1" colspan="1"><p>Área de Conhecimento: Filosofia / História da Filosofia Antiga</p></td><td rowspan="1" colspan="1"><p>Vagas: 1</p></td></tr><tr><td rowspan="1" colspan="1"><p>Denominação/Classe: Professor Assistente</p></td><td rowspan="1" colspan="1"><p>Regime de Trabalho: Dedicação Exclusiva</p></td></tr><tr><td rowspan="1" colspan="2"><p>Tipo de Prova: Escrita, Didática, Títulos e Defesa de Memorial.</p></td></tr><tr><td rowspan="1" colspan="2"><p>Titulação: Graduação em qualquer área. Doutorado em Filosofia.</p></td></tr></table><p>Unidade Universitária: Faculdade de Medicina da Bahia / Departamento: Saúde da Família e Terapia Ocupacional</p><p /><p></p><table><tr /><tr><td rowspan="1" colspan="1"><p>Área de Conhecimento: Terapia Ocupacional em Neurodesenvolvimento com enfoque na Reabilitação Física de Crianças e Adolescentes</p></td><td rowspan="1" colspan="1"><p>Vagas: 1</p></td></tr><tr><td rowspan="1" colspan="1"><p>Denominação/Classe: Professor Assistente</p></td><td rowspan="1" colspan="1"><p>Regime de Trabalho: Dedicação Exclusiva</p></td></tr><tr><td rowspan="1" colspan="2"><p>Tipo de Prova: Escrita, Didática, Títulos e Defesa de Memorial.</p></td></tr><tr><td rowspan="1" colspan="2"><p>Titulação: Graduação em Terapia Ocupacional, Mestrado e Experiência comprovada (de no mínimo 02 anos) na área de conhecimento.</p></td></tr></table><p>Unidade Universitária: Instituto de Biologia / Departamento: Coordenação Acadêmica</p><p /><p></p><table><tr /><tr><td rowspan="1" colspan="1"><p>Área de Conhecimento: Sistemática de Espermatófitas não Monocotiledôneas</p></td><td rowspan="1" colspan="1"><p>Vagas: 1</p></td></tr><tr><td rowspan="1" colspan="1"><p>Denominação/Classe: Professor Assistente</p></td><td rowspan="1" colspan="1"><p>Regime de Trabalho: Dedicação Exclusiva</p></td></tr><tr><td rowspan="1" colspan="2"><p>Tipo de Prova: Escrita, Didática, Títulos e Defesa de Memorial.</p></td></tr><tr><td rowspan="1" colspan="2"><p>Titulação: Graduação em Ciências Biológicas e Doutorado em Ciências ou Biodiversidade ou Botânica ou Biologia Vegetal com tese e produção qualificada recente em Sistemática, incluindo Taxonomia, de Espermatófitas Não Monocotiledôneas.</p></td></tr></table><p /><p></p><table><tr /><tr><td rowspan="1" colspan="1"><p>Área de Conhecimento: Sistemática de Macroalgas Marinhas</p></td><td rowspan="1" colspan="1"><p>Vagas: 1</p></td></tr><tr><td rowspan="1" colspan="1"><p>Denominação/Classe: Professor Assistente</p></td><td rowspan="1" colspan="1"><p>Regime de Trabalho: Dedicação Exclusiva</p></td></tr><tr><td rowspan="1" colspan="2"><p>Tipo de Prova: Escrita, Didática, Títulos e Defesa de Memorial.</p></td></tr><tr><td rowspan="1" colspan="2"><p>Titulação: Graduação em Ciências Biológicas ou áreas afins; Doutorado em Ciências ou áreas afins com tese e produção qualificada recente em Sistemática de Macroalgas Marinhas, incluindo taxonomia.</p></td></tr></table><p>Unidade Universitária: Instituto de Ciência da Informação / Departamento: Documentação e Informação</p><p /><p></p><table><tr /><tr><td rowspan="1" colspan="1"><p>Área de Conhecimento: Representação da Informação e do Conhecimento</p></td><td rowspan="1" colspan="1"><p>Vagas: 1</p></td></tr><tr><td rowspan="1" colspan="1"><p>Denominação/Classe: Professor Assistente</p></td><td rowspan="1" colspan="1"><p>Regime de Trabalho: Dedicação Exclusiva</p></td></tr><tr><td rowspan="1" colspan="2"><p>Tipo de Prova: Escrita, Didática, Títulos e Defesa de Memorial.</p></td></tr><tr><td rowspan="1" colspan="2"><p>Titulação: Bacharelado em Biblioteconomia com Doutorado em qualquer área do conhecimento.</p></td></tr></table><p>Unidade Universitária: Instituto de Computação / Departamento: Ciência da Computação</p><p /><p></p><table><tr /><tr><td rowspan="1" colspan="1"><p>Área de Conhecimento: Ciência da Computação</p></td><td rowspan="1" colspan="1"><p>Vagas: 1</p></td></tr><tr><td rowspan="1" colspan="1"><p>Denominação/Classe: Professor Assistente</p></td><td rowspan="1" colspan="1"><p>Regime de Trabalho: Dedicação Exclusiva</p></td></tr><tr><td rowspan="1" colspan="2"><p>Tipo de Prova: Escrita, Didática, Títulos e Defesa de Memorial.</p></td></tr><tr><td rowspan="1" colspan="2"><p>Titulação: Doutorado em Computação ou com outras denominações desde que tenham sido emitidos ou reconhecidos por programas cuja "área de avaliação" na CAPES seja "Ciência da Computação".</p></td></tr></table><p /><p></p><table><tr /><tr><td rowspan="1" colspan="1"><p>Área de Conhecimento: Inteligência Artificial</p></td><td rowspan="1" colspan="1"><p>Vagas: 1</p></td></tr><tr><td rowspan="1" colspan="1"><p>Denominação/Classe: Professor Assistente</p></td><td rowspan="1" colspan="1"><p>Regime de Trabalho: Dedicação Exclusiva</p></td></tr><tr><td rowspan="1" colspan="2"><p>Tipo de Prova: Escrita, Didática, Títulos e Defesa de Memorial.</p></td></tr><tr><td rowspan="1" colspan="2"><p>Titulação: Doutorado em Computação ou com outras denominações desde que tenham sido emitidos ou reconhecidos por programas cuja "área de avaliação" na CAPES seja "Ciência da Computação".</p></td></tr></table><p>Unidade Universitária: Instituto de Física / Departamento: Física do Estado Sólido</p><p /><p></p><table><tr /><tr><td rowspan="1" colspan="1"><p>Área de Conhecimento: Ensino de Física</p></td><td rowspan="1" colspan="1"><p>Vagas: 1</p></td></tr><tr><td rowspan="1" colspan="1"><p>Denominação/Classe: Professor Assistente</p></td><td rowspan="1" colspan="1"><p>Regime de Trabalho: Dedicação Exclusiva</p></td></tr><tr><td rowspan="1" colspan="2"><p>Tipo de Prova: Escrita, Didática, Títulos e Defesa de Memorial.</p></td></tr><tr><td rowspan="1" colspan="2"><p>Titulação: Graduação em Física (licenciatura ou bacharelado) e Doutorado em Ensino de Ciências ou em Ensino de Física ou Doutorado em Educação ou em Física ou em áreas afins, com experiência comprovada em pesquisa em Ensino de Física por meio de tese ou publicação de artigos em Ensino de Física em periódicos indexados.</p></td></tr></table><p>Unidade Universitária: Instituto de Geociências / Departamento: Departamento de Geografia</p><p /><p></p><table><tr /><tr><td rowspan="1" colspan="1"><p>Área de Conhecimento: Cartografia</p></td><td rowspan="1" colspan="1"><p>Vagas: 1</p></td></tr><tr><td rowspan="1" colspan="1"><p>Denominação/Classe: Professor Assistente</p></td><td rowspan="1" colspan="1"><p>Regime de Trabalho: Dedicação Exclusiva</p></td></tr><tr><td rowspan="1" colspan="2"><p>Tipo de Prova: Escrita, Didática, Títulos e Defesa de Memorial.</p></td></tr><tr><td rowspan="1" colspan="2"><p>Titulação: Geografia, com doutorado em Geografia ou áreas afins à Cartografia, experiência e produção científica na área de Cartografia com ênfase em novas tecnologias ou ciência de dados.</p></td></tr></table><p>Unidade Universitária: Instituto de Geociências / Departamento: Departamento de Oceanografia</p><p /><p></p><table><tr /><tr><td rowspan="1" colspan="1"><p>Área de Conhecimento: Paleontologia</p></td><td rowspan="1" colspan="1"><p>Vagas: 1</p></td></tr><tr><td rowspan="1" colspan="1"><p>Denominação/Classe: Professor Assistente</p></td><td rowspan="1" colspan="1"><p>Regime de Trabalho: Dedicação Exclusiva</p></td></tr><tr><td rowspan="1" colspan="2"><p>Tipo de Prova: Escrita, Didática, Títulos e Defesa de Memorial.</p></td></tr><tr><td rowspan="1" colspan="2"><p>Titulação: Graduação em Oceanografia, Ciências Biológicas ou Geologia, com Doutorado em Geociências, Ciências Biológicas ou áreas afins com atuação e publicações no campo da Paleontologia.</p></td></tr></table><p>Unidade Universitária: Instituto de Humanidades, Artes e Ciências Professor Milton Santos / Departamento: Coordenação Acadêmica</p><p /><p></p><table><tr /><tr><td rowspan="1" colspan="1"><p>Área de Conhecimento: Campo da Saúde: saberes, práticas e diversidade étnico-racial</p></td><td rowspan="1" colspan="1"><p>Vagas: 1</p></td></tr><tr><td rowspan="1" colspan="1"><p>Denominação/Classe: Professor Assistente</p></td><td rowspan="1" colspan="1"><p>Regime de Trabalho: Dedicação Exclusiva</p></td></tr><tr><td rowspan="1" colspan="2"><p>Tipo de Prova: Escrita, Didática, Títulos e Defesa de Memorial.</p></td></tr><tr><td rowspan="1" colspan="2"><p>Titulação: Graduação na área de Saúde, com doutorado em qualquer área do conhecimento.</p></td></tr></table><p>Unidade Universitária: Instituto de Letras da Universidade Federal da Bahia / Departamento: Coordenação Acadêmica de Ensino de Letras</p><p /><p></p><table><tr /><tr><td rowspan="1" colspan="1"><p>Área de Conhecimento: Linguística com ênfase em Línguas Indígenas</p></td><td rowspan="1" colspan="1"><p>Vagas: 1</p></td></tr><tr><td rowspan="1" colspan="1"><p>Denominação/Classe: Professor Assistente</p></td><td rowspan="1" colspan="1"><p>Regime de Trabalho: Dedicação Exclusiva</p></td></tr><tr><td rowspan="1" colspan="2"><p>Tipo de Prova: Escrita, Didática, Títulos e Defesa de Memorial.</p></td></tr><tr><td rowspan="1" colspan="2"><p>Titulação: Doutorado em uma das seguintes áreas: Letras, Linguística, Antropologia, Educação, Filosofia, História, Geografia ou Sociologia.</p></td></tr></table><p>Unidade Universitária: Instituto de Saúde Coletiva / Departamento: Coordenação Acadêmica</p><p /><p></p><table><tr /><tr><td rowspan="1" colspan="1"><p>Área de Conhecimento: Ciências Sociais em Saúde Coletiva</p></td><td rowspan="1" colspan="1"><p>Vagas: 1</p></td></tr><tr><td rowspan="1" colspan="1"><p>Denominação/Classe: Professor Assistente</p></td><td rowspan="1" colspan="1"><p>Regime de Trabalho: Dedicação Exclusiva</p></td></tr><tr><td rowspan="1" colspan="2"><p>Tipo de Prova: Escrita, Didática, Títulos e Defesa de Memorial.</p></td></tr><tr><td rowspan="1" colspan="2"><p>Titulação: Doutorado com experiência ou produção técnica científica comprovada em currículo na área de conhecimento do concurso ou área correlata.</p></td></tr></table><p>CAMPUS: VITÓRIA DA CONQUISTA</p><p>Unidade Universitária: Instituto Multidisciplinar em Saúde / Departamento: Coordenação Acadêmica</p><p /><p></p><table><tr /><tr><td rowspan="1" colspan="1"><p>Área de Conhecimento: Anatomia Humana e Antropologia Forense</p></td><td rowspan="1" colspan="1"><p>Vagas: 2</p></td></tr><tr><td rowspan="1" colspan="1"><p>Denominação/Classe: Professor Assistente</p></td><td rowspan="1" colspan="1"><p>Regime de Trabalho: Dedicação Exclusiva</p></td></tr><tr><td rowspan="1" colspan="2"><p>Tipo de Prova: Escrita, Didática, Títulos e Defesa de Memorial.</p></td></tr><tr><td rowspan="1" colspan="2"><p>Titulação: Graduação e Doutorado nas áreas de Ciências da Saúde ou Ciências Biológicas.</p></td></tr></table><p /><p></p><table><tr /><tr><td rowspan="1" colspan="1"><p>Área de Conhecimento: Citologia, Histologia, Patologia e Embriologia</p></td><td rowspan="1" colspan="1"><p>Vagas: 1</p></td></tr><tr><td rowspan="1" colspan="1"><p>Denominação/Classe: Professor Assistente</p></td><td rowspan="1" colspan="1"><p>Regime de Trabalho: Dedicação Exclusiva</p></td></tr><tr><td rowspan="1" colspan="2"><p>Tipo de Prova: Escrita, Didática, Títulos e Defesa de Memorial.</p></td></tr><tr><td rowspan="1" colspan="2"><p>Titulação: Graduação em Ciências Biológicas ou Ciências da Saúde e Doutorado em Ciências Morfológicas e/ou Biologia Celular e Molecular e/ou Patologia e/ou Biologia do Desenvolvimento e/ou Biologia da Reprodução.</p></td></tr></table><p /><p></p><table><tr /><tr><td rowspan="1" colspan="1"><p>Área de Conhecimento: Gastroenterologia, Endocrinologia, Reumatologia, Pneumologia / Internato</p></td><td rowspan="1" colspan="1"><p>Vagas: 1</p></td></tr><tr><td rowspan="1" colspan="1"><p>Denominação/Classe: Professor Assistente</p></td><td rowspan="1" colspan="1"><p>Regime de Trabalho: 20 horas semanais</p></td></tr><tr><td rowspan="1" colspan="2"><p>Tipo de Prova: Escrita, Didática, Títulos e Defesa de Memorial.</p></td></tr><tr><td rowspan="1" colspan="2"><p>Titulação: Graduação em Medicina com registro definitivo e em situação regular em Conselho(s) Regional(is) de Medicina no Brasil e Residência Médica e/ou Título de Especialista nos referidos conselhos de especialidade devidamente reconhecidos pela Associação Médica Brasileira, em Gastroenterologia e/ou Endocrinologia e/ou Reumatologia e/ou Pneumologia</p></td></tr></table><p /><p></p><table><tr /><tr><td rowspan="1" colspan="1"><p>Área de Conhecimento: Infectologia / Internato</p></td><td rowspan="1" colspan="1"><p>Vagas: 1</p></td></tr><tr><td rowspan="1" colspan="1"><p>Denominação/Classe: Professor Assistente</p></td><td rowspan="1" colspan="1"><p>Regime de Trabalho: 20 horas semanais</p></td></tr><tr><td rowspan="1" colspan="2"><p>Tipo de Prova: Escrita, Didática, Títulos e Defesa de Memorial.</p></td></tr><tr><td rowspan="1" colspan="2"><p>Titulação: Graduação em Medicina com registro definitivo e em situação regular em Conselho(s) Regional(is) de Medicina no Brasil e Residência Médica em Infectologia.</p></td></tr></table><p /><p></p><table><tr /><tr><td rowspan="1" colspan="1"><p>Área de Conhecimento: Química Farmacêutica, Desenvolvimento, Produção e Controle de Qualidade de Fármacos e Medicamentos</p></td><td rowspan="1" colspan="1"><p>Vagas: 1</p></td></tr><tr><td rowspan="1" colspan="1"><p>Denominação/Classe: Professor Assistente</p></td><td rowspan="1" colspan="1"><p>Regime de Trabalho: Dedicação Exclusiva</p></td></tr><tr><td rowspan="1" colspan="2"><p>Tipo de Prova: Escrita, Didática, Títulos e Defesa de Memorial.</p></td></tr><tr><td rowspan="1" colspan="2"><p>Titulação: Graduação em Farmácia, Doutorado em Ciências Farmacêuticas ou Química ou áreas afins com tese defendida na área de conhecimento do concurso.</p></td></tr></table><p /><p></p><table><tr /><tr><td rowspan="1" colspan="1"><p>Área de Conhecimento: Urgência e Emergência / Internato</p></td><td rowspan="1" colspan="1"><p>Vagas: 2</p></td></tr><tr><td rowspan="1" colspan="1"><p>Denominação/Classe: Professor Assistente</p></td><td rowspan="1" colspan="1"><p>Regime de Trabalho: 20 horas semanais</p></td></tr><tr><td rowspan="1" colspan="2"><p>Tipo de Prova: Escrita, Didática, Títulos e Defesa de Memorial.</p></td></tr><tr><td rowspan="1" colspan="2"><p>Titulação: Graduação em Medicina com registro definitivo e em situação regular em Conselho(s) Regional(is) de Medicina no Brasil e Residência Médica em Medicina de Emergência e/ou Medicina Intensiva e/ou em Clínica Médica e/ou Cirurgia Geral e/ou Anestesiologia credenciada pela Comissão Nacional de Residência Médica(CNRM). Experiência profissional e atuação em Urgência e Emergência de no mínimo 2 anos.</p></td></tr></table>]]></Texto>
  </body>
  <Midias />
</article></xml>