﻿<xml><article id="47238192" name="2025-12-28/11497633/COMPRASNETWS" idOficio="11497633" pubName="DO3" artType="Extrato de Termo Aditivo" pubDate="02/01/2026" artClass="00025:00083:00000:00000:00000:00000:00000:00000:00000:00000:00053:00001" artCategory="Ministério da Educação/Instituto Federal de Educação, Ciência e Tecnologia de Santa Catarina" artSize="12" artNotes="" numberPage="22" pdfPage="http://pesquisa.in.gov.br/imprensa/jsp/visualiza/index.jsp?data=02/01/2026&amp;jornal=530&amp;pagina=22" editionNumber="1" highlightType="" highlightPriority="" highlight="" highlightimage="" highlightimagename="" idMateria="23461079">
  <body>
    <Identifica><![CDATA[ EXTRATO DE TERMO ADITIVO Nº 100/2025 - UASG 158516]]></Identifica>
    <Data><![CDATA[]]></Data>
    <Ementa />
    <Titulo />
    <SubTitulo />
    <Texto><![CDATA[<p class="identifica">EXTRATO DE TERMO ADITIVO Nº 100/2025 - UASG 158516</p><p>Número do Contrato: 43/2023.</p><p>Nº Processo: 23292.018008/2022-73.</p><p>Pregão. Nº 21100/2022. Contratante: INST.FED.DE EDUC.,CIENC.E TEC.DE STA.CAT/IFSC. Contratado: 00.482.840/0001-38 - LIDERANCA LIMPEZA E CONSERVACAO LTDA. Objeto: Alterar o instrumento de medição de resultado (imr), referente ao pregão eletrônico 21100/2022.. Vigência: 01/12/2025 a 03/01/2026. Valor Total Atualizado do Contrato: R$ 3.559.894,20. Data de Assinatura: 11/11/2025.</p><p>(COMPRASNET 4.0 - 11/11/2025).</p>]]></Texto>
  </body>
  <Midias />
</article></xml>