﻿<xml><article id="47232565" name="CONTRATO CC 009-2025 -RTF" idOficio="11498586" pubName="DO3" artType="Extrato de Contrato" pubDate="02/01/2026" artClass="00075:00014:00195:00000:00000:00000:00000:00000:00000:00000:00030:00000" artCategory="Prefeituras/Estado da Paraíba/Prefeitura Municipal de Riachão do Bacamarte" artSize="12" artNotes="" numberPage="164" pdfPage="http://pesquisa.in.gov.br/imprensa/jsp/visualiza/index.jsp?data=02/01/2026&amp;jornal=530&amp;pagina=164" editionNumber="1" highlightType="" highlightPriority="" highlight="" highlightimage="" highlightimagename="" idMateria="23462400">
  <body>
    <Identifica><![CDATA[ EXTRATO DE CONTRATO]]></Identifica>
    <Data><![CDATA[]]></Data>
    <Ementa />
    <Titulo />
    <SubTitulo />
    <Texto><![CDATA[<p class="identifica">EXTRATO DE CONTRATO</p><p>CONCORRENCIA ELETRONICO Nº 9/2025</p><p>OBJETO: Contratação de empresa de engenharia para executar obra civil pública da terceira etapa da construção de praça no município de Riachão do Bacamarte-PB. FUNDAMENTO LEGAL: Concorrência Eletrônica nº 00009/2025. DOTAÇÃO: Recursos não Vinculados de Impostos: 20.06 Secretaria de Obras - 15 813 1016 1014 Construção de Praças, Jardins e Outros Espaços Públicos - 4490.5199 Obras e Instalações -. Vigência: Até 29/12/2026. Partes Contratantes: Prefeitura Municipal de Riachão do Bacamarte e: Ct nº 00117/2025 - 29.12.25 - G e Contrucoes e Servicos Ltda - R$ 1.876.149,41. Riachão do Bacamarte, 29 de Dezembro de 2025 Jose de Arimatea da Silva Prefeito</p>]]></Texto>
  </body>
  <Midias />
</article></xml>