﻿<xml><article id="47238666" name="2025-12-30/11502906/COMPRASNETWS" idOficio="11502906" pubName="DO3" artType="Extrato de Apostilamento" pubDate="02/01/2026" artClass="00011:00002:00006:00000:00000:00000:00000:00000:00000:00000:00142:00001" artCategory="Ministério das Cidades/Secretaria Executiva/Subsecretaria de Planejamento, Orçamento e Administração" artSize="12" artNotes="" numberPage="3" pdfPage="http://pesquisa.in.gov.br/imprensa/jsp/visualiza/index.jsp?data=02/01/2026&amp;jornal=530&amp;pagina=3" editionNumber="1" highlightType="" highlightPriority="" highlight="" highlightimage="" highlightimagename="" idMateria="23468329">
  <body>
    <Identifica><![CDATA[ EXTRATO DE APOSTILAMENTO Nº 2/2025 - UASG 560010]]></Identifica>
    <Data><![CDATA[]]></Data>
    <Ementa />
    <Titulo />
    <SubTitulo />
    <Texto><![CDATA[<p class="identifica">EXTRATO DE APOSTILAMENTO Nº 2/2025 - UASG 560010</p><p>Número do Contrato: 10/2023.</p><p>Nº Processo: 80000.012012/2023-11.</p><p>Contratante: COORDENACAO-GERAL DE SUPORTE LOGISTICO-MCID. Contratado: 57.142.978/0001-05 - BRASOFTWARE INFORMATICA LTDA. Objeto: Reajuste de preços do contrato nº 10/2023, com base no icti - índice de custo da tecnologia da informação, acumulado a contar da data do orçamento estimado, o qual representará um aumento percentual de 6,96%.. Vigência: 05/12/2023 a 05/12/2026. Valor Total Atualizado do Contrato: R$ 6.652.853,28. Data de Assinatura: 22/12/2025.</p><p>(COMPRASNET 4.0 - 22/12/2025).</p>]]></Texto>
  </body>
  <Midias />
</article></xml>