﻿<xml><article id="47238648" name="2025-12-24/11495016/COMPRASNETWS" idOficio="11495016" pubName="DO3" artType="Extrato de Contrato" pubDate="02/01/2026" artClass="00029:00040:00005:00008:00000:00000:00000:00000:00000:00000:00030:00001" artCategory="Ministério da Gestão e da Inovação em Serviços Públicos/Secretaria de Serviços Compartilhados/Diretoria de Contratações e Unidades Descentralizadas/Superintendência Regional de Administração em Minas Gerais" artSize="12" artNotes="" numberPage="97" pdfPage="http://pesquisa.in.gov.br/imprensa/jsp/visualiza/index.jsp?data=02/01/2026&amp;jornal=530&amp;pagina=97" editionNumber="1" highlightType="" highlightPriority="" highlight="" highlightimage="" highlightimagename="" idMateria="23457125">
  <body>
    <Identifica><![CDATA[ EXTRATO DE CONTRATO Nº 48/2025 - UASG 170085]]></Identifica>
    <Data><![CDATA[]]></Data>
    <Ementa />
    <Titulo />
    <SubTitulo />
    <Texto><![CDATA[<p class="identifica">EXTRATO DE CONTRATO Nº 48/2025 - UASG 170085</p><p>Nº Processo: 10680.000415/2025-91.</p><p>Dispensa Nº 69/2025. Contratante: SUPERINTENDÊNCIA REGIONAL DE ADMINISTRAÇÃO DO MINISTÉRIO DA GESTÃO E DA INOVAÇÃO EM SERVIÇOS PÚBLICOS EM MINAS GERAIS.</p><p>Contratado: 01.781.573/0001-62 - R.P.L ENGENHARIA E SERVICOS LTDA EM RECUPERACAO JUDICIAL. Objeto: Contratação emergencial de serviços contínuos de prestação de</p><p>serviços, comuns e de natureza continuada, de manutenção preventiva e corretiva dos sistemas prediais, com dedicação</p><p>exclusiva de mão-de obra, bem como de serviços eventuais por demanda em imóveis sob administração da sra/mg, a serem</p><p>executados com regime de dedicação exclusiva de mão de obra.</p><p>Fundamento Legal: LEI 14.133/2021 - Artigo: 75 - Inciso: VIII. Vigência: 01/01/2026 a 01/07/2026. Valor Total: R$ 351.772,44. Data de Assinatura: 23/12/2025.</p><p>(COMPRASNET 4.0 - 24/12/2025).</p>]]></Texto>
  </body>
  <Midias />
</article></xml>