﻿<xml><article id="47231840" name="EDITAL 3439 - PROF. MAG. SUPERIO" idOficio="11499919" pubName="DO3" artType="Edital" pubDate="02/01/2026" artClass="00025:00111:00001:00000:00000:00000:00000:00000:00000:00000:00056:03439" artCategory="Ministério da Educação/Universidade Federal de Minas Gerais/Reitoria" artSize="24" artNotes="" numberPage="72" pdfPage="http://pesquisa.in.gov.br/imprensa/jsp/visualiza/index.jsp?data=02/01/2026&amp;jornal=530&amp;pagina=72" editionNumber="1" highlightType="" highlightPriority="" highlight="" highlightimage="" highlightimagename="" idMateria="23464066">
  <body>
    <Identifica />
    <Data><![CDATA[]]></Data>
    <Ementa />
    <Titulo />
    <SubTitulo />
    <Texto><![CDATA[<p>5.12 Na hipótese de não haver candidatos com deficiência aprovados em número suficiente para ocupar a(s) vaga(s) reservada(s), essas(s) vaga(s) será(ão) revertida(s) para a ampla concorrência e será(ão) preenchida(s) pelos demais candidatos aprovados, observada a ordem de classificação.</p><p>5.13. A nomeação dos candidatos aprovados neste concurso respeitará os critérios de alternância e proporcionalidade, que consideram a relação entre o número de vagas total e o número de vagas reservadas a candidatos com deficiência, observado o disposto no item 12.3 deste Edital e no Edital de Condições Gerais n.º 2.406, de 08 de setembro de 2025.</p><p>5.13.1. Na hipótese de todas as pessoas aprovadas na ampla concorrência serem nomeadas e remanescerem cargos vagos durante o prazo de validade do certame, poderão ser nomeadas as pessoas aprovadas que se encontram na lista da reserva de vagas para pessoas com deficiência, de acordo com a ordem de classificação e os critérios de alternância e proporcionalidade, desde que possua, em cada fase do certame, nota ou pontuação suficientes.</p><p>5.14. Participarão do procedimento de caracterização da deficiência todos os candidatos que optarem por concorrer às vagas reservadas às pessoas com deficiência e que, após a aplicação de todas as provas, não houverem sido eliminados do concurso.</p><p>5.14.1. Os candidatos que optarem por concorrer às vagas reservadas às pessoas com deficiência, ainda que tenham obtido nota suficiente para aprovação na ampla concorrência, e satisfizerem as condições de habilitação estabelecidas em edital deverão se submeter a procedimento de caracterização da deficiência.</p><p>5.14.2. Cabe ao departamento/estrutura equivalente o agendamento do procedimento de caracterização da deficiência junto ao setor competente.</p><p>5.14.3. O candidato que, submetido ao procedimento de caracterização da deficiência, não for considerado pessoa com deficiência figurará apenas na ampla concorrência, desde que possua pontuação suficiente, exceto para o item 5.8.5. deste Edital.</p><p>5.14.4. O procedimento de caracterização da deficiência será realizado por equipe multiprofissional e interdisciplinar, por meio de análise documental, nos termos deste Edital. Em caso de dúvida quanto à caracterização da deficiência, deverá ser complementado por meio da avaliação presencial.</p><p>I - A avaliação presencial da deficiência poderá ser realizada com o uso de tecnologia de telemedicina, mediante concordância expressa da pessoa candidata no ato da inscrição e à critério da equipe multiprofissional e interdisciplinar;</p><p>II - Nos casos de necessidade de avaliação presencial, as pessoas candidatas serão convocadas para esse fim, com a indicação de local, data e horário para a sua realização.</p><p>5.14.4.1. Caso seja convocado para se apresentar presencialmente ou via telemedicina, o candidato que não comparecer à perícia no dia e horário determinados poderá participar do certame pela ampla concorrência, desde que possua, em cada fase anterior do certame, pontuação suficiente para prosseguir nas demais fases. Na hipótese de a pessoa não possuir pontuação suficiente para as fases seguintes, será eliminada do certame, dispensada a convocação suplementar de pessoas candidatas não habilitadas.</p><p>5.15 A convocação para o procedimento de caracterização da deficiência se dará antes da publicação da homologação do resultado final do concurso.</p><p>5.16 A convocação se dará por meio de comunicado divulgado em endereço eletrônico informado no Quadro 1 deste Edital, e, pessoalmente, para o e-mail do candidato, com um prazo mínimo de 7 (sete) dias corridos em relação à data da referida verificação.</p><p>5.16.1. A convocação pessoal dos candidatos será realizada por meio do correio eletrônico informado pelo candidato no ato da inscrição, eximindo-se a UFMG de quaisquer responsabilidades por convocação não recebida por quaisquer motivos de ordem técnica relativos a computadores, falhas de comunicação, desconexão, congestionamento de linhas de comunicação, procedimento indevido, bem como por outros fatos que impossibilitem a transferência de dados. A convocação pessoal para o procedimento de caracterização da deficiência é meramente complementar à convocação divulgada no endereço eletrônico informado no Quadro 1 deste Edital, de que trata o item 5.16, cabendo ao candidato acompanhar as publicações.</p><p>5.17. Nos casos em que o parecer da equipe multiprofissional e interdisciplinar concluir pela não caracterização da deficiência da pessoa candidata, caberá recurso, que deverá ser interposto em até 10 (dez) dias após a sua divulgação.</p><p>5.17.1. O recurso deverá ser interposto por meio do e-mail informado no Quadro 1 deste Edital e o(a) candidato(a) deverá apresentar nova documentação caracterizadora da deficiência.</p><p>5.17.2. A comissão recursal será composta por integrantes diferentes das pessoas que compõem a equipe multiprofissional e interdisciplinar do procedimento de caracterização da deficiência.</p><p>5.17.3. Das decisões da comissão recursal não caberá recurso.</p><p>5.17.4. O resultado definitivo do procedimento de caracterização da deficiência será publicado no sítio eletrônico informado no Quadro 1 deste Edital.</p><p>5.18. Na hipótese de indícios ou denúncias de fraude ou má-fé no procedimento de caracterização da deficiência, o caso será encaminhado aos órgãos competentes para as providências cabíveis.</p><p>5.19. Na hipótese de constatação, pelos órgãos competentes, de fraude ou má-fé no procedimento de caracterização da deficiência, respeitados o contraditório e a ampla defesa:</p><p>I - caso o certame ainda esteja em andamento, a pessoa será eliminada; ou</p><p>II - caso a pessoa já tenha sido nomeada, ficará sujeita à anulação da sua admissão ao serviço ou emprego público, sem prejuízo de outras sanções cabíveis.</p><p>5.20. Para o candidato com deficiência reconhecida será verificada a compatibilidade de sua deficiência com o exercício das atribuições do cargo para o qual concorreu se e quando for nomeado. Caso a equipe multiprofissional oficial conclua pela incompatibilidade da deficiência com o cargo para o qual o candidato concorreu, será tornado sem efeito o ato de sua nomeação.</p><p>5.21. Após a investidura do candidato, a deficiência não poderá ser arguida para justificar a aposentadoria ou remoção por motivo de saúde do servidor, salvo nas hipóteses excepcionais de agravamento imprevisível da deficiência, que impossibilitem a permanência do servidor em atividade, sendo atestada por perícia médica oficial. Também não poderá solicitar redução de carga horária ou concessão de horário especial, salvo após parecer de equipe multiprofissional e avaliação da perícia médica oficial.</p><p>5.22. Durante o período de validade do certame, em caso de vacância do cargo público ocupado por pessoa com deficiência, caso a administração decida por nova convocação, será convocada pessoa com deficiência optante pela reserva de vagas, de acordo com a ordem de classificação.</p><p>6. DA INSCRIÇÃO</p><p>6.1. O prazo de inscrição terá início a partir da publicação deste Edital.</p><p>6.2. As inscrições deverão ser realizadas por meio de via postal ao endereço especificado no Quadro 1 deste Edital, mediante Aviso de Recebimento - AR, com o envio da seguinte documentação:</p><p>a) Termo de requerimento de inscrição devidamente preenchido e assinado (disponível na página eletrônica https://www.ufmg.br/prorh/publicacoes/, campo 'CONCURSO PÚBLICO DOCENTE', 'ORIENTAÇÕES para Candidato' e na página eletrônica informada no Quadro 1);</p><p>b) Cópia da Carteira de Identidade ou de outra prova de ser brasileiro nato ou naturalizado e, no caso de estrangeiro, de documento de identificação;</p><p>c) Comprovante de endereço para recebimento de correspondência;</p><p>d) Comprovação de quitação com o Serviço Militar, quando for o caso;</p><p>e) Certidão de Quitação Eleitoral, que pode ser obtida por meio do sítio eletrônico https://www.tse.jus.br/eleitor/certidoes/certidao-de-quitacao-eleitoral, dispensável no caso de candidatos estrangeiros;</p><p>f) Comprovante do pagamento da taxa de inscrição ou Formulário de Requerimento de Isenção do Pagamento de Taxa de Inscrição de Concursos Públicos (disponível na página eletrônica https://www.ufmg.br/prorh/publicacoes/, campo 'CONCURSO PÚBLICO DOCENTE', 'ORIENTAÇÕES para Candidato' e na página eletrônica informada no Quadro 1);</p><p>g) Sete cópias do Curriculum vitae;</p><p>h) Documentos necessários para satisfazer os itens 6.11 e 11.6, alínea 'e', deste Edital, se for o caso.</p><p>6.2.1. É facultado aos candidatos realizarem a inscrição pessoalmente no local, horário e período especificados no Quadro 1 deste Edital, com a entrega de toda a documentação relacionada no item 6.2 deste Edital.</p><p>6.3. Somente serão considerados inscritos os candidatos cuja documentação seja recebida dentro do prazo previsto no presente Edital, não se responsabilizando a UFMG por eventuais atrasos ou extravio da documentação.</p><p>6.4. A taxa de inscrição, no valor de R$ 215,99 (duzentos e quinze reais e noventa e nove centavos), deverá ser paga no Banco do Brasil S/A, por meio de Guia de Recolhimento da União - GRU, emitida através da página eletrônica informada no Quadro 1 deste Edital.</p><p>6.5. A inscrição somente será aceita mediante a confirmação do pagamento da taxa de inscrição ou do deferimento do pedido de isenção, nos termos deste Edital.</p><p>6.6. Não haverá devolução da taxa de inscrição, exceto em caso de cancelamento do Concurso por conveniência ou interesse da UFMG.</p><p>6.7. Os originais, ou cópias autenticadas, dos documentos das alíneas 'b' e 'h' devem ser apresentados na data da realização da primeira prova.</p><p>6.8. O candidato travesti ou transexual (pessoa que se identifica e quer ser reconhecida socialmente, em consonância com sua identidade de gênero) que desejar ser atendido pelo NOME SOCIAL poderá solicitá-lo no ato da inscrição.</p><p>6.8.1. Não serão aceitas outras formas de solicitação de atendimento pelo nome social, tais como: telefone, fax ou correio eletrônico.</p><p>6.8.2. A UFMG reserva-se o direito de exigir, a qualquer tempo, documentos que atestem a condição que motiva a solicitação de atendimento declarado.</p><p>6.9 A UFMG reserva-se o direito de exigir, a qualquer tempo, a apresentação dos documentos originais ou cópias autenticadas dos documentos comprobatórios, pessoalmente ou por envio postal.</p><p>6.10. Os documentos comprobatórios do "curriculum vitae" deverão ser apresentados em via única, numerados sequencialmente e, preferencialmente, na mesma sequência apresentada no "curriculum vitae", em até vinte e quatro horas após a divulgação da lista de classificados na Prova Escrita.</p><p>6.10.1. A UFMG reserva-se o direito de exigir, a qualquer tempo, a apresentação dos documentos originais ou cópias autenticadas dos documentos comprobatórios do curriculum vitae, pessoalmente ou por envio postal.</p><p>6.10.2. Os itens do currículo para os quais o candidato não apresentar documentação comprobatória correspondente ou cuja documentação não permita comprovar seu cumprimento não serão pontuados na Prova de Títulos.</p><p>6.10.2.1. Documentos rasurados, ilegíveis ou que apresentem erro material serão desconsiderados e o item correspondente não será pontuado na Prova de Títulos.</p><p>6.11. O candidato que necessitar de adaptações razoáveis e tecnologias assistivas para a realização das provas deverá solicitá-las no ato do requerimento de inscrição, indicando, claramente, quais os recursos assistivos necessários juntamente com a apresentação de laudo médico, emitido nos últimos 36 meses, que justifique o atendimento diferenciado solicitado.</p><p>6.11.1. O laudo médico de que trata o subitem 6.11 deverá indicar o número do documento de identificação do candidato, a assinatura do Médico ou Psicólogo responsável pela emissão do relatório, seu nome e o número do registro no Conselho Regional de Medicina (CRM) ou Conselho Regional de Psicologia (CRP); a descrição da espécie do grau ou do nível de impedimentos nos órgãos e estruturas do corpo, bem como da sua provável causa, com expressa referência ao código correspondente da Classificação Internacional de Doenças (CID);</p><p>6.11.2. Serão disponibilizadas aos candidatos sem deficiência que necessitem de condição diferenciada para realização das provas as mesmas opções de condições diferenciadas previstas para as pessoas com deficiência.</p><p>6.12. A candidata que tiver necessidade de amamentar durante a realização das provas deverá, no período previsto para as inscrições, enviar solicitação ao endereço eletrônico informado no Quadro 1 deste Edital, juntamente com cópia da certidão de nascimento da criança.</p><p>6.12.1. Caso a criança ainda não tenha nascido até a data estabelecida neste edital, a cópia da certidão de nascimento poderá ser substituída por documento emitido pelo médico obstetra, com o respectivo CRM, que ateste a data provável do nascimento.</p><p>6.12.2. Terá o direito previsto no item 6.12 a mãe cujo filho tiver até 6 (seis) meses de idade no dia da realização da prova.</p><p>6.12.3. A candidata deverá levar, no dia de realização das provas, um acompanhante adulto que ficará em sala reservada e será o responsável pela guarda da criança. A candidata que não levar acompanhante adulto não poderá permanecer com a criança no local de realização das provas.</p><p>6.12.4. A pessoa acompanhante deverá estar presente até o horário estabelecido para o início das provas. A UFMG não disponibilizará acompanhante para a guarda de crianças.</p><p>6.12.5. A mãe terá o direito de proceder à amamentação a cada intervalo de 2 (duas) horas, por até 30 (trinta) minutos, por filho. O tempo despendido na amamentação será compensado durante a realização da prova, em igual período.</p><p>6.12.6. A ausência de qualquer dos documentos citados acima ocasionará no indeferimento do pleito solicitado.</p><p>6.13. O atendimento às condições especiais solicitadas ficará sujeito à razoabilidade e viabilidade do pedido e, caso a UFMG julgue o pedido procedente, determinará as condições em que o candidato fará a prova. A locomoção ficará por conta do candidato.</p><p>6.13.1. O resultado dos pedidos de condições especiais para realização das provas será divulgado oficialmente em até 15 dias após a divulgação das inscrições, por publicação no site informado no Quadro 1 deste Edital.</p><p>6.13.2. As solicitações previstas nos itens 6.11 e 6.12, se realizadas fora do prazo estipulado neste Edital, seja qual for o motivo alegado, poderão não ser atendidas.</p><p>6.14. Na confirmação da inscrição, o candidato inscrito receberá, juntamente com a informação do número do Protocolo de Inscrição, o programa integral do Concurso, quando for o caso, a Resolução n.º 02/2013, do Conselho Universitário e outros documentos e demais informações consideradas pertinentes pelo Diretor da Unidade, que deverão ser considerados parte integrante deste Edital.</p><p>6.15. A inscrição do candidato implicará o conhecimento e aceitação tácita das condições estabelecidas no presente Edital, das leis e regulamentos aplicáveis e das instruções específicas para o cargo, das quais não poderá alegar desconhecimento.</p><p>6.16. O candidato é responsável pela exatidão e veracidade de informações prestadas e pelos documentos enviados no ato da inscrição, arcando com as consequências de eventuais erros, falhas ou omissões no preenchimento de qualquer campo ou em documento necessário à inscrição.</p><p>6.17. O candidato é responsável pelo correto preenchimento do Termo de Requerimento de Inscrição para efetivar a inscrição e pelo encaminhamento da documentação correspondente, eximindo-se a UFMG de quaisquer responsabilidades por inscrição não efetivada ou deficiente por quaisquer motivos de ordem técnica relativos a computadores, falhas de comunicação, desconexão, congestionamento de linhas de comunicação, procedimento indevido, bem como por outros fatos que impossibilitem a transferência de dados.</p><p>6.18. Os Requerimentos de Inscrição serão despachados pelo Diretor da Unidade, que decidirá sobre o deferimento de cada um deles, no prazo de 5 (cinco) dias úteis, contados da data imediatamente posterior ao encerramento do prazo para as inscrições.</p><p>6.18.1. Serão indeferidas as inscrições que não cumprirem os procedimentos previstos neste Edital, garantindo-se, contudo, ao candidato o direito ao contraditório e à ampla defesa.</p><p>6.19. A relação nominal dos candidatos inscritos será divulgada na página eletrônica informada no Quadro 1 deste Edital.</p><p>7. DA ISENÇÃO DA TAXA DE INSCRIÇÃO</p><p>7.1 Poderão solicitar isenção da taxa de inscrição os candidatos amparados pelo Decreto n.º 6.593, de 2 de outubro de 2008, pelo Decreto n.º 6.135, de 26 de junho de 2007, ou pela Lei n.º 13.656, de 30 de abril de 2018.</p><p>7.2. Hipótese 1: De acordo com o art. 1º, inciso I, da Lei n.º 13.656, de 30/04/2018, e com o art. 1º do Decreto n.º 6.593, de 02/10/2008, o candidato poderá solicitar isenção da taxa de inscrição, declarando que é membro de família de baixa renda, nos termos do Decreto n.º 6.135, de 26/06/2007 e informando o seu Número de Identificação Social (NIS) atribuído pelo Cadastro Único para Programas Sociais do Governo Federal (CadÚnico).</p><p>7.3. Hipótese 2: De acordo com o art. 1º, inciso II, da Lei n.º 13.656, de 30/04/2018, o candidato poderá solicitar isenção da taxa de inscrição, declarando que é doador de medula óssea em entidades reconhecidas pelo Ministério da Saúde. Nesta modalidade, o candidato deverá comprovar sua condição de doador através do comprovante atualizado de cadastramento expedido por Hemocentro Regional e/ou carteira expedida pelo Registro Nacional de Doadores Voluntários de Medula Óssea - REDOME.</p><p>7.4. As isenções mencionadas nos itens 7.2 e 7.3 deverão ser solicitadas mediante o preenchimento e o envio do Formulário de Isenção do Pagamento de Taxa de Inscrição de Concursos Públicos (disponível no endereço eletrônico www.ufmg.br/prorh/publicacoes/, campo "CONCURSO PÚBLICO DOCENTE", "ORIENTAÇÕES para Candidato" e na página eletrônica informada no Quadro 1 deste Edital), para o endereço eletrônico informado no Quadro 1 deste Edital, acompanhado da documentação comprobatória e de cópia de documento oficial de identificação com fotografia e assinatura, até o 5º dia após o início do período de inscrição.</p><p>7.5. Não serão aceitos pedidos de isenção da taxa de inscrição fora do prazo estipulado no subitem 7.4.</p><p>7.6. Na hipótese de solicitação da isenção prevista no subitem 7.2, a UFMG, por meio do Número de Identificação Social (NIS), procederá à consulta ao órgão competente, podendo o candidato ter seu pedido deferido ou indeferido, de acordo com o artigo 2º do Decreto n.º 6.593/2008.</p><p>7.7. Caso a documentação enviada não possibilite a análise ou não demonstre a condição do candidato, nos termos deste Edital, o pedido de isenção será indeferido.</p><p>7.8. Documentos rasurados, ilegíveis ou que apresentem erro material serão desconsiderados, o que acarretará o indeferimento do pedido de isenção.</p><p>7.9. A declaração falsa sujeitará o candidato às sanções previstas em lei, aplicando-se, ainda, o disposto no parágrafo único do artigo 10 do Decreto n.º 83.936, de 06/09/1979.</p><p>7.10. O resultado dos pedidos de isenção será divulgado oficialmente em até dois dias úteis após o término do período previsto para o pedido de isenção, por correio eletrônico dirigido ao candidato interessado.</p><p>7.11. O candidato que tiver o seu pedido de isenção indeferido deverá efetuar o pagamento da taxa de inscrição conforme o disposto no subitem 6.4 deste Edital.</p><p>8. DO INÍCIO DO CONCURSO</p><p>8.1. O prazo para o início do Concurso está indicado no Quadro 1 deste Edital.</p><p>8.2. Os candidatos serão convocados para a realização das provas, pessoalmente e por Edital, a ser divulgado no sítio eletrônico informado no Quadro 1 deste Edital, com antecedência mínima de quinze dias.</p><p>8.2.1. A convocação pessoal dos candidatos será realizada por meio do correio eletrônico informado pelo candidato no ato da inscrição, eximindo-se a UFMG de quaisquer responsabilidades por convocação não recebida por quaisquer motivos de ordem técnica relativos a computadores, falhas de comunicação, desconexão, congestionamento de linhas de comunicação, procedimento indevido, bem como por outros fatos que impossibilitem a transferência de dados.</p><p>8.3. Será encaminhada a cada um dos candidatos inscritos, juntamente com a convocação pessoal, cópia da Portaria do Diretor da Unidade, designando os membros da Comissão Examinadora, cujos nomes serão previamente divulgados, como determinado no parágrafo único do artigo 12 da Resolução Complementar n.º 02/2013, bem como cópia de eventual Portaria em que se especifiquem alterações na composição da referida Comissão.</p><p>8.4. De acordo com a Ação Civil Pública n.º 69678-37.2010.4.01.3800 estão impedidos de participar da Comissão Examinadora integrantes que mantenham ou tenham mantido, no interregno de 05 (cinco) anos anteriores à publicação deste Edital, vínculo de natureza acadêmica (como orientador ou coautor de obras publicadas), em nível de pós-graduação, com os candidatos inscritos.</p><p>8.5. O membro da Comissão Examinadora que se enquadre no disposto no subitem anterior deverá declarar-se impedido devendo a substituição ser determinada pelo Diretor da Unidade.</p><p>8.6. A não observância do disposto nos subitens 8.4 e 8.5 implicará a nulidade do presente concurso, em qualquer fase que este se encontre.</p><p>8.7. O Concurso será iniciado mediante sessão pública de instalação da Comissão Examinadora, presidida pelo Chefe do Departamento ou autoridade pertinente.</p><p>8.8. Na sessão de instalação, a Comissão Examinadora:</p><p>I- escolherá seu Presidente, o qual escolherá o seu secretário, dentre os membros que a compõem;</p><p>II- apurará a presença dos candidatos;</p><p>III- sorteará a ordem de participação dos candidatos nas provas, cuja realização não seja simultânea.</p><p>8.9. É de responsabilidade exclusiva do candidato a identificação correta de seu local de prova e o comparecimento no horário determinado.</p><p>8.10. O não comparecimento do candidato na sessão de abertura determinará sua eliminação do Concurso.</p><p>8.10.1. Atrasos não serão tolerados e o candidato que não estiver presente no horário determinado será eliminado do Concurso.</p><p>8.11. Após instalada, a Comissão Examinadora estabelecerá o cronograma, o tempo destinado a cada prova, a ordem das provas, fixando o dia, a hora e o local de sua realização, e divulgará tais informações na página eletrônica disponível no Quadro 1 deste Edital.</p><p>8.11.1. Poderá ser agendada a aplicação de provas para o mesmo dia da sessão de instalação da Comissão Examinadora, caso em que o departamento deverá, antecipadamente, notificar os candidatos sobre sua realização, observado o disposto no item 8.2 deste Edital.</p><p>8.12. Será automaticamente eliminado do Concurso o candidato que durante a realização das provas for flagrado em tentativa de fraude ou em desrespeito aos membros da Comissão Examinadora, bem como à Comunidade Universitária.</p><p>9. DAS PROVAS</p><p>9.1. O Concurso compreenderá a realização de Provas e o Julgamento de Títulos, conforme especificado no Quadro 1 deste Edital.</p><p>9.2. O candidato que não comparecer a qualquer uma das provas ou sessões para as quais for convocado, nos dias, horários e locais, estabelecidos pela Comissão Examinadora, será automaticamente eliminado do Concurso.</p><p>9.2.1. A Comissão Examinadora apurará a presença dos candidatos, em cada etapa ou prova.</p><p>9.2.2. Quando da realização das provas do concurso, o candidato deverá, obrigatoriamente, apresentar documento oficial e original de identidade com fotografia e assinatura. Serão aceitos documentos digitais com foto e assinatura (CNH digital e RG digital ou qualquer outro documento digital, com foto e assinatura, válido como documento de identificação, nos termos da legislação vigente), desde que apresentados nos respectivos aplicativos oficiais.</p><p>9.2.3. Será automaticamente eliminado o candidato que não apresentar documento oficial e original de identidade com fotografia e assinatura quando da apuração da presença dos candidatos, em cada etapa ou prova.</p><p>9.3 Será pública a apuração final do resultado do Concurso.</p><p>9.4 As sessões públicas de realização da Prova Prática serão gravadas.</p><p>9.4.1. O candidato deverá assinar termo de consentimento para gravação das provas orais previstas no certame.</p><p>9.4.2. É vedado ao candidato assistir à realização das provas dos demais candidatos.</p><p>9.5. Do Julgamento de Títulos</p><p>9.5.1. A Tabela de Pontuação da Prova de Títulos, estabelecida para este Concurso pela Câmara Departamental ou estrutura equivalente, contendo tanto a Pontuação Limite para cada um dos quesitos, respeitando a respectiva faixa de Pontuação-Limite e o total de cem pontos, quanto os critérios de análise de cada quesito e sua respectiva pontuação, está apresentada abaixo.</p><p>Tabela de Pontuação da Prova de Títulos</p><p /><p></p><table><tr /><tr><td rowspan="1" colspan="1"><p>Quesitos/Critérios de análise:</p></td><td rowspan="1" colspan="1"><p>Pontuação (unidade)</p></td><td rowspan="1" colspan="1"><p>Pontuação (máxima)</p></td></tr><tr><td rowspan="1" colspan="3"><p>Quesito: TÍTULOS ACADÊMICOS</p></td></tr><tr><td rowspan="1" colspan="1"><p>Residência na área do concurso (por ano)</p></td><td rowspan="1" colspan="1"><p>2</p></td><td rowspan="1" colspan="1"><p>4</p></td></tr><tr><td rowspan="1" colspan="1"><p>Residência em área correlata (por ano)</p></td><td rowspan="1" colspan="1"><p>1</p></td><td rowspan="1" colspan="1"><p>2</p></td></tr><tr><td rowspan="1" colspan="1"><p>Especialização lato sensu na área do concurso (cada 360h)</p></td><td rowspan="1" colspan="1"><p>1</p></td><td rowspan="1" colspan="1"><p>2</p></td></tr><tr><td rowspan="1" colspan="1"><p>Especialização lato sensu em área correlata (cada 360h)</p></td><td rowspan="1" colspan="1"><p>0,5</p></td><td rowspan="1" colspan="1"><p>1</p></td></tr><tr><td rowspan="1" colspan="1"><p>Mestrado na área do concurso</p></td><td rowspan="1" colspan="1"><p>6</p></td><td rowspan="1" colspan="1"><p>6</p></td></tr><tr><td rowspan="1" colspan="1"><p>Mestrado em área correlata</p></td><td rowspan="1" colspan="1"><p>3</p></td><td rowspan="1" colspan="1"><p>3</p></td></tr><tr><td rowspan="1" colspan="1"><p>Doutorado concluído na área do concurso</p></td><td rowspan="1" colspan="1"><p>10</p></td><td rowspan="1" colspan="1"><p>10</p></td></tr><tr><td rowspan="1" colspan="1"><p>Doutorado em andamento na área do concurso</p></td><td rowspan="1" colspan="1"><p>5</p></td><td rowspan="1" colspan="1"><p>5</p></td></tr><tr><td rowspan="1" colspan="1"><p>Pós-doutorado concluído na área do concurso</p></td><td rowspan="1" colspan="1"><p>1</p></td><td rowspan="1" colspan="1"><p>1</p></td></tr><tr><td rowspan="1" colspan="1"><p>Pós-doutorado em andamento na área do concurso</p></td><td rowspan="1" colspan="1"><p>0,5</p></td><td rowspan="1" colspan="1"><p>0,5</p></td></tr><tr><td rowspan="1" colspan="1"><p>Pontuação limite do quesito (de 10 a 40)</p></td><td rowspan="1" colspan="2"><p>20</p></td></tr><tr><td rowspan="1" colspan="3"><p>Quesito: EXPERIÊNCIA DOCENTE</p></td></tr><tr><td rowspan="1" colspan="1"><p>Aula de graduação e pós-graduação na área do concurso (cada 15 horas)</p></td><td rowspan="1" colspan="1"><p>0,5</p></td><td rowspan="1" colspan="1"><p>20</p></td></tr><tr><td rowspan="1" colspan="1"><p>Aula de graduação e pós-graduação em áreas correlatas (cada 15 horas)</p></td><td rowspan="1" colspan="1"><p>0,25</p></td><td rowspan="1" colspan="1"><p>10</p></td></tr><tr><td rowspan="1" colspan="1"><p>Aula em outros níveis de formação (cada 15 horas)</p></td><td rowspan="1" colspan="1"><p>0,1</p></td><td rowspan="1" colspan="1"><p>2</p></td></tr><tr><td rowspan="1" colspan="1"><p>Estágio de docência na área do concurso (por semestre)</p></td><td rowspan="1" colspan="1"><p>0,5</p></td><td rowspan="1" colspan="1"><p>1</p></td></tr><tr><td rowspan="1" colspan="1"><p>Estágio de docência em área correlata (por semestre)</p></td><td rowspan="1" colspan="1"><p>0,25</p></td><td rowspan="1" colspan="1"><p>0,5</p></td></tr><tr><td rowspan="1" colspan="1"><p>Orientação Iniciação Científica, Monitoria, Extensão, Trab. Conclusão de Curso, Estágio</p><p>Supervisionado ou equivalentes concluída (por aluno, mínimo 1 semestre)</p></td><td rowspan="1" colspan="1"><p>0,1</p></td><td rowspan="1" colspan="1"><p>1</p></td></tr><tr><td rowspan="1" colspan="1"><p>Orientação Iniciação Científica, Monitoria, Extensão, Trab. Conclusão de Curso, Estágio</p><p>Supervisionado ou equivalentes em andamento (por aluno)</p></td><td rowspan="1" colspan="1"><p>0,05</p></td><td rowspan="1" colspan="1"><p>0,25</p></td></tr><tr><td rowspan="1" colspan="1"><p>Orientação de Residência (por ano) ou de Especialização concluída (unidade)</p></td><td rowspan="1" colspan="1"><p>0,5</p></td><td rowspan="1" colspan="1"><p>3</p></td></tr><tr><td rowspan="1" colspan="1"><p>Orientação de Residência (por ano) ou de Especialização em andamento (unidade)</p></td><td rowspan="1" colspan="1"><p>0,25</p></td><td rowspan="1" colspan="1"><p>1</p></td></tr><tr><td rowspan="1" colspan="1"><p>Orientação de Mestrado concluída (unidade)</p></td><td rowspan="1" colspan="1"><p>1</p></td><td rowspan="1" colspan="1"><p>3</p></td></tr><tr><td rowspan="1" colspan="1"><p>Orientação de Mestrado em andamento (unidade)</p></td><td rowspan="1" colspan="1"><p>0,5</p></td><td rowspan="1" colspan="1"><p>1</p></td></tr><tr><td rowspan="1" colspan="1"><p>Orientação de Doutorado concluída (unidade)</p></td><td rowspan="1" colspan="1"><p>2</p></td><td rowspan="1" colspan="1"><p>6</p></td></tr><tr><td rowspan="1" colspan="1"><p>Orientação de Doutorado em andamento (unidade)</p></td><td rowspan="1" colspan="1"><p>1</p></td><td rowspan="1" colspan="1"><p>3</p></td></tr><tr><td rowspan="1" colspan="1"><p>Coorientação de Mestrado concluída (unidade)</p></td><td rowspan="1" colspan="1"><p>0,5</p></td><td rowspan="1" colspan="1"><p>1,5</p></td></tr><tr><td rowspan="1" colspan="1"><p>Coorientação de Mestrado em andamento (unidade)</p></td><td rowspan="1" colspan="1"><p>0,25</p></td><td rowspan="1" colspan="1"><p>0,75</p></td></tr><tr><td rowspan="1" colspan="1"><p>Coorientação de Doutorado concluída (unidade)</p></td><td rowspan="1" colspan="1"><p>1</p></td><td rowspan="1" colspan="1"><p>3</p></td></tr><tr><td rowspan="1" colspan="1"><p>Coorientação de Doutorado em andamento (unidade)</p></td><td rowspan="1" colspan="1"><p>0,5</p></td><td rowspan="1" colspan="1"><p>1,5</p></td></tr><tr><td rowspan="1" colspan="1"><p>Supervisão de Pós-Doutorado concluída (ano)</p></td><td rowspan="1" colspan="1"><p>0,5</p></td><td rowspan="1" colspan="1"><p>1</p></td></tr><tr><td rowspan="1" colspan="1"><p>Banca de Trab. Conclusão de Curso, Monitoria, Iniciação Científica em nível de</p><p>graduação (unidade)</p></td><td rowspan="1" colspan="1"><p>0,2</p></td><td rowspan="1" colspan="1"><p>1</p></td></tr><tr><td rowspan="1" colspan="1"><p>Banca de Trab. Conclusão de Curso nível Residência ou Especialização (unidade)</p></td><td rowspan="1" colspan="1"><p>0,25</p></td><td rowspan="1" colspan="1"><p>1</p></td></tr><tr><td rowspan="1" colspan="1"><p>Banca de Mestrado (unidade)</p></td><td rowspan="1" colspan="1"><p>0,5</p></td><td rowspan="1" colspan="1"><p>2</p></td></tr><tr><td rowspan="1" colspan="1"><p>Banca de Exame de qualificação ou Pré-defesa de Mestrado ou Doutorado (unidade)</p></td><td rowspan="1" colspan="1"><p>0,25</p></td><td rowspan="1" colspan="1"><p>1</p></td></tr><tr><td rowspan="1" colspan="1"><p>Banca de Doutorado (unidade)</p></td><td rowspan="1" colspan="1"><p>1</p></td><td rowspan="1" colspan="1"><p>4</p></td></tr><tr><td rowspan="1" colspan="1"><p>Banca de Concurso Público para Magistério Superior (por banca)</p></td><td rowspan="1" colspan="1"><p>1</p></td><td rowspan="1" colspan="1"><p>2</p></td></tr><tr><td rowspan="1" colspan="1"><p>Aprovação em concurso público para docente do magistério superior (por aprovação)</p></td><td rowspan="1" colspan="1"><p>1</p></td><td rowspan="1" colspan="1"><p>2</p></td></tr><tr><td rowspan="1" colspan="1"><p>Pontuação limite do quesito (de 15 a 40)</p></td><td rowspan="1" colspan="2"><p>35</p></td></tr><tr><td rowspan="1" colspan="3"><p>Quesito: PRODUÇÃO CIENTÍFICA, TÉCNICA, ARTÍSTICA E CULTURAL NA ÁREA</p></td></tr><tr><td rowspan="1" colspan="1"><p>Artigo com Fator de Impacto JCR maior que 3,2 na área do concurso (unidade)</p></td><td rowspan="1" colspan="1"><p>4</p></td><td rowspan="1" colspan="1"><p></p></td></tr><tr><td rowspan="1" colspan="1"><p>Artigo com Fator de Impacto JCR maior que 3,2 em outras áreas (unidade)</p></td><td rowspan="1" colspan="1"><p>2</p></td><td rowspan="1" colspan="1"><p></p></td></tr><tr><td rowspan="1" colspan="1"><p>Artigo com Fator de Impacto JCR maior que 1,9 e menor ou igual a 3,2 na área do</p><p>concurso (unidade)</p></td><td rowspan="1" colspan="1"><p>3</p></td><td rowspan="1" colspan="1"><p></p></td></tr><tr><td rowspan="1" colspan="1"><p>Artigo com Fator de Impacto JCR maior que 1,9 e menor ou igual a 3,2 em outras áreas</p><p>(unidade)</p></td><td rowspan="1" colspan="1"><p>1,5</p></td><td rowspan="1" colspan="1"><p></p></td></tr><tr><td rowspan="1" colspan="1"><p>Artigo com Fator de Impacto JCR maior que 0,8 e menor ou igual a 1,9 na área do</p><p>concurso (unidade)</p></td><td rowspan="1" colspan="1"><p>2</p></td><td rowspan="1" colspan="1"><p></p></td></tr><tr><td rowspan="1" colspan="1"><p>Artigo com Fator de Impacto JCR maior que 0,8 e menor ou igual a 1,9 em outras áreas</p><p>(unidade)</p></td><td rowspan="1" colspan="1"><p>1</p></td><td rowspan="1" colspan="1"><p></p></td></tr><tr><td rowspan="1" colspan="1"><p>Artigo com Fator de Impacto JCR maior que 0,1 e menor ou igual a 0,8 na área do</p><p>concurso (unidade)</p></td><td rowspan="1" colspan="1"><p>1</p></td><td rowspan="1" colspan="1"><p></p></td></tr><tr><td rowspan="1" colspan="1"><p>Artigo com Fator de Impacto JCR maior que 0,1 e menor ou igual a 0,8 em outras áreas</p><p>(unidade)</p></td><td rowspan="1" colspan="1"><p>0,5</p></td><td rowspan="1" colspan="1"><p></p></td></tr><tr><td rowspan="1" colspan="1"><p>Artigo com Fator de Impacto JCR menor ou igual a 0,1 na área do concurso (unidade)</p></td><td rowspan="1" colspan="1"><p>0,5</p></td><td rowspan="1" colspan="1"><p></p></td></tr><tr><td rowspan="1" colspan="1"><p>Artigo com Fator de Impacto JCR menor ou igual a 0,1 em outras áreas (unidade)</p></td><td rowspan="1" colspan="1"><p>0,25</p></td><td rowspan="1" colspan="1"><p></p></td></tr><tr><td rowspan="1" colspan="1"><p>Artigo completo em revista sem Fator de Impacto ou em anais de congresso na área do</p><p>concurso (unidade)</p></td><td rowspan="1" colspan="1"><p>0,1</p></td><td rowspan="1" colspan="1"><p></p></td></tr><tr><td rowspan="1" colspan="1"><p>Resumo em anais de congresso nacional na área do concurso (por resumo)</p></td><td rowspan="1" colspan="1"><p>0,05</p></td><td rowspan="1" colspan="1"><p>0,5</p></td></tr><tr><td rowspan="1" colspan="1"><p>Resumo em anais de congresso internacional na área do concurso (por resumo)</p></td><td rowspan="1" colspan="1"><p>0,1</p></td><td rowspan="1" colspan="1"><p>1</p></td></tr><tr><td rowspan="1" colspan="1"><p>Desenvolvimento de material didático na área do concurso (apostila, CD ROM, DVD etc.)</p><p>(unidade)</p></td><td rowspan="1" colspan="1"><p>0,1</p></td><td rowspan="1" colspan="1"><p>0,5</p></td></tr><tr><td rowspan="1" colspan="1"><p>Editor Chefe de revista científica (ano)</p></td><td rowspan="1" colspan="1"><p>1</p></td><td rowspan="1" colspan="1"><p>2</p></td></tr><tr><td rowspan="1" colspan="1"><p>Participação em corpo editorial de revista científica (por revista)</p></td><td rowspan="1" colspan="1"><p>0,25</p></td><td rowspan="1" colspan="1"><p>1</p></td></tr><tr><td rowspan="1" colspan="1"><p>Atuação como revisor de revista científica (por artigo revisado)</p></td><td rowspan="1" colspan="1"><p>0,1</p></td><td rowspan="1" colspan="1"><p>0,5</p></td></tr><tr><td rowspan="1" colspan="1"><p>Relatoria de projetos para órgãos de fomento (unidade)</p></td><td rowspan="1" colspan="1"><p>0,5</p></td><td rowspan="1" colspan="1"><p>1,5</p></td></tr><tr><td rowspan="1" colspan="1"><p>Autor de cartilha (por unidade)</p></td><td rowspan="1" colspan="1"><p>0,1</p></td><td rowspan="1" colspan="1"><p>0,5</p></td></tr><tr><td rowspan="1" colspan="1"><p>Edição de livro com ISBN na área do concurso (unidade)</p></td><td rowspan="1" colspan="1"><p>1</p></td><td rowspan="1" colspan="1"><p>2</p></td></tr><tr><td rowspan="1" colspan="1"><p>Autor de Capítulo de livro com ISBN na área do concurso (por capítulo)</p></td><td rowspan="1" colspan="1"><p>0,25</p></td><td rowspan="1" colspan="1"><p>2</p></td></tr><tr><td rowspan="1" colspan="1"><p>Autor de livro com ISBN na área do concurso (por autoria)</p></td><td rowspan="1" colspan="1"><p>0,5</p></td><td rowspan="1" colspan="1"><p>2</p></td></tr><tr><td rowspan="1" colspan="1"><p>Patente concedida internacional na área do concurso (unidade)</p></td><td rowspan="1" colspan="1"><p>3</p></td><td rowspan="1" colspan="1"><p>6</p></td></tr><tr><td rowspan="1" colspan="1"><p>Patente concedida nacional na área do concurso (unidade</p></td><td rowspan="1" colspan="1"><p>1,5</p></td><td rowspan="1" colspan="1"><p>3</p></td></tr><tr><td rowspan="1" colspan="1"><p>Patente depositada (unidade)</p></td><td rowspan="1" colspan="1"><p>0,5</p></td><td rowspan="1" colspan="1"><p>1</p></td></tr><tr><td rowspan="1" colspan="1"><p>Apresentação oral de trabalho, na área do concurso, em evento nacional (unidade)</p></td><td rowspan="1" colspan="1"><p>0,1</p></td><td rowspan="1" colspan="1"><p>0,5</p></td></tr><tr><td rowspan="1" colspan="1"><p>Apresentação oral de trabalho, na área do concurso, em evento internacional (unidade)</p></td><td rowspan="1" colspan="1"><p>0,2</p></td><td rowspan="1" colspan="1"><p>1</p></td></tr><tr><td rowspan="1" colspan="1"><p>Palestra proferida, na área do concurso, em evento nacional (unidade)</p></td><td rowspan="1" colspan="1"><p>0,1</p></td><td rowspan="1" colspan="1"><p>0,5</p></td></tr><tr><td rowspan="1" colspan="1"><p>Palestra proferida, na área do concurso, em evento internacional (unidade)</p></td><td rowspan="1" colspan="1"><p>0,2</p></td><td rowspan="1" colspan="1"><p>1</p></td></tr><tr><td rowspan="1" colspan="1"><p>Curso, mínimo de 8 horas, ministrado na área do concurso (por curso)</p></td><td rowspan="1" colspan="1"><p>0,1</p></td><td rowspan="1" colspan="1"><p>0,5</p></td></tr><tr><td rowspan="1" colspan="1"><p>Coordenação de evento técnico-científico na área do concurso (por evento)</p></td><td rowspan="1" colspan="1"><p>0,1</p></td><td rowspan="1" colspan="1"><p>0,5</p></td></tr><tr><td rowspan="1" colspan="1"><p>Coordenação de projeto de pesquisa, ensino ou extensão financiado por agência de</p><p>fomento concluído (unidade)</p></td><td rowspan="1" colspan="1"><p>1,5</p></td><td rowspan="1" colspan="1"><p>4,5</p></td></tr><tr><td rowspan="1" colspan="1"><p>Colaboração em projeto de pesquisa, ensino ou extensão financiado por agência de</p><p>fomento concluído (unidade)</p></td><td rowspan="1" colspan="1"><p>0,25</p></td><td rowspan="1" colspan="1"><p>0,75</p></td></tr><tr><td rowspan="1" colspan="1"><p>Coordenação de projeto de pesquisa, ensino ou extensão financiado por agência de</p><p>fomento em andamento (unidade)</p></td><td rowspan="1" colspan="1"><p>0,5</p></td><td rowspan="1" colspan="1"><p>1,5</p></td></tr><tr><td rowspan="1" colspan="1"><p>Colaboração em projeto de pesquisa, ensino ou extensão financiado por agência de</p><p>fomento em andamento (unidade)</p></td><td rowspan="1" colspan="1"><p>0,1</p></td><td rowspan="1" colspan="1"><p>0,3</p></td></tr><tr><td rowspan="1" colspan="1"><p>Coordenador de projeto de extensão, ensino ou pesquisa, na área do concurso (por</p><p>projeto)</p></td><td rowspan="1" colspan="1"><p>0,1</p></td><td rowspan="1" colspan="1"><p>0,3</p></td></tr><tr><td rowspan="1" colspan="3"><p>Observação: Para todos os itens deste quesito só serão consideradas produções desde</p><p>2016 (inclusive)</p></td></tr><tr><td rowspan="1" colspan="1"><p>Pontuação limite do quesito (de 20 a 40)</p></td><td rowspan="1" colspan="2"><p>30</p></td></tr><tr><td rowspan="1" colspan="3"><p>Quesito: ADMINISTRAÇÃO ACADÊMICA / EXPERIÊNCIA PROFISSIONAL NÃO DOCENTE</p></td></tr><tr><td rowspan="1" colspan="1"><p>Reitor de ensino ou equivalente (por mandato)</p></td><td rowspan="1" colspan="1"><p>3</p></td><td rowspan="1" colspan="1"><p>3</p></td></tr><tr><td rowspan="1" colspan="1"><p>Diretor de Escola/Faculdade de Veterinária (por mandato)</p></td><td rowspan="1" colspan="1"><p>2</p></td><td rowspan="1" colspan="1"><p>2</p></td></tr><tr><td rowspan="1" colspan="1"><p>Experiência profissional em empresa pública/privada/autônomo como médico</p><p>veterinário na área do concurso (mês)</p></td><td rowspan="1" colspan="1"><p>0,05</p></td><td rowspan="1" colspan="1"><p>2</p></td></tr><tr><td rowspan="1" colspan="1"><p>Cargo administrativo: chefia de departamento, coordenador de colegiado de graduação</p><p>ou de pós -graduação, coordenador de programa de especialização/residência, diretor</p><p>de hospital veterinário (por mandato)</p></td><td rowspan="1" colspan="1"><p>1,5</p></td><td rowspan="1" colspan="1"><p>6</p></td></tr><tr><td rowspan="1" colspan="1"><p>Representação em órgãos colegiados (por ano)</p></td><td rowspan="1" colspan="1"><p>0,2</p></td><td rowspan="1" colspan="1"><p>1</p></td></tr><tr><td rowspan="1" colspan="1"><p>Participação em comissões avaliadoras ou administrativas (por comissão)</p></td><td rowspan="1" colspan="1"><p>0,1</p></td><td rowspan="1" colspan="1"><p>0,5</p></td></tr><tr><td rowspan="1" colspan="1"><p>Coordenação de laboratório ou setor (por ano)</p></td><td rowspan="1" colspan="1"><p>0,4</p></td><td rowspan="1" colspan="1"><p>2</p></td></tr><tr><td rowspan="1" colspan="1"><p>Estágio realizado na área do concurso (por estágio)</p></td><td rowspan="1" colspan="1"><p>0,1</p></td><td rowspan="1" colspan="1"><p>0,5</p></td></tr><tr><td rowspan="1" colspan="1"><p>Bolsista de iniciação científica, iniciação a extensão, monitoria, com projeto na área do</p><p>concurso (por ano)</p></td><td rowspan="1" colspan="1"><p>0,25</p></td><td rowspan="1" colspan="1"><p>1</p></td></tr><tr><td rowspan="1" colspan="1"><p>Bolsista de mestrado com projeto na área do concurso (por bolsa)</p></td><td rowspan="1" colspan="1"><p>0,5</p></td><td rowspan="1" colspan="1"><p>0,5</p></td></tr><tr><td rowspan="1" colspan="1"><p>Bolsista de doutorado com projeto na área do concurso (por bolsa)</p></td><td rowspan="1" colspan="1"><p>1</p></td><td rowspan="1" colspan="1"><p>1</p></td></tr><tr><td rowspan="1" colspan="1"><p>Bolsista de pós-doutorado com projeto na área do concurso (por bolsa)</p></td><td rowspan="1" colspan="1"><p>0,5</p></td><td rowspan="1" colspan="1"><p>0,5</p></td></tr><tr><td rowspan="1" colspan="1"><p>Pontuação limite do quesito (de 10 a 40)</p></td><td rowspan="1" colspan="2"><p>10</p></td></tr><tr><td rowspan="1" colspan="3"><p>Quesito: DISTINÇÕES</p></td></tr><tr><td rowspan="1" colspan="1"><p>Prêmios em congressos e eventos científicos (por trabalho)</p></td><td rowspan="1" colspan="1"><p>0,5</p></td><td rowspan="1" colspan="1"><p>2</p></td></tr><tr><td rowspan="1" colspan="1"><p>Prêmios ou honrarias recebidos por mérito acadêmico, científico ou profissional (por</p><p>premiação)</p></td><td rowspan="1" colspan="1"><p>1,5</p></td><td rowspan="1" colspan="1"><p>3</p></td></tr><tr><td rowspan="1" colspan="1"><p>Projetos premiados por instituições de pesquisa (por projeto)</p></td><td rowspan="1" colspan="1"><p>1</p></td><td rowspan="1" colspan="1"><p>3</p></td></tr><tr><td rowspan="1" colspan="1"><p>Homenagens prestadas por alunos (por homenagem)</p></td><td rowspan="1" colspan="1"><p>0,25</p></td><td rowspan="1" colspan="1"><p>1</p></td></tr><tr><td rowspan="1" colspan="1"><p>Títulos honoríficos (por título)</p></td><td rowspan="1" colspan="1"><p>0,5</p></td><td rowspan="1" colspan="1"><p>1</p></td></tr><tr><td rowspan="1" colspan="1"><p>Pontuação limite do quesito (de 00 a 10)</p></td><td rowspan="1" colspan="2"><p>5</p></td></tr><tr><td rowspan="1" colspan="1"><p>TOTAL</p></td><td rowspan="1" colspan="2"><p>100</p></td></tr></table><p>9.5.2. A Comissão Examinadora atribuirá a nota final obtida na Prova de Títulos a cada candidato, numa escala de zero a cem pontos, detalhando a pontuação atribuída a cada quesito, respeitada a pontuação-limite de cada um, observado o disposto no artigo 41 da Resolução Complementar n.º 02/2013.</p><p>9.5.3. Os diplomas de graduação, mestrado e doutorado obtidos no exterior deverão, obrigatoriamente, ser reconhecidos/revalidados (a depender do caso) pelos órgãos competentes no Brasil, conforme disposição da legislação vigente.</p><p>9.5.3.1. Os diplomas obtidos no exterior que não atenderem ao disposto no item 9.5.3. acima não serão considerados para fins de pontuação da prova de títulos.</p><p>9.6. Da Prova Escrita</p><p>9.6.1. A Prova Escrita, que precederá as demais, constará de questão(ões) proposta(s) pela Comissão Examinadora, com base no programa do Concurso, e será realizada simultaneamente por todos os candidatos, de forma presencial, em data, horário e local a serem informados aos candidatos, por meio de convocação pessoal e divulgados no sítio eletrônico informado no Quadro 1 deste Edital, observado o disposto no item 8.11.1.</p><p>9.6.2. A Prova Escrita terá duração máxima de cinco horas, sendo a primeira hora destinada à consulta bibliográfica, não sendo permitida a utilização de meios eletrônicos para consulta e anotações.</p><p>9.6.2.1. Durante o período de consulta bibliográfica serão permitidos a utilização de material impresso publicado, anotações e assemelhados.</p><p>9.6.2.2. Desde que divulgado até a convocação para a realização da prova escrita, ou juntamente com esta, a critério do Departamento / estrutura equivalente, poderão ser restringidos ou ampliados os tipos de materiais permitidos durante o período de consulta, observado o disposto no subitem 9.6.2.</p><p>9.6.2.3. Será facultada a utilização pelos candidatos das próprias anotações, feitas durante o período de consulta e rubricadas pelo Presidente da Comissão Examinadora, as quais serão necessariamente anexadas à Prova, como condição para que não seja anulada.</p><p>9.6.3. A Prova Escrita deve ser anônima, identificada por código aleatório, fornecido pelo departamento/estrutura equivalente, para efeito de avaliação da Comissão Examinadora.</p><p>9.6.3.1. Os códigos serão distribuídos aleatoriamente pelo departamento/estrutura equivalente aos candidatos antes do início da Prova Escrita.</p><p>9.6.3.2. Os códigos aleatórios deverão ser lacrados em envelope, que somente será aberto pela Comissão Examinadora após os trabalhos de correção.</p><p>9.6.3.3. Qualquer outro tipo de identificação inserida pelo candidato implicará na atribuição de nota zero na Prova Escrita.</p><p>9.6.4. Na Prova Escrita, com caráter eliminatório:</p><p>I) será eliminado o candidato que não obtiver o aproveitamento mínimo de 70% (setenta por cento);</p><p>II) apenas no que se refere à ampla concorrência, serão reprovados automaticamente os candidatos não classificados no quantitativo máximo de aprovados de que trata o Anexo III, do Decreto 9.739/2019, ainda que tenham atingido a nota mínima;</p><p>III) nos termos do inciso I, § 1º, do artigo 11 da Instrução Normativa Conjunta MGI/MIR/MPI n.º 261, não será aplicada a cláusula de barreira de que trata o inciso II acima para os candidatos inscritos nas vagas reservadas a candidatos pessoas pretas e pardas, indígenas e quilombolas.</p><p>IV) nos termos do inciso I, § 1º, do artigo 12 da Instrução Normativa Conjunta MGI/MDHC Nº 260, do Ministério da Gestão e da Inovação em Serviços Públicos, não será aplicada a cláusula de barreira de que trata o inciso II acima para os candidatos inscritos na modalidade de vagas reservadas às pessoas com deficiência.</p><p>9.6.4.1. Com base no disposto no subitem acima, a convocação para as demais provas se dará com a elaboração de 5 (cinco) listas de convocados, conforme disposto abaixo:</p><p>a) serão convocados, na ampla concorrência, os candidatos com maior nota na prova escrita eliminatória, em ordem decrescente, inscritos nas vagas reservadas ou não, até o quantitativo máximo de aprovados de que trata o Anexo III, do Decreto 9.739/2019, observado o disposto no subitem 9.6.6;</p><p>b) serão convocados, dentre os candidatos inscritos na modalidade reservada às pessoas autodeclaradas pretas e pardas, todos aqueles que obtiverem o aproveitamento mínimo de 70% (setenta por cento) na prova escrita eliminatória;</p><p>c) serão convocados, dentre os candidatos inscritos na modalidade reservada às pessoas indígenas, todos aqueles que obtiverem o aproveitamento mínimo de 70% (setenta por cento) na prova escrita eliminatória;</p><p>d) serão convocados, dentre os candidatos inscritos na modalidade reservada às pessoas quilombolas, todos aqueles que obtiverem o aproveitamento mínimo de 70% (setenta por cento) na prova escrita eliminatória;</p><p>e) serão convocados, dentre os candidatos inscritos na modalidade reservada às pessoas com deficiência, todos aqueles que obtiverem o aproveitamento mínimo de 70% (setenta por cento) na prova escrita eliminatória;</p><p>9.6.4.2. Os candidatos autodeclarados pessoas pretas e pardas, indígenas, quilombolas e as pessoas com deficiência que obtiverem pontuação suficiente para aprovação em ampla concorrência deverão figurar tanto na respectiva lista de classificados dentro das vagas reservadas, quanto na lista de classificados da ampla concorrência.</p><p>9.6.5. As listas nominais dos aprovados na Prova Escrita e classificados para as etapas seguintes, serão divulgadas na página eletrônica informada no Quadro 1 deste Edital.</p><p>9.6.6. Em caso de empate na última classificação, serão considerados convocados todos os candidatos nessa situação.</p><p>9.6.7. O aproveitamento mínimo a que se refere o subitem 9.6.4.I acima deve ser apurado pela média das notas atribuídas pelos membros da Comissão Examinadora.</p><p>9.7. Da Prova Prática</p><p>9.7.1. A Prova Prática será realizada segundo especificação no Quadro 1 deste Edital.</p><p>9.7.2. A inobservância do prazo definido para realização da Prova não acarretará, por si só, a anulação da Prova nem a desclassificação do candidato.</p><p>10. DA ATRIBUIÇÃO DAS NOTAS</p><p>10.1. Cada Examinador, individualmente, atribuirá a cada um dos candidatos, em cada prova do Concurso, uma nota em número inteiro, numa escala de zero a cem pontos.</p><p>10.2. Sempre que julgar necessário, a Comissão Examinadora poderá reunir-se, para estabelecer critérios de uniformização do julgamento e de atribuição de notas.</p><p>10.3. Após a atribuição de notas aos candidatos, em todas as provas previstas para o Concurso, cada um dos Examinadores deverá:</p><p>I- dar peso um às notas de todas as provas realizadas;</p><p>II- calcular a nota final de cada um dos candidatos, mediante a extração das médias das notas atribuídas a cada um deles;</p><p>III- classificar os candidatos pela sequência decrescente das médias apuradas;</p><p>IV- colocar em envelopes individuais, que deverão ser lacrados e rubricados, as tabelas que contenham as notas, as médias e lista contendo a classificação de cada um dos candidatos, como previsto nos incisos anteriores.</p><p>10.4. As médias serão calculadas até a casa dos centésimos, desprezando-se o algarismo de ordem centesimal, caso ele seja inferior a cinco, e aumentando-o para o número subsequente, se for igual ou superior a cinco.</p><p>10.5. Ocorrendo empate, o desempate se dará, sucessivamente, pela nota atribuída pelos Examinadores, em cada prova, conforme o caso, nesta ordem:</p><p>a) Prova Prática;</p><p>b) Prova de Títulos;</p><p>c) Prova Escrita.</p><p>11. DA APURAÇÃO DO RESULTADO</p><p>11.1. A apuração do resultado do Concurso será realizada em sessão pública.</p><p>11.2. Os envelopes lacrados, contendo as notas de cada um dos Examinadores, serão abertos, um a um, pelo Presidente da Comissão Examinadora, que lerá, em voz alta, o nome do Examinador, o nome do candidato, a identificação da prova, a nota atribuída e a classificação obtida pelo candidato.</p><p>11.3. O Secretário da Comissão Examinadora anotará, em local visível a todos os presentes, as notas lidas pelo Presidente.</p><p>11.4. Concluída a leitura das notas, o Presidente da Comissão Examinadora verificará quais candidatos obtiveram, de três ou mais Examinadores, a média igual ou superior a setenta pontos, que serão considerados aprovados, enquanto os demais serão considerados reprovados.</p><p>11.5. Os candidatos aprovados serão classificados da seguinte forma:</p><p>I- cada Examinador fará uma lista dos candidatos aprovados, em ordem decrescente de suas respectivas médias, considerados os critérios de desempate previstos no subitem 10.5 deste edital.</p><p>II- para cada Examinador, será considerado indicado aquele candidato que constar do topo de sua lista;</p><p>III- ficará classificado em primeiro lugar o candidato indicado pelo maior número de Examinadores;</p><p>IV- retirado das listas o candidato classificado em primeiro lugar, será classificado em segundo lugar o candidato que alcançar o maior número de posições no topo das listas dos Examinadores, dentre os candidatos remanescentes;</p><p>V- o mesmo procedimento acima será usado sucessivamente para todas as classificações, até o último candidato aprovado.</p><p>11.6. Na hipótese de ocorrer empate, como critérios de desempate, terá preferência, sucessivamente nesta ordem, o candidato que:</p><p>a) tiver idade igual ou superior a 60 (sessenta) anos, conforme estabelece a Lei n.º 10.741/2003 (Estatuto da Pessoa Idosa), sendo considerada para esse fim, a data de realização das provas;</p><p>b) tiver a maior média aritmética simples das notas finais atribuídas pelos Examinadores;</p><p>c) tiver a maior média aritmética das notas atribuídas pelos Examinadores em cada prova, observado o disposto no subitem 10.5 deste Edital;</p><p>d) tiver maior idade;</p><p>e) tiver exercido a função de jurado (conforme artigo 440 do Código de Processo Penal). Para comprovação do exercício da função de jurado serão aceitos (original ou autenticado em cartório) atestados, declarações, certidões ou outro documento público emitido por Tribunais de Justiça Estaduais e Regionais Federais do País. A entrega da documentação que comprove o exercício da função de jurado deverá ocorrer no ato da inscrição.</p><p>11.6.1. Permanecendo ainda o empate, o desempate ocorrerá por sorteio a ser realizado publicamente, durante a sessão de apuração final do resultado do Concurso.</p><p>11.7. Após a promulgação do resultado, será elaborado o Parecer Final da Comissão Examinadora, que conterá, obrigatoriamente:</p><p>I- os quadros de notas e médias atribuídas pelos Examinadores, individualmente, a cada candidato, com a identificação nominal de todos os concorrentes e dos Examinadores;</p><p>II- a relação nominal dos candidatos aprovados;</p><p>III - o(s) nome(s) do(s) candidato(s) indicado(s) para assumir a(s) vaga(s) em Concurso.</p><p>11.8. O Parecer Final da Comissão Examinadora deverá registrar a justificativa de cada um de seus componentes, para as notas atribuídas aos candidatos, avaliados individualmente.</p><p>11.9. O Secretário da Comissão Examinadora lavrará ata de cada prova e sessão do Concurso, as quais serão assinadas por todos os membros da referida Comissão.</p><p>11.10. Concluídos os trabalhos e lavradas as atas, a Comissão Examinadora divulgará os resultados em sessão pública final, em horário e data que serão comunicados aos candidatos, durante a realização do Concurso.</p><p>12. DA HOMOLOGAÇÃO DO RESULTADO FINAL E DA ORDEM DE NOMEAÇÃO</p><p>12.1. O Parecer Final da Comissão Examinadora, com resultado final do Concurso, será submetido, findo o prazo de recurso, à consideração da Câmara Departamental.</p><p>12.1.1. A homologação do Parecer Final da Comissão Examinadora pela Câmara Departamental, ou instância equivalente, observará as seguintes condições:</p><p>I - Na ausência de candidatos cotistas aprovados, a homologação poderá ocorrer após o decurso do prazo recursal contra o resultado do parecer final da comissão examinadora e desde que não haja recurso pendente de resposta.</p><p>II - Quando houver candidatos cotistas aprovados, a homologação somente ocorrerá após a conclusão dos procedimentos de confirmação complementar à autodeclaração (para pessoas pretas, pardas, indígenas ou quilombolas) e/ou de caracterização da deficiência (para pessoas com deficiência), incluindo resposta à eventual interposição de recurso.</p><p>12.2. Será publicado no Diário Oficial da União o Edital de resultado final do Concurso público, com a relação dos candidatos aprovados no certame por ordem de classificação.</p><p>12.2.1. O resultado final será publicado em cinco listas: ampla concorrência; pessoas pretas e pardas; indígenas; quilombolas; e pessoas com deficiência.</p><p>12.2.2. Na lista de ampla concorrência deverão figurar todos os candidatos aprovados, inclusive os inscritos nas vagas reservadas para candidatos autodeclarados pessoas pretas e pardas, indígenas e quilombolas e para pessoas com deficiência, por ordem decrescente de classificação.</p><p>12.2.3. Na lista de candidatos pessoas pretas e pardas deverão figurar todos os candidatos aprovados inscritos nesta modalidade.</p><p>12.2.4. Na lista de candidatos pessoas indígenas deverão figurar todos os candidatos aprovados inscritos nesta modalidade.</p><p>12.2.5. Na lista de candidatos pessoas quilombolas deverão figurar todos os candidatos aprovados inscritos nesta modalidade.</p><p>12.2.6. Na lista de candidatos pessoas com deficiência deverão figurar todos os candidatos aprovados inscritos nesta modalidade.</p><p>12.3. A nomeação dos candidatos aprovados respeitará os critérios de alternância e proporcionalidade, que consideram a relação entre o número de vagas total e o número de vagas reservadas a candidatos com deficiência e a candidatos pessoas pretas e pardas, indígenas e quilombolas, observada a aplicação dos critérios dispostos no Edital de Condições Gerais 2.406, de 08 de setembro de 2025, conforme demonstrado a seguir:</p><p>a) a ordem de convocação dos candidatos inscritos na(s) vaga(s) reservada(s) às pessoas com deficiência, respeitando-se a ordem de classificação nas vagas reservadas, será da seguinte forma: a primeira vaga a ser destinada à pessoa com deficiência será a 5.ª vaga; a segunda vaga será a 21.ª, a terceira vaga será a 41.ª e, assim, sucessivamente;</p><p>b) a ordem de convocação dos candidatos pessoas pretas e pardas, respeitando-se a ordem de classificação nas vagas reservadas, será da seguinte forma: a primeira vaga a ser destinada será a 1.ª vaga; a segunda vaga será a 6.ª, a terceira vaga será a 10.ª, a quarta será a 14.ª e, assim, sucessivamente.</p><p>c) a ordem de convocação dos candidatos pessoas indígenas, respeitando-se a ordem de classificação nas vagas reservadas, será da seguinte forma: a primeira vaga a ser destinada será a 17.ª vaga; a segunda vaga será a 50.ª e, assim, sucessivamente.</p><p>d) a ordem de convocação dos candidatos pessoas quilombolas, respeitando-se a ordem de classificação nas vagas reservadas, será da seguinte forma: a primeira vaga a ser destinada será a 25.ª vaga; a segunda vaga será a 75.ª e, assim, sucessivamente.</p><p>13. DA INVESTIDURA NO CARGO</p><p>13.1. A aprovação no Concurso não assegura ao candidato o direito de ingresso no quadro de servidores da UFMG, mas apenas expectativa de direito à investidura, ficando a concretização desse ato condicionada à observância das disposições legais pertinentes, da rigorosa ordem de classificação, do prazo de validade do Concurso e da apresentação da documentação exigida em lei.</p><p>13.2. A posse do candidato aprovado observará o limite de vagas estabelecido no presente Edital, exceto se a ampliação desse limite for autorizada pelo órgão competente para tal fim.</p><p>13.3. Sem prejuízo da documentação apresentada por ocasião da inscrição, o candidato nomeado e convocado deverá apresentar os seguintes documentos no ato da posse:</p><p>a) Formulário de Declaração de Bens e Rendas - DBR (anexo I) ou Formulário de Autorização de Acesso aos Dados de Bens e Rendas das Declarações de Ajuste Anual do Imposto de Renda Pessoa Física (anexo II), conforme dispõe a Instrução Normativa - TCU n.º 67, de 06/07/2011, publicada no DOU de 08/07/2011;</p><p>b) Declaração quanto ao exercício, ou não, de outro cargo, emprego ou função públicos;</p><p>c) Declaração de que não é beneficiário do Seguro Desemprego, de que trata a Lei n.º 7.998/1990;</p><p>d) Prévia inspeção médica oficial;</p><p>e) Comprovação, quando for o caso, de obtenção da nacionalidade brasileira ou da autorização de residência comprovada por meio de certidão de registro ou documento equivalente;</p><p>f) Comprovação de quitação com o Serviço Militar, quando for o caso, e com a Justiça Eleitoral, dispensável no caso de estrangeiro;</p><p>g) Certificado de Igualdade e de Outorga do Gozo de Direitos Políticos, emitido pelo Ministério da Justiça, se português equiparado;</p><p>h) Carteira de Identidade;</p><p>i) Carteira de Trabalho e Previdência Social;</p><p>j) Certidão de Nascimento ou Casamento;</p><p>k) CPF;</p><p>l) PIS ou PASEP, se já cadastrado;</p><p>m) Grupo Sanguíneo e Fator Rh;</p><p>n) Plano de trabalho;</p><p>o) Comprovação dos graus acadêmicos obtidos.</p><p>13.4. O candidato nomeado somente será empossado se for julgado apto física e mentalmente para o exercício do cargo, por Médico Oficial da UFMG.</p><p>13.5. A admissão do candidato far-se-á no Regime de Trabalho especificado para a(s) vaga(s), e segundo o Regime Jurídico Único do Servidor Público Federal, Lei n.º 8.112/1990, e o disposto na Lei n.º 12.772/2012, alterada pela Lei n.º 12.863/2013.</p><p>13.6. A efetivação no regime de Dedicação Exclusiva, se for o caso, estará condicionada à apresentação de plano de trabalho individual, aprovado pela Câmara Departamental própria e submetido à Comissão Permanente de Pessoal Docente (CPPD).</p><p>13.7. O candidato nomeado para o cargo de provimento efetivo fica sujeito, nos termos do artigo 41, "caput", da Constituição Federal, com redação dada pela Emenda Constitucional n.º 19, de 04/06/1998, a estágio probatório por período de 3 (três) anos, durante o qual sua aptidão, capacidade e desempenho no cargo serão objetos de avaliação pela Congregação da Unidade, posteriormente homologada pelo dirigente máximo da instituição.</p><p>13.8. A posse do candidato aprovado deverá ocorrer no prazo máximo de trinta dias, contados da data da publicação do ato de provimento no Diário Oficial da União.</p><p>13.9. O candidato aprovado, depois de empossado em cargo público, deverá entrar em exercício no prazo máximo de quinze dias, contados da data da posse.</p><p>13.10. O prazo de validade do Concurso será de 1 (um) ano, contado a partir da publicação do Edital de Homologação do resultado final, podendo ser prorrogado por igual período, a critério do órgão interessado no certame, de acordo com o artigo 12 da Lei n.º 8.112/1990.</p><p>13.11. Não será fornecido ao candidato qualquer documento comprobatório de classificação e/ou notas, valendo para tal fim a homologação do resultado final do Concurso publicada no Diário Oficial da União.</p><p>14. DOS RECURSOS</p><p>14.1. Caberá recurso à instância imediatamente superior contra qualquer ato praticado por autoridade ou Órgão competente, por estrita arguição de ilegalidade.</p><p>14.1.1. Recursos contra decisão da Comissão Examinadora serão apresentados à Câmara Departamental ou estrutura equivalente no prazo de dez dias, contados a partir da data de divulgação do resultado do concurso na sessão pública final informada no subitem 11.10 deste Edital.</p><p>14.2. Os recursos serão apresentados à Congregação, em última instância, contra a homologação ou a anulação total ou parcial do Concurso, no prazo de dez dias, contados a partir de sua divulgação oficial por Edital publicado no sítio eletrônico informado no Quadro 1 deste Edital.</p><p>14.2.1. O Diretor da Unidade deverá cientificar os demais candidatos do respectivo concurso sobre a interposição de recurso, disponibilizar, para consulta, o inteiro teor da documentação apresentada pelo recursante, e solicitar que, caso queiram, se manifestem no prazo de dez dias, apresentando suas alegações.</p><p>14.2.2. O procedimento descrito no item 14.2.1 se aplica apenas nas hipóteses de recursos interpostos contra a homologação ou a anulação total ou parcial do Concurso de que trata o item 14.2.</p><p>14.3. A autoridade que preside o Órgão a que for apresentado o pedido de reconsideração ou de interposição de recurso decidirá, em exame preliminar, sobre os requisitos de sua admissibilidade.</p><p>14.3.1. O pedido de reconsideração e a interposição de recurso somente serão recebidos:</p><p>I- por escrito;</p><p>II- dentro do prazo;</p><p>III- pelo órgão competente;</p><p>IV- por quem seja legitimado;</p><p>V- por correio eletrônico ao endereço secgeral@vet.ufmg.br, mediante confirmação de recebimento.</p><p>14.3.2. O pedido deve ser protocolizado perante a autoridade ou órgão contra o qual se interpõe o recurso ou o pedido de reconsideração.</p><p>14.3.3. Na hipótese de sua admissibilidade, o pedido de reconsideração ou o recurso será julgado, observado o disposto no artigo 126 do Regimento Geral da UFMG.</p><p>14.3.4. A decisão do órgão competente deverá ser precedida por exame e parecer de relator(es) indicado(s) pela autoridade ou órgão competente.</p><p>15. DAS DISPOSIÇÕES GERAIS</p><p>15.1. Os prazos expressos em dias, no presente Edital, serão contados de modo contínuo.</p><p>15.2. A contagem do prazo exclui o dia do começo e inclui o dia do vencimento.</p><p>15.3. Quando a data inicial ou final coincidir com dia em que não houver expediente, presencial ou por meio de trabalho remoto, na Secretaria do órgão pertinente ou em que o expediente for encerrado antes do horário normal, o prazo será prorrogado para o primeiro dia útil subsequente.</p><p>15.4. O candidato, ao efetuar sua inscrição neste concurso público, autoriza que a UFMG disponha de seus dados pessoais e dados pessoais sensíveis, exclusivamente de forma a possibilitar a efetiva execução do concurso público, em conformidade com a Lei Federal n.º 13.709, de 2018, a Lei Geral de Proteção de Dados Pessoais - LGPD.</p><p>15.5. O Concurso não será interrompido em caso de falha técnica na(s) página(s) eletrônica(s) citada(s) no presente Edital.</p><p>15.6. A UFMG reserva-se o direito de exigir, a qualquer tempo, a apresentação de documentos originais ou cópias autenticadas de documentos, pessoalmente ou por envio postal.</p><p>15.7. A qualquer tempo, poderá haver anulação da inscrição, das provas, da nomeação e da posse do candidato, quando verificada a falsidade em qualquer declaração, documento e/ou irregularidade e utilização de meios ilícitos durante a realização das provas, observado o devido processo legal.</p><p>15.8. A inscrição do candidato implicará a aceitação e o cumprimento das normas para o concurso público contidas nos comunicados, neste edital e em outros a serem publicados, das quais não poderá alegar desconhecimento.</p><p>15.9. A UFMG poderá realizar o aproveitamento interno de candidatos homologados para ter exercício em Departamento/Estrutura Equivalente diverso daquele para o qual prestou concurso.</p><p>15.10. Os casos omissos serão resolvidos pela Reitora da Universidade Federal de Minas Gerais. Processo 23072.265228/2025-68.</p><p class="assina">SANDRA REGINA GOULART ALMEIDA</p><p></p>]]></Texto>
  </body>
  <Midias />
</article></xml>