﻿<xml><article id="47237694" name="2025-12-28/11497601/COMPRASNETWS" idOficio="11497601" pubName="DO3" artType="Extrato de Termo Aditivo" pubDate="02/01/2026" artClass="00025:00083:00000:00000:00000:00000:00000:00000:00000:00000:00053:00001" artCategory="Ministério da Educação/Instituto Federal de Educação, Ciência e Tecnologia de Santa Catarina" artSize="12" artNotes="" numberPage="22" pdfPage="http://pesquisa.in.gov.br/imprensa/jsp/visualiza/index.jsp?data=02/01/2026&amp;jornal=530&amp;pagina=22" editionNumber="1" highlightType="" highlightPriority="" highlight="" highlightimage="" highlightimagename="" idMateria="23461090">
  <body>
    <Identifica><![CDATA[ EXTRATO DE TERMO ADITIVO Nº 1/2025 - UASG 158516]]></Identifica>
    <Data><![CDATA[]]></Data>
    <Ementa />
    <Titulo />
    <SubTitulo />
    <Texto><![CDATA[<p class="identifica">EXTRATO DE TERMO ADITIVO Nº 1/2025 - UASG 158516</p><p>Número do Contrato: 106/2024.</p><p>Nº Processo: 23292.006156/2024-47.</p><p>Pregão. Nº 92005/2024. Contratante: INST.FED.DE EDUC.,CIENC.E TEC.DE STA.CAT/IFSC. Contratado: 21.142.448/0001-10 - LENI S SILVA DE LUCENA. Objeto: Prorrogação contratual.. Vigência: 09/12/2025 a 09/12/2030. Valor Total Atualizado do Contrato: R$ 494,75. Data de Assinatura: 03/11/2025.</p><p>(COMPRASNET 4.0 - 03/11/2025).</p>]]></Texto>
  </body>
  <Midias />
</article></xml>