﻿<xml><article id="47238606" name="2025-12-30/11500982/COMPRASNETWS" idOficio="11500982" pubName="DO3" artType="Extrato de Apostilamento" pubDate="02/01/2026" artClass="00044:00020:00090:00000:00000:00000:00000:00000:00000:00000:00142:00001" artCategory="Ministério da Previdência Social/Instituto Nacional do Seguro Social/Superintendência Regional Nordeste" artSize="12" artNotes="" numberPage="116" pdfPage="http://pesquisa.in.gov.br/imprensa/jsp/visualiza/index.jsp?data=02/01/2026&amp;jornal=530&amp;pagina=116" editionNumber="1" highlightType="" highlightPriority="" highlight="" highlightimage="" highlightimagename="" idMateria="23465808">
  <body>
    <Identifica><![CDATA[ EXTRATO DE APOSTILAMENTO Nº 5/2025 - UASG 510677]]></Identifica>
    <Data><![CDATA[]]></Data>
    <Ementa />
    <Titulo />
    <SubTitulo />
    <Texto><![CDATA[<p class="identifica">EXTRATO DE APOSTILAMENTO Nº 5/2025 - UASG 510677</p><p>Número do Contrato: 80/2022.</p><p>Nº Processo: 35014.056174/2022-76.</p><p>Contratante: SUPERINTENDENCIA REGIONAL NORDESTE. Contratado: 03.926.825/0001-20 - CONSTRUTORA VIANA BARROS ENGENHARIA E SERVICOS LTDA. Objeto: O presente Termo de Apostilamento tem por objeto reajuste contratual oriundo de alteração de índice oficial - INCC 2025/2026 e da Lei 14.973/2024 , a partir de 21/11/2025, perfazendo o montante global de r$ 723.608,11 (setecentos e vinte e três mil, seiscentos e oito reais e onze centavos), referente ao período de 21/11/2025 a 21/11/2026, conforme planilha de custos e formação de preços - conferida e ratificada de sei nº 23048458).. Vigência: 21/11/2025 a 21/11/2026. Valor Total Atualizado do Contrato: R$ 723.608,16. Data de Assinatura: 26/12/2025.</p><p>(COMPRASNET 4.0 - 26/12/2025).</p>]]></Texto>
  </body>
  <Midias />
</article></xml>