﻿<xml><article id="47236995" name="2025-12-31/11503978/COMPRASNETWS" idOficio="11503978" pubName="DO3" artType="Extrato de Contrato" pubDate="02/01/2026" artClass="00025:00137:00056:00000:00000:00000:00000:00000:00000:00000:00030:00001" artCategory="Ministério da Educação/Empresa Brasileira de Serviços Hospitalares/Superintendência da Empresa Brasileira de Serviços Hospitalares no Estado do Piauí" artSize="12" artNotes="" numberPage="93" pdfPage="http://pesquisa.in.gov.br/imprensa/jsp/visualiza/index.jsp?data=02/01/2026&amp;jornal=530&amp;pagina=93" editionNumber="1" highlightType="" highlightPriority="" highlight="" highlightimage="" highlightimagename="" idMateria="23470865">
  <body>
    <Identifica><![CDATA[ EXTRATO DE CONTRATO Nº 78/2025 - UASG 155008]]></Identifica>
    <Data><![CDATA[]]></Data>
    <Ementa />
    <Titulo />
    <SubTitulo />
    <Texto><![CDATA[<p class="identifica">EXTRATO DE CONTRATO Nº 78/2025 - UASG 155008</p><p>Nº Processo: 23477.006833/2025-40.</p><p>Pregão Nº 90097/2025. Contratante: HOSPITAL UNIVERSITARIO DO PIAUI.</p><p>Contratado: 33.250.713/0002-43 - H STRATTNER E CIA LTDA. Objeto: Aquisição de equipamento de suporte cirúrgico e cme (lavadora ultrassônica).</p><p>Fundamento Legal: LEI 14.133/2021 - Artigo: 28 - Inciso: I. Vigência: 31/12/2025 a 31/12/2026. Valor Total: R$ 52.360,00. Data de Assinatura: 29/12/2025.</p><p>(COMPRASNET 4.0 - 30/12/2025).</p>]]></Texto>
  </body>
  <Midias />
</article></xml>