﻿<xml><article id="47236818" name="2025-12-31/11503947/COMPRASNETWS" idOficio="11503947" pubName="DO3" artType="Extrato de Rescisão" pubDate="02/01/2026" artClass="00025:00052:00013:00000:00000:00000:00000:00000:00000:00000:00106:00001" artCategory="Ministério da Educação/Colégio Pedro II/Campus São Cristovão II" artSize="12" artNotes="" numberPage="16" pdfPage="http://pesquisa.in.gov.br/imprensa/jsp/visualiza/index.jsp?data=02/01/2026&amp;jornal=530&amp;pagina=16" editionNumber="1" highlightType="" highlightPriority="" highlight="" highlightimage="" highlightimagename="" idMateria="23470870">
  <body>
    <Identifica><![CDATA[ EXTRATO DE RESCISÃO DO CONTRATO Nº 3/2025 - UASG 155631]]></Identifica>
    <Data><![CDATA[]]></Data>
    <Ementa />
    <Titulo />
    <SubTitulo />
    <Texto><![CDATA[<p class="identifica">EXTRATO DE RESCISÃO DO CONTRATO Nº 3/2025 - UASG 155631</p><p>Nº Processo: 23778.000337/2025-98. Contratante: COLEGIO PEDRO II - CAMPUS SAO CRISTOVAO II. Contratado: 08.081.559/0001-03 - WF SERVICOS ESPECIAIS LTDA. Objeto: Termo de rescisão amigável do contrato no. 003/2025,. Fundamento Legal: LEI 14.133/2021 - Artigo: 75 - Inciso: VIII. Data de Rescisão: 15/09/2025.</p><p>(COMPRASNET 4.0 - 30/12/2025).</p>]]></Texto>
  </body>
  <Midias />
</article></xml>