﻿<xml><article id="47238852" name="2025-12-30/11503867/COMPRASNETWS" idOficio="11503867" pubName="DO3" artType="Extrato de Apostilamento" pubDate="02/01/2026" artClass="00025:00074:00005:00000:00000:00000:00000:00000:00000:00000:00142:00001" artCategory="Ministério da Educação/Instituto Federal de Educação, Ciência e Tecnologia da Paraíba/Campus João Pessoa" artSize="12" artNotes="" numberPage="20" pdfPage="http://pesquisa.in.gov.br/imprensa/jsp/visualiza/index.jsp?data=02/01/2026&amp;jornal=530&amp;pagina=20" editionNumber="1" highlightType="" highlightPriority="" highlight="" highlightimage="" highlightimagename="" idMateria="23470605">
  <body>
    <Identifica><![CDATA[ EXTRATO DE APOSTILAMENTO Nº 5/2025 - UASG 158469]]></Identifica>
    <Data><![CDATA[]]></Data>
    <Ementa />
    <Titulo />
    <SubTitulo />
    <Texto><![CDATA[<p class="identifica">EXTRATO DE APOSTILAMENTO Nº 5/2025 - UASG 158469</p><p>Número do Contrato: 26/2022.</p><p>Nº Processo: 23381.003917/2022-48.</p><p>Contratante: IFPB - CAMPUS JOAO PESSOA. Contratado: 09.019.150/0001-11 - ATD LOCACAO LTDA. Objeto: Repactuar o valor do contrato 26/2022 especialmente em relação à categoria motorista interestadual.. Vigência: 05/12/2025 a 21/12/2025. Valor Total Atualizado do Contrato: R$ 1.908.579,76. Data de Assinatura: 21/12/2025.</p><p>(COMPRASNET 4.0 - 21/12/2025).</p>]]></Texto>
  </body>
  <Midias />
</article></xml>