﻿<xml><article id="47229327" name="Extrato Termo Aditivo nA 1_2025_" idOficio="11503841" pubName="DO3" artType="Extrato de Termo Aditivo" pubDate="02/01/2026" artClass="00051:00028:00000:00000:00000:00000:00000:00000:00000:00000:00053:00000" artCategory="Ministério do Turismo/Secretaria Nacional de Infraestrutura, Crédito e Investimento no Turismo" artSize="12" artNotes="" numberPage="123" pdfPage="http://pesquisa.in.gov.br/imprensa/jsp/visualiza/index.jsp?data=02/01/2026&amp;jornal=530&amp;pagina=123" editionNumber="1" highlightType="" highlightPriority="" highlight="" highlightimage="" highlightimagename="" idMateria="23470680">
  <body>
    <Identifica><![CDATA[ EXTRATO DE TERMO ADITIVO]]></Identifica>
    <Data><![CDATA[]]></Data>
    <Ementa />
    <Titulo />
    <SubTitulo />
    <Texto><![CDATA[<p class="identifica">EXTRATO DE TERMO ADITIVO</p><p>EXTRATO DO PRIMEIRO TERMO ADITIVO AO CONTRATO Nº 006/2025. Nº Processo: 72031.003506/2025-81. Contratante: MINISTÉRIO DO TURISMO. Contratado: AGÊNCIA DE FOMENTO DO ESTADO DE SANTA CATARINA S.A. - BADESC/SC. CNPJ/MF sob o nº 82.937.293/0001-00. Objeto: alterar a cláusula sétima do Contrato Administrativo nº 006/2025, que tem por objeto a prestação de serviços, por meio de agente financeiro, com capacidade técnica comprovada e integrante do Sistema Financeiro Nacional, incluindo cooperativas de crédito, prestando serviços essenciais à intermediação das operações de financiamentos privados de capital fixo, compreendendo as obras civis para implantação, ampliação, modernização e reforma; para a aquisição de bens; de capital de giro; de empreendimentos de finalidade ou interesse do turismo nacional, preferencialmente micros, pequenas e médias empresas; empresários individuais e Sociedade Limitada Unipessoal - SLU, que exerçam atividades econômicas relacionadas à cadeia produtiva do setor turístico, conforme disposto nos arts. 21 e 21-A da Lei nº 11.771, de 17 de setembro de 2008, e que estejam devidamente cadastrados no Cadastro de Prestadores de Serviços Turísticos - CADASTUR, nas condições estabelecidas no Termo de Referência. Fundamento legal: Lei nº 14.133/2021. NE nº 2025NE000080, no valor de R$ 18.176.491,88.</p>]]></Texto>
  </body>
  <Midias />
</article></xml>