﻿<xml><article id="47238765" name="2025-12-30/11503834/COMPRASNETWS" idOficio="11503834" pubName="DO3" artType="Extrato de Contrato" pubDate="02/01/2026" artClass="00025:00062:00028:00000:00000:00000:00000:00000:00000:00000:00030:00001" artCategory="Ministério da Educação/Instituto Federal de Educação, Ciência e Tecnologia do Ceará/Campus Itapipoca" artSize="12" artNotes="" numberPage="18" pdfPage="http://pesquisa.in.gov.br/imprensa/jsp/visualiza/index.jsp?data=02/01/2026&amp;jornal=530&amp;pagina=18" editionNumber="1" highlightType="" highlightPriority="" highlight="" highlightimage="" highlightimagename="" idMateria="23470670">
  <body>
    <Identifica><![CDATA[ EXTRATO DE CONTRATO Nº 45/2025 - UASG 158965]]></Identifica>
    <Data><![CDATA[]]></Data>
    <Ementa />
    <Titulo />
    <SubTitulo />
    <Texto><![CDATA[<p class="identifica">EXTRATO DE CONTRATO Nº 45/2025 - UASG 158965</p><p>Nº Processo: 23812.002766/2025-36.</p><p>Inexigibilidade Nº 104/2025. Contratante: CAMPUS ITAPIPOCA/IFCE.</p><p>Contratado: 07.040.108/0001-57 - COMPANHIA DE AGUA E ESGOTO DO CEARA CAGECE. Objeto: Contratação serviço de fornecimento de água tratada e/ou esgoto.</p><p>Fundamento Legal: LEI 14.133/2021 - Artigo: 74 - Inciso: I. Vigência: 30/12/2025 a . Valor Total: R$ 220.000,00. Data de Assinatura: 30/12/2025.</p><p>(COMPRASNET 4.0 - 30/12/2025).</p>]]></Texto>
  </body>
  <Midias />
</article></xml>