﻿<xml><article id="47238447" name="2025-12-31/11503953/COMPRASNETWS" idOficio="11503953" pubName="DO3" artType="Extrato de Contrato" pubDate="02/01/2026" artClass="00025:00072:00040:00000:00000:00000:00000:00000:00000:00000:00030:00001" artCategory="Ministério da Educação/Instituto Federal de Educação, Ciência e Tecnologia do Norte de Minas Gerais/Campus Diamantina" artSize="12" artNotes="" numberPage="20" pdfPage="http://pesquisa.in.gov.br/imprensa/jsp/visualiza/index.jsp?data=02/01/2026&amp;jornal=530&amp;pagina=20" editionNumber="1" highlightType="" highlightPriority="" highlight="" highlightimage="" highlightimagename="" idMateria="23470876">
  <body>
    <Identifica><![CDATA[ EXTRATO DE CONTRATO Nº 101/2025 - UASG 156121]]></Identifica>
    <Data><![CDATA[]]></Data>
    <Ementa />
    <Titulo />
    <SubTitulo />
    <Texto><![CDATA[<p class="identifica">EXTRATO DE CONTRATO Nº 101/2025 - UASG 156121</p><p>Nº Processo: 23833.000903/2025-50.</p><p>Pregão Nº 90038/2025. Contratante: INST. FED. DO NORTE DE MG/CAMPUS DIAMANTINA.</p><p>Contratado: 21.816.728/0001-66 - SOLUCOES FACILITIES LTDA. Objeto: Contratação de serviços profissionais de atendimento educacional especializado - AEE (com dedicacao exclusiva de mao de obra) para atender a demanda do IFNMG campus Diamantina.</p><p>Fundamento Legal: LEI 14.133/2021. Vigência: 30/12/2025 a 30/12/2028. Valor Total: R$ 1.871.956,80. Data de Assinatura: 30/12/2025.</p><p>(COMPRASNET 4.0 - 31/12/2025).</p>]]></Texto>
  </body>
  <Midias />
</article></xml>