﻿<xml><article id="47232140" name="Aviso de licitacao PR 025_2025 n" idOficio="11502003" pubName="DO3" artType="Aviso de Licitação-Pregão" pubDate="02/01/2026" artClass="00075:00004:00066:00000:00000:00000:00000:00000:00000:00000:00163:00000" artCategory="Prefeituras/Estado do Amazonas/Prefeitura Municipal de Rio Preto da Eva" artSize="12" artNotes="" numberPage="160" pdfPage="http://pesquisa.in.gov.br/imprensa/jsp/visualiza/index.jsp?data=02/01/2026&amp;jornal=530&amp;pagina=160" editionNumber="1" highlightType="" highlightPriority="" highlight="" highlightimage="" highlightimagename="" idMateria="23467146">
  <body>
    <Identifica><![CDATA[AVISO DE LICITAÇÃO]]></Identifica>
    <Data><![CDATA[]]></Data>
    <Ementa />
    <Titulo />
    <SubTitulo />
    <Texto><![CDATA[<p class="identifica">AVISO DE LICITAÇÃO</p><p class="identifica">PREGÃO eletrônico Nº 25/2025</p><p>A Prefeitura de Rio Preto da Eva/AM, torna público a realização da licitação, através do PREGÃO Nº 025/2025, na sua forma eletrônica, tipo menor preço, cujo objeto é a AQUISIÇÃO DE 01 (UM) CAMINHÃO COM COLETOR COMPACTADOR DE LIXO COM FRETE INCLUSO, no dia 13/01/2026, às 09h00min (horário de Brasília), no portaldecompraspublicas.com.br. O Edital está disponível através do sítio eletrônico riopretodaeva.am.gov.br</p><p class="assina">RENATO REGIS DE SOUZA PEREIRA</p><p class="cargo">Agente de Contratação</p>]]></Texto>
  </body>
  <Midias />
</article></xml>