﻿<xml><article id="47238909" name="2025-12-31/11504005/SICONV_23470" idOficio="11504005" pubName="DO3" artType="Extrato de Convênio" pubDate="02/01/2026" artClass="00032:00038:00018:00000:00000:00000:00000:00000:00000:00000:00031:00001" artCategory="Ministério da Integração e do Desenvolvimento Regional/Companhia de Desenvolvimento dos Vales do São Francisco e do Parnaíba/7ª Superintendência Regional" artSize="12" artNotes="" numberPage="104" pdfPage="http://pesquisa.in.gov.br/imprensa/jsp/visualiza/index.jsp?data=02/01/2026&amp;jornal=530&amp;pagina=104" editionNumber="1" highlightType="" highlightPriority="" highlight="" highlightimage="" highlightimagename="" idMateria="23470908">
  <body>
    <Identifica><![CDATA[ EXTRATO DE TERMO ADITIVO]]></Identifica>
    <Data><![CDATA[]]></Data>
    <Ementa />
    <Titulo />
    <SubTitulo />
    <Texto><![CDATA[<p class="identifica">EXTRATO DE TERMO ADITIVO</p><p>Espécie: Termo Aditivo de Alteração da Vigência Nº 000001/2025 ao Instrumento código 908936. Convenentes: Concedente: COMPANHIA DE DESENV. DO VALE DO SAO FRANCISCO, Unidade Gestora: 195012. Convenente: SECRETARIA DO AGRONEGOCIO E EMPREENDEDORISMO RURAL, CNPJ nº 33691623000107. I - À prorrogação de prazo por 12 (doze) meses, contados a partir de 01/01/2026, passando seu</p><p>vencimento para 31/12/2026;</p><p>II - À aprovação do novo Plano de Trabalho constante à peça 87 do Processo nº. Valor Total: R$ 5.095.250,00, Valor de Contrapartida: R$ 5.100,00, Vigência: 01/01/2026 a 31/12/2026. Data de Assinatura: 31/12/2020. Signatários: Concedente: MARCELO VAZ DA COSTA E CASTRO, CPF nº ***.596.303-**, Convenente: FABIO HENRIQUE MENDONCA XAVIER DE OLIVEIRA, CPF nº ***.563.203-**.</p>]]></Texto>
  </body>
  <Midias />
</article></xml>