﻿<xml><article id="47233428" name="EXTRATO DE ADITAMENTO - VIGENCIA" idOficio="11487428" pubName="DO3" artType="Extrato de Contrato" pubDate="02/01/2026" artClass="00025:00084:00009:00000:00000:00000:00000:00000:00000:00000:00030:00000" artCategory="Ministério da Educação/Instituto Federal de Educação, Ciência e Tecnologia de São Paulo/Campus Campinas" artSize="12" artNotes="" numberPage="23" pdfPage="http://pesquisa.in.gov.br/imprensa/jsp/visualiza/index.jsp?data=02/01/2026&amp;jornal=530&amp;pagina=23" editionNumber="1" highlightType="" highlightPriority="" highlight="" highlightimage="" highlightimagename="" idMateria="23446124">
  <body>
    <Identifica><![CDATA[ EXTRATO De termo aditivo]]></Identifica>
    <Data><![CDATA[]]></Data>
    <Ementa />
    <Titulo />
    <SubTitulo />
    <Texto><![CDATA[<p class="identifica">EXTRATO De termo aditivo</p><p>1º ADITAMENTO DO CONTRATO Nº 6/2025</p><p>Objeto: aditamento de prazo.</p><p>Contratante: IFSP - Campus Campinas.</p><p>Contratado(a): Sandra Maria Zákia Lian Sousa</p><p>Vigência: 01/01/2026 a 30/06/2026.</p><p>Assinaturas: Marcelo Garcia Bonfim, pela contratante, e Sandra Maria Zákia Lian Sousa, contratado(a).</p>]]></Texto>
  </body>
  <Midias />
</article></xml>