﻿<xml><article id="47232306" name="ExtratoPublicacaoDOU_Acordo_UFPR" idOficio="11504043" pubName="DO3" artType="Extrato" pubDate="02/01/2026" artClass="00025:00117:00000:00000:00000:00000:00000:00000:00000:00000:00171:00000" artCategory="Ministério da Educação/Universidade Federal do Paraná" artSize="12" artNotes="" numberPage="77" pdfPage="http://pesquisa.in.gov.br/imprensa/jsp/visualiza/index.jsp?data=02/01/2026&amp;jornal=530&amp;pagina=77" editionNumber="1" highlightType="" highlightPriority="" highlight="" highlightimage="" highlightimagename="" idMateria="23470952">
  <body>
    <Identifica><![CDATA[ Extrato   de Contrato nº  171/2025]]></Identifica>
    <Data><![CDATA[]]></Data>
    <Ementa />
    <Titulo />
    <SubTitulo />
    <Texto><![CDATA[<p class="identifica">Extrato de Contrato nº 171/2025</p><p>Processo: 23075.074571/2025-79</p><p>Partícipes: Universidade Federal do Paraná - UFPR; FUNDACAO DE PESQUISAS FLORESTAIS DO PARANA - FUPEF. Resumo do Objeto: "Centro Colaborador em Alimentação e Nutrição Escolar - CECANE UFPR". Valor: R$ 994.060,00. Vigência do Acordo: 30/12/2025 a 31/12/2026. Data de Assinatura: 30/12/2025. Assinam: Marcos Sfair Sunye -reitor - UFPR, Diego Tyszka Martinez - Diretor Administrativo; Eduardo Teixeira da Silva - Diretor Cientifico - FUPEF.</p>]]></Texto>
  </body>
  <Midias />
</article></xml>