﻿<xml><article id="47236839" name="2025-12-31/11504003/SICONV_23470" idOficio="11504003" pubName="DO3" artType="Extrato de Convênio" pubDate="02/01/2026" artClass="00032:00029:00000:00000:00000:00000:00000:00000:00000:00000:00031:00001" artCategory="Ministério da Integração e do Desenvolvimento Regional/Secretaria Nacional de Políticas de Desenvolvimento Regional e Territorial" artSize="12" artNotes="" numberPage="98" pdfPage="http://pesquisa.in.gov.br/imprensa/jsp/visualiza/index.jsp?data=02/01/2026&amp;jornal=530&amp;pagina=98" editionNumber="1" highlightType="" highlightPriority="" highlight="" highlightimage="" highlightimagename="" idMateria="23470886">
  <body>
    <Identifica><![CDATA[ EXTRATO DE CONVÊNIO]]></Identifica>
    <Data><![CDATA[]]></Data>
    <Ementa />
    <Titulo />
    <SubTitulo />
    <Texto><![CDATA[<p class="identifica">EXTRATO DE CONVÊNIO</p><p>Espécie: Convênio Código 978413, Nº Processo: 59000015629202563, Concedente: MINISTÉRIO DA INTEGRAÇÃO E DO DESENVOLVIMENTO REGIONAL, Convenente: MUNICIPIO DE IPIXUNA CNPJ nº 04191078000191, Objeto: Pavimentação em Estrada Vicinal no Município de Ipixuna/AM, Valor Total: R$ 935.825,00, Valor de Contrapartida: R$ 4.700,00, Valor a ser transferido ou descentralizado por exercício: 2025 - R$ 931.125,00, Crédito Orçamentário: Num Empenho: 2025NE000190, Valor: R$ 931.125,00, PTRES: 258247, Fonte Recurso: 3129000000, ND: 444042, Vigência: 30/12/2025 a 30/04/2029, Data de Assinatura: 30/12/2025, Signatários: Concedente: DANIEL ALEX FORTUNATO CPF nº ***.182.211-**, Convenente: PAULA AUGUSTA MONTEIRO DE OLIVEIRA CPF nº ***.173.172-**.</p>]]></Texto>
  </body>
  <Midias />
</article></xml>