﻿<xml><article id="47237583" name="2025-12-31/11503964/COMPRASNETWS" idOficio="11503964" pubName="DO3" artType="Extrato de Contrato" pubDate="02/01/2026" artClass="00025:00052:00013:00000:00000:00000:00000:00000:00000:00000:00030:00001" artCategory="Ministério da Educação/Colégio Pedro II/Campus São Cristovão II" artSize="12" artNotes="" numberPage="16" pdfPage="http://pesquisa.in.gov.br/imprensa/jsp/visualiza/index.jsp?data=02/01/2026&amp;jornal=530&amp;pagina=16" editionNumber="1" highlightType="" highlightPriority="" highlight="" highlightimage="" highlightimagename="" idMateria="23470851">
  <body>
    <Identifica><![CDATA[ EXTRATO DE CONTRATO Nº 12/2025 - UASG 155631]]></Identifica>
    <Data><![CDATA[]]></Data>
    <Ementa />
    <Titulo />
    <SubTitulo />
    <Texto><![CDATA[<p class="identifica">EXTRATO DE CONTRATO Nº 12/2025 - UASG 155631</p><p>Nº Processo: 23778.000246/2025-52.</p><p>Pregão Nº 90013/2024.</p><p>Contratante: COLEGIO PEDRO II - CAMPUS SAO CRISTOVAO II.</p><p>Contratado: 27.819.676/0001-68 - NANO BITS SERVICOS ESPECIALIZADOS LTDA.</p><p>Objeto: O objeto do presente instrumento é a contratação de serviços comuns de engenharia para contratação de empresa especializada na prestação de serviços, sob demanda, de manutenção predial correjva e prevenjva, com fornecimento de equipamentos, peças, materiais e mão-de-obra, na forma estabelecida em planilhas de serviços e insumos diversos descritos no sistema nacional de pesquisas de custos e índices da construção civil- sinapi , nas condições estabelecidas no termo de referência..</p><p>Fundamento Legal: LEI 14.133/2021 - Artigo: 28 - Inciso: I.</p><p>Vigência: 07/11/2025 a 07/11/2030.</p><p>Valor Total: R$ 3.045.360,00.</p><p>Data de Assinatura: 07/11/2025.</p>]]></Texto>
  </body>
  <Midias />
</article></xml>