﻿<xml><article id="47232571" name="24. Aviso Pregao Eletronico 9002" idOficio="11474726" pubName="DO3" artType="Aviso de Licitação-Pregão" pubDate="02/01/2026" artClass="00071:00295:00000:00000:00000:00000:00000:00000:00000:00000:00163:00000" artCategory="Entidades de Fiscalização do Exercício das Profissões Liberais/Conselho Regional de Engenharia e Agronomia de Sergipe" artSize="12" artNotes="" numberPage="157" pdfPage="http://pesquisa.in.gov.br/imprensa/jsp/visualiza/index.jsp?data=02/01/2026&amp;jornal=530&amp;pagina=157" editionNumber="1" highlightType="" highlightPriority="" highlight="" highlightimage="" highlightimagename="" idMateria="23427206">
  <body>
    <Identifica><![CDATA[ AVISO DE LICITAÇÃO ]]></Identifica>
    <Data><![CDATA[ Aracaju,   31 de dezembro de 2025.]]></Data>
    <Ementa />
    <Titulo />
    <SubTitulo />
    <Texto><![CDATA[<p></p><p class="identifica">AVISO DE LICITAÇÃO</p><p class="identifica">PREGÃO ELETRÔNICO Nº 90022/2025</p><p></p><p>O Conselho Regional de Engenharia e Agronomia de Sergipe - CREA/SE, UASG 927163, pessoa jurídica de direito público sob o CNPJ 13.136.890/0001-05, vem tornar pública a ABERTURA do Edital do Pregão Eletrônico nº 90022/2025, objeto: aquisição de equipamentos com serviços de instalação para a renovação completa do sistema audiovisual do plenário do CREA-SE. Realização do certame: 19/01/2026, às 08h00, no Portal de Compras do Governo Federal - www.gov.br/compras. O edital encontra-se disponível no Portal de Compras do Governo Federal, no site www.crea-se.org.br e no PNCP. Fundamentação: Lei 14.133/21 e leis complementares.</p><p class="data">Aracaju, 31 de dezembro de 2025.</p><p class="assina">Patrícia Carla Alves Melo</p><p class="cargo">Pregoeira</p>]]></Texto>
  </body>
  <Midias />
</article></xml>