﻿<xml><article id="47238297" name="2025-12-31/11503984/COMPRASNETWS" idOficio="11503984" pubName="DO3" artType="Extrato de Apostilamento" pubDate="02/01/2026" artClass="00025:00052:00013:00000:00000:00000:00000:00000:00000:00000:00142:00001" artCategory="Ministério da Educação/Colégio Pedro II/Campus São Cristovão II" artSize="12" artNotes="" numberPage="16" pdfPage="http://pesquisa.in.gov.br/imprensa/jsp/visualiza/index.jsp?data=02/01/2026&amp;jornal=530&amp;pagina=16" editionNumber="1" highlightType="" highlightPriority="" highlight="" highlightimage="" highlightimagename="" idMateria="23470891">
  <body>
    <Identifica><![CDATA[ EXTRATO DE APOSTILAMENTO Nº 1/2025 - UASG 155631]]></Identifica>
    <Data><![CDATA[]]></Data>
    <Ementa />
    <Titulo />
    <SubTitulo />
    <Texto><![CDATA[<p class="identifica">EXTRATO DE APOSTILAMENTO Nº 1/2025 - UASG 155631</p><p>Número do Contrato: 105/2024.</p><p>Nº Processo: 23778.000249/2024-13.</p><p>Contratante: COLEGIO PEDRO II - CAMPUS SAO CRISTOVAO II.</p><p>Contratado: 09.021.203/0001-39 - VILLA TOMIAZZI PAISAGISMO LTDA.</p><p>Objeto: Repactuar, os valores do contrato, em razão dos reajustes dos itens envolvendo a folha de salários, com base na convenção coletiva de trabalho (cct) 2025/2026, sob o nº rj001061/2025, registrada no sistema mediador do mte em 28/04/2025, com vigência a partir de 01 de março de 2025. Reajustar os insumos discriminados na planilha de custos e formação de preços, conforme abaixo: Atualização da planilha de custos e formação de preços, reajuste dissídio 2025 sem benefício , a partir de 01/03/2025 a 30/04/2025.O contratante pagará ao contratado pelo serviço de posto fixo sem benefício o valor mensal de r$ 7.785,03 (sete mil setecentos e oitenta e cinco reais e três centavos) a partir de 01/03/2025 a 30/04/2024 , com o valor total anual do contrato, somado posto fixo com materiais insumos de r$ 93.420,36 (noventa e três mil quatrocentos e vinte reais e trinta e seis centavos), conforme planilhas de formação de custos (anexo i). O contratante pagará ao contratado pelo serviço de posto fixo com benefício o valor mensal de r$ 7.812,55 (sete mil oitocentos e doze reais e cinquenta e cinco centavos) a partir de 01/05/2025, com o valor total anual do contrato, somado posto fixo com materiais insumos de r$ 93.750,60 (noventa e três mil setecentos e cinquenta reais e sessenta centavos), conforme planilhas de formação de custos (anexo i).</p><p>atualização da planilha de custos e formação de preços, reajuste dissídio 2025 com benefício, a partir de 01/05/2025..</p><p>Vigência: 22/04/2024 a 22/04/2026.</p><p>Valor Total Atualizado do Contrato: R$ 93.750,60.</p><p>Data de Assinatura: 02/09/2025.</p>]]></Texto>
  </body>
  <Midias />
</article></xml>