﻿<xml><article id="47237190" name="2025-12-30/11503341/COMPRASNETWS" idOficio="11503341" pubName="DO3" artType="Extrato de Apostilamento" pubDate="02/01/2026" artClass="00047:00045:00027:00000:00000:00000:00000:00000:00000:00000:00142:00001" artCategory="Ministério da Saúde/Secretaria de Saúde Indígena/Distrito Sanitário Especial Indígena - Médio Rio Solimões e Afluentes" artSize="12" artNotes="" numberPage="117" pdfPage="http://pesquisa.in.gov.br/imprensa/jsp/visualiza/index.jsp?data=02/01/2026&amp;jornal=530&amp;pagina=117" editionNumber="1" highlightType="" highlightPriority="" highlight="" highlightimage="" highlightimagename="" idMateria="23468909">
  <body>
    <Identifica><![CDATA[ EXTRATO DE APOSTILAMENTO Nº 1/2025 - UASG 257029]]></Identifica>
    <Data><![CDATA[]]></Data>
    <Ementa />
    <Titulo />
    <SubTitulo />
    <Texto><![CDATA[<p class="identifica">EXTRATO DE APOSTILAMENTO Nº 1/2025 - UASG 257029</p><p>Número do Contrato: 6/2024.</p><p>Nº Processo: 25039.000304/2024-46.</p><p>Contratante: DISTRITO SANIT.ESP.INDIGENA - MEDIO SOLIMOES. Contratado: 23.349.593/0001-00 - NOVA TERCEIRIZACAO E CONSTRUCAO EM GERAL LTDA. Objeto: O presente instrumento tem por objeto a repactuação de preços do Contrato nº 06/2024, em decorrência dos efeitos trazidos pelas alterações constantes da Convenção Coletiva de Trabalho sobre registro AM000578/2024, celebrada entre o Sindicato das empresas de asseio e conservação do estado do Amazonas, (CNPJ nº 34.501.213/0001-19), que fixa a vigência da CCT 2025/2025 de 01º de janeiro de 2025 a 31 de dezembro de 2025 e a data-base da categoria em 01º de janeiro/2025. O referido contrato sairá do valor anual de R$ 1.066.732,56 (um milhão e sessenta e seis mil e setecentos e setenta e dois reais e cinquenta e seis centavos) para R$ 1.127.622,57 (um milhão, cento e vinte e sete mil e seiscentos e vinte e dois reais e cinquenta e sete centavos), representando 5,71% (cinco virgula setenta e um por cento) de acréscimo, a partir de 01/01/2025.Vigência: 21/11/2025 a 21/11/2026. Valor Total Atualizado do Contrato: R$ 1.127.622,57. Data de Assinatura: 29/12/2025.</p><p>(COMPRASNET 4.0 - 29/12/2025).</p>]]></Texto>
  </body>
  <Midias />
</article></xml>