﻿<xml><article id="47238894" name="2025-12-31/11503948/COMPRASNETWS" idOficio="11503948" pubName="DO3" artType="Extrato de Apostilamento" pubDate="02/01/2026" artClass="00025:00052:00013:00000:00000:00000:00000:00000:00000:00000:00142:00001" artCategory="Ministério da Educação/Colégio Pedro II/Campus São Cristovão II" artSize="12" artNotes="" numberPage="16" pdfPage="http://pesquisa.in.gov.br/imprensa/jsp/visualiza/index.jsp?data=02/01/2026&amp;jornal=530&amp;pagina=16" editionNumber="1" highlightType="" highlightPriority="" highlight="" highlightimage="" highlightimagename="" idMateria="23470871">
  <body>
    <Identifica><![CDATA[ EXTRATO DE APOSTILAMENTO Nº 1/2024 - UASG 155631 ]]></Identifica>
    <Data><![CDATA[]]></Data>
    <Ementa />
    <Titulo />
    <SubTitulo />
    <Texto><![CDATA[<p class="identifica">EXTRATO DE APOSTILAMENTO Nº 1/2024 - UASG 155631</p><p>Número do Contrato: 2/2023.</p><p>Nº Processo: 23778.000167/2023-80.</p><p>DISPENSA</p><p>Contratante: COLEGIO PEDRO II - CAMPUS SAO CRISTOVAO II.</p><p>Contratado: 03.372.304/0001-78 - ANGEL'S SEGURANCA E VIGILANCIA - EM RECUPERACAO JUDICIAL LTDA.</p><p>Objeto: O presente termo de apostilamento tem como objeto a repactuação do contrato firmado entre as partes em 09/05/2023, nos termos previstos em sua cláusula sexta.</p><p>Vigência: 10/05/2023 a 01/12/2024.</p><p>Valor total atualizado do contrato: R$ 149.225,28.</p><p>Data de assinatura: 29/04/2024.</p>]]></Texto>
  </body>
  <Midias />
</article></xml>