﻿<xml><article id="47232826" name="EXTRATO 3A TA - CA 006-2022-PMO-" idOficio="11501475" pubName="DO3" artType="Extrato de Termo Aditivo" pubDate="02/01/2026" artClass="00075:00013:00179:00000:00000:00000:00000:00000:00000:00000:00053:00000" artCategory="Prefeituras/Estado do Pará/Prefeitura Municipal de Óbidos" artSize="12" artNotes="" numberPage="164" pdfPage="http://pesquisa.in.gov.br/imprensa/jsp/visualiza/index.jsp?data=02/01/2026&amp;jornal=530&amp;pagina=164" editionNumber="1" highlightType="" highlightPriority="" highlight="" highlightimage="" highlightimagename="" idMateria="23466548">
  <body>
    <Identifica><![CDATA[ EXTRATO DE TERMO ADITIVO]]></Identifica>
    <Data><![CDATA[]]></Data>
    <Ementa />
    <Titulo />
    <SubTitulo />
    <Texto><![CDATA[<p class="identifica">EXTRATO DE TERMO ADITIVO</p><p>3º Termo Aditivo para Prorrogação de prazo para mais 365 (Trezentos e sessenta e cinco) dias ao Contrato Administrativo N° 006/2022/PMO - Contratada: A. 0. C CONSTRUÇÃO SERVIÇOS DE TERRAPLANAGEM E MANUTENÇÃO EIRELI CNPJ: 21.868.165/0001-50, proveniente da Tomada de Preço Nº 011/2022/PMO/SEMPOF. OBJETO: Contratação de Empresa com mão de obra especializada para executar os serviços de estruturação da rede de serviços do sistema único de assistência social (SUAS) Construção do Centro de Referência da Assistência Social - Meio Urbano, no Município de Óbidos-PA, Conforme Contrato de Repasse n° 914771/2021 MCIDADANIA/CAIXA. Vigência: 09/10/2025 à 09/10/2026.</p>]]></Texto>
  </body>
  <Midias />
</article></xml>