﻿<xml><article id="47232805" name="EXTRATO DE AVISO DE CHAMADA PUBL" idOficio="11502786" pubName="DO3" artType="Aviso de Chamamento Público" pubDate="02/01/2026" artClass="00075:00011:00081:00000:00000:00000:00000:00000:00000:00000:00109:00000" artCategory="Prefeituras/Estado do Mato Grosso do Sul/Prefeitura Municipal de Porto Murtinho" artSize="12" artNotes="" numberPage="163" pdfPage="http://pesquisa.in.gov.br/imprensa/jsp/visualiza/index.jsp?data=02/01/2026&amp;jornal=530&amp;pagina=163" editionNumber="1" highlightType="" highlightPriority="" highlight="" highlightimage="" highlightimagename="" idMateria="23468110">
  <body>
    <Identifica><![CDATA[ AVISO DE CHAMADA PÚBLICA Nº 1/2025]]></Identifica>
    <Data><![CDATA[ Porto Murtinho-MS, 30 de dezembro de 2025]]></Data>
    <Ementa />
    <Titulo />
    <SubTitulo />
    <Texto><![CDATA[<p class="identifica">AVISO DE CHAMADA PÚBLICA Nº 1/2025</p><p>PROCESSO ADMINISTRATIVO Nº 180/2025</p><p>O MUNICÍPIO DE PORTO MURTINHO - MS, através da Secretaria Municipal de Educação, pessoa jurídica de direito público interno, inscrito no CNPJ sob Nº sob Nº 03.107.539/0001-32, por intermédio do Departamento de Licitação, torna público a realização de licitação, na modalidade acima especificada, conforme o disposto no art. 14, da Lei Federal nº 11.947 de 16/07/2009 alterada pela Lei Federal nº 14.660/2023 e na RESOLUÇÃO/CD/FNDE N° 06 de 08/05/2020 alterada pelas RESOLUÇÕES N°s 20/2020 E 21/2021, e Lei Federal nº 14.133/2021.</p><p>Objeto: aquisição parcelada de gêneros alimentícios da Agricultura Familiar e do Empreendedor Familiar Rural para o atendimento ao Programa Nacional de Alimentação Escolar - PNAE.</p><p>DATA DE ABERTURA DA SESSÃO: 30 de janeiro de 2026, as 08h00min (oito horas).</p><p>OBTENÇÃO DO EDITAL: O Edital estará disponível no portal da transparência poderá ser obtido pelos interessados através do link: https://e-gov.betha.com.br/transparencia/01037-093/con_licitacoes.faces,sitehttps://portomurtinho.ms.gov.br/,sitehttps://www.gov.br/pncp/pt-br/ ou por e-mail: licitacao@portomurtinho.ms.gov.br, para mais informações acerca do edital, favor entrar em contato com o setor de licitação pelo telefone (67) 9675-2921.</p><p class="data">Porto Murtinho-MS, 30 de dezembro de 2025</p><p class="assina">RITA DE CÁSSIA PADILHA</p><p class="cargo">Secretária Municipal de Educação</p>]]></Texto>
  </body>
  <Midias />
</article></xml>