﻿<xml><article id="47238171" name="2025-12-30/11503844/SICONV_23470" idOficio="11503844" pubName="DO3" artType="Extrato de Convênio" pubDate="02/01/2026" artClass="00051:00030:00000:00000:00000:00000:00000:00000:00000:00000:00031:00001" artCategory="Ministério do Turismo/Secretaria Nacional de Políticas de Turismo" artSize="12" artNotes="" numberPage="123" pdfPage="http://pesquisa.in.gov.br/imprensa/jsp/visualiza/index.jsp?data=02/01/2026&amp;jornal=530&amp;pagina=123" editionNumber="1" highlightType="" highlightPriority="" highlight="" highlightimage="" highlightimagename="" idMateria="23470688">
  <body>
    <Identifica><![CDATA[ EXTRATO DE CONVÊNIO]]></Identifica>
    <Data><![CDATA[]]></Data>
    <Ementa />
    <Titulo />
    <SubTitulo />
    <Texto><![CDATA[<p class="identifica">EXTRATO DE CONVÊNIO</p><p>Espécie: Convênio Código 989644, Nº Processo: 72031011280202591, Concedente: MINISTERIO DO TURISMO, Convenente: SECRETARIA DO TURISMO DO ESTADO DO PIAUI CNPJ nº 08783132000149, Objeto: Festa do Vaqueiro de Tanque do Piauí - 30ª edição, Valor Total: R$ 410.500,00, Valor de Contrapartida: R$ 500,00, Valor a ser transferido ou descentralizado por exercício: 2025 - R$ 410.000,00, Crédito Orçamentário: Num Empenho: 2025NE000471, Valor: R$ 410.000,00, PTRES: 258328, Fonte Recurso: 1000000000, ND: 333041, Vigência: 31/12/2025 a 30/06/2026, Data de Assinatura: 30/12/2025, Signatários: Concedente: CRISTIANE LEAL SAMPAIO CPF nº ***.364.304-**, Convenente: DANIEL CARVALHO OLIVEIRA VALENTE CPF nº ***.581.593-**.</p>]]></Texto>
  </body>
  <Midias />
</article></xml>