﻿<xml><article id="47238252" name="2025-12-30/11501865/COMPRASNETWS" idOficio="11501865" pubName="DO3" artType="Extrato de Termo Aditivo" pubDate="02/01/2026" artClass="00070:00014:00000:00000:00000:00000:00000:00000:00000:00000:00053:00001" artCategory="Poder Judiciário/Tribunal Regional Eleitoral do Acre" artSize="12" artNotes="" numberPage="155" pdfPage="http://pesquisa.in.gov.br/imprensa/jsp/visualiza/index.jsp?data=02/01/2026&amp;jornal=530&amp;pagina=155" editionNumber="1" highlightType="" highlightPriority="" highlight="" highlightimage="" highlightimagename="" idMateria="23466966">
  <body>
    <Identifica><![CDATA[ EXTRATO DE TERMO ADITIVO Nº 1/2025 - UASG 070002]]></Identifica>
    <Data><![CDATA[]]></Data>
    <Ementa />
    <Titulo />
    <SubTitulo />
    <Texto><![CDATA[<p class="identifica">EXTRATO DE TERMO ADITIVO Nº 1/2025 - UASG 070002</p><p>Número do Contrato: 3/2024.</p><p>Nº Processo: 0000993-63.2023.6.01.8000.</p><p>Pregão. Nº 34/2023. Contratante: TRIBUNAL REGIONAL ELEITORAL DO ACRE. Contratado: 07.134.755/0001-28 - INVIACRE SEGURANCA LTDA. Objeto: Repactuar, os valores do contrato 03/2024 (0636596), com fundamento no art. 12 do decreto n.º 9.507/2018, na cláusula décima segunda do instrumento original, bem como na convenção ac000013/2024 (0771947) - registro mte mr017989/2024 - 12/04/2024) e ac000018/2025 (0771945 - registro mte mr019319/2025 - 15/04/2025), firmadas entre o sindicato das empresas de vig. Seg. E transporte de valores do estado do acre e o sindicato dos empregados no setor de segurança privada do estado do acre, com vigência da primeira de 01º de março de 2024 a fevereiro de 2025 e a segunda de 01º de março de 2025 a fevereiro de 2027.</p><p>ac000013/2024 (0771947), com vigência iniciada dia 01º de março de 2024 a fevereiro de 2025:</p><p>vigilante - majoração do salário base decorrente da atualização dos valores da convenção coletiva foram aceitos, bem como seus reflexos sobre os demais módulos e submódulos, a partir de 1º de março de 2024, passando de r$ 1.490,72 para r$ 1.548,26;</p><p>majoração do auxílio alimentação (de r$ 31,00 para r$ 33,50), bem como seus reflexos sobre os demais módulos e submódulos;</p><p>majoração do auxílio saúde (de r$ 10,00 para r$ 20,00).</p><p>ac000018/2025 (0771945), com vigência iniciada dia 1º de março de 2025 a fevereiro de 2027:</p><p>vigilante - majoração do salário base decorrente da atualização dos valores da convenção coletiva foram aceitos, bem como seus reflexos sobre os demais módulos e submódulos, a partir de 1º de março de 2025, passando de r$ 1.548,26 para r$ 1.639,14;</p><p>majoração do auxílio alimentação (de r$ 33,50 para r$ 36,00), bem como seus reflexos sobre os demais módulos e submódulos;</p><p>majoração do auxílio saúde (de r$ 20,00 para r$ 30,00).</p><p>exclusão dos custos não renováveis, conforme previsto no anexo ix, item 9, da in nº 05/2017, seges/mp, já pagos ou amortizados nas planilhas de custos e formação de preços vinculadas ao contrato referentes aos primeiro ano da contratação:</p><p>aviso prévio trabalhado e aviso prévio indenizado: ambos reduzidos a 10% do atualmente planilhado.</p><p>substituto na cobertura de licença paternidade: deve ser zerado.</p><p>substituto na cobertura das ausências por acidente de trabalho: deve ser zerado.</p><p>substituto na cobertura de afastamento maternidade: deve ser zerado.</p><p>postos de trabalho: a exclusão e redução aplicam-se a todos os postos vinculados ao contrato.. Vigência: 02/01/2026 a 01/02/2026. Valor Total Atualizado do Contrato: R$ 10.668.441,60. Data de Assinatura: 30/12/2025.</p><p>(COMPRASNET 4.0 - 30/12/2025).</p>]]></Texto>
  </body>
  <Midias />
</article></xml>