﻿<xml><article id="47237775" name="2025-12-30/11502404/COMPRASNETWS" idOficio="11502404" pubName="DO3" artType="Extrato de Termo Aditivo" pubDate="02/01/2026" artClass="00025:00075:00042:00000:00000:00000:00000:00000:00000:00000:00053:00001" artCategory="Ministério da Educação/Instituto Federal de Educação, Ciência e Tecnologia do Paraná/Campus União da Vitória" artSize="12" artNotes="" numberPage="20" pdfPage="http://pesquisa.in.gov.br/imprensa/jsp/visualiza/index.jsp?data=02/01/2026&amp;jornal=530&amp;pagina=20" editionNumber="1" highlightType="" highlightPriority="" highlight="" highlightimage="" highlightimagename="" idMateria="23467651">
  <body>
    <Identifica><![CDATA[ EXTRATO DE TERMO ADITIVO Nº 2/2025 - UASG 156546]]></Identifica>
    <Data><![CDATA[]]></Data>
    <Ementa />
    <Titulo />
    <SubTitulo />
    <Texto><![CDATA[<p class="identifica">EXTRATO DE TERMO ADITIVO Nº 2/2025 - UASG 156546</p><p>Número do Contrato: 1/2022.</p><p>Nº Processo: 23411.001128/2022-78.</p><p>Dispensa. Nº 231/2021. Contratante: INST. FED. DO PARANA/CAMPUS UNIAO DA VITORIA. Contratado: 08.902.203/0001-85 - BALDUSSI SOLUCOES LTDA. Objeto: Prorrogar o prazo da vigência do contrato nº 01/2022 - campus união da vitória, por 12 (doze) meses, contemplando-se, nesta ocasião, o período de 26/01/2026 a 26/01/2027, nos termos do art. 57, ii, da lei n.º 8.666, de 1993. Reajustar valor em 4,55% (reajustar valor em quatro virgula cinquenta e cinco por cento) a partir de faturamente de novembro/2025.. Vigência: 26/01/2026 a 26/01/2027. Valor Total Atualizado do Contrato: R$ 10.162,80. Data de Assinatura: 30/12/2025.</p><p>(COMPRASNET 4.0 - 30/12/2025).</p>]]></Texto>
  </body>
  <Midias />
</article></xml>