﻿<xml><article id="47238450" name="2025-12-31/11504006/SICONV_23470" idOficio="11504006" pubName="DO3" artType="Extrato de Convênio" pubDate="02/01/2026" artClass="00032:00029:00000:00000:00000:00000:00000:00000:00000:00000:00031:00001" artCategory="Ministério da Integração e do Desenvolvimento Regional/Secretaria Nacional de Políticas de Desenvolvimento Regional e Territorial" artSize="12" artNotes="" numberPage="98" pdfPage="http://pesquisa.in.gov.br/imprensa/jsp/visualiza/index.jsp?data=02/01/2026&amp;jornal=530&amp;pagina=98" editionNumber="1" highlightType="" highlightPriority="" highlight="" highlightimage="" highlightimagename="" idMateria="23470909">
  <body>
    <Identifica><![CDATA[ EXTRATO DE CONVÊNIO]]></Identifica>
    <Data><![CDATA[]]></Data>
    <Ementa />
    <Titulo />
    <SubTitulo />
    <Texto><![CDATA[<p class="identifica">EXTRATO DE CONVÊNIO</p><p>Espécie: Convênio Código 990412, Nº Processo: 59000023761202549, Concedente: MINISTÉRIO DA INTEGRAÇÃO E DO DESENVOLVIMENTO REGIONAL, Convenente: MUNICIPIO DE LONDRINA CNPJ nº 75771477000170, Objeto: Aquisição de máquinas e equipamentos para apoio à infraestrutura produtiva e à estruturação de cadeias produtivas., Valor Total: R$ 1.174.351,52, Valor de Contrapartida: R$ 11.743,52, Valor a ser transferido ou descentralizado por exercício: 2025 - R$ 1.162.608,00, Crédito Orçamentário: Num Empenho: 2025NE001648, Valor: R$ 1.162.608,00, PTRES: 258248, Fonte Recurso: 3129000000, ND: 444042, Vigência: 30/12/2025 a 30/09/2028, Data de Assinatura: 30/12/2025, Signatários: Concedente: DANIEL ALEX FORTUNATO CPF nº ***.182.211-**, Convenente: JOSE TIAGO CAMARGO DO AMARAL CPF nº ***.963.439-**.</p>]]></Texto>
  </body>
  <Midias />
</article></xml>