﻿<xml><article id="47232119" name="Extrato000333-2025" idOficio="11502209" pubName="DO3" artType="Extrato de Doação" pubDate="02/01/2026" artClass="00008:00002:00008:00003:00000:00000:00000:00000:00000:00000:00124:00000" artCategory="Ministério da Agricultura e Pecuária/Secretaria Executiva/Subsecretaria de Governança das Superintendências/Superintendência de Agricultura e Pecuária do Estado da Bahia" artSize="12" artNotes="" numberPage="2" pdfPage="http://pesquisa.in.gov.br/imprensa/jsp/visualiza/index.jsp?data=02/01/2026&amp;jornal=530&amp;pagina=2" editionNumber="1" highlightType="" highlightPriority="" highlight="" highlightimage="" highlightimagename="" idMateria="23467417">
  <body>
    <Identifica><![CDATA[ EXTRATO DE DOAÇÃO ]]></Identifica>
    <Data><![CDATA[]]></Data>
    <Ementa />
    <Titulo />
    <SubTitulo />
    <Texto><![CDATA[<p class="identifica">EXTRATO DE DOAÇÃO</p><p>Processo: nº 21000.036829/2025-87. ESPÉCIE: Termo de Doação de Bens, que celebram o MINISTÉRIO DA AGRICULTURA E PECUÁRIA - MAPA e o MUNICÍPIO DE MUNDO NOVO/BA. OBJETO: Doação de bens móveis (maquinário agrícola) relacionados no Termo de Doação nº 127/2025, em favor do DONATÁRIO, no âmbito do Programa Nacional de Modernização e Apoio à Produção Agrícola - PROMAQ, para utilização exclusiva no atendimento dos objetivos da política pública de mecanização agrícola, com fundamento na Lei nº 14.133, de 1º de abril de 2021, no Decreto nº 9.373, de 11 de maio de 2018, Portaria MAPA nº 775, de 18 de fevereiro de 2025. DATA DA ASSINATURA: 18 de dezembro de 2025. SIGNATÁRIOS: pelo MINISTÉRIO DA AGRICULTURA E PECUÁRIA - MAPA: FÁBIO ALEXANDRE ROSA RODRIGUES - Superintendente Federal de Agricultura e Pecuária do Estado da Bahia; pelo MUNICÍPIO DE MUNDO NOVO/BA: ANA PAULA DE OLIVEIRA COSTA - Prefeita do Município de Mundo Novo/BA.</p>]]></Texto>
  </body>
  <Midias />
</article></xml>