﻿<xml><article id="47238399" name="2025-12-30/11503870/COMPRASNETWS" idOficio="11503870" pubName="DO3" artType="Extrato de Contrato" pubDate="02/01/2026" artClass="00025:00148:00001:00012:00000:00000:00000:00000:00000:00000:00030:00001" artCategory="Ministério da Educação/Fundação Universidade Federal do Maranhão/Gabinete da Reitoria/Pró-Reitoria de Administração e Finanças" artSize="12" artNotes="" numberPage="93" pdfPage="http://pesquisa.in.gov.br/imprensa/jsp/visualiza/index.jsp?data=02/01/2026&amp;jornal=530&amp;pagina=93" editionNumber="1" highlightType="" highlightPriority="" highlight="" highlightimage="" highlightimagename="" idMateria="23470737">
  <body>
    <Identifica><![CDATA[ EXTRATO DE CONTRATO Nº 324/2025 - UASG 154041]]></Identifica>
    <Data><![CDATA[]]></Data>
    <Ementa />
    <Titulo />
    <SubTitulo />
    <Texto><![CDATA[<p class="identifica">EXTRATO DE CONTRATO Nº 324/2025 - UASG 154041</p><p>Nº Processo: 23115.029541/2024-11.</p><p>Pregão Nº 90011/2025. Contratante: FUNDACAO UNIVERSIDADE FEDERAL DO MARANHAO.</p><p>Contratado: 46.115.766/0001-12 - BIOGREEN INCINERACAO DE RESIDUOS LTDA. Objeto: Contratação de serviços comuns de coleta, acondicionamento, transporte, tratamento e destinação final ambientalmente adequada de resíduos perigosos pertencentes aos grupos A, B e E, com fornecimento de recipientes de armazenagem, visando atender às necessidades da UFMA campus São Luís e demais campus do continente (Bacabal, Balsas, Chapadinha, Codó, Grajaú, Imperatriz, Pinheiro e São Bernardo), nas condições estabelecidas no Termo de Referência.</p><p>Fundamento Legal: LEI 14.133/2021 - Artigo: 28 - Inciso: I. Vigência: 30/12/2025 a 30/12/2026. Valor Total: R$ 85.277,52. Data de Assinatura: 30/12/2025.</p><p>(COMPRASNET 4.0 - 30/12/2025).</p>]]></Texto>
  </body>
  <Midias />
</article></xml>