﻿<xml><article id="47238195" name="2025-12-30/11501899/COMPRASNETWS" idOficio="11501899" pubName="DO3" artType="Extrato de Termo Aditivo" pubDate="02/01/2026" artClass="00047:00047:00000:00000:00000:00000:00000:00000:00000:00000:00053:00001" artCategory="Ministério da Saúde/Agência Nacional de Saúde Suplementar" artSize="12" artNotes="" numberPage="117" pdfPage="http://pesquisa.in.gov.br/imprensa/jsp/visualiza/index.jsp?data=02/01/2026&amp;jornal=530&amp;pagina=117" editionNumber="1" highlightType="" highlightPriority="" highlight="" highlightimage="" highlightimagename="" idMateria="23467062">
  <body>
    <Identifica><![CDATA[ EXTRATO DE TERMO ADITIVO Nº 4/2025 - UASG 253003]]></Identifica>
    <Data><![CDATA[]]></Data>
    <Ementa />
    <Titulo />
    <SubTitulo />
    <Texto><![CDATA[<p class="identifica">EXTRATO DE TERMO ADITIVO Nº 4/2025 - UASG 253003</p><p>Número do Contrato: 25/2021.</p><p>Nº Processo: 33910.007956/2021-61.</p><p>Pregão. Nº 20/2021. Contratante: AGENCIA NACIONAL DE SAUDE SUPLEMENTAR. Contratado: 11.320.576/0001-52 - SUPER ESTAGIOS LTDA. Objeto: 1.1. O presente instrumento tem por objeto:</p><p>1.1.1. O reajuste do valor contratual no percentual de 4,87%, com base na variação acumulada do índice nacional de preços ao consumidor amplo - ipca/ibge, ocorrida no período de novembro/2023 a novembro/2024,</p><p>1.1.2. A prorrogação, por mais 12 (doze) meses, do prazo da vigência do contrato administrativo nº 25/2021, conforme previsto na cláusula segunda - da vigência e nos termos do inc. Ii, do art. 57 da lei nº 8.666/93, com início na data de 03/01/2026 e término em 03/01/2027;</p><p>1.1.3. a alteração do endereço da contratada de praia do flamengo, 66, ed flamengo park tower, sala 617, flamengo, cep. 22.210-903, rio de janeiro - rj para rua copaíba, lote 01, torre b, sala 1306, taguatinga sul (taguatinga), cep: 72.020-016, brasília/df em conformidade com a 13ª alteração do contrato social, registrada junto à junta comercial industrial e serviços do distrito federal - jucis-df, sob o nº de identificação do registro da empresa/nire 53202566947; e</p><p>1.1.4. A inclusão da cláusula de obrigações pertinentes à lei nº 13.709, de 14 de agosto de 2018 (lgpd), que dispõe sobre o tratamento de dados pessoais, inclusive nos meios digitais, por pessoa natural ou por pessoa jurídica de direito público ou privado, com o objetivo de proteger os direitos fundamentais de liberdade e de privacidade e o livre desenvolvimento da personalidade da pessoa natural.. Vigência: 03/01/2026 a 03/01/2027. Valor Total Atualizado do Contrato: R$ 11.348,64. Data de Assinatura: 23/12/2025.</p><p>(COMPRASNET 4.0 - 23/12/2025).</p>]]></Texto>
  </body>
  <Midias />
</article></xml>