﻿<xml><article id="47238513" name="2025-12-30/11503828/COMPRASNETWS" idOficio="11503828" pubName="DO3" artType="Extrato de Contrato" pubDate="02/01/2026" artClass="00008:00002:00009:00001:00004:00000:00000:00000:00000:00000:00030:00001" artCategory="Ministério da Agricultura e Pecuária/Secretaria Executiva/Subsecretaria de Planejamento, Orçamento e Administração/Coordenação-Geral de Aquisições/Coordenação-Geral de Aquisições" artSize="12" artNotes="" numberPage="2" pdfPage="http://pesquisa.in.gov.br/imprensa/jsp/visualiza/index.jsp?data=02/01/2026&amp;jornal=530&amp;pagina=2" editionNumber="1" highlightType="" highlightPriority="" highlight="" highlightimage="" highlightimagename="" idMateria="23470663">
  <body>
    <Identifica><![CDATA[ EXTRATO DE CONTRATO Nº 187/2025 - UASG 130005]]></Identifica>
    <Data><![CDATA[]]></Data>
    <Ementa />
    <Titulo />
    <SubTitulo />
    <Texto><![CDATA[<p class="identifica">EXTRATO DE CONTRATO Nº 187/2025 - UASG 130005</p><p>Nº Processo: 21000.093567/2025-58.</p><p>Pregão Nº 90015/2024. Contratante: MINISTÉRIO DA AGRICULTURA E PECUÁRIA.</p><p>Contratado: 36.519.422/0001-15 - IVG BRASIL LTDA. Objeto: Aquisição de caminhões com implementos, incluindo o fornecimento com a carga, transporte e descarga do bem, em atendimento às necessidades das parcerias firmadas pelo Ministério da Agricultura e Pecuária - MAPA com entes subnacionais, nas condições estabelecidas no Termo de Referência.</p><p>Fundamento Legal: LEI 14.133/2021. Vigência: 30/12/2025 a 30/12/2026. Valor Total: R$ 728.991.714,58. Data de Assinatura: 30/12/2025.</p><p>(COMPRASNET 4.0 - 30/12/2025).</p>]]></Texto>
  </body>
  <Midias />
</article></xml>