﻿<xml><article id="47238780" name="2025-12-30/11503939/SICONV_23470" idOficio="11503939" pubName="DO3" artType="Extrato de Convênio" pubDate="02/01/2026" artClass="00015:00032:00000:00000:00000:00000:00000:00000:00000:00000:00031:00001" artCategory="Ministério da Cultura/Fundação Nacional de Artes" artSize="12" artNotes="" numberPage="6" pdfPage="http://pesquisa.in.gov.br/imprensa/jsp/visualiza/index.jsp?data=02/01/2026&amp;jornal=530&amp;pagina=6" editionNumber="1" highlightType="" highlightPriority="" highlight="" highlightimage="" highlightimagename="" idMateria="23470842">
  <body>
    <Identifica><![CDATA[ EXTRATO DE TERMO ADITIVO]]></Identifica>
    <Data><![CDATA[]]></Data>
    <Ementa />
    <Titulo />
    <SubTitulo />
    <Texto><![CDATA[<p class="identifica">EXTRATO DE TERMO ADITIVO</p><p>Espécie: Termo Aditivo de Alteração da Vigência Nº 000002/2025 ao Instrumento código 936618. Convenentes: Concedente: FUNDACAO NACIONAL DE ARTES, Unidade Gestora: 403201. Convenente: ASSOCIACAO ORQUESTRA CRIANCA CIDADA - AOCC, CNPJ nº 05994449000136. Aditivo de vigência em 01 (um) ano, no sentido de acomodar todos trâmites necessários à fabricação, importação e entrega dos itens remanescentes, os últimos do Termo de Fomento, que muito podem contri. Valor Total: R$ 200.526,31, Valor de Contrapartida: R$ 526,31, Vigência: 07/01/2026 a 06/01/2027. Data de Assinatura: 16/12/2022. Signatários: Concedente: LEONARDO LESSA DE MENDONCA, CPF nº ***.281.406-**, Convenente: MYRNA SALSA DA NOBREGA TARGINO, CPF nº ***.511.534-**.</p>]]></Texto>
  </body>
  <Midias />
</article></xml>