﻿<xml><article id="47237679" name="2025-12-30/11503048/COMPRASNETWS" idOficio="11503048" pubName="DO3" artType="Extrato de Termo Aditivo" pubDate="02/01/2026" artClass="00014:00019:00014:00157:00000:00000:00000:00000:00000:00000:00053:00001" artCategory="Ministério das Comunicações/Agência Nacional de Telecomunicações/Superintendência de Fiscalização/Gerência Regional no Estado do Rio Grande do Sul" artSize="12" artNotes="" numberPage="4" pdfPage="http://pesquisa.in.gov.br/imprensa/jsp/visualiza/index.jsp?data=02/01/2026&amp;jornal=530&amp;pagina=4" editionNumber="1" highlightType="" highlightPriority="" highlight="" highlightimage="" highlightimagename="" idMateria="23468457">
  <body>
    <Identifica><![CDATA[ EXTRATO DE TERMO ADITIVO Nº 10/2025 - UASG 413006]]></Identifica>
    <Data><![CDATA[]]></Data>
    <Ementa />
    <Titulo />
    <SubTitulo />
    <Texto><![CDATA[<p class="identifica">EXTRATO DE TERMO ADITIVO Nº 10/2025 - UASG 413006</p><p>Número do Contrato: 186/2023.</p><p>Nº Processo: 53528.004049/2022-72.</p><p>Pregão. Nº 5/2023. Contratante: AGENCIA NACIONAL DE TELECOMUNICACOES-RS. Contratado: 03.589.089/0001-61 - MFC - CONSULTORIA E ASSESSORIA EMPRESARIAL LTDA. Objeto: Prorrogação do prazo de vigência do contrato gr05af nº 186/2023 - anatel, pelo período de 24 (vinte e quatro) meses, de 29/12/2025 a 29/12/2027, podendo ser prorrogado sucessivamente, respeitada a vigência máxima decenal, na forma do artigo 107 da lei nº 14.133, de 2021, bem como a redução dos custos variáveis não renováveis, a partir de 29/12/2025.. Vigência: 29/12/2025 a 29/12/2027. Valor Total Atualizado do Contrato: R$ 112.751,28. Data de Assinatura: 24/11/2025.</p><p>(COMPRASNET 4.0 - 24/11/2025).</p>]]></Texto>
  </body>
  <Midias />
</article></xml>