﻿<xml><article id="47238070" name="2025-12-30/11503087/siasgnet_234" idOficio="11503087" pubName="DO3" artType="Aviso de Licitação-Pregão" pubDate="02/01/2026" artClass="00025:00137:00013:00000:00000:00000:00000:00000:00000:00000:00163:00001" artCategory="Ministério da Educação/Empresa Brasileira de Serviços Hospitalares/EBSERH - Filial Complexo Hospitalar da UFRJ (HUCFF, IPPMG, ME)" artSize="12" artNotes="" numberPage="92" pdfPage="http://pesquisa.in.gov.br/imprensa/jsp/visualiza/index.jsp?data=02/01/2026&amp;jornal=530&amp;pagina=92" editionNumber="1" highlightType="" highlightPriority="" highlight="" highlightimage="" highlightimagename="" idMateria="23468518">
  <body>
    <Identifica><![CDATA[ AVISO DE LICITAÇÃO]]></Identifica>
    <Data><![CDATA[]]></Data>
    <Ementa />
    <Titulo />
    <SubTitulo />
    <Texto><![CDATA[<p class="identifica">AVISO DE LICITAÇÃO</p><p class="identifica">Pregão Eletrônico Nº 90081/2025 - UASG 157243</p><p>Nº Processo: 23877020064202580. Objeto: Aquisição de medicamentos oftalmológicos para o CH-UFRJ/EBSERH. Total de Itens Licitados: 30. Edital: 02/01/2026 das 09h00 às 12h00 e das 13h00 às 17h59. Endereço: Rua Professor Rodolpho Paulo Rocco, Nº 255 Cidade Universitária, - Rio de Janeiro/RJ ou https://www.gov.br/compras/edital/157243-5-90081-2025. Entrega das Propostas: a partir de 02/01/2026 às 09h00 no site www.gov.br/compras. Abertura das Propostas: 15/01/2026 às 09h00 no site www.gov.br/compras. Informações Gerais: .</p><p class="assina">NELSON GERMANO PERUCHETTI</p><p class="cargo">Agente de Contratação</p><p>(SIASGnet - 30/12/2025) 157243-26443-2025NE000001</p>]]></Texto>
  </body>
  <Midias />
</article></xml>