﻿<xml><article id="47229418" name="PUBLICACAO 33" idOficio="11501547" pubName="DO3" artType="Aviso de Licitação-Pregão" pubDate="02/01/2026" artClass="00075:00014:00085:00000:00000:00000:00000:00000:00000:00000:00163:00000" artCategory="Prefeituras/Estado da Paraíba/Prefeitura Municipal de Cuité" artSize="12" artNotes="" numberPage="164" pdfPage="http://pesquisa.in.gov.br/imprensa/jsp/visualiza/index.jsp?data=02/01/2026&amp;jornal=530&amp;pagina=164" editionNumber="1" highlightType="" highlightPriority="" highlight="" highlightimage="" highlightimagename="" idMateria="23466576">
  <body>
    <Identifica><![CDATA[ Despacho de 30 de Dezembro de 2025 ]]></Identifica>
    <Data><![CDATA[]]></Data>
    <Ementa />
    <Titulo />
    <SubTitulo />
    <Texto><![CDATA[<p class="identifica">Despacho de 30 de Dezembro de 2025</p><p>ADJUDICAÇÃO E RATIFICAÇÃO - DISPENSA Nº DV00033/2025</p><p>Nos termos dos elementos constantes da respectiva Exposição de Motivos que instrui o processo e observado o parecer da Assessoria Jurídica, referente a Dispensa de Licitação nº DV00033/2025, fundamentada no Art. 75, inciso II, da Lei 14.133/21, que objetiva: CONTRATAÇÃO DE EMPRESA ESPECIALIZADA EM SERVIÇOS DE CRONOMETRAGEM E ORGANIZAÇÃO DE EVENTOS ESPORTIVOS PARA A REALIZAÇÃO DA 17ª CORRIDA DE CUITÉ  2026; ADJUDICO o seu objeto e RATIFICO o correspondente procedimento em favor de: 50.736.600 SIMARA SIERLY RODRIGUES FELIX - CNPJ: **.***.600/0001-** - R$ 57.700,00.</p><p class="assina">CAIO TIBÉRIO BARBALHO INÁCIO DA SILVA</p><p class="cargo">Prefeito</p>]]></Texto>
  </body>
  <Midias />
</article></xml>