﻿<xml><article id="47233088" name="Extrato de Contrato p.e 78-2025" idOficio="11502125" pubName="DO3" artType="Extrato de Contrato" pubDate="02/01/2026" artClass="00075:00019:00540:00000:00000:00000:00000:00000:00000:00000:00030:00000" artCategory="Prefeituras/Estado do Rio Grande do Sul/PREFEITURA MUNICIPAL DE TAPEJARA" artSize="12" artNotes="" numberPage="165" pdfPage="http://pesquisa.in.gov.br/imprensa/jsp/visualiza/index.jsp?data=02/01/2026&amp;jornal=530&amp;pagina=165" editionNumber="1" highlightType="" highlightPriority="" highlight="" highlightimage="" highlightimagename="" idMateria="23467313">
  <body>
    <Identifica><![CDATA[ Extrato de Contrato]]></Identifica>
    <Data><![CDATA[]]></Data>
    <Ementa />
    <Titulo />
    <SubTitulo />
    <Texto><![CDATA[<p class="identifica">Extrato de Contrato</p><p>ESTADO DO RIO GRANDE DO SUL. PREFEITURA MUNICIPAL DE TAPEJARA. PREGÃO ELETRÔNICO Nº 78/2025. OBJETO: CONTRATAÇÃO DE EMPRESA PERFURADORA PARA A CONSTRUÇÃO DE UM POÇO TUBULAR PROFUNDO NA COMUNIDADE DE SANTO ANTÔNIO DO CARRETEIRO, MUNICÍPIO DE TAPEJARA - RS, ATRAVÉS DE CONVÊNIO Nº 546/2025, PARA ATENDER AS NECESSIDADES DA SECRETARIA MUNICIPAL DE DESENVOLVIMENTO RURAL, AGRICULTURA E MEIO AMBIENTE. EMPRESA: HIDRO CHAPECÓ POÇOS E SOLUÇÕES AMBIENTAIS LTDA. CNPJ: 61.284.292/0001-26. Valor R$ 32.500,00. Contrato nº 754/2025 de 30 de dezembro de 2025. Fundamentação legal: Lei nº 14.133/2021. Tapejara, 30 de dezembro de 2025. Evanir Wolff. Prefeito Municipal.</p>]]></Texto>
  </body>
  <Midias />
</article></xml>