﻿<xml><article id="47237580" name="2025-12-30/11503908/COMPRASNETWS" idOficio="11503908" pubName="DO3" artType="Extrato de Termo Aditivo" pubDate="02/01/2026" artClass="00025:00163:00000:00000:00000:00000:00000:00000:00000:00000:00053:00001" artCategory="Ministério da Educação/Fundação Universidade Federal de Viçosa" artSize="12" artNotes="" numberPage="93" pdfPage="http://pesquisa.in.gov.br/imprensa/jsp/visualiza/index.jsp?data=02/01/2026&amp;jornal=530&amp;pagina=93" editionNumber="1" highlightType="" highlightPriority="" highlight="" highlightimage="" highlightimagename="" idMateria="23470769">
  <body>
    <Identifica><![CDATA[ EXTRATO DE TERMO ADITIVO Nº 2/2025 - UASG 154051]]></Identifica>
    <Data><![CDATA[]]></Data>
    <Ementa />
    <Titulo />
    <SubTitulo />
    <Texto><![CDATA[<p class="identifica">EXTRATO DE TERMO ADITIVO Nº 2/2025 - UASG 154051</p><p>Número do Contrato: 94/2024.</p><p>Nº Processo: 23114.906028/2024-56.</p><p>Não se Aplica. Nº 0/. Contratante: UNIVERSIDADE FEDERAL DE VICOSA. Contratado: 29.116.902/0001-70 - MUNICIPIO DE SAO JOAO DA BARRA. Objeto: Constitui objeto do presente termo aditivo a prorrogação do prazo de execução do convênio nº 094/2024, mediante a alteração da cláusula décima primeira, subcláusula 11.2, respectivamente.. Vigência: 02/02/2026 a 02/06/2026. Valor Total Atualizado do Contrato: R$ 605.520,00. Data de Assinatura: 30/12/2025.</p><p>(COMPRASNET 4.0 - 30/12/2025).</p>]]></Texto>
  </body>
  <Midias />
</article></xml>