﻿<xml><article id="47231656" name="EXTRATO DE PROTOCOLO DE INTENCOE" idOficio="11503979" pubName="DO3" artType="Extrato de Protocolo de Intenção" pubDate="02/01/2026" artClass="00025:00056:00001:00000:00000:00000:00000:00000:00000:00000:00046:00000" artCategory="Ministério da Educação/Instituto Federal de Educação, Ciência e Tecnologia do Amapá/Reitoria" artSize="12" artNotes="" numberPage="17" pdfPage="http://pesquisa.in.gov.br/imprensa/jsp/visualiza/index.jsp?data=02/01/2026&amp;jornal=530&amp;pagina=17" editionNumber="1" highlightType="" highlightPriority="" highlight="" highlightimage="" highlightimagename="" idMateria="23470866">
  <body>
    <Identifica><![CDATA[ EXTRATO DE PROTOCOLO DE INTENÇÕES Nº 1/2025/IFAP-NEWMAN EDUCATIONAL]]></Identifica>
    <Data><![CDATA[]]></Data>
    <Ementa />
    <Titulo />
    <SubTitulo />
    <Texto><![CDATA[<p class="identifica">EXTRATO DE PROTOCOLO DE INTENÇÕES Nº 1/2025/IFAP-NEWMAN EDUCATIONAL</p><p>ESPÉCIE: Protocolo de Intenções, que entre si celebram o Instituto Federal de Educação, Ciência e Tecnologia do Amapá (IFAP), inscrito no CNPJ n° 10.820.882/0001-95 (Brasil), e Newman Educational, inscrição n° 82-3965786 (Estados Unidos da América). Objeto: Desenvolvimento de cooperação técnica em mobilidade estudantil, gestão institucional, capacitação, qualificação profissional, gestão de projetos de pesquisa, extensão, desenvolvimento e inovação. Vigência: 02 (dois) anos a contar da data da assinatura, de 21/03/2025 a 20/03/2027. Assinaturas: Romaro Antonio Silva, Reitor do IFAP; James Newman, Diretor Presidente da Newman Educational; Erleide Parente, 1ª testemunha; e Welber Carlos Andrade da Silva, 2ª testemunha. Data da assinatura: 21/03/2025. Processo n° 23228.003273.2025-11.</p>]]></Texto>
  </body>
  <Midias />
</article></xml>