﻿<xml><article id="47237016" name="2025-12-30/11503600/siasgnet_234" idOficio="11503600" pubName="DO3" artType="Aviso de Licitação-Pregão" pubDate="02/01/2026" artClass="00034:00063:04993:03028:00000:00000:00000:00000:00000:00000:00163:00001" artCategory="Ministério do Meio Ambiente e Mudança do Clima/Instituto Chico Mendes de Conservação da Biodiversidade/Diretoria de Planejamento, Administração e Logística/Coordenação-Geral de Finanças e Arrecadação" artSize="12" artNotes="" numberPage="108" pdfPage="http://pesquisa.in.gov.br/imprensa/jsp/visualiza/index.jsp?data=02/01/2026&amp;jornal=530&amp;pagina=108" editionNumber="1" highlightType="" highlightPriority="" highlight="" highlightimage="" highlightimagename="" idMateria="23469929">
  <body>
    <Identifica><![CDATA[ AVISO DE LICITAÇÃO]]></Identifica>
    <Data><![CDATA[]]></Data>
    <Ementa />
    <Titulo />
    <SubTitulo />
    <Texto><![CDATA[<p class="identifica">AVISO DE LICITAÇÃO</p><p class="identifica">Pregão Eletrônico Nº 90030/2025 - UASG 443033</p><p>Nº Processo: 02121003381202413. Objeto: Aquisição de Itens e Equipamentos de Laboratório para os Centros RAN/GO, CPB/PB, CEPNOR/PA e CMA/SP, a fim de atender as demandas do Instituto Chico Mendes de Conservação da Biodiversidade (ICMBio), nos termos da tabela abaixo, conforme condições e exigências estabelecidas no Termo de Referência.. Total de Itens Licitados: 22. Edital: 02/01/2026 das 08h00 às 12h00 e das 14h00 às 17h59. Endereço: Eqsw 103/104 Lote 1 Módulo "b" Complexo Adm., Sudoeste - BRASÍLIA/DF ou https://www.gov.br/compras/edital/443033-5-90030-2025. Entrega das Propostas: a partir de 02/01/2026 às 08h00 no site www.gov.br/compras. Abertura das Propostas: 15/01/2026 às 10h00 no site www.gov.br/compras. Informações Gerais: .</p><p class="assina">RAIMUNDO NONATO ALVES DO NASCIMENTO</p><p class="cargo">Chefe de Divisão de Licitações Substituto</p><p>(SIASGnet - 30/12/2025) 443033-44207-2025NE000085</p>]]></Texto>
  </body>
  <Midias />
</article></xml>