﻿<xml><article id="47232445" name="EXTRATOS DE 1A CONTRATO - Marcos" idOficio="11503138" pubName="DO3" artType="Extrato" pubDate="02/01/2026" artClass="00025:00133:00000:00000:00000:00000:00000:00000:00000:00000:00171:00000" artCategory="Ministério da Educação/Universidade Federal do Triângulo Mineiro" artSize="12" artNotes="" numberPage="92" pdfPage="http://pesquisa.in.gov.br/imprensa/jsp/visualiza/index.jsp?data=02/01/2026&amp;jornal=530&amp;pagina=92" editionNumber="1" highlightType="" highlightPriority="" highlight="" highlightimage="" highlightimagename="" idMateria="23468599">
  <body>
    <Identifica><![CDATA[ EXTRATOs DE CONTRATOs]]></Identifica>
    <Data><![CDATA[]]></Data>
    <Ementa />
    <Titulo />
    <SubTitulo />
    <Texto><![CDATA[<p class="identifica">EXTRATOs DE CONTRATOs</p><p>ESPÉCIE: Contrato 29/2025, CONTRATANTE: Universidade Federal do Triângulo Mineiro - UFTM. CONTRATADO: MARCOS PAULO DE ARAÚJO SILVA. OBJETO: prestação de serviços profissionais de Professor Substituto do Magistério Superior. VALOR: correspondente à remuneração de Professor Substituto do Magistério Superior, Classe A, Assistente, Nível 1, 40 horas, com Mestrado. VIGÊNCIA: 05/01/2026 a 05/07/2026, podendo ser prorrogado. FUNDAMENTO LEGAL: Leis nºs 8.745/93 e 9.849/99 e suas alterações. PROCESSO: 23085.014144/2025-12. DATA DE ASSINATURA: 30/12/2025. ASSINAM: Profa. MEIRE SOARES DE ATAÍDE e MARCOS PAULO DE ARAÚJO SILVA.</p><p>ESPÉCIE: Contrato 30/2025, CONTRATANTE: Universidade Federal do Triângulo Mineiro - UFTM. CONTRATADO: PHILIPPE DE FIGUEIREDO BRAGA COLARES. OBJETO: prestação de serviços profissionais de Professor Substituto do Magistério Superior. VALOR: correspondente à remuneração de Professor Substituto do Magistério Superior, Classe A, Assistente, Nível 1, 20 horas, com Especialização. VIGÊNCIA: 05/01/2026 a 05/07/2026, podendo ser prorrogado. FUNDAMENTO LEGAL: Leis nºs 8.745/93 e 9.849/99 e suas alterações. PROCESSO: 23085.013737/2025-61. DATA DE ASSINATURA: 30/12/2025. ASSINAM: Profa. MEIRE SOARES DE ATAÍDE e PHILIPPE DE FIGUEIREDO BRAGA COLARES.</p>]]></Texto>
  </body>
  <Midias />
</article></xml>