﻿<xml><article id="47231939" name="1ENAM_ResultadoSUBJUDICE31_12_20" idOficio="11504086" pubName="DO3" artType="Resultado de Concurso Público" pubDate="02/01/2026" artClass="00070:00004:00011:00000:00000:00000:00000:00000:00000:00000:00091:00000" artCategory="Poder Judiciário/Superior Tribunal de Justiça/Secretaria de Administração" artSize="12" artNotes="" numberPage="124" pdfPage="http://pesquisa.in.gov.br/imprensa/jsp/visualiza/index.jsp?data=02/01/2026&amp;jornal=530&amp;pagina=124" editionNumber="1" highlightType="" highlightPriority="" highlight="" highlightimage="" highlightimagename="" idMateria="23470977">
  <body>
    <Identifica><![CDATA[Edital de 30 de dezembro de 2025]]></Identifica>
    <Data><![CDATA[]]></Data>
    <Ementa />
    <Titulo />
    <SubTitulo />
    <Texto><![CDATA[<p class="identifica">Edital de 30 de dezembro de 2025</p><p class="identifica">RESULTADO ATUALIZADO EM 30/12/2025 PESSOAS EXAMINANDAS HABILITADAS NA CONDIÇÃO SUB JUDICE - ATUALIZAÇÃO</p><p>Exame Nacional da Magistratura - ENAM - 1ª edição 2024.1 (republicação para correção n. matrícula)</p><p>1. A ESCOLA NACIONAL DE FORMAÇÃO E APERFEIÇOAMENTO DE MAGISTRADOS - ENFAM, torna pública a relação atualizada até a presente data das pessoas examinandas habilitadas na condição sub judice na 1ª Edição do Exame Nacional da Magistratura (2024.1).</p><p>I - Relação das pessoas examinandas habilitadas - GERAL, na seguinte ordem: número de inscrição e nome em ordem alfabética.</p><p>793032421, Leonardo Luis de Moura Mota / 793021006, João Paulo Alcantara Peixoto / 793012207, Mônica Ferreira Corrêa da Silva / 793002290, Rodrigo Gil dos Santos / 793017767, Thiago de Oliveira Marques Jesus / 793017514, Thiago Gusmão Saba.</p><p>II - Relação das pessoas examinandas habilitadas - PESSOA COM DEFICIÊNCIA (PcD), na seguinte ordem: número de inscrição e nome em ordem alfabética.</p><p>793007869, Mozer Machado Calheiros</p><p>III - Relação das pessoas examinandas habilitadas - NEGRAS, na seguinte ordem: número de inscrição e nome em ordem alfabética.</p><p>793012260, Aley Aedo Soares Prado / 793031866, Aline de Freitas Cardoso / 793073223, Aline Souza Ferreira dos Santos / 793005618, Ana Paula De Souza Mathias Netto / 793026582, Andre Felipe de Souza Barreto / 793018416, Anne Graziele Santos Da Silva / 793012959, Antonio Marcio Fernandes Rocha / 793001622, Breno Lucas de Carvalho Ribeiro / 793015351, Bruna Carla Simeão Oliveira / 793039569, Camila Lima Lopes / 793003938, Cleiton Bararuá Da Silva / 793015831, Daniel Abreu Dos Santos / 793020714, Daniel Ambrosio Da Silva Junior / 793013446, Darlan Costa Mota / 793050102, Débora Elisa De Lima Santos / 793000712, Diogo Rodrigues Da Cruz / 793016113, Edmilson Francisco De Oliveira Martins / 793017340, Eduardo Godinho / 793001554, Fabiano Gomes Costa / 793011873, Flávia de Carvalho Silva / 793021913, Frederico Alves De Fernandes / 793042259, Geildson De Souza Lima / 793018298, Gilberto Vaqueiro Menezes / 793016241, Gustavo Henrique Silva Lopes / 793003377, Ian De Santana Lima / 793045255, Ilzyanne Lima Silva Prazeres / 793039340, Israel de Lima Maranhão Ferreira / 793009211, Ivan De Almeida Gois Junior / 793021808, Josecleyton Geraldo da Silva / 793003218, Josias Bezerra Brito Júnior / 793015562, Josias Ferreira Botelho / 793035664, Juarez Angelin Martins / 793018061, Luiz Henrique Ferreira Medeiros / 793009564, Marcello Borba Martins Araquan Borges / 793031223, Maria Laíse Alves Amorim / 793043366, Ricardo Matheus Pereira Dos Santos / 793007652, Rodrigo Silva Rodrigues / 793004062, Romário Da Silva Santos / 793010396, Rutra Silva da Cunha Sales / 793031557, Sidney Nascimento Costa / 793038883, Sue Ellen Regina Gurjão Lyra / 793027801, Vânio Soares Guimarães / 793007902, Vitor Alexsandro De Oliveira Gois Souza / 793019517, Vitor Souza Da Cruz / 793046679, Washington Navarro De Souza Junior / 793008846, Yuri Nogueira Pinto .</p><p>*habilitado na relação geral.</p><p></p><p class="assina">Ministro Benedito Gonçalves</p><p class="cargo">Presidente da Comissão de Exame</p>]]></Texto>
  </body>
  <Midias />
</article></xml>