﻿<xml><article id="47233344" name="Extrato de Termo Aditivo PPDDH E" idOficio="11504033" pubName="DO3" artType="Extrato de Termo Aditivo" pubDate="02/01/2026" artClass="00021:00035:00000:00000:00000:00000:00000:00000:00000:00000:00053:00000" artCategory="Ministério dos Direitos Humanos e da Cidadania/Secretaria Nacional de Promoção e Defesa dos Direitos Humanos" artSize="12" artNotes="" numberPage="15" pdfPage="http://pesquisa.in.gov.br/imprensa/jsp/visualiza/index.jsp?data=02/01/2026&amp;jornal=530&amp;pagina=15" editionNumber="1" highlightType="" highlightPriority="" highlight="" highlightimage="" highlightimagename="" idMateria="23470943">
  <body>
    <Identifica><![CDATA[ EXTRATO DE TERMO ADITIVO]]></Identifica>
    <Data><![CDATA[]]></Data>
    <Ementa />
    <Titulo />
    <SubTitulo />
    <Texto><![CDATA[<p class="identifica">EXTRATO DE TERMO ADITIVO</p><p>Processo: 00135.204499/2024-82. Espécie: Termo Aditivo de suplementação de recursos do Termo de Colaboração nº 1/2024-PPDDH/ETF. ADMINISTRAÇÃO PÚBLICA: Secretaria Nacional de Promoção e Defesa dos Direitos Humanos, do Ministério dos Direitos Humanos e da Cidadania, inscrita no CNPJ nº 27.136.980/0005-34. OSC: Centro Popular de Formação da Juventude, inscrita no CNPJ sob nº 03.612.569/0001-04. Objeto: ampliar o valor global do instrumento em R$ 800.000,00 (oitocentos mil reais) e correspondentes as alterações no Plano de Trabalho, conforme o art. 57 da Lei nº 13.019, de 2014, e o art. 43, inciso I, alínea "a", do Decreto nº 8.726, de 2016, que correrão à conta da dotação alocada no orçamento da ADMINISTRAÇÃO PÚBLICA, ação orçamentária 14.422.5837.21G5.0001 - PO-0006, PTRES 237096, Elemento de Despesa: 44.50.41. Unidade Gestora: 810006/00001 - Notas de Empenho nº 2025NE000115 e 2025NE000116, Fonte 1000 e 3129. Data de assinatura: 29/12/2025. Signatários: ADMINISTRAÇÃO PÚBLICA: JANINE MELLO DOS SANTOS, Secretária Executiva do Ministério dos Direitos Humanos e da Cidadania, OSC: HUDSON SILVA RODRIGUES, Presidente do Centro Popular de Formação da Juventude.</p>]]></Texto>
  </body>
  <Midias />
</article></xml>