﻿<xml><article id="47233070" name="Extrato Registro de Diplomas 02 " idOficio="11466628" pubName="DO3" artType="Aviso" pubDate="02/01/2026" artClass="00073:10481:00000:00000:00000:00000:00000:00000:00000:00000:00107:00000" artCategory="Ineditoriais/SOCIEDADE UNIVERSITÁRIA REDENTOR" artSize="12" artNotes="" numberPage="159" pdfPage="http://pesquisa.in.gov.br/imprensa/jsp/visualiza/index.jsp?data=02/01/2026&amp;jornal=530&amp;pagina=159" editionNumber="1" highlightType="" highlightPriority="" highlight="" highlightimage="" highlightimagename="" idMateria="23412276">
  <body>
    <Identifica><![CDATA[ Aviso de Registro de Diplomas]]></Identifica>
    <Data><![CDATA[ Itaperuna, 31 de Dezembro de 2025]]></Data>
    <Ementa />
    <Titulo />
    <SubTitulo />
    <Texto><![CDATA[<p class="identifica">Aviso de Registro de Diplomas</p><p>AFYA CENTRO UNIVERSITÁRIO DE ITAPERUNA, mantido pela Sociedade Universitária Redentor S.A, inscrito no CNPJ 03.596.799/0001-19, para fins no dispositivo no art. 21 da Portaria MEC nº 1.095, de 25 de outubro de 2018, informa que foram registrados 114 (cento e quatorze) diplomas do dia 24/03/2025 a 17/09/2025, no Livro de Registro de Diplomas - Graduação 2024 Nova Gestão, com as sequências numéricas de 1529 a 1642.</p><p>A relação dos diplomas registrados poderá ser consultada em até quinze dias no site: https://itaperuna.afya.com.br/alunos/diploma-digital#registro-de-diplomas</p><p class="data">Itaperuna, 31 de Dezembro de 2025</p><p class="assina">Odilia Dantas Moliterni</p><p class="cargo">Reitora</p>]]></Texto>
  </body>
  <Midias />
</article></xml>