﻿<xml><article id="47237103" name="2025-12-30/11502596/COMPRASNETWS" idOficio="11502596" pubName="DO3" artType="Extrato de Contrato" pubDate="02/01/2026" artClass="00033:00046:00020:00000:00000:00000:00000:00000:00000:00000:00030:00001" artCategory="Ministério da Justiça e Segurança Pública/Polícia Rodoviária Federal/Superintendência Regional no Pará" artSize="12" artNotes="" numberPage="106" pdfPage="http://pesquisa.in.gov.br/imprensa/jsp/visualiza/index.jsp?data=02/01/2026&amp;jornal=530&amp;pagina=106" editionNumber="1" highlightType="" highlightPriority="" highlight="" highlightimage="" highlightimagename="" idMateria="23467895">
  <body>
    <Identifica><![CDATA[ EXTRATO DE CONTRATO Nº 31/2025 - UASG 200111]]></Identifica>
    <Data><![CDATA[]]></Data>
    <Ementa />
    <Titulo />
    <SubTitulo />
    <Texto><![CDATA[<p class="identifica">EXTRATO DE CONTRATO Nº 31/2025 - UASG 200111</p><p>Nº Processo: 08652.003077/2024-54.</p><p>Concorrência Nº 90002/2025. Contratante: SUPERINTENDENCIA REG. POL. RODV. FEDERAL-PA.</p><p>Contratado: 18.683.397/0001-29 - M F FRAZAO CONSTRUCOES E SERVICOS LTDA. Objeto: O objeto do presente instrumento é a contratação de obra de construção da unidade operacional da polícia rodoviária federal em dom eliseu-pa, nas condições estabelecidas no termo de 00referência.</p><p>Fundamento Legal: LEI 14.133/2021 - Artigo: 28 - Inciso: II. Vigência: 30/12/2025 a 30/05/2027. Valor Total: R$ 3.532.609,60. Data de Assinatura: 30/12/2025.</p><p>(COMPRASNET 4.0 - 30/12/2025).</p>]]></Texto>
  </body>
  <Midias />
</article></xml>