﻿<xml><article id="47237703" name="2025-12-30/11502495/COMPRASNETWS" idOficio="11502495" pubName="DO3" artType="Extrato de Contrato" pubDate="02/01/2026" artClass="00016:00010:00010:00019:00316:00000:00000:00000:00000:00000:00030:00001" artCategory="Ministério da Defesa/Comando da Aeronáutica/Comando de Preparo/II Comando Aéreo Regional/Base Aérea de Natal" artSize="12" artNotes="" numberPage="6" pdfPage="http://pesquisa.in.gov.br/imprensa/jsp/visualiza/index.jsp?data=02/01/2026&amp;jornal=530&amp;pagina=6" editionNumber="1" highlightType="" highlightPriority="" highlight="" highlightimage="" highlightimagename="" idMateria="23467768">
  <body>
    <Identifica><![CDATA[ EXTRATO DO CONTRATO DE DESPESA Nº 23/BANT/2025]]></Identifica>
    <Data><![CDATA[]]></Data>
    <Ementa />
    <Titulo />
    <SubTitulo />
    <Texto><![CDATA[<p class="identifica">EXTRATO DO CONTRATO DE DESPESA Nº 23/BANT/2025</p><p>Nº Processo: 67222.010497/2024-16 e 67222.016849/2025-28 (Apenso).</p><p>Pregão Nº 90046/2025. Contratante: BASE AÉREA DE NATAL.</p><p>Contratado: 29.892.747/0001-83 - AMAZONTEC MANUTENÇÃO DE EQUIPAMENTOS HOSPITALARES LTDA. Objeto: Contratação de empresa especializada na prestação dos serviços de manutenção preventiva e corretiva de compressores de ar e máquinas de lavar de alta pressão, para atender as necessidades do GLOG-NT da Base Aérea de Natal. Fundamento Legal: Lei nº 14.133/21. Vigência: 18/12/2025 a 18/12/2026. Valor Total: R$ 35.958,10. Data de Assinatura: 18/12/2025.</p><p>(COMPRASNET 4.0 - 30/12/2025).</p>]]></Texto>
  </body>
  <Midias />
</article></xml>