﻿<xml><article id="47232246" name="MEDEIROS NETO 02 0126" idOficio="11502458" pubName="DO3" artType="Aviso de Credenciamento" pubDate="02/01/2026" artClass="00075:00005:00338:00000:00000:00000:00000:00000:00000:00000:00073:00000" artCategory="Prefeituras/Estado da Bahia/PREFEITURA MUNICIPAL DE MEDEIROS NETO" artSize="12" artNotes="" numberPage="161" pdfPage="http://pesquisa.in.gov.br/imprensa/jsp/visualiza/index.jsp?data=02/01/2026&amp;jornal=530&amp;pagina=161" editionNumber="1" highlightType="" highlightPriority="" highlight="" highlightimage="" highlightimagename="" idMateria="23467745">
  <body>
    <Identifica><![CDATA[ AVISO DE CREDENCIAMENTO Nº 1/2026]]></Identifica>
    <Data><![CDATA[]]></Data>
    <Ementa />
    <Titulo />
    <SubTitulo />
    <Texto><![CDATA[<p class="identifica">AVISO DE CREDENCIAMENTO Nº 1/2026</p><p>PROCESSO ADMINISTRATIVO N° 0001/2026</p><p>O Fundo Mun. de Saúde de Medeiros Neto torna público que se encontra abertos as inscrições para o credenciamento que objetiva credenciamento de pessoas físicas e jurídicas para a prestação de serviços de médicos plantonistas no hospital municipal de Medeiros Neto - BA, a fim de atender as necessidades do Fundo Municipal de Saúde de Medeiros Neto - Bahia, sem vínculo empregatício. Edital: www.medeirosneto.ba.gov.br, Infor.: e-mail: litacoes@medeirosneto.ba.gov.br; Medeiros Neto - BA; 02/01/2026.</p><p class="assina">Cremilda Da Silva Garcia Filha</p><p class="cargo">Sec. Munic. de Saúde</p>]]></Texto>
  </body>
  <Midias />
</article></xml>