﻿<xml><article id="47238153" name="2025-12-30/11501428/COMPRASNETWS" idOficio="11501428" pubName="DO3" artType="Extrato de Contrato" pubDate="02/01/2026" artClass="00017:00028:00046:00000:00000:00000:00000:00000:00000:00000:00030:00001" artCategory="Ministério do Desenvolvimento Agrário e Agricultura Familiar/Instituto Nacional de Colonização e Reforma Agrária/SRMSF-Extinta" artSize="12" artNotes="" numberPage="12" pdfPage="http://pesquisa.in.gov.br/imprensa/jsp/visualiza/index.jsp?data=02/01/2026&amp;jornal=530&amp;pagina=12" editionNumber="1" highlightType="" highlightPriority="" highlight="" highlightimage="" highlightimagename="" idMateria="23466430">
  <body>
    <Identifica><![CDATA[ EXTRATO DE CONTRATO Nº 3529/2025 - UASG 373050]]></Identifica>
    <Data><![CDATA[]]></Data>
    <Ementa />
    <Titulo />
    <SubTitulo />
    <Texto><![CDATA[<p class="identifica">EXTRATO DE CONTRATO Nº 3529/2025 - UASG 373050</p><p>Nº Processo: 54000.043142/2025-57.</p><p>Pregão Nº 90001/2025. Contratante: SUPERINTENDÊNCIA REGIONAL DO MÉDIO SÃO FRANCISCO.</p><p>Contratado: 45.068.559/0001-91 - PHOENIX SERVICES LTDA. Objeto: Contratação de empresa especializada na prestação de serviços continuados de limpeza, conservação, higienização e asseio diário, além de copeira, com fornecimento, por demanda, de todos os materiais, equipamento e ferramentas necessárias, além dos serviços de jardinagem, poda, desinsetização, desratização, e descupinização com disponibilização de mão de obra em regime de dedicação exclusiva para atender as necessidades da superintendência regional do Incra/MSF-Petrolina..</p><p>Fundamento Legal: LEI 14.133/2021 - Artigo: 28 - Inciso: I. Vigência: 02/01/2026 a 01/01/2027. Valor Total: R$ 214.308,31. Data de Assinatura: 30/12/2025.</p><p>(COMPRASNET 4.0 - 30/12/2025).</p>]]></Texto>
  </body>
  <Midias />
</article></xml>