﻿<xml><article id="47238510" name="2025-12-30/11501092/COMPRASNETWS" idOficio="11501092" pubName="DO3" artType="Extrato de Termo Aditivo" pubDate="02/01/2026" artClass="00025:00105:00000:00000:00000:00000:00000:00000:00000:00000:00053:00001" artCategory="Ministério da Educação/Universidade Federal de Goiás" artSize="12" artNotes="" numberPage="52" pdfPage="http://pesquisa.in.gov.br/imprensa/jsp/visualiza/index.jsp?data=02/01/2026&amp;jornal=530&amp;pagina=52" editionNumber="1" highlightType="" highlightPriority="" highlight="" highlightimage="" highlightimagename="" idMateria="23465901">
  <body>
    <Identifica><![CDATA[ EXTRATO DE TERMO ADITIVO Nº 1/2025 - UASG 153052]]></Identifica>
    <Data><![CDATA[]]></Data>
    <Ementa />
    <Titulo />
    <SubTitulo />
    <Texto><![CDATA[<p class="identifica">EXTRATO DE TERMO ADITIVO Nº 1/2025 - UASG 153052</p><p>Número do Contrato: 27/2024.</p><p>Nº Processo: 23070.068017/2023-31.</p><p>Inexigibilidade. Nº 90104/2023. Contratante: UNIVERSIDADE FEDERAL DE GOIAS. Contratado: 01.616.929/0001-02 - SANEAMENTO DE GOIAS S/A. Objeto: Acréscimo contratual no valor estimativo de r$ 2.015.473,98 (dois milhões, quinze mil quatrocentos e setenta e três reais e noventa e oito centavos), sobre o valor do contrato atualizado - setembro/2025 a março/2026. O valor total estimativo do contrato passará para r$ 5.062.024,51 (cinco milhões, sessenta e dois mil vinte e quatro reais e cinquenta e um centavos).. Vigência: 29/12/2025 a 31/03/2026. Valor Total Atualizado do Contrato: R$ 5.062.024,51. Data de Assinatura: 29/12/2025.</p><p>(COMPRASNET 4.0 - 29/12/2025).</p>]]></Texto>
  </body>
  <Midias />
</article></xml>