﻿<xml><article id="47231485" name="ADESAO 31_2025_SEI_25057.005442." idOficio="11500981" pubName="DO3" artType="Extrato de Adesão" pubDate="02/01/2026" artClass="00047:00037:00020:00000:00000:00000:00000:00000:00000:00000:00017:00000" artCategory="Ministério da Saúde/Secretaria de Atenção Especializada à Saúde/Instituto Nacional de Traumatologia e Ortopedia" artSize="12" artNotes="" numberPage="117" pdfPage="http://pesquisa.in.gov.br/imprensa/jsp/visualiza/index.jsp?data=02/01/2026&amp;jornal=530&amp;pagina=117" editionNumber="1" highlightType="" highlightPriority="" highlight="" highlightimage="" highlightimagename="" idMateria="23465799">
  <body>
    <Identifica><![CDATA[EXTRATO DE ADESÃO]]></Identifica>
    <Data><![CDATA[]]></Data>
    <Ementa />
    <Titulo />
    <SubTitulo />
    <Texto><![CDATA[<p class="identifica">EXTRATO DE ADESÃO</p><p>Termo de Adesão n° 31/2025, que fazem entre si o INSTITUTO NACIONAL DE TRAUMATOLOGIA E ORTOPEDIA-INTO/MS e a empresa DISTRIBUIDORA DE MEDICAMENTOS SANTE LTDA. Vigência: até o dia 09/09/2026. Data da Assinatura: 29/12/2025. Modalidade: Pregão Eletrônico nº 90056/2025 - INSTITUTO NACIONAL DE CARDIOLOGISTA - UASG: 250059.Processo INTO nº 25057.005442/2025-84 - Processo Licitatório de Origem nº 33409.001509/2024-11. José Paulo Gabbi Aramburú Filho Diretor</p>]]></Texto>
  </body>
  <Midias />
</article></xml>