﻿<xml><article id="47237217" name="2025-12-28/11497626/COMPRASNETWS" idOficio="11497626" pubName="DO3" artType="Extrato de Termo Aditivo" pubDate="02/01/2026" artClass="00025:00083:00000:00000:00000:00000:00000:00000:00000:00000:00053:00001" artCategory="Ministério da Educação/Instituto Federal de Educação, Ciência e Tecnologia de Santa Catarina" artSize="12" artNotes="" numberPage="22" pdfPage="http://pesquisa.in.gov.br/imprensa/jsp/visualiza/index.jsp?data=02/01/2026&amp;jornal=530&amp;pagina=22" editionNumber="1" highlightType="" highlightPriority="" highlight="" highlightimage="" highlightimagename="" idMateria="23461072">
  <body>
    <Identifica><![CDATA[ EXTRATO DE TERMO ADITIVO Nº 3/2025 - UASG 158516]]></Identifica>
    <Data><![CDATA[]]></Data>
    <Ementa />
    <Titulo />
    <SubTitulo />
    <Texto><![CDATA[<p class="identifica">EXTRATO DE TERMO ADITIVO Nº 3/2025 - UASG 158516</p><p>Número do Contrato: 30/2021.</p><p>Nº Processo: 19973.104892/2019-66.</p><p>Pregão. Nº 6/2020. Contratante: INST.FED.DE EDUC.,CIENC.E TEC.DE STA.CAT/IFSC. Contratado: 40.432.544/0001-47 - CLARO S.A.. Objeto: Prorrogação contratual.. Vigência: 25/11/2025 a 25/05/2026. Valor Total Atualizado do Contrato: R$ 4.731,58. Data de Assinatura: 24/10/2025.</p><p>(COMPRASNET 4.0 - 24/10/2025).</p>]]></Texto>
  </body>
  <Midias />
</article></xml>