﻿<xml><article id="47232772" name="SINTESE DA ATA DE REGISTRO DE PR" idOficio="11498723" pubName="DO3" artType="Extrato da Ata" pubDate="02/01/2026" artClass="00075:00022:00014:00000:00000:00000:00000:00000:00000:00000:00181:00000" artCategory="Prefeituras/Estado de Roraima/Prefeitura Municipal de Normandia" artSize="12" artNotes="" numberPage="165" pdfPage="http://pesquisa.in.gov.br/imprensa/jsp/visualiza/index.jsp?data=02/01/2026&amp;jornal=530&amp;pagina=165" editionNumber="1" highlightType="" highlightPriority="" highlight="" highlightimage="" highlightimagename="" idMateria="23462563">
  <body>
    <Identifica><![CDATA[aviso DE REGISTRO DE PREÇOS]]></Identifica>
    <Data><![CDATA[  Normandia - RR, 29 de dezembro de 2025.]]></Data>
    <Ementa />
    <Titulo />
    <SubTitulo />
    <Texto><![CDATA[<p class="identifica">aviso DE REGISTRO DE PREÇOS</p><p>SÍNTESE DA ATA DE REGISTRO DE PREÇOS N° 023/2025</p><p>DO PREGÃO PRESENCIAL SOB O SISTEMA DE REGISTRO DE PREÇOS N° 024/2025 - CCL</p><p>A Comissão de Contratação e Licitação - CCL, através da PREFEITURA MUNICIPAL DE NORMANDIA - PMN, por intermédio da Pregoeira CIRES DE NAZARÉ SOUSA LIMA, em cumprimento ao Decreto n° 7892, de 23 de janeiro de 2013, torna público os preços REGISTRADOS em PREGÃO supracitado, oriundo do PREGÃO PRESENCIAL: 024/2025, cujo Objeto é a "EVENTUAL CONTRATAÇÃO DE EMPRESA ESPECIALIZADA EM FORNENCIMENTO DE GENÊROS ALIMENTÍCIOS PERECÍVEIS E NÃO PRECÍVEIS, PARA ATENDER A SECRETARIA DE SAUDE".</p><p>EMPRESA VENCEDORA: V. F. SÁ &amp; R. S. ALVES LTDA - CNPJ: 37.902.306/0001-43.</p><p>VALOR DOS ITENS: LOTE I: R$ 475.000,00. LOTE II: R$ 600.000,00.</p><p>A Ata de Registro de Preços terá validade de 12 (doze) meses, contados da data da publicação desta Síntese.</p><p>Demais informações encontram-se disponíveis na Prefeitura Municipal de Normandia - PMN.</p><p class="data">Normandia - RR, 29 de dezembro de 2025.</p><p class="assina">CIRES DE NAZARÉ SOUSA LIMA</p><p class="cargo">Pregoeira/Agente de Contratação</p>]]></Texto>
  </body>
  <Midias />
</article></xml>