﻿<xml><article id="47238558" name="2025-12-31/11504058/SICONV_23471" idOficio="11504058" pubName="DO3" artType="Extrato de Convênio" pubDate="02/01/2026" artClass="00032:00029:00000:00000:00000:00000:00000:00000:00000:00000:00031:00001" artCategory="Ministério da Integração e do Desenvolvimento Regional/Secretaria Nacional de Políticas de Desenvolvimento Regional e Territorial" artSize="12" artNotes="" numberPage="99" pdfPage="http://pesquisa.in.gov.br/imprensa/jsp/visualiza/index.jsp?data=02/01/2026&amp;jornal=530&amp;pagina=99" editionNumber="1" highlightType="" highlightPriority="" highlight="" highlightimage="" highlightimagename="" idMateria="23471008">
  <body>
    <Identifica><![CDATA[ EXTRATO DE CONVÊNIO]]></Identifica>
    <Data><![CDATA[]]></Data>
    <Ementa />
    <Titulo />
    <SubTitulo />
    <Texto><![CDATA[<p class="identifica">EXTRATO DE CONVÊNIO</p><p>Espécie: Convênio Código 984008, Nº Processo: 59000020012202560, Concedente: MINISTÉRIO DA INTEGRAÇÃO E DO DESENVOLVIMENTO REGIONAL, Convenente: MUNICIPIO DE ADOLFO CNPJ nº 45140431000191, Objeto: AQUISIÇÃO DE MÁQUINAS E EQUIPAMENTOS PARA O MUNICÍPIO DE ADOLFO/SP, Valor Total: R$ 430.200,00, Valor de Contrapartida: R$ 450,00, Valor a ser transferido ou descentralizado por exercício: 2025 - R$ 429.750,00, Crédito Orçamentário: Num Empenho: 2025NE001143, Valor: R$ 429.750,00, PTRES: 258248, Fonte Recurso: 3129000000, ND: 444042, Vigência: 22/12/2025 a 22/09/2028, Data de Assinatura: 22/12/2025, Signatários: Concedente: DANIEL ALEX FORTUNATO CPF nº ***.182.211-**, Convenente: RICARDO DI GIORGIO ROBLES CPF nº ***.448.468-**.</p>]]></Texto>
  </body>
  <Midias />
</article></xml>