﻿<xml><article id="47238237" name="2025-12-30/11503911/COMPRASNETWS" idOficio="11503911" pubName="DO3" artType="Extrato de Termo Aditivo" pubDate="02/01/2026" artClass="00025:00078:00000:00000:00000:00000:00000:00000:00000:00000:00053:00001" artCategory="Ministério da Educação/Instituto Federal de Educação, Ciência e Tecnologia do Rio Grande do Norte" artSize="12" artNotes="" numberPage="21" pdfPage="http://pesquisa.in.gov.br/imprensa/jsp/visualiza/index.jsp?data=02/01/2026&amp;jornal=530&amp;pagina=21" editionNumber="1" highlightType="" highlightPriority="" highlight="" highlightimage="" highlightimagename="" idMateria="23470772">
  <body>
    <Identifica><![CDATA[ EXTRATO DE TERMO ADITIVO Nº 402/2025 - UASG 158155]]></Identifica>
    <Data><![CDATA[]]></Data>
    <Ementa />
    <Titulo />
    <SubTitulo />
    <Texto><![CDATA[<p class="identifica">EXTRATO DE TERMO ADITIVO Nº 402/2025 - UASG 158155</p><p>Número do Contrato: 316/2025.</p><p>Nº Processo: 23421.005132/2025-39.</p><p>Dispensa. Nº 289/2025. Contratante: INST.FED.DE EDUC.,CIENC.E TEC.DO RN. Contratado: 02.852.277/0001-78 - FUNDACAO DE APOIO A EDUCACAO E AO DESENVOLVIMENTO TECNOLOGICO DO RN. Objeto: ACRESCER valores ao CONTRATO DE PRESTAÇÃO DE SERVIÇOS Nº 316/2025-PROAD/IFRN, em observância ao PARECER Nº 00332/2025/PF-IFRN/PFIFRIO GRANDE DO NORTE/PGF/AGU. Vigência: 24/12/2025 a 30/04/2026. Valor Total Atualizado do Contrato: R$ 1.755.000,00. Data de Assinatura: 24/12/2025.</p><p>(COMPRASNET 4.0 - 24/12/2025).</p>]]></Texto>
  </body>
  <Midias />
</article></xml>