﻿<xml><article id="47237667" name="2025-12-30/11500904/siasgnet_234" idOficio="11500904" pubName="DO3" artType="Aviso de Licitação-Pregão" pubDate="02/01/2026" artClass="00047:00054:00038:00000:00000:00000:00000:00000:00000:00000:00163:00001" artCategory="Ministério da Saúde/Fundação Oswaldo Cruz/Instituto Nacional de Infectologia Evandro Chagas" artSize="12" artNotes="" numberPage="119" pdfPage="http://pesquisa.in.gov.br/imprensa/jsp/visualiza/index.jsp?data=02/01/2026&amp;jornal=530&amp;pagina=119" editionNumber="1" highlightType="" highlightPriority="" highlight="" highlightimage="" highlightimagename="" idMateria="23465708">
  <body>
    <Identifica><![CDATA[ AVISO DE LICITAÇÃO]]></Identifica>
    <Data><![CDATA[]]></Data>
    <Ementa />
    <Titulo />
    <SubTitulo />
    <Texto><![CDATA[<p class="identifica">AVISO DE LICITAÇÃO</p><p class="identifica">Pregão Eletrônico Nº 90083/2025 - UASG 254492</p><p>Nº Processo: 25029000518202512. Objeto: Contratação de prestação de serviço de locação de equipamentos de produção de ar comprimido medicinal e vácuo clínico.. Total de Itens Licitados: 1. Edital: 02/01/2026 das 08h00 às 12h00 e das 13h00 às 17h00. Endereço: Av. Brasil, 4365 - Ini - Manguinhos, - Rio de Janeiro/RJ ou https://www.gov.br/compras/edital/254492-5-90083-2025. Entrega das Propostas: a partir de 02/01/2026 às 08h00 no site www.gov.br/compras. Abertura das Propostas: 16/01/2026 às 10h00 no site www.gov.br/compras. Informações Gerais: .</p><p class="assina">ESTEVAO PORTELA NUNES</p><p class="cargo">Diretor</p><p>(SIASGnet - 30/12/2025) 254492-36201-2025NE000034</p>]]></Texto>
  </body>
  <Midias />
</article></xml>