﻿<xml><article id="47237688" name="2025-12-31/11503991/SICONV_23470" idOficio="11503991" pubName="DO3" artType="Extrato de Convênio" pubDate="02/01/2026" artClass="00032:00029:00000:00000:00000:00000:00000:00000:00000:00000:00031:00001" artCategory="Ministério da Integração e do Desenvolvimento Regional/Secretaria Nacional de Políticas de Desenvolvimento Regional e Territorial" artSize="12" artNotes="" numberPage="98" pdfPage="http://pesquisa.in.gov.br/imprensa/jsp/visualiza/index.jsp?data=02/01/2026&amp;jornal=530&amp;pagina=98" editionNumber="1" highlightType="" highlightPriority="" highlight="" highlightimage="" highlightimagename="" idMateria="23470900">
  <body>
    <Identifica><![CDATA[ EXTRATO DE CONVÊNIO]]></Identifica>
    <Data><![CDATA[]]></Data>
    <Ementa />
    <Titulo />
    <SubTitulo />
    <Texto><![CDATA[<p class="identifica">EXTRATO DE CONVÊNIO</p><p>Espécie: Convênio Código 991233, Nº Processo: 59000023952202519, Concedente: MINISTÉRIO DA INTEGRAÇÃO E DO DESENVOLVIMENTO REGIONAL, Convenente: MUNICIPIO DE PILAO ARCADO CNPJ nº 13692033000191, Objeto: PAVIMENTAÇÃO DE ESTRADAS VICINAIS NO MUNICÍPIO DE PILÃO ARCADO/BA, Valor Total: R$ 1.434.500,00, Valor de Contrapartida: R$ 2.000,00, Valor a ser transferido ou descentralizado por exercício: 2025 - R$ 1.432.500,00, Crédito Orçamentário: Num Empenho: 2025NE001737, Valor: R$ 1.432.500,00, PTRES: 236492, Fonte Recurso: 3129000000, ND: 444042, Vigência: 30/12/2025 a 30/04/2029, Data de Assinatura: 30/12/2025, Signatários: Concedente: DANIEL ALEX FORTUNATO CPF nº ***.182.211-**, Convenente: LEOSMIR ATANAZIO GAMA CPF nº ***.314.915-**.</p>]]></Texto>
  </body>
  <Midias />
</article></xml>