﻿<xml><article id="47237835" name="2025-12-30/11500942/siasgnet_234" idOficio="11500942" pubName="DO3" artType="Aviso de Licitação-Pregão" pubDate="02/01/2026" artClass="00016:00010:00024:00013:00000:00000:00000:00000:00000:00000:00163:00001" artCategory="Ministério da Defesa/Comando da Aeronáutica/Departamento de Controle do Espaço Aéreo/II Centro Integrado de Defesa Aérea e Controle de Tráfego Aéreo" artSize="12" artNotes="" numberPage="6" pdfPage="http://pesquisa.in.gov.br/imprensa/jsp/visualiza/index.jsp?data=02/01/2026&amp;jornal=530&amp;pagina=6" editionNumber="1" highlightType="" highlightPriority="" highlight="" highlightimage="" highlightimagename="" idMateria="23465698">
  <body>
    <Identifica><![CDATA[ AVISO DE LICITAÇÃO]]></Identifica>
    <Data><![CDATA[]]></Data>
    <Ementa />
    <Titulo />
    <SubTitulo />
    <Texto><![CDATA[<p class="identifica">AVISO DE LICITAÇÃO</p><p class="identifica">Pregão Eletrônico Nº 90092/2025 - UASG 120072</p><p>Nº Processo: 67613057158202581. Objeto: Contratação de serviços de manutenção do sistema HOCHIKI. Total de Itens Licitados: 1. Edital: 02/01/2026 das 08h00 às 12h00 e das 13h30 às 16h00. Endereço: Av. Erasto Gaertner, 1000 - Bacacheri, Bacacheri - Curitiba/PR ou https://www.gov.br/compras/edital/120072-5-90092-2025. Entrega das Propostas: a partir de 02/01/2026 às 08h00 no site www.gov.br/compras. Abertura das Propostas: 19/01/2026 às 09h00 no site www.gov.br/compras. Informações Gerais: .</p><p class="assina">REGILANIO ISAIAS AGUIAR DE MELO</p><p class="cargo">Ordenador de Despesas</p><p>(SIASGnet - 30/12/2025) 120072-00001-2025NE000097</p>]]></Texto>
  </body>
  <Midias />
</article></xml>