﻿<xml><article id="47232823" name="AVISO DE LICITACAO DA CONCORRENC" idOficio="11501475" pubName="DO3" artType="Aviso de Licitação-Concorrência" pubDate="02/01/2026" artClass="00075:00013:00179:00000:00000:00000:00000:00000:00000:00000:00160:00000" artCategory="Prefeituras/Estado do Pará/Prefeitura Municipal de Óbidos" artSize="12" artNotes="" numberPage="164" pdfPage="http://pesquisa.in.gov.br/imprensa/jsp/visualiza/index.jsp?data=02/01/2026&amp;jornal=530&amp;pagina=164" editionNumber="1" highlightType="" highlightPriority="" highlight="" highlightimage="" highlightimagename="" idMateria="23466503">
  <body>
    <Identifica><![CDATA[ AVISO DE LICITAÇÃO ]]></Identifica>
    <Data><![CDATA[]]></Data>
    <Ementa />
    <Titulo />
    <SubTitulo />
    <Texto><![CDATA[<p class="identifica">AVISO DE LICITAÇÃO</p><p class="identifica">CONCORRÊNCIA ELETRÔNICA Nº 3/2025-00017</p><p>Tipo menor preço. Objeto: Contratação de Empresa Especializada para Executar os Serviços de Fundação e Contenção do Terreno em que será Construída a Escola de 09 Salas (Felipe Patroni), no Município de Óbidos - Pará - conforme Termo de Compromisso n°202141828-1. A abertura do certame ocorrerá no dia 16/01/2026 às 08:30hrs, no Site do Bolsa Nacional de Compras - BNC. O edital e seus anexos encontram-se disponíveis no Mural de Licitações/TCM/PA, www.bnc.org.br ou pelo site https://obidos.pa.gov.br/</p><p class="assina">MARIETA MENDONÇA PINHEIRO</p><p class="cargo">Agente de Contratação</p>]]></Texto>
  </body>
  <Midias />
</article></xml>