﻿<xml><article id="47238678" name="2025-12-31/11504069/COMPRASNETWS" idOficio="11504069" pubName="DO3" artType="Extrato de Contrato" pubDate="02/01/2026" artClass="00006:00007:00013:00009:00016:00000:00000:00000:00000:00000:00030:00001" artCategory="Presidência da República/Advocacia-Geral da União/Secretaria-Geral de Consultoria/Secretaria de Gestão Administrativa/Superintendência Regional de Administração da 3ª Região" artSize="12" artNotes="" numberPage="1" pdfPage="http://pesquisa.in.gov.br/imprensa/jsp/visualiza/index.jsp?data=02/01/2026&amp;jornal=530&amp;pagina=1" editionNumber="1" highlightType="" highlightPriority="" highlight="" highlightimage="" highlightimagename="" idMateria="23470993">
  <body>
    <Identifica><![CDATA[ EXTRATO DE CONTRATO Nº 12/2025 - UASG 110099]]></Identifica>
    <Data><![CDATA[]]></Data>
    <Ementa />
    <Titulo />
    <SubTitulo />
    <Texto><![CDATA[<p class="identifica">EXTRATO DE CONTRATO Nº 12/2025 - UASG 110099</p><p>Nº Processo: 00589.002595/2025-31.</p><p>Pregão Nº 90003/2025. Contratante: SUPERINTENDENCIA REG. DE ADMIN. DA 3ª REGIAO.</p><p>Contratado: 13.353.695/0001-37 - OPERACIONAL SEGURANCA E VIGILANCIA LTDA. Objeto: Contratação de serviços contínuos de vigilância orgânica e segurança patrimonial, desarmada, para as unidades da PSF e PSU São José do Rio Preto, incluindo o fornecimento de todos os insumos (materiais e equipamentos) necessários à execução do objeto, a serem executados com regime de dedicação exclusiva de mão de obra, nas condições estabelecidas no Termo de Referência.</p><p>Fundamento Legal: LEI 14.133/2021. Vigência: 13/01/2026 a 13/01/2031. Valor Total: R$ 1.610.398,80. Data de Assinatura: 30/12/2025.</p><p>(COMPRASNET 4.0 - 31/12/2025).</p>]]></Texto>
  </body>
  <Midias />
</article></xml>