﻿<xml><article id="47233824" name="aviso.Cr03_2025 Escola - REPUBLI" idOficio="11502007" pubName="DO3" artType="Aviso de Licitação-Concorrência" pubDate="02/01/2026" artClass="00075:00025:00040:00000:00000:00000:00000:00000:00000:00000:00160:00000" artCategory="Prefeituras/Estado de Sergipe/Prefeitura Municipal de Itabaianinha" artSize="12" artNotes="" numberPage="166" pdfPage="http://pesquisa.in.gov.br/imprensa/jsp/visualiza/index.jsp?data=02/01/2026&amp;jornal=530&amp;pagina=166" editionNumber="1" highlightType="" highlightPriority="" highlight="" highlightimage="" highlightimagename="" idMateria="23467170">
  <body>
    <Identifica><![CDATA[ AVISO DE LICITAÇÃO - REPUBLICAÇÃO]]></Identifica>
    <Data><![CDATA[ Itabaianinha (SE), 30 de dezembro de 2025.]]></Data>
    <Ementa />
    <Titulo />
    <SubTitulo />
    <Texto><![CDATA[<p class="identifica">AVISO DE LICITAÇÃO - REPUBLICAÇÃO</p><p class="identifica">CONCORRENCIA ELETRÔNICA Nº 3/2025</p><p>OBJETO: Construção de UMA Escola em Tempo Integral - FNDE Escola de 9 Salas - Térrea, na Rodovia Gabriel Mota Guimarães, perímetro Urbana do Município de Itabaianinha/SE.</p><p>DATA DE ABERTURA DA SESSÃO: 22.01.2026, às 9h. Local: plataforma eletrônica online, através do site http://www.licitanet.com.br.</p><p>TIPO DE LICITAÇÃO: Menor Preço Global.</p><p>PRAZO DE EXECUÇÃO: 24 (vinte e quatro) meses.</p><p>REGIME DE EXECUÇÃO: Empreitada por Preço Global.</p><p>VALOR MÁXIMO ESTIMADO: R$ 9.638.536,57 (nove milhões, seiscentos e trinta e oito mil, quinhentos e trinta e seis reais e cinquenta e sete centavos).</p><p>FONTE DE RECURSO: Novo PAC nº 26298009249/2023 / TERMO DE COMPROMISSO Nº 960979/2024/FNDE/CAIXA.</p><p>gESTÃO/UNIDADE: 15007 - SECRETARIA MUNICIPAL DE EDUCAÇÃO/15018 - fundo municipal de educação básica; FONTE DE RECURSOS: 15690000 - OUTRAS TRANSFERÊNCIAS DE RECURSOS DO FNDE/FONTE DE RECURSOS: 15420000 - TRANSFERÊNCIAS DO FUNDEB - COMPLEMENTAÇÃO DA UNIÇÃO - VAAT; PROGRAMA DE TRABALHO: 0005 - ACESSO UNIVERSAL AO ESINO PÚBLICO DE QUALIDADE; SUBELEMENTO: 44905103 - OBRAS E/OU EDIFICAÇÕES PARA USO COMUM DO POVO.</p><p>BASE LEGAL: Lei Federal nº 14.133/21.</p><p>NUMERO DO PARECER JURÍDICO: 352/2025.</p><p>O Edital poderá ser adquirido no endereço https://itabaianinha.se.gov.br/portaltransparencia/?servico=cidadao/publicacaolicitacao e http://www.licitanet.com.br e e-mail: pmilicitacao@hotmail.com. Demais informações pelo fone (79) 3544-1291.</p><p class="data">Itabaianinha (SE), 30 de dezembro de 2025.</p><p class="assina">REGINALDO VIEIRA DA SILVEIRA</p><p class="cargo">Agente de Contratação</p>]]></Texto>
  </body>
  <Midias />
</article></xml>