﻿<xml><article id="47232083" name="DOU - LUIGI ZACCARIA n enviado" idOficio="11500857" pubName="DO3" artType="Edital de Intimação" pubDate="02/01/2026" artClass="00016:00011:00014:00011:00002:00000:00000:00000:00000:00000:00061:00000" artCategory="Ministério da Defesa/Comando do Exército/Comando Militar do Sudeste/2ª Divisão de Exército/11ª Brigada de Infantaria Mecanizada" artSize="12" artNotes="" numberPage="9" pdfPage="http://pesquisa.in.gov.br/imprensa/jsp/visualiza/index.jsp?data=02/01/2026&amp;jornal=530&amp;pagina=9" editionNumber="1" highlightType="" highlightPriority="" highlight="" highlightimage="" highlightimagename="" idMateria="23465660">
  <body>
    <Identifica><![CDATA[ EDITAL DE INTIMAçãO]]></Identifica>
    <Data><![CDATA[ Campinas/SP, 30 de dezembro de 2025.]]></Data>
    <Ementa />
    <Titulo />
    <SubTitulo />
    <Texto><![CDATA[<p class="identifica">EDITAL DE INTIMAçãO</p><p>SANTIAGO CESAR FRANCA BUDO, Comandante da 11 Brigada de Infantaria Mecanizada, no uso de suas atribuicoes legais. FAZ SABER, aos que o presente Edital virem ou dele noticia tiverem, e a quem possa interessar que com base no art. 26, paragrafo 4, da Lei n 9784/99, considerando que restaram frustradas as tentativas de intimacao direta, INTIMA o Sr LUIGI ZACCARIA, CR 155084, para que compareca ao Cmdo da 11 Bda Inf Mec/Secao de Fiscalizacao de Produtos Controlados 2.08, Na Av. Soldado Passarinho s/n, Jardim Chapadao, Campinas SP, no prazo de 10 (dez) dias corridos a contar desta publicacao.</p><p class="data">Campinas/SP, 30 de dezembro de 2025.</p><p class="assina">BRUNO JULIANO DE ARAUJO - Maj</p><p class="cargo">Ordenador de Despesas</p>]]></Texto>
  </body>
  <Midias />
</article></xml>