﻿<xml><article id="47232553" name="EXTRATO DE ADITAMENTO - VIGENCIA" idOficio="11487069" pubName="DO3" artType="Extrato de Contrato" pubDate="02/01/2026" artClass="00025:00084:00009:00000:00000:00000:00000:00000:00000:00000:00030:00000" artCategory="Ministério da Educação/Instituto Federal de Educação, Ciência e Tecnologia de São Paulo/Campus Campinas" artSize="12" artNotes="" numberPage="23" pdfPage="http://pesquisa.in.gov.br/imprensa/jsp/visualiza/index.jsp?data=02/01/2026&amp;jornal=530&amp;pagina=23" editionNumber="1" highlightType="" highlightPriority="" highlight="" highlightimage="" highlightimagename="" idMateria="23445660">
  <body>
    <Identifica><![CDATA[ EXTRATOS DE TERMOS ADITIVOS]]></Identifica>
    <Data><![CDATA[]]></Data>
    <Ementa />
    <Titulo />
    <SubTitulo />
    <Texto><![CDATA[<p class="identifica">EXTRATOS DE TERMOS ADITIVOS</p><p>EXTRATO DO 3º ADITAMENTO DO CONTRATO Nº 7/2024</p><p>Objeto: aditamento de vigência.</p><p>Contratante: IFSP - Campus Campinas.</p><p>Contratado(a): Marcos Brandao Rios</p><p>Vigência: 01/01/2026 a 07/06/2026.</p><p>Assinaturas: Marcelo Garcia Bonfim, pela contratante, e Marcos Brandao Rios, contratado(a).</p><p>EXTRATO DO 3º ADITAMENTO DO CONTRATO Nº 8/2024</p><p>Objeto: aditamento de vigência.</p><p>Contratante: IFSP - Campus Campinas.</p><p>Contratado(a): Clara Moreira Senne</p><p>Vigência: 01/01/2026 a 31/07/2026.</p><p>Assinaturas: Marcelo Garcia Bonfim, pela contratante, e Clara Moreira Senne, contratado(a).</p><p>EXTRATO DO 2º ADITAMENTO DO CONTRATO Nº 2/2025</p><p>Objeto: aditamento de vigência.</p><p>Contratante: IFSP - Campus Campinas.</p><p>Contratado(a): Mailson Gonçalves da Silva</p><p>Vigência: 01/01/2026 a 31/07/2026.</p><p>Assinaturas: Marcelo Garcia Bonfim, pela contratante, e Mailson Gonçalves da Silva, contratado(a).</p><p>EXTRATO DO 1º ADITAMENTO DO CONTRATO Nº 9/2025</p><p>Objeto: aditamento de vigência.</p><p>Contratante: IFSP - Campus Campinas.</p><p>Contratado(a): Leonardo Augusto Arruda</p><p>Vigência: 01/01/2026 a 31/07/2026.</p><p>Assinaturas: Marcelo Garcia Bonfim, pela contratante, e Leonardo Augusto Arruda, contratado(a).</p><p>EXTRATO DO 1º ADITAMENTO DO CONTRATO Nº 10/2025</p><p>Objeto: aditamento de vigência.</p><p>Contratante: IFSP - Campus Campinas.</p><p>Contratado(a): Matheus Cardoso da Silva</p><p>Vigência: 01/01/2026 a 31/07/2026.</p><p>Assinaturas: Marcelo Garcia Bonfim, pela contratante, e Matheus Cardoso da Silva, contratado(a).</p><p>EXTRATO DO 1º ADITAMENTO DO CONTRATO Nº 12/2025</p><p>Objeto: aditamento de vigência.</p><p>Contratante: IFSP - Campus Campinas.</p><p>Contratado(a): Leandro Aparecido Alves Custodio</p><p>Vigência: 01/01/2026 a 31/07/2026.</p><p>Assinaturas: Marcelo Garcia Bonfim, pela contratante, e Leandro Aparecido Alves Custodio, contratado(a).</p><p>EXTRATO DO 1º ADITAMENTO DO CONTRATO Nº 13/2025</p><p>Objeto: aditamento de vigência.</p><p>Contratante: IFSP - Campus Campinas.</p><p>Contratado(a): Yu Tzu Wu</p><p>Vigência: 01/01/2026 a 31/07/2026.</p><p>Assinaturas: Marcelo Garcia Bonfim, pela contratante, e Yu Tzu Wu, contratado(a).</p><p>EXTRATO DO 1º ADITAMENTO DO CONTRATO Nº 15/2025</p><p>Objeto: aditamento de vigência.</p><p>Contratante: IFSP - Campus Campinas.</p><p>Contratado(a): Ivo Carvalho Silva Júnior</p><p>Vigência: 01/01/2026 a 18/03/2026.</p><p>Assinaturas: Marcelo Garcia Bonfim, pela contratante, e Ivo Carvalho Silva Júnior, contratado(a).</p>]]></Texto>
  </body>
  <Midias />
</article></xml>