﻿<xml><article id="47233446" name="DOU - PREG 45" idOficio="11498725" pubName="DO3" artType="Aviso de Licitação" pubDate="02/01/2026" artClass="00075:00019:00280:00000:00000:00000:00000:00000:00000:00000:00079:00000" artCategory="Prefeituras/Estado do Rio Grande do Sul/Prefeitura Municipal de Jaguarão" artSize="12" artNotes="" numberPage="165" pdfPage="http://pesquisa.in.gov.br/imprensa/jsp/visualiza/index.jsp?data=02/01/2026&amp;jornal=530&amp;pagina=165" editionNumber="1" highlightType="" highlightPriority="" highlight="" highlightimage="" highlightimagename="" idMateria="23462566">
  <body>
    <Identifica><![CDATA[AVISO DE LICITAÇÃO]]></Identifica>
    <Data><![CDATA[]]></Data>
    <Ementa />
    <Titulo />
    <SubTitulo />
    <Texto><![CDATA[<p></p><p class="identifica">AVISO DE LICITAÇÃO</p><p class="identifica">PREGÃO nº 45/2025 - SRP</p><p>CONTRATAÇÃO DE EMPRESA PARA A PRESTAÇÃO DE SERVIÇOS NECESSÁRIOS PARA A REALIZAÇÃO DO EVENTO CARNAVAL 2026 DO MUNICIPIO DE JAGUARÃO-RS. Dia 23/01/2026 às 9h. O Edital estará disponível nos sites www.jaguarao.rs.gov.br e www.portaldecompraspublicas.com.br. A Licitação será realizada no de forma eletrônica no endereço acima, pelo Núcleo de Licitações da Prefeitura Municipal de Jaguarão. Informações pelos telefones 0800 000 2042 - Ramal 2 ou (53) 3261 5880, no horário das 08h às 14h.</p><p class="assina">Rogério Lemos Cruz</p><p class="cargo">Prefeito</p>]]></Texto>
  </body>
  <Midias />
</article></xml>