﻿<xml><article id="47233702" name="PREF - NIQUELANDIA - PE 27 - PE " idOficio="11502908" pubName="DO3" artType="Aviso" pubDate="02/01/2026" artClass="00075:00008:00216:00000:00000:00000:00000:00000:00000:00000:00107:00000" artCategory="Prefeituras/Estado de Goiás/Prefeitura Municipal de Niquelândia" artSize="12" artNotes="" numberPage="162" pdfPage="http://pesquisa.in.gov.br/imprensa/jsp/visualiza/index.jsp?data=02/01/2026&amp;jornal=530&amp;pagina=162" editionNumber="1" highlightType="" highlightPriority="" highlight="" highlightimage="" highlightimagename="" idMateria="23468331">
  <body>
    <Identifica><![CDATA[ AVISOs DE licitação]]></Identifica>
    <Data><![CDATA[Niquelândia, 30 de dezembro de 2025. ]]></Data>
    <Ementa />
    <Titulo />
    <SubTitulo />
    <Texto><![CDATA[<p class="identifica">AVISOs DE licitação</p><p class="identifica">PREGÃO ELETRÔNICO Nº 27/2025</p><p>O Município de Niquelândia, através do Fundo Municipal de Saúde, torna público, para o conhecimento dos interessados, que fará realizar licitação na modalidade PREGÃO ELETRÔNICO, tipo MENOR PREÇO UNITÁRIO, sendo EDITAL 027/2025, objetivando a Contratação de empresa para prestação de serviço de COLETA, TRANSPORTE, TRATAMENTO E DESTINAÇÃO ADEQUADA DOS RESÍDUOS HOSPITALARES DOS GRUPOS A, B E E, para atender as necessidades do Fundo Municipal de Saúde de Niquelândia, Estado de Goiás, de acordo com as condições, especificações e quantitativos, estabelecidos no Termo de Referência - Anexo I do Edital. O presente edital estará disponível aos interessados no Departamento de Licitações das 08:00h às 11:00h e das 13:00h às 17:00h e, nos sites www.bnc.org.br, www.gov.br/pncp/pt-br e www.niquelandia.go.gov.br, ou podendo ser solicitado através do e-mail licitacao@niquelandia.go.gov.br. Entrega das Propostas: a partir de 02/01/2026 no site www.bnc.org.br. Abertura das Propostas: 19/01/2026 às 09:00h (horário de Brasília) no site www.bnc.org.br. Niquelândia, 30 de dezembro de 2025. CLÁUDIA MENDES PEIXOTO DOS SANTOS Agente de Contratação/Pregoeira - Decreto Municipal 246/2025</p><p class="identifica">PREGÃO ELETRÔNICO Nº 28/2025</p><p>O Município de Niquelândia, por intermédio do Fundo Municipal de Educação, torna público, para o conhecimento dos interessados, que fará realizar licitação na modalidade Pregão Eletrônico, tipo MENOR PREÇO UNITÁRIO, sendo EDITAL 028/2025, objetivando a Contratação de empresa prestadora de serviços de transporte escolar de alunos e Funcionários da zona urbana e rural e assentamentos em estradas pavimentadas e não pavimentadas do munícipio de Niquelândia - GO, para atender as necessidades do Fundo Municipal de Educação, conforme condições, quantidades e exigências estabelecidas, no Termo de Referência - Anexo I do Edital. O presente edital estará disponível aos interessados no Departamento de Licitações, das 08:00h às 11:00h e das 13:00h às 17:00h e, nos sites e www.niquelandia.go.gov.br, e www.gov.br/pncp/pt-br ou podendo ser solicitado através do e-mail licitacao@niquelandia.go.gov.br. Entrega das Propostas: a partir de 05/01/2026 no site www.bnc.org.br. Abertura das Propostas: 19/01/2026 às 09:00h (horário de Brasília) no site www.bnc.org.br.</p><p class="data">Niquelândia, 30 de dezembro de 2025.</p><p class="assina">LUCINEIDE CORREIA MARTINS</p><p class="cargo">Agente de Contratação</p>]]></Texto>
  </body>
  <Midias />
</article></xml>