﻿<xml><article id="47229294" name="1A TA - CT 026_2025_BNB" idOficio="11503861" pubName="DO3" artType="Extrato de Termo Aditivo" pubDate="02/01/2026" artClass="00051:00028:00000:00000:00000:00000:00000:00000:00000:00000:00053:00000" artCategory="Ministério do Turismo/Secretaria Nacional de Infraestrutura, Crédito e Investimento no Turismo" artSize="12" artNotes="" numberPage="123" pdfPage="http://pesquisa.in.gov.br/imprensa/jsp/visualiza/index.jsp?data=02/01/2026&amp;jornal=530&amp;pagina=123" editionNumber="1" highlightType="" highlightPriority="" highlight="" highlightimage="" highlightimagename="" idMateria="23470717">
  <body>
    <Identifica><![CDATA[ EXTRATO DE TERMO ADITIVO]]></Identifica>
    <Data><![CDATA[]]></Data>
    <Ementa />
    <Titulo />
    <SubTitulo />
    <Texto><![CDATA[<p class="identifica">EXTRATO DE TERMO ADITIVO</p><p>PRIMEIRO TERMO ADITIVO AO CONTRATO N° 026/2025. N° Processo: 72031.005726/2025-49. Contratante: MINISTÉRIO DO TURISMO. Contratado BANCO DO NORDESTE DO BRASIL S.A. - CNPJ/MF nº 07.237.373/0001-20. Objeto: Alterar as cláusulas quinta e sétima do Contrato Administrativo nº 026/2025, que tem por objeto a prestação de serviços, por meio de agente financeiro, com capacidade técnica comprovada e integrante do Sistema Financeiro Nacional, incluindo cooperativas de crédito, prestando serviços essenciais à intermediação das operações de financiamentos privados de capital fixo, compreendendo as obras civis para implantação, ampliação, modernização e reforma; para a aquisição de bens; de capital de giro; de empreendimentos de finalidade ou interesse do turismo nacional, preferencialmente micros, pequenas e médias empresas; empresários individuais e Sociedade Limitada Unipessoal - SLU, que exerçam atividades econômicas relacionadas à cadeia produtiva do setor turístico, conforme disposto nos arts. 21 e 21-A da Lei nº 11.771, de 17 de setembro de 2008, e que estejam devidamente cadastrados no Cadastro de Prestadores de Serviços Turísticos - CADASTUR, nas condições estabelecidas no Termo de Referência. Fundamento legal: Lei nº 14.133/2021. NE nº 2025NE000062, no valor de R$ 20.600.525,38, e NE n° 2025NE000063 no valor de R$ 5.248.623,77.</p>]]></Texto>
  </body>
  <Midias />
</article></xml>