﻿<xml><article id="47238882" name="2025-12-30/11503030/COMPRASNETWS" idOficio="11503030" pubName="DO3" artType="Extrato de Contrato" pubDate="02/01/2026" artClass="00041:00019:00000:00000:00000:00000:00000:00000:00000:00000:00030:00001" artCategory="Ministério de Portos e Aeroportos/Agência Nacional de Aviação Civil" artSize="12" artNotes="" numberPage="111" pdfPage="http://pesquisa.in.gov.br/imprensa/jsp/visualiza/index.jsp?data=02/01/2026&amp;jornal=530&amp;pagina=111" editionNumber="1" highlightType="" highlightPriority="" highlight="" highlightimage="" highlightimagename="" idMateria="23468446">
  <body>
    <Identifica><![CDATA[ EXTRATO DE CONTRATO Nº 48/2025 - UASG 113214]]></Identifica>
    <Data><![CDATA[]]></Data>
    <Ementa />
    <Titulo />
    <SubTitulo />
    <Texto><![CDATA[<p class="identifica">EXTRATO DE CONTRATO Nº 48/2025 - UASG 113214</p><p>Nº Processo: 00058.068789/2024-16.</p><p>Pregão Nº 90023/2025. Contratante: AGÊNCIA NACIONAL DE AVIAÇÃO CIVIL.</p><p>Contratado: 27.975.535/0001-34 - VIDEO MAIS COMERCIO E SERVICOS DE AUDIO E VIDEO LTDA. Objeto: Aquisição de microfone digital destinados à modernização dos equipamentos de áudio e vídeo do auditório da Agência, localizado na cidades de Brasília - DF.</p><p>Fundamento Legal: LEI 14.133/2021. Vigência: 30/12/2025 a 30/06/2026. Valor Total: R$ 160.400,00. Data de Assinatura: 30/12/2025.</p><p>(COMPRASNET 4.0 - 30/12/2025).</p>]]></Texto>
  </body>
  <Midias />
</article></xml>