﻿<xml><article id="47229315" name="Extrato de Termo Aditivo ao Cont" idOficio="11503841" pubName="DO3" artType="Extrato de Termo Aditivo" pubDate="02/01/2026" artClass="00051:00028:00000:00000:00000:00000:00000:00000:00000:00000:00053:00000" artCategory="Ministério do Turismo/Secretaria Nacional de Infraestrutura, Crédito e Investimento no Turismo" artSize="12" artNotes="" numberPage="123" pdfPage="http://pesquisa.in.gov.br/imprensa/jsp/visualiza/index.jsp?data=02/01/2026&amp;jornal=530&amp;pagina=123" editionNumber="1" highlightType="" highlightPriority="" highlight="" highlightimage="" highlightimagename="" idMateria="23470681">
  <body>
    <Identifica><![CDATA[ EXTRATO DE TERMO ADITIVO]]></Identifica>
    <Data><![CDATA[]]></Data>
    <Ementa />
    <Titulo />
    <SubTitulo />
    <Texto><![CDATA[<p class="identifica">EXTRATO DE TERMO ADITIVO</p><p>EXTRATO DO PRIMEIRO TERMO ADITIVO AO CONTRATO Nº 009/2025. Nº Processo: 72031.004262/2025-53. Contratante: MINISTÉRIO DO TURISMO. Contratado: DESENBAHIA - AGÊNCIA DE FOMENTO DO ESTADO DA BAHIA S/A. CNPJ/MF sob o nº 15.163.587/0001-27. Objeto: alterar as cláusulas quinta e sétima do Contrato Administrativo nº 9, que tem por objeto a prestação de serviços, por meio de agente financeiro, com capacidade técnica comprovada e integrante do Sistema Financeiro Nacional, incluindo cooperativas de crédito, prestando serviços essenciais à intermediação das operações de financiamentos privados de capital fixo, compreendendo as obras civis para implantação, ampliação, modernização e reforma; para a aquisição de bens; de capital de giro; de empreendimentos de finalidade ou interesse do turismo nacional, preferencialmente micros, pequenas e médias empresas; empresários individuais e Sociedade Limitada Unipessoal - SLU, que exerçam atividades econômicas relacionadas à cadeia produtiva do setor turístico, conforme disposto nos arts. 21 e 21-A da Lei nº 11.771, de 17 de setembro de 2008, e que estejam devidamente cadastrados no Cadastro de Prestadores de Serviços Turísticos - CADASTUR, nas condições estabelecidas no Termo de Referência. Fundamento legal: Lei nº 14.133/2021. NE nº 2025NE000056, no valor de R$ 5.002.814,90, e NE nº 2025NE000057, no valor de R$ 2.667.856,33.</p>]]></Texto>
  </body>
  <Midias />
</article></xml>