﻿<xml><article id="47238971" name="2025-12-30/11501863/COMPRASNETWS" idOficio="11501863" pubName="DO3" artType="Extrato de Contrato" pubDate="02/01/2026" artClass="00047:00045:00008:00000:00000:00000:00000:00000:00000:00000:00030:00001" artCategory="Ministério da Saúde/Secretaria de Saúde Indígena/Distrito Sanitário Especial Indígena - Alto Rio Juruá" artSize="12" artNotes="" numberPage="117" pdfPage="http://pesquisa.in.gov.br/imprensa/jsp/visualiza/index.jsp?data=02/01/2026&amp;jornal=530&amp;pagina=117" editionNumber="1" highlightType="" highlightPriority="" highlight="" highlightimage="" highlightimagename="" idMateria="23466964">
  <body>
    <Identifica><![CDATA[ EXTRATO DE CONTRATO Nº 18/2025 - UASG 257021]]></Identifica>
    <Data><![CDATA[]]></Data>
    <Ementa />
    <Titulo />
    <SubTitulo />
    <Texto><![CDATA[<p class="identifica">EXTRATO DE CONTRATO Nº 18/2025 - UASG 257021</p><p>Nº Processo: 25032.000079/2024-16.</p><p>Pregão Nº 90018/2025. Contratante: DISTRITO SANIT.ESP.INDIGENA - ALTO RIO JURUA.</p><p>Contratado: 14.223.964/0001-03 - URBINE - TECNOLOGIA ADMINISTRACAO E MOBILIDADE URBANA LTDA. Objeto: O objeto do presente instrumento é a contratação de serviços contínuos de locação de embarcação incluindo o fornecimento de motor com manutenção preventiva e corretiva e contratação de condutor (barqueiro), visando atender as necessidades da sede administrativa do DSEI/ARJ e Polos Base, a serem executados com regime de dedicação exclusiva de mão de obra, nas condições estabelecidas no termo de referência..</p><p>Fundamento Legal: LEI 14.133/2021. Vigência: 24/12/2025 a 23/12/2026. Valor Total: R$ 5.499.819,96. Data de Assinatura: 24/12/2025.</p><p>(COMPRASNET 4.0 - 30/12/2025).</p>]]></Texto>
  </body>
  <Midias />
</article></xml>