﻿<xml><article id="47229382" name="1A TA - CT 004_2025_DESENVOLVE-A" idOficio="11503868" pubName="DO3" artType="Extrato de Termo Aditivo" pubDate="02/01/2026" artClass="00051:00028:00000:00000:00000:00000:00000:00000:00000:00000:00053:00000" artCategory="Ministério do Turismo/Secretaria Nacional de Infraestrutura, Crédito e Investimento no Turismo" artSize="12" artNotes="" numberPage="122" pdfPage="http://pesquisa.in.gov.br/imprensa/jsp/visualiza/index.jsp?data=02/01/2026&amp;jornal=530&amp;pagina=122" editionNumber="1" highlightType="" highlightPriority="" highlight="" highlightimage="" highlightimagename="" idMateria="23470728">
  <body>
    <Identifica><![CDATA[ EXTRATO DE TERMO ADITIVO]]></Identifica>
    <Data><![CDATA[]]></Data>
    <Ementa />
    <Titulo />
    <SubTitulo />
    <Texto><![CDATA[<p class="identifica">EXTRATO DE TERMO ADITIVO</p><p>PRIMEIRO TERMO ADITIVO AO CONTRATO N° 004/2025. Nº Processo: 72031.003391/2025-24. Contratante: MINISTÉRIO DO TURISMO. Contratado: AGÊNCIA DE FOMENTO DE ALAGOAS - DESENVOLVE/AL. CNPJ/MF nº 10.769.660/0001-95. OBJETO: alterar a cláusula sétima do Contrato Administrativo nº 004/2025, que tem por objeto a prestação de serviços, por meio de agente financeiro, com capacidade técnica comprovada e integrante do Sistema Financeiro Nacional, incluindo cooperativas de crédito, prestando serviços essenciais à intermediação das operações de financiamentos privados de capital fixo, compreendendo as obras civis para implantação, ampliação, modernização e reforma; para a aquisição de bens; de capital de giro; de empreendimentos de finalidade ou interesse do turismo nacional, preferencialmente micros, pequenas e médias empresas; empresários individuais e Sociedade Limitada Unipessoal - SLU, que exerçam atividades econômicas relacionadas à cadeia produtiva do setor turístico, conforme disposto nos arts. 21 e 21-A da Lei nº 11.771, de 17 de setembro de 2008, e que estejam devidamente cadastrados no Cadastro de Prestadores de Serviços Turísticos - CADASTUR, nas condições estabelecidas no Termo de Referência. Fundamento Legal: Lei nº 14.133/2021. NE nº 2025NE000090, no valor de R$ 161.209,98.</p>]]></Texto>
  </body>
  <Midias />
</article></xml>