﻿<xml><article id="47232547" name="Publicacao Processo 93-2025 Roco" idOficio="11501571" pubName="DO3" artType="Aviso de Licitação" pubDate="02/01/2026" artClass="00075:00016:00130:00000:00000:00000:00000:00000:00000:00000:00079:00000" artCategory="Prefeituras/Estado de Pernambuco/Prefeitura Municipal de Jucati" artSize="12" artNotes="" numberPage="165" pdfPage="http://pesquisa.in.gov.br/imprensa/jsp/visualiza/index.jsp?data=02/01/2026&amp;jornal=530&amp;pagina=165" editionNumber="1" highlightType="" highlightPriority="" highlight="" highlightimage="" highlightimagename="" idMateria="23466615">
  <body>
    <Identifica><![CDATA[AVISO DE LICITAÇÃO PREGÃO ELETRONICO PMJ Nº 23/2025]]></Identifica>
    <Data><![CDATA[ Jucati - PE 30 de dezembro de 2025.]]></Data>
    <Ementa />
    <Titulo />
    <SubTitulo />
    <Texto><![CDATA[<p class="identifica">AVISO DE LICITAÇÃO PREGÃO ELETRONICO PMJ Nº 23/2025</p><p>Objeto Contratação de empresa para execução de serviço de roço mecanizado das estradas vicinais do município de Jucati - PE. Valor máximo admitido: R$ 220.247,65 (duzentos e vinte mil duzentos e quarenta e sete reais e sessenta e cinco centavos). Data e hora da abertura: 16/01/2026 às 08:30 horas (horário de Brasília/DF), no sitio: www.bnc.org.br. Informações: os interessados poderão acessar e fazer download do edital e anexos nos sites: www.bnc.org.br e www.jucati.pe.gov.br. Informações e esclarecimentos adicionais poderão ser obtidos na sala da Comissão de Licitações, situada a Rua Rui Barbosa nº 175 - Centro - Jucati/PE no horário das 08:00 às 12:00hs, de segunda a sexta-feira ou através de solicitação por e-mail: cpljucati@gmail.com.</p><p class="data">Jucati - PE 30 de dezembro de 2025.</p><p class="assina">Helton Cordeiro de Farias da Silva</p><p class="cargo">Agente de Contratação/Pregoeiro</p>]]></Texto>
  </body>
  <Midias />
</article></xml>