﻿<xml><article id="47238906" name="2025-12-31/11504004/SICONV_23470" idOficio="11504004" pubName="DO3" artType="Extrato de Convênio" pubDate="02/01/2026" artClass="00032:00029:00000:00000:00000:00000:00000:00000:00000:00000:00031:00001" artCategory="Ministério da Integração e do Desenvolvimento Regional/Secretaria Nacional de Políticas de Desenvolvimento Regional e Territorial" artSize="12" artNotes="" numberPage="98" pdfPage="http://pesquisa.in.gov.br/imprensa/jsp/visualiza/index.jsp?data=02/01/2026&amp;jornal=530&amp;pagina=98" editionNumber="1" highlightType="" highlightPriority="" highlight="" highlightimage="" highlightimagename="" idMateria="23470887">
  <body>
    <Identifica><![CDATA[ EXTRATO DE CONVÊNIO]]></Identifica>
    <Data><![CDATA[]]></Data>
    <Ementa />
    <Titulo />
    <SubTitulo />
    <Texto><![CDATA[<p class="identifica">EXTRATO DE CONVÊNIO</p><p>Espécie: Convênio Código 979604, Nº Processo: 59000016424202503, Concedente: MINISTÉRIO DA INTEGRAÇÃO E DO DESENVOLVIMENTO REGIONAL, Convenente: MUNICIPIO DE ARAGUANA CNPJ nº 25063892000109, Objeto: Aquisição de máquinas/equipamentos para apoiar a infraestrutura produtiva no município de Araguanã-TO, Valor Total: R$ 478.000,00, Valor de Contrapartida: R$ 500,00, Valor a ser transferido ou descentralizado por exercício: 2025 - R$ 477.500,00, Crédito Orçamentário: Num Empenho: 2025NE000317, Valor: R$ 477.500,00, PTRES: 258247, Fonte Recurso: 3129000000, ND: 444042, Vigência: 23/12/2025 a 23/09/2028, Data de Assinatura: 23/12/2025, Signatários: Concedente: DANIEL ALEX FORTUNATO CPF nº ***.182.211-**, Convenente: MAX NYLTON BARBOSA DA SILVA CPF nº ***.817.011-**.</p>]]></Texto>
  </body>
  <Midias />
</article></xml>