﻿<xml><article id="47237841" name="2025-12-30/11501047/COMPRASNETWS" idOficio="11501047" pubName="DO3" artType="Extrato de Contrato" pubDate="02/01/2026" artClass="00047:00054:00044:00000:00000:00000:00000:00000:00000:00000:00030:00001" artCategory="Ministério da Saúde/Fundação Oswaldo Cruz/Instituto de Tecnologia em Imunobiológicos" artSize="12" artNotes="" numberPage="119" pdfPage="http://pesquisa.in.gov.br/imprensa/jsp/visualiza/index.jsp?data=02/01/2026&amp;jornal=530&amp;pagina=119" editionNumber="1" highlightType="" highlightPriority="" highlight="" highlightimage="" highlightimagename="" idMateria="23465844">
  <body>
    <Identifica><![CDATA[ EXTRATO DE CONTRATO Nº 482/2025 - UASG 254445]]></Identifica>
    <Data><![CDATA[]]></Data>
    <Ementa />
    <Titulo />
    <SubTitulo />
    <Texto><![CDATA[<p class="identifica">EXTRATO DE CONTRATO Nº 482/2025 - UASG 254445</p><p>Nº Processo: 25386.002099/2025-94.</p><p>Inexigibilidade Nº 408/2025. Contratante: INSTITUTO DE TECNOLOGIA EM IMUNOBIOLOGICOS.</p><p>Contratado: 01.649.192/0001-24 - INFOENG INFORMATICA E AUTOMACAO LTDA. Objeto: Contratação de serviços de engenharia e equipamentos para a integração dos sistemas de automação e controle do novo centro de produção de antígenos virais, em bio-manguinhos/fiocruz.</p><p>Fundamento Legal: LEI 14.133/2021 - Artigo: 74 - Inciso: I. Vigência: 30/12/2025 a 30/06/2026. Valor Total: R$ 23.000.317,65. Data de Assinatura: 30/12/2025.</p><p>(COMPRASNET 4.0 - 30/12/2025).</p>]]></Texto>
  </body>
  <Midias />
</article></xml>