﻿<xml><article id="47232038" name="AVISO DE RESULTADO - PREGAO 9000" idOficio="11504017" pubName="DO3" artType="Resultado de Julgamento de Licitação" pubDate="02/01/2026" artClass="00032:00038:00037:00000:00000:00000:00000:00000:00000:00000:00159:00000" artCategory="Ministério da Integração e do Desenvolvimento Regional/Companhia de Desenvolvimento dos Vales do São Francisco e do Parnaíba/13ª Superintendência Regional - João Pessoa/PB" artSize="12" artNotes="" numberPage="105" pdfPage="http://pesquisa.in.gov.br/imprensa/jsp/visualiza/index.jsp?data=02/01/2026&amp;jornal=530&amp;pagina=105" editionNumber="1" highlightType="" highlightPriority="" highlight="" highlightimage="" highlightimagename="" idMateria="23470920">
  <body>
    <Identifica><![CDATA[ RESULTADO DE JULGAMENTO  Pregão Eletrônico Nº 90004/2025 - SRP]]></Identifica>
    <Data><![CDATA[ Em 30 de dezembro de 2025.]]></Data>
    <Ementa />
    <Titulo />
    <SubTitulo />
    <Texto><![CDATA[<p></p><p class="identifica">RESULTADO DE JULGAMENTO Pregão Eletrônico Nº 90004/2025 - SRP</p><p>A 13ª Superintendência Regional da Companhia de Desenvolvimento dos Vales do São Francisco e do Parnaíba - CODEVASF - Comunica aos interessados no edital nº 90004/2025 - Pregão Eletrônico - SRP - menor preço global - que tem por objeto a contratação de empresa especializada na prestação de serviços continuados de apoio administrativo, em regime de dedicação exclusiva de mão de obra, com fornecimento de uniformes e pagamento de diárias, a serem executados nas dependências da Sede da 13ª Superintendência Regional da Codevasf, na cidade de João Pessoa/PB, e em suas unidades subordinadas localizadas na região metropolitana de João Pessoa, que declarou a empresa BENIT CONSTRUÇÕES, TERCEIRIZAÇÃO E SERVIÇOS LTDA, inscrita do CNPJ Nº 24.320.865/0001-01, vencedora do objeto desta licitação, no valor global de R$ 1.813.535,76 (um milhão, oitocentos e treze mil, quinhentos e trinta e cinco reais e setenta e seis centavos), conforme documentos do pregão eletrônico disponíveis em www.compras.gov.br ou www.codevasf.gov.br.</p><p class="data">Em 30 de dezembro de 2025.</p><p class="assina">FRED QUEIROGA PINTO</p><p class="cargo">Superintendente da 13ª Superintendência Regional da CODEVASF</p>]]></Texto>
  </body>
  <Midias />
</article></xml>