﻿<xml><article id="47231569" name="Extrato de Termo de Convenio nA " idOficio="11504033" pubName="DO3" artType="Extrato de Convênio" pubDate="02/01/2026" artClass="00021:00035:00000:00000:00000:00000:00000:00000:00000:00000:00031:00000" artCategory="Ministério dos Direitos Humanos e da Cidadania/Secretaria Nacional de Promoção e Defesa dos Direitos Humanos" artSize="12" artNotes="" numberPage="14" pdfPage="http://pesquisa.in.gov.br/imprensa/jsp/visualiza/index.jsp?data=02/01/2026&amp;jornal=530&amp;pagina=14" editionNumber="1" highlightType="" highlightPriority="" highlight="" highlightimage="" highlightimagename="" idMateria="23470944">
  <body>
    <Identifica><![CDATA[ EXTRATO   DE CONVÊNIO]]></Identifica>
    <Data><![CDATA[]]></Data>
    <Ementa />
    <Titulo />
    <SubTitulo />
    <Texto><![CDATA[<p class="identifica">EXTRATO DE CONVÊNIO</p><p>Espécie: Termo de Convênio nº 003/2025, nº Processo: 00135.207173/2025-98, CONCEDENTE: Secretaria Nacional de Promoção e Defesa dos Direitos Humanos do Ministério dos Direitos Humanos e da Cidadania, CNPJ nº 27.136.980/0005-34, CONVENENTE: SECRETARIA DE ESTADO DE ASSISTÊNCIA SOCIAL E CIDADANIA DE MATO GROSSO - SETASC/MT, CNPJ nº 57.094.030/0001-21, Interveniente: ESTADO DO MATO GROSSO, CNPJ nº 03.507.415/0001-44. Objeto: Manutenção do Programa Estadual de Proteção aos Defensores dos Direitos Humanos, Comunicadores e Ambientalistas de Mato Grosso. Valor Total: R$ 9.804.918,15 (nove milhões, oitocentos e quatro mil novecentos e dezoito reais e quinze centavos), Valor de Contrapartida da CONVENENTE: R$ 2.941.475,45 (dois milhões, novecentos e quarenta e um mil quatrocentos e setenta e cinco reais e quarenta e cinco centavos), sendo o valor de R$ 980.491,81 (novecentos e oitenta mil quatrocentos e noventa e um reais e oitenta e um centavos), relativos ao presente exercício, Valor da CONCEDENTE: R$ 6.863.442,70 (seis milhões, oitocentos e sessenta e três mil quatrocentos e quarenta e dois reais e setenta centavos), sendo o valor de R$ 1.000.000,00 (um milhão de reais), relativos ao presente exercício, assegurado pelo Crédito Orçamentário: Nota de Empenho Número de Empenho: 2025NE000120, PTRES: 237096, Fonte Recurso: 1000, ND: 33.30.41. E, para exercícios futuros a quantia total de R$ 7.824.426,34 (sete milhões, oitocentos e vinte e quatro mil quatrocentos e vinte e seis reais e trinta e quatro centavos), que será realizada mediante registro contábil e poderá ser formalizada por meio de apostila, sendo o valor de R$ 5.863.442,70 (cinco milhões, oitocentos e sessenta e três mil quatrocentos e quarenta e dois reais e setenta centavos) a título da Concedente e R$ 1.960.983,64 (um milhão, novecentos e sessenta mil novecentos e oitenta e três reais e sessenta e quatro centavos) a título da Convenente. Vigência: 29/12/2025 a 29/12/2028, Data de Assinatura: 29/12/2025, Signatários: Concedente: ÉLIDA DE OLIVEIRA LAURIS DOS SANTOS, Convenente: KLEBSON GOMES HAAGSMA, Interveniente: OTAVIANO OLAVO PIVETTA.</p>]]></Texto>
  </body>
  <Midias />
</article></xml>