﻿<xml><article id="47237760" name="2025-12-28/11497630/COMPRASNETWS" idOficio="11497630" pubName="DO3" artType="Extrato de Termo Aditivo" pubDate="02/01/2026" artClass="00025:00083:00000:00000:00000:00000:00000:00000:00000:00000:00053:00001" artCategory="Ministério da Educação/Instituto Federal de Educação, Ciência e Tecnologia de Santa Catarina" artSize="12" artNotes="" numberPage="22" pdfPage="http://pesquisa.in.gov.br/imprensa/jsp/visualiza/index.jsp?data=02/01/2026&amp;jornal=530&amp;pagina=22" editionNumber="1" highlightType="" highlightPriority="" highlight="" highlightimage="" highlightimagename="" idMateria="23461076">
  <body>
    <Identifica><![CDATA[ EXTRATO DE TERMO ADITIVO Nº 4/2025 - UASG 158516]]></Identifica>
    <Data><![CDATA[]]></Data>
    <Ementa />
    <Titulo />
    <SubTitulo />
    <Texto><![CDATA[<p class="identifica">EXTRATO DE TERMO ADITIVO Nº 4/2025 - UASG 158516</p><p>Número do Contrato: 85/2023.</p><p>Nº Processo: 23292.022028/2023-60.</p><p>Dispensa. Nº 51043/2023. Contratante: INST.FED.DE EDUC.,CIENC.E TEC.DE STA.CAT/IFSC. Contratado: 29.262.052/0004-60 - FEDERACAO NACIONAL DE EDUCACAO E INTEGRACAO DOS SURDOS. Objeto: Adição contratual.. Vigência: 03/11/2025 a 01/09/2026. Valor Total Atualizado do Contrato: R$ 6.149.525,16. Data de Assinatura: 03/11/2025.</p><p>(COMPRASNET 4.0 - 03/11/2025).</p>]]></Texto>
  </body>
  <Midias />
</article></xml>