﻿<xml><article id="47238627" name="2025-12-30/11503882/SICONV_23470" idOficio="11503882" pubName="DO3" artType="Extrato de Convênio" pubDate="02/01/2026" artClass="00018:00027:00000:00000:00000:00000:00000:00000:00000:00000:00031:00001" artCategory="Ministério do Desenvolvimento e Assistência Social, Família e Combate à Fome/Secretaria de Inclusão Socioeconômica" artSize="12" artNotes="" numberPage="12" pdfPage="http://pesquisa.in.gov.br/imprensa/jsp/visualiza/index.jsp?data=02/01/2026&amp;jornal=530&amp;pagina=12" editionNumber="1" highlightType="" highlightPriority="" highlight="" highlightimage="" highlightimagename="" idMateria="23470720">
  <body>
    <Identifica><![CDATA[ EXTRATO DE TERMO DE FOMENTO]]></Identifica>
    <Data><![CDATA[]]></Data>
    <Ementa />
    <Titulo />
    <SubTitulo />
    <Texto><![CDATA[<p class="identifica">EXTRATO DE TERMO DE FOMENTO</p><p>Espécie: Termo de Fomento Código 991083, Nº Processo: 71000057481202530, Concedente: MINISTÉRIO DO DESENVOLVIMENTO E ASSISTÊNCIA SOCIAL, FAMÍLIA E COMBATE FOME, Convenente: INSTITUTO OBJETIVA ALAGOAS CNPJ nº 20485436000125, Objeto: Promover a capacitação de pessoas em situação de vulnerabilidade no município de Arapiraca e região (Agreste, Baixo São Francisco e Sertão de Alagoas), inscritas no Cadastro Único de Programas Sociais do Governo Federal - CadÚnico, com vistas à empregabilidade ou ao empreendedorismo, possibilitando-lhes a inclusão socioeconômica, o fortalecimento da autonomia e o desenvolvimento local sustentável., Valor Total: R$ 1.000.000,00, Valor de Contrapartida: R$ 0,00, Valor a ser transferido ou descentralizado por exercício: 2025 - R$ 1.000.000,00, Crédito Orçamentário: Num Empenho: 2025NE000040, Valor: R$ 500.000,00, PTRES: 258468, Fonte Recurso: 1000000000, ND: 445041; Num Empenho: 2025NE000039, Valor: R$ 500.000,00, PTRES: 258468, Fonte Recurso: 1000000000, ND: 335041, Vigência: 30/12/2025 a 30/12/2026, Data de Assinatura: 30/12/2025, Signatários: Concedente: OSMAR RIBEIRO DE ALMEIDA JUNIOR CPF nº ***.916.863-**, Convenente: GUILHERME SEVERINO DOS SANTOS SILVA CPF nº ***.390.024-**.</p>]]></Texto>
  </body>
  <Midias />
</article></xml>