﻿<xml><article id="47237394" name="2025-12-30/11502808/COMPRASNETWS" idOficio="11502808" pubName="DO3" artType="Extrato de Apostilamento" pubDate="02/01/2026" artClass="00050:00020:00105:00000:00000:00000:00000:00000:00000:00000:00142:00001" artCategory="Ministério dos Transportes/Departamento Nacional de Infraestrutura de Transportes/Superintendência Regional no Rio Grande do Sul" artSize="12" artNotes="" numberPage="121" pdfPage="http://pesquisa.in.gov.br/imprensa/jsp/visualiza/index.jsp?data=02/01/2026&amp;jornal=530&amp;pagina=121" editionNumber="1" highlightType="" highlightPriority="" highlight="" highlightimage="" highlightimagename="" idMateria="23468158">
  <body>
    <Identifica><![CDATA[ EXTRATO DE APOSTILAMENTO Nº 4/2025 - UASG 393012]]></Identifica>
    <Data><![CDATA[]]></Data>
    <Ementa />
    <Titulo />
    <SubTitulo />
    <Texto><![CDATA[<p class="identifica">EXTRATO DE APOSTILAMENTO Nº 4/2025 - UASG 393012</p><p>Número do Contrato: 68/2023.</p><p>Nº Processo: 50610.006807/2022-60.</p><p>Contratante: SUPERINTENDENCIA REG. NO ESTADO RS - DNIT. Contratado: 29.277.773/0001-00 - ARSENAL SERVICOS GERAIS LTDA. Objeto: 4ª apostila de reajustamento (repactuação) para prestação de serviços de segurança patrimonial para a unidade local de cruz alta, da superintendência regional do dnit no estado do rio grande do sul, tendo como contratada a empresa arsenal serviços gerais ltda. Os valores mensal e para 12 (doze) meses do contrato ficam reajustados para r$ 20.664,89 (vinte mil, seiscentos e sessenta e quatro reais e oitenta e nove centavos) e r$ 247.978,68 (duzentos e quarenta e sete mil, novecentos e setenta e oito reais e sessenta e oito centavos), respectivamente.. Vigência: 07/02/2023 a 31/10/2025. Valor Total Atualizado do Contrato: R$ 247.978,68. Data de Assinatura: 19/12/2025.</p><p>(COMPRASNET 4.0 - 19/12/2025).</p>]]></Texto>
  </body>
  <Midias />
</article></xml>