﻿<xml><article id="47237574" name="2025-12-30/11503840/SICONV_23470" idOficio="11503840" pubName="DO3" artType="Extrato de Convênio" pubDate="02/01/2026" artClass="00021:00007:00000:00000:00000:00000:00000:00000:00000:00000:00031:00001" artCategory="Ministério dos Direitos Humanos e da Cidadania/Assessoria Especial de Defesa da Democracia, Memória e Verdade" artSize="12" artNotes="" numberPage="14" pdfPage="http://pesquisa.in.gov.br/imprensa/jsp/visualiza/index.jsp?data=02/01/2026&amp;jornal=530&amp;pagina=14" editionNumber="1" highlightType="" highlightPriority="" highlight="" highlightimage="" highlightimagename="" idMateria="23470676">
  <body>
    <Identifica><![CDATA[ EXTRATO DE TERMO DE FOMENTO]]></Identifica>
    <Data><![CDATA[]]></Data>
    <Ementa />
    <Titulo />
    <SubTitulo />
    <Texto><![CDATA[<p class="identifica">EXTRATO DE TERMO DE FOMENTO</p><p>Espécie: Termo de Fomento Código 989796, Nº Processo: 00135229618202591, Concedente: MINISTERIO DOS DIREITOS HUMANOS E CIDADANIA, Convenente: INSTITUTO RESGATA CIDADAO CNPJ nº 04753755000118, Objeto: Realizar roteiros de memória no antigo Complexo do Carandiru e captar relatos orais de pessoas egressas do sistema prisional, valorizando suas vivências e contribuindo para a memória social do cárcere, a educação em direitos humanos e a promoção da justiça e da não repetição., Valor Total: R$ 200.000,00, Valor de Contrapartida: R$ 0,00, Valor a ser transferido ou descentralizado por exercício: 2025 - R$ 200.000,00, Crédito Orçamentário: Num Empenho: 2025NE000034, Valor: R$ 200.000,00, PTRES: 258951, Fonte Recurso: 1000000000, ND: 335041, Vigência: 31/12/2025 a 31/12/2026, Data de Assinatura: 30/12/2025, Signatários: Concedente: HAMILTON PEREIRA DA SILVA CPF nº ***.860.701-**, Convenente: ELAINE MONTEIRO CPF nº ***.891.268-**.</p>]]></Texto>
  </body>
  <Midias />
</article></xml>