﻿<xml><article id="47231954" name="704C" idOficio="11504065" pubName="DO3" artType="Extrato de Termo Aditivo" pubDate="02/01/2026" artClass="00047:00049:00000:00000:00000:00000:00000:00000:00000:00000:00053:00000" artCategory="Ministério da Saúde/Grupo Hospitalar Conceição" artSize="12" artNotes="" numberPage="118" pdfPage="http://pesquisa.in.gov.br/imprensa/jsp/visualiza/index.jsp?data=02/01/2026&amp;jornal=530&amp;pagina=118" editionNumber="1" highlightType="" highlightPriority="" highlight="" highlightimage="" highlightimagename="" idMateria="23470989">
  <body>
    <Identifica><![CDATA[ Extrato de Aditamento]]></Identifica>
    <Data><![CDATA[]]></Data>
    <Ementa />
    <Titulo />
    <SubTitulo />
    <Texto><![CDATA[<p class="identifica">Extrato de Aditamento</p><p>Espécie: 1º aditamento 1015/2025 ao contrato de prestação de serviços nº 874/25, entre o Grupo Hospitalar Conceição e a empresa GAIA SERVICE TECH TECNOLOGIA E SERVIÇOS LTDA, inscrita no CNPJ sob o nº 07.046.566/0001-01. Objeto: O presente aditamento, que ora firmam as partes acima, refere-se à correção por erro material do Contrato 874/25 no que se refere ao detalhamento da planilha. Permanecem em vigor as demais cláusulas do contrato original ora aditado.</p>]]></Texto>
  </body>
  <Midias />
</article></xml>