﻿<xml><article id="47237778" name="2025-12-31/11503960/SICONV_23470" idOficio="11503960" pubName="DO3" artType="Extrato de Convênio" pubDate="02/01/2026" artClass="00032:00029:00000:00000:00000:00000:00000:00000:00000:00000:00031:00001" artCategory="Ministério da Integração e do Desenvolvimento Regional/Secretaria Nacional de Políticas de Desenvolvimento Regional e Territorial" artSize="12" artNotes="" numberPage="98" pdfPage="http://pesquisa.in.gov.br/imprensa/jsp/visualiza/index.jsp?data=02/01/2026&amp;jornal=530&amp;pagina=98" editionNumber="1" highlightType="" highlightPriority="" highlight="" highlightimage="" highlightimagename="" idMateria="23470883">
  <body>
    <Identifica><![CDATA[ EXTRATO DE CONVÊNIO]]></Identifica>
    <Data><![CDATA[]]></Data>
    <Ementa />
    <Titulo />
    <SubTitulo />
    <Texto><![CDATA[<p class="identifica">EXTRATO DE CONVÊNIO</p><p>Espécie: Convênio Código 989183, Nº Processo: 59000023030202501, Concedente: MINISTÉRIO DA INTEGRAÇÃO E DO DESENVOLVIMENTO REGIONAL, Convenente: MUNICIPIO DE ITAMARATI CNPJ nº 04628376000104, Objeto: Pavimentação de Estradas Vicinais no Município de Itamarati/AM, Valor Total: R$ 2.875.000,00, Valor de Contrapartida: R$ 10.000,00, Valor a ser transferido ou descentralizado por exercício: 2025 - R$ 2.865.000,00, Crédito Orçamentário: Num Empenho: 2025NE001529, Valor: R$ 2.865.000,00, PTRES: 236492, Fonte Recurso: 3129000000, ND: 444042, Vigência: 19/12/2025 a 19/12/2029, Data de Assinatura: 19/12/2025, Signatários: Concedente: DANIEL ALEX FORTUNATO CPF nº ***.182.211-**, Convenente: JOAO MEDEIROS CAMPELO CPF nº ***.917.922-**.</p>]]></Texto>
  </body>
  <Midias />
</article></xml>