﻿<xml><article id="47237963" name="2025-12-30/11502022/siasgnet_234" idOficio="11502022" pubName="DO3" artType="Aviso de Licitação-Pregão" pubDate="02/01/2026" artClass="00066:00008:00007:00000:00000:00000:00000:00000:00000:00000:00163:00001" artCategory="Ministério Público da União/Ministério Público Federal/Secretaria de Administração" artSize="12" artNotes="" numberPage="124" pdfPage="http://pesquisa.in.gov.br/imprensa/jsp/visualiza/index.jsp?data=02/01/2026&amp;jornal=530&amp;pagina=124" editionNumber="1" highlightType="" highlightPriority="" highlight="" highlightimage="" highlightimagename="" idMateria="23467103">
  <body>
    <Identifica><![CDATA[ AVISO DE LICITAÇÃO]]></Identifica>
    <Data><![CDATA[]]></Data>
    <Ementa />
    <Titulo />
    <SubTitulo />
    <Texto><![CDATA[<p class="identifica">AVISO DE LICITAÇÃO</p><p class="identifica">Pregão Eletrônico Nº 90002/2025 - UASG 200064</p><p>Nº Processo: 12000000237201517. Objeto: Contratação de empresa especializada para prestação de serviços técnicos continuados de manutenção preventiva e corretiva predial, e dos sistemas instalados nos edifícios do MPF/MT, incluindo o fornecimento de pessoal, material, peças, componentes, EPI's, insumos, equipamentos e ferramentas necessárias para as unidades da Procuradoria da República em Mato Grosso. Procuradorias da República nos Municípios - PRMs (Cáceres, Rondonópolis, Barra do Garças e Sinop. Total de Itens Licitados: 5. Edital: 02/01/2026 das 08h00 às 11h59 e das 12h00 às 17h59. Endereço: Av Miguel Sutil, 2625 - Ed. Jardim Cuiaba Office &amp; Flat, - Cuiabá/MT ou https://www.gov.br/compras/edital/200064-5-90002-2025. Entrega das Propostas: a partir de 02/01/2026 às 08h00 no site www.gov.br/compras. Abertura das Propostas: 16/01/2026 às 10h00 no site www.gov.br/compras. Informações Gerais: .</p><p class="assina">MARCELO VITOR ARCANJO DA SILVA</p><p class="cargo">Supervisor</p><p>(SIASGnet - 30/12/2025) 200064-00001-2025NE000001</p>]]></Texto>
  </body>
  <Midias />
</article></xml>