﻿<xml><article id="47238588" name="2025-12-31/11504050/SICONV_23470" idOficio="11504050" pubName="DO3" artType="Extrato de Convênio" pubDate="02/01/2026" artClass="00032:00029:00000:00000:00000:00000:00000:00000:00000:00000:00031:00001" artCategory="Ministério da Integração e do Desenvolvimento Regional/Secretaria Nacional de Políticas de Desenvolvimento Regional e Territorial" artSize="12" artNotes="" numberPage="99" pdfPage="http://pesquisa.in.gov.br/imprensa/jsp/visualiza/index.jsp?data=02/01/2026&amp;jornal=530&amp;pagina=99" editionNumber="1" highlightType="" highlightPriority="" highlight="" highlightimage="" highlightimagename="" idMateria="23470960">
  <body>
    <Identifica><![CDATA[ EXTRATO DE CONVÊNIO]]></Identifica>
    <Data><![CDATA[]]></Data>
    <Ementa />
    <Titulo />
    <SubTitulo />
    <Texto><![CDATA[<p class="identifica">EXTRATO DE CONVÊNIO</p><p>Espécie: Convênio Código 990416, Nº Processo: 59000023757202581, Concedente: MINISTÉRIO DA INTEGRAÇÃO E DO DESENVOLVIMENTO REGIONAL, Convenente: MUNICIPIO DE PATO BRANCO CNPJ nº 76995448000154, Objeto: Aquisição de máquinas e equipamentos para apoio à infraestrutura produtiva e à estruturação de cadeias produtivas., Valor Total: R$ 386.000,00, Valor de Contrapartida: R$ 4.000,00, Valor a ser transferido ou descentralizado por exercício: 2025 - R$ 382.000,00, Crédito Orçamentário: Num Empenho: 2025NE001650, Valor: R$ 382.000,00, PTRES: 258247, Fonte Recurso: 3129000000, ND: 444042, Vigência: 30/12/2025 a 30/09/2028, Data de Assinatura: 30/12/2025, Signatários: Concedente: DANIEL ALEX FORTUNATO CPF nº ***.182.211-**, Convenente: GERI NATALINO DUTRA CPF nº ***.471.369-**.</p>]]></Texto>
  </body>
  <Midias />
</article></xml>