﻿<xml><article id="47236884" name="2025-12-31/11504081/COMPRASNETWS" idOficio="11504081" pubName="DO3" artType="Extrato de Termo Aditivo" pubDate="02/01/2026" artClass="00016:00011:00010:00007:00011:00000:00000:00000:00000:00000:00053:00001" artCategory="Ministério da Defesa/Comando do Exército/Comando Militar do Nordeste/6ª Região Militar/28º Batalhão de Caçadores" artSize="12" artNotes="" numberPage="7" pdfPage="http://pesquisa.in.gov.br/imprensa/jsp/visualiza/index.jsp?data=02/01/2026&amp;jornal=530&amp;pagina=7" editionNumber="1" highlightType="" highlightPriority="" highlight="" highlightimage="" highlightimagename="" idMateria="23471006">
  <body>
    <Identifica><![CDATA[ EXTRATO DE TERMO ADITIVO Nr 2/2025 - UASG 160454 Nr do Contrato: 734/2023. Nr Processo: 64025.006006/2023]]></Identifica>
    <Data><![CDATA[]]></Data>
    <Ementa />
    <Titulo />
    <SubTitulo />
    <Texto><![CDATA[<p class="identifica">EXTRATO DE TERMO ADITIVO Nr 2/2025 - UASG 160454 Nr do Contrato: 734/2023. Nr Processo: 64025.006006/2023</p><p>Inexigibilidade. Nr 4/2023. Contratante: 28 BATALHAO DE CACADORES. Contratado: 0xx.2xx.5xx-75 - LYCIA GARDENIA DOS SANTOS OLIVEIRA. Objeto: Prorrogacao da vigencia do aditivo atual.. Vigencia: 10/12/2025 a 09/12/2026. Valor Total Atualizado do Contrato: R$ 6.253,64. Data de Assinatura: 03/12/2025.</p>]]></Texto>
  </body>
  <Midias />
</article></xml>