﻿<xml><article id="47237214" name="2025-12-31/11503946/COMPRASNETWS" idOficio="11503946" pubName="DO3" artType="Extrato de Contrato" pubDate="02/01/2026" artClass="00025:00052:00013:00000:00000:00000:00000:00000:00000:00000:00030:00001" artCategory="Ministério da Educação/Colégio Pedro II/Campus São Cristovão II" artSize="12" artNotes="" numberPage="16" pdfPage="http://pesquisa.in.gov.br/imprensa/jsp/visualiza/index.jsp?data=02/01/2026&amp;jornal=530&amp;pagina=16" editionNumber="1" highlightType="" highlightPriority="" highlight="" highlightimage="" highlightimagename="" idMateria="23470869">
  <body>
    <Identifica><![CDATA[ EXTRATO DE CONTRATO Nº 3/2025 - UASG 155631]]></Identifica>
    <Data><![CDATA[]]></Data>
    <Ementa />
    <Titulo />
    <SubTitulo />
    <Texto><![CDATA[<p class="identifica">EXTRATO DE CONTRATO Nº 3/2025 - UASG 155631</p><p>Nº Processo: 23778.000337/2025-98.</p><p>Dispensa Nº 130/2025.</p><p>Contratante: COLEGIO PEDRO II - CAMPUS SAO CRISTOVAO II.</p><p>Contratado: 08.081.559/0001-03 - WF SERVICOS ESPECIAIS LTDA.</p><p>Objeto: O objeto do presente instrumento é a contratação de serviços de empresa especializada em manutenção prevenhva e corretiva, sem dedicação exclusiva de mão de obra e englobando o fornecimento e reposição de peças e materiais, de forma contínuada, dos eievadores do coiegio pedro ll - campus são cristóvão ll, que serão prestados nas condiçôes estabelecidas no termo de referencia, anexo do edital..</p><p>Fundamento Legal: LEI 14.133/2021 - Artigo: 75 - Inciso: VIII.</p><p>Vigência: 17/06/2025 a 15/09/2025.</p><p>Valor Total: R$726.041,40.</p><p>Data de Assinatura: 17/06/2025.</p>]]></Texto>
  </body>
  <Midias />
</article></xml>