﻿<xml><article id="46402522" name="Extrato DOU - Boechat" idOficio="11401772" pubName="DO3" artType="Extrato de Contrato" pubDate="02/01/2026" artClass="00006:00043:00004:00000:00000:00000:00000:00000:00000:00000:00025:00000" artCategory="Presidência da República/Secretaria de Comunicação Social/Empresa Brasil de Comunicação S.A." artSize="12" artNotes="" numberPage="1" pdfPage="http://pesquisa.in.gov.br/imprensa/jsp/visualiza/index.jsp?data=02/01/2026&amp;jornal=530&amp;pagina=1" editionNumber="1" highlightType="" highlightPriority="" highlight="" highlightimage="" highlightimagename="" idMateria="23309604">
  <body>
    <Identifica><![CDATA[EXTRATO DE CONTRATO]]></Identifica>
    <Data><![CDATA[]]></Data>
    <Ementa />
    <Titulo />
    <SubTitulo />
    <Texto><![CDATA[<p class="identifica">EXTRATO DE CONTRATO</p><p>Espécie: Contrato EBC/DIJOR/CONTRATO Nº 060/2025. Contratante: Empresa Brasil de Comunicação S/A - EBC. Contratada: Boechat &amp; Boechat Comunicação Ltda, CNPJ/MF nº 21.919.455/0001-85. Objeto: Prestação de serviços de análises e comentários geopolíticos, por especialista em política e economia para o programa "Brasil no Mundo", prestados exclusivamente por meio do profissional Yan Boechat Rocha a partir de São Paulo - SP. Valor: R$ 130.000,00 (cento e trinta mil reais). Vigência: 07/11/2025 a 07/11/2026. Assinatura: 07/11/2025. Processo: 53400-008054/2025-33.</p>]]></Texto>
  </body>
  <Midias />
</article></xml>