﻿<xml><article id="47231978" name="EXTRATO 1A TA - C.A NA 001-2025-" idOficio="11501475" pubName="DO3" artType="Extrato de Termo Aditivo" pubDate="02/01/2026" artClass="00075:00013:00179:00000:00000:00000:00000:00000:00000:00000:00053:00000" artCategory="Prefeituras/Estado do Pará/Prefeitura Municipal de Óbidos" artSize="12" artNotes="" numberPage="164" pdfPage="http://pesquisa.in.gov.br/imprensa/jsp/visualiza/index.jsp?data=02/01/2026&amp;jornal=530&amp;pagina=164" editionNumber="1" highlightType="" highlightPriority="" highlight="" highlightimage="" highlightimagename="" idMateria="23466505">
  <body>
    <Identifica><![CDATA[ EXTRATO DE TERMO ADITIVO]]></Identifica>
    <Data><![CDATA[]]></Data>
    <Ementa />
    <Titulo />
    <SubTitulo />
    <Texto><![CDATA[<p class="identifica">EXTRATO DE TERMO ADITIVO</p><p>1º Termo Aditivo de prorrogação de prazo por igual período e readequação de serviços no percentual de 24,23% (vinte e quatro, e vinte e três por cento) ao contrato administrativo nº 001/2025/CP/SEMSA, proveniente da Concorrência Pública Eletrônica nº 3.2025-00001. Contratado: Aquino e Peixoto Construções e Serviços LTDA, inscrito no CNPJ sob o nº 52.451.800/0001-22. Objeto: Contratação de mão de obra especializada para executar os serviços de construção de um posto de saúde na Comunidade Santa Rita no município de Óbidos-PA. Vigência 30/11/2025 à 29/05/2026.</p>]]></Texto>
  </body>
  <Midias />
</article></xml>