﻿<xml><article id="47232062" name="UNIAO BRA AV HOM E ADJ" idOficio="11499223" pubName="DO3" artType="Aviso de Homologação e Adjudicação" pubDate="02/01/2026" artClass="00073:11159:00000:00000:00000:00000:00000:00000:00000:00000:00076:00000" artCategory="Ineditoriais/União Brasileira de Educação e Assistência" artSize="12" artNotes="" numberPage="159" pdfPage="http://pesquisa.in.gov.br/imprensa/jsp/visualiza/index.jsp?data=02/01/2026&amp;jornal=530&amp;pagina=159" editionNumber="1" highlightType="" highlightPriority="" highlight="" highlightimage="" highlightimagename="" idMateria="23463177">
  <body>
    <Identifica><![CDATA[ AVISO DE HOMOLOGAÇÃO E ADJUDICAÇÃO ]]></Identifica>
    <Data><![CDATA[ Porto Alegre, 31 de dezembro de 2025.]]></Data>
    <Ementa />
    <Titulo />
    <SubTitulo />
    <Texto><![CDATA[<p class="identifica">AVISO DE HOMOLOGAÇÃO E ADJUDICAÇÃO</p><p class="identifica">Concorrência nº 1/2025</p><p>A União Brasileira de Educação e Assistência, CNPJ nº 88.630.413/0001-09, adjudica e homologa o resultado da Concorrência nº 001/2025, vinculada ao Convênio nº 880757/2018, cujo objeto é a contratação de empresa para execução de serviços de reforma e pintura das fachadas externas, do térreo ao 10º andar, do Hospital São Lucas da PUCRS, nos termos da Lei nº 14.133/2021.</p><p>Registra-se que transcorrido o prazo legal para interposição de recursos, não houve apresentação de recursos.</p><p>Fica adjudicado e homologado o objeto à empresa Sulpply Engenharia Ltda, CNPJ nº 26.290.096/0001-63, pelo valor de R$ 5.405.538,34.</p><p class="data">Porto Alegre, 31 de dezembro de 2025.</p><p class="assina">Andrea Gonçalves Bandeira</p><p class="cargo">Procuradora</p>]]></Texto>
  </body>
  <Midias />
</article></xml>