﻿<xml><article id="47237406" name="2025-12-05/11453872/siasgnet_233" idOficio="11453872" pubName="DO3" artType="Aviso de Licitação-Pregão" pubDate="02/01/2026" artClass="00025:00163:00000:00000:00000:00000:00000:00000:00000:00000:00163:00001" artCategory="Ministério da Educação/Fundação Universidade Federal de Viçosa" artSize="12" artNotes="" numberPage="93" pdfPage="http://pesquisa.in.gov.br/imprensa/jsp/visualiza/index.jsp?data=02/01/2026&amp;jornal=530&amp;pagina=93" editionNumber="1" highlightType="" highlightPriority="" highlight="" highlightimage="" highlightimagename="" idMateria="23393532">
  <body>
    <Identifica><![CDATA[ AVISO DE LICITAÇÃO]]></Identifica>
    <Data><![CDATA[]]></Data>
    <Ementa />
    <Titulo />
    <SubTitulo />
    <Texto><![CDATA[<p class="identifica">AVISO DE LICITAÇÃO</p><p class="identifica">Pregão Eletrônico Nº 90105/2025 - UASG 154051</p><p>Nº Processo: 23114914233202576. Objeto: Aquisição e instalação de elevadores, com contrato, para a Universidade Federal de Viçosa.. Total de Itens Licitados: 7. Edital: 02/01/2026 das 08h00 às 12h00 e das 14h00 às 17h59. Endereço: Av.p.h.rolfs - S/n - Campus Universitário - Reitoria, - Viçosa/MG ou https://www.gov.br/compras/edital/154051-5-90105-2025. Entrega das Propostas: a partir de 02/01/2026 às 08h00 no site www.gov.br/compras. Abertura das Propostas: 15/01/2026 às 09h00 no site www.gov.br/compras. Informações Gerais: .</p><p class="assina">JOYCE SANTANA BERNARDO</p><p class="cargo">Pregoeira</p><p>(SIASGnet - 05/12/2025) 154051-15268-2025NE800000</p>]]></Texto>
  </body>
  <Midias />
</article></xml>