﻿<xml><article id="47237571" name="2025-12-30/11503835/SICONV_23470" idOficio="11503835" pubName="DO3" artType="Extrato de Convênio" pubDate="02/01/2026" artClass="00008:00002:00009:00007:00000:00000:00000:00000:00000:00000:00031:00001" artCategory="Ministério da Agricultura e Pecuária/Secretaria Executiva/Subsecretaria de Planejamento, Orçamento e Administração/Coordenação-Geral de Parcerias Institucionais" artSize="12" artNotes="" numberPage="2" pdfPage="http://pesquisa.in.gov.br/imprensa/jsp/visualiza/index.jsp?data=02/01/2026&amp;jornal=530&amp;pagina=2" editionNumber="1" highlightType="" highlightPriority="" highlight="" highlightimage="" highlightimagename="" idMateria="23470671">
  <body>
    <Identifica><![CDATA[ EXTRATO DE CONVÊNIO]]></Identifica>
    <Data><![CDATA[]]></Data>
    <Ementa />
    <Titulo />
    <SubTitulo />
    <Texto><![CDATA[<p class="identifica">EXTRATO DE CONVÊNIO</p><p>Espécie: Convênio Código 981085, Nº Processo: 21000061327202594, Concedente: Ministério da Agricultura e Pecuária, Convenente: MUNICIPIO DE SOUSA CNPJ nº 08999674000153, Objeto: Aquisição de Máquinas e Equipamentos, Valor Total: R$ 413.333,33, Valor de Contrapartida: R$ 31.333,33, Valor a ser transferido ou descentralizado por exercício: 2025 - R$ 382.000,00, Crédito Orçamentário: Num Empenho: 2025NE000747, Valor: R$ 382.000,00, PTRES: 251544, Fonte Recurso: 3129000000, ND: 444042, Vigência: 30/12/2025 a 30/08/2028, Data de Assinatura: 30/12/2025, Signatários: Concedente: CARLOS HENRIQUE BAQUETA FAVARO CPF nº ***.183.119-**, Convenente: HELDER MOREIRA ABRANTES DE CARVALHO CPF nº ***.750.984-**.</p>]]></Texto>
  </body>
  <Midias />
</article></xml>