﻿<xml><article id="47229412" name="PUBLICIDADE 34" idOficio="11501547" pubName="DO3" artType="Aviso de Licitação-Pregão" pubDate="02/01/2026" artClass="00075:00014:00085:00000:00000:00000:00000:00000:00000:00000:00163:00000" artCategory="Prefeituras/Estado da Paraíba/Prefeitura Municipal de Cuité" artSize="12" artNotes="" numberPage="164" pdfPage="http://pesquisa.in.gov.br/imprensa/jsp/visualiza/index.jsp?data=02/01/2026&amp;jornal=530&amp;pagina=164" editionNumber="1" highlightType="" highlightPriority="" highlight="" highlightimage="" highlightimagename="" idMateria="23466577">
  <body>
    <Identifica><![CDATA[ AVISO DE LICITAÇÃO ]]></Identifica>
    <Data><![CDATA[ Cuité - PB, 30 de Dezembro de 2025]]></Data>
    <Ementa />
    <Titulo />
    <SubTitulo />
    <Texto><![CDATA[<p class="identifica">AVISO DE LICITAÇÃO</p><p class="identifica">PREGÃO ELETRÔNICO Nº 34/2025</p><p>Torna público que fará realizar através do Pregoeiro Oficial e Equipe de Apoio, sediada na Rua 15 de Novembro, 159 - Centro - Cuité - PB, por meio do site https://www.licitanet.com.br/, licitação modalidade Pregão Eletrônico, do tipo menor preço, para: AQUISIÇÃO DE BOLSA DO PROFESSOR E MOCHILAS ESCOLARES, DESTINADAS AOS ALUNOS DA EDUCAÇÃO INFANTIL, ENSINO FUNDAMENTAL E EDUCAÇÃO DE JOVENS E ADULTOS (EJA) DA REDE MUNICIPAL DE ENSINO DE CUITÉ/PB. Abertura da sessão pública: 08:00 horas do dia 15 de Janeiro de 2026. Início da fase de lances: 08:01 horas do dia 15 de Janeiro de 2026. Referência: horário de Brasília - DF. Recursos: previstos no orçamento vigente. Fundamento legal: Lei Federal nº 14.133/21; Lei Complementar nº 123/06; Instrução Normativa nº 73 SEGES/ME/22; e legislação pertinente, consideradas as alterações posteriores das referidas normas. Informações: das 08:00 as 12:00 horas dos dias úteis, no endereço supracitado. Telefone: (83) 0. E-mail: licitacaocuite@gmail.com. Edital: www.licitanet.com.br; www.cuite.pb.gov.br e www.tce.pb.gov.br; https://www.licitanet.com.br/; www.gov.br/pncp.</p><p class="data">Cuité - PB, 30 de Dezembro de 2025</p><p class="assina">BRUCE DA SILVA SANTOS</p><p class="cargo">Pregoeiro</p>]]></Texto>
  </body>
  <Midias />
</article></xml>