﻿<xml><article id="47237436" name="2025-12-30/11501511/COMPRASNETWS" idOficio="11501511" pubName="DO3" artType="Extrato de Contrato" pubDate="02/01/2026" artClass="00028:00043:00000:00000:00000:00000:00000:00000:00000:00000:00030:00001" artCategory="Ministério da Fazenda/Comissão de Valores Mobiliários" artSize="12" artNotes="" numberPage="96" pdfPage="http://pesquisa.in.gov.br/imprensa/jsp/visualiza/index.jsp?data=02/01/2026&amp;jornal=530&amp;pagina=96" editionNumber="1" highlightType="" highlightPriority="" highlight="" highlightimage="" highlightimagename="" idMateria="23466538">
  <body>
    <Identifica><![CDATA[ EXTRATO DE CONTRATO Nº 18/2025 - UASG 173030]]></Identifica>
    <Data><![CDATA[]]></Data>
    <Ementa />
    <Titulo />
    <SubTitulo />
    <Texto><![CDATA[<p class="identifica">EXTRATO DE CONTRATO Nº 18/2025 - UASG 173030</p><p>Nº Processo: 19957.003760/2025-64.</p><p>Dispensa Nº 96/2025. Contratante: COMISSAO DE VALORES MOBILIARIOS.</p><p>Contratado: 42.422.253/0001-01 - EMPRESA DE TECNOLOGIA E INFORMACOES DA PREVIDENCIA S.A. - DATAPREV. Objeto: Contratação de licenças e serviços de implantação dos módulos CSM e IRM da plataforma ServiceNow.</p><p>Fundamento Legal: LEI 14.133/2021 - Artigo: 75 - Inciso: IX. Vigência: 27/12/2025 a 26/12/2030. Valor Total: R$ 2.904.058,22. Data de Assinatura: 27/12/2025.</p><p>(COMPRASNET 4.0 - 30/12/2025).</p>]]></Texto>
  </body>
  <Midias />
</article></xml>