﻿<xml><article id="47233904" name="Aviso de Eleicao Diretoria 2026 " idOficio="11500346" pubName="DO3" artType="Aviso de Eleição" pubDate="02/01/2026" artClass="00071:00425:00000:00000:00000:00000:00000:00000:00000:00000:00116:00000" artCategory="Entidades de Fiscalização do Exercício das Profissões Liberais/Conselho Regional de Museologia da 1ª Região" artSize="12" artNotes="" numberPage="158" pdfPage="http://pesquisa.in.gov.br/imprensa/jsp/visualiza/index.jsp?data=02/01/2026&amp;jornal=530&amp;pagina=158" editionNumber="1" highlightType="" highlightPriority="" highlight="" highlightimage="" highlightimagename="" idMateria="23464827">
  <body>
    <Identifica><![CDATA[ AVISO DE ELEIÇÃO]]></Identifica>
    <Data><![CDATA[ Salvador, 29 de dezembro de 2025]]></Data>
    <Ementa />
    <Titulo />
    <SubTitulo />
    <Texto><![CDATA[<p class="identifica">AVISO DE ELEIÇÃO</p><p>O Conselho Regional de Museologia - 1ª Região (COREM 1R) torna público que deu posse aos novos Conselheiros Regionais Efetivos e Suplentes na 123ª Assembleia Geral Ordinária de 26/11/2025, realizada em plataforma virtual. De acordo com o Regimento Interno, Art. 25, a Plenária elegeu para um mandato de dois anos (2026-2027), Presidente Jéssica Tarine Moitinho de Lima e Vice-Presidente Ana Cristina Dias Coelho. Foram indicados e homologados como Secretário Brendo Willis dos Santos da Conceição e Tesoureiro Saulo Moreno Rocha. A Presidente e o Tesoureiro, conjuntamente, movimentarão as contas bancárias. As Comissões Permanentes foram constituídas e deverão ser nomeadas na forma do Regimento Interno. A Plenária aprovou a prorrogação, a partir de 31 de dezembro de 2025, pelo prazo de 30 dias úteis, os poderes de representação do Conselho junto às instituições bancárias do Presidente Saulo Moreno Rocha e do Tesoureiro Brendo Willis dos Santos da Conceição.</p><p class="data">Salvador, 29 de dezembro de 2025</p><p class="assina">Saulo Moreno Rocha</p><p class="cargo">Presidente</p>]]></Texto>
  </body>
  <Midias />
</article></xml>