﻿<xml><article id="47231650" name="7004548883" idOficio="11499288" pubName="DO3" artType="Aviso de Licitação" pubDate="02/01/2026" artClass="00035:00056:00049:00002:00002:00014:00000:00000:00000:00000:00079:00000" artCategory="Ministério de Minas e Energia/Petróleo Brasileiro S.A./Exploração e Produção/Exploração e Produção Norte-Nordeste/Unidade de Negócios de Exploração e Produção da Bahia/Gerência de Contrato" artSize="12" artNotes="" numberPage="108" pdfPage="http://pesquisa.in.gov.br/imprensa/jsp/visualiza/index.jsp?data=02/01/2026&amp;jornal=530&amp;pagina=108" editionNumber="1" highlightType="" highlightPriority="" highlight="" highlightimage="" highlightimagename="" idMateria="23463276">
  <body>
    <Identifica><![CDATA[ AVISO DE LICITAÇÃO Nº 7004548883]]></Identifica>
    <Data><![CDATA[]]></Data>
    <Ementa />
    <Titulo />
    <SubTitulo />
    <Texto><![CDATA[<p class="identifica">AVISO DE LICITAÇÃO Nº 7004548883</p><p>Objeto: Aquisição de Partes e Sobressalentes de Posicionador, por contrato global, conforme as especificações deste documento e de seus adendos.</p><p>Abertura das propostas: 16/01/2026 às 17:00 horas.</p><p>Obs.: A consulta ao edital e o processamento da licitação serão realizados no portal www.petronect.com.br.</p><p class="assina">COMISSÃO DE LICITAÇÃO</p>]]></Texto>
  </body>
  <Midias />
</article></xml>