﻿<xml><article id="47238888" name="2025-12-30/11503856/SICONV_23470" idOficio="11503856" pubName="DO3" artType="Extrato de Convênio" pubDate="02/01/2026" artClass="00048:00000:00000:00000:00000:00000:00000:00000:00000:00000:00031:00001" artCategory="Ministério do Trabalho e Emprego" artSize="12" artNotes="" numberPage="120" pdfPage="http://pesquisa.in.gov.br/imprensa/jsp/visualiza/index.jsp?data=02/01/2026&amp;jornal=530&amp;pagina=120" editionNumber="1" highlightType="" highlightPriority="" highlight="" highlightimage="" highlightimagename="" idMateria="23470707">
  <body>
    <Identifica><![CDATA[ EXTRATO DE TERMO ADITIVO]]></Identifica>
    <Data><![CDATA[]]></Data>
    <Ementa />
    <Titulo />
    <SubTitulo />
    <Texto><![CDATA[<p class="identifica">EXTRATO DE TERMO ADITIVO</p><p>Espécie: Termo Aditivo de Alteração da Vigência Nº 000002/2025 ao Instrumento código 969968. Convenentes: Concedente: MINISTERIO DO TRABALHO E EMPREGO, Unidade Gestora: 400076. Convenente: ASSOCIACAO PARA O DESENVOLVIMENTO SOLIDARIO DO PREVENTORIO, CNPJ nº 14226041000105. A Associação Para o Desenvolvimento Solidário do Preventório vem através deste ofício, solicitar</p><p>prorrogação de mais dois meses da vigência do convênio Transfere Gov n° 969968/2024, referente ao pro. Valor Total: R$ 300.000,00, Valor de Contrapartida: R$ 0,00, Vigência: 30/12/2025 a 28/02/2026. Data de Assinatura: 26/12/2024. Signatários: Concedente: GILBERTO CARVALHO, CPF nº ***.989.609-**, Convenente: MARCOS RODRIGO MACIEL FERREIRA, CPF nº ***.172.847-**.</p>]]></Texto>
  </body>
  <Midias />
</article></xml>