﻿<xml><article id="47238318" name="2025-12-31/11503995/COMPRASNETWS" idOficio="11503995" pubName="DO3" artType="Extrato de Contrato" pubDate="02/01/2026" artClass="00016:00011:00015:00034:00001:00032:00000:00000:00000:00000:00030:00001" artCategory="Ministério da Defesa/Comando do Exército/Comando Militar do Sul/3ª Divisão de Exército/Artilharia Divisionária da 3ª Divisão de Exército/27º Grupo de Artilharia de Campanha" artSize="12" artNotes="" numberPage="9" pdfPage="http://pesquisa.in.gov.br/imprensa/jsp/visualiza/index.jsp?data=02/01/2026&amp;jornal=530&amp;pagina=9" editionNumber="1" highlightType="" highlightPriority="" highlight="" highlightimage="" highlightimagename="" idMateria="23470904">
  <body>
    <Identifica><![CDATA[ EXTRATO DE CONTRATO Nº 7/2025 - UASG 160375]]></Identifica>
    <Data><![CDATA[]]></Data>
    <Ementa />
    <Titulo />
    <SubTitulo />
    <Texto><![CDATA[<p class="identifica">EXTRATO DE CONTRATO Nº 7/2025 - UASG 160375</p><p>Nº Processo: 64558.008436/2025-90.</p><p>Dispensa Nº 22/2025. Contratante: 27 GRUPO DE ARTILHARIA DE CAMPANHA.</p><p>Contratado: 49.590.693/0001-09 - PAFER SERVICOS DE APOIO ADMINISTRATIVO LTDA. Objeto: Serviços comuns para contratação de empresa para prestação de serviço de telefonia móvel..</p><p>Fundamento Legal: LEI 14.133/2021 - Artigo: 75 - Inciso: II. Vigência: 30/12/2025 a 30/12/2026. Valor Total: R$ 1.080,00. Data de Assinatura: 29/12/2025.</p><p>(COMPRASNET 4.0 - 30/12/2025).</p>]]></Texto>
  </body>
  <Midias />
</article></xml>