﻿<xml><article id="47237025" name="2025-12-30/11503879/COMPRASNETWS" idOficio="11503879" pubName="DO3" artType="Extrato de Termo Aditivo" pubDate="02/01/2026" artClass="00025:00067:00008:00000:00000:00000:00000:00000:00000:00000:00053:00001" artCategory="Ministério da Educação/Instituto Federal de Educação, Ciência e Tecnologia de Goiás/Campus da Cidade de Luziânia" artSize="12" artNotes="" numberPage="19" pdfPage="http://pesquisa.in.gov.br/imprensa/jsp/visualiza/index.jsp?data=02/01/2026&amp;jornal=530&amp;pagina=19" editionNumber="1" highlightType="" highlightPriority="" highlight="" highlightimage="" highlightimagename="" idMateria="23470792">
  <body>
    <Identifica><![CDATA[ EXTRATO DE TERMO ADITIVO Nº 8/2025 - UASG 158524]]></Identifica>
    <Data><![CDATA[]]></Data>
    <Ementa />
    <Titulo />
    <SubTitulo />
    <Texto><![CDATA[<p class="identifica">EXTRATO DE TERMO ADITIVO Nº 8/2025 - UASG 158524</p><p>Número do Contrato: 10011/2022.</p><p>Nº Processo: 23379.001200/2022-19.</p><p>Dispensa. Nº 73/2022. Contratante: INST.FED.DE GOIAS/CAMPUS LUZIANIA. Contratado: 28.008.410/0001-06 - BAMEX CONSULTORIA EM GESTAO EMPRESARIAL LTDA. Objeto: Prorrogação da vigência do contrato, conforme previsto na cláusula segunda na forma dos art. 106 e 107 da lei 14.133/2021.. Vigência: 29/12/2025 a 29/12/2026. Valor Total Atualizado do Contrato: R$ 53.926,92. Data de Assinatura: 24/12/2025.</p><p>(COMPRASNET 4.0 - 24/12/2025).</p>]]></Texto>
  </body>
  <Midias />
</article></xml>