﻿<xml><article id="46733129" name="SPI-002-ECT-00435932" idOficio="11442466" pubName="DO3" artType="Aviso de Licitação" pubDate="03/12/2025" artClass="00014:00021:00049:00004:00000:00000:00000:00000:00000:00000:00078:00000" artCategory="Ministério das Comunicações/Empresa Brasileira de Correios e Telégrafos/Diretoria de Governança e Estratégia/Superintendência Estadual N1 SPI" artSize="12" artNotes="" numberPage="17" pdfPage="http://pesquisa.in.gov.br/imprensa/jsp/visualiza/index.jsp?data=03/12/2025&amp;jornal=530&amp;pagina=17" editionNumber="230" highlightType="" highlightPriority="" highlight="" highlightimage="" highlightimagename="" idMateria="23375219">
  <body>
    <Identifica><![CDATA[ AVISO DE LICITAÇÃO]]></Identifica>
    <Data><![CDATA[]]></Data>
    <Ementa />
    <Titulo />
    <SubTitulo />
    <Texto><![CDATA[<p class="identifica">AVISO DE LICITAÇÃO</p><p class="identifica">PREGÃO ELETRÔNICO Nº 449/2025 SE/SPI</p><p>Aquisição de bens e mobiliários para Unidades Operacionais e de Atendimento subordinados à Superintendência Estadual de São Paulo Interior (SE/SPI), por meio do Sistema de Registro de Preços - ID 1083735. Recebimento das Propostas e obtenção do Edital: http://www.correios.com.br ou http:// www.licitacoes-e.com.br até 17/12/2025 às 08h e início da disputa às 09h. Informações pelo licitacoes-rs@correios.com.br e telefone: (51) 3220-8725, no horário de 8h às 17h.</p><p class="assina">RITA WALERIA SCHMIDT</p><p class="cargo">Gerente de Licitações SE/RS</p>]]></Texto>
  </body>
  <Midias />
</article></xml>