﻿<xml><article id="46725046" name="AVISO DE republicacao CONCORRENC" idOficio="11440573" pubName="DO3" artType="Aviso de Licitação-Concorrência" pubDate="03/12/2025" artClass="00075:00007:00005:00000:00000:00000:00000:00000:00000:00000:00159:00000" artCategory="Prefeituras/Estado do Espírito Santo/Prefeitura Municipal de Água Doce do Norte" artSize="12" artNotes="" numberPage="234" pdfPage="http://pesquisa.in.gov.br/imprensa/jsp/visualiza/index.jsp?data=03/12/2025&amp;jornal=530&amp;pagina=234" editionNumber="230" highlightType="" highlightPriority="" highlight="" highlightimage="" highlightimagename="" idMateria="23372770">
  <body>
    <Identifica><![CDATA[ AVISO ]]></Identifica>
    <Data><![CDATA[ Água Doce Norte-ES, 1º de dezembro de 2025 ]]></Data>
    <Ementa />
    <Titulo />
    <SubTitulo />
    <Texto><![CDATA[<p class="identifica">AVISO</p><p class="identifica">CONCORRENCIA PÚBLICA Nº 3/2025</p><p>Republicação e retrificação de Licitação</p><p>LEI 14.133/2021 - Proc. Administrativo nº 5722/2025. - Proc. TCEESnº 2025.002E0700001.01.0010</p><p>Tipo: Menor Preço Global</p><p>Prefeitura Municipal de Água Doce do Norte, ES. Fundamento Jurídico: Lei 14.133/20231. Objeto: Constitui o objeto desta Licitação, CONTRATAÇÃO DE EMPRESA PARA REALIZAÇÃO DE SERVIÇO DE CONSTRUÇÃO DO MURO PERIMETRAL E A PAVIMENTAÇÃO INTERNA DA EMEIEF, ÁGUA DOCE DO NORTE - ES, conforme Projetos Básicos, planilhas orçamentárias e demais documentos que compõem os ANEXOS do edital. Abertura dos envelopes: 19/12/2025, às 09:00h, na sala na C.P.L, situada Av. Sebastião Coelho de Souza, 570, Centro, Agua Doce do Norte, ES. Informações: Tel 27-3759-1122, de 07:30 as 11:30 e das 13:00 as 17:00h e no site http://www.aguadocedonorte.es.gov.br/licitacao/ e através do e-mail: licitacao@aguadocedonorte.es.gov.br, e informações 27-3759-1122.</p><p class="data">Água Doce Norte-ES, 1º de dezembro de 2025</p><p class="assina">Abraão Lincon Elizeu</p><p class="cargo">Prefeito</p>]]></Texto>
  </body>
  <Midias />
</article></xml>