﻿<xml><article id="46726256" name="Minuta DOU. Junior Melo Damian" idOficio="11443354" pubName="DO3" artType="Extrato de Termo Aditivo" pubDate="03/12/2025" artClass="00008:00029:00053:00000:00000:00000:00000:00000:00000:00000:00053:00000" artCategory="Ministério da Agricultura e Pecuária/Empresa Brasileira de Pesquisa Agropecuária/Embrapa Informática Agropecuária" artSize="12" artNotes="" numberPage="7" pdfPage="http://pesquisa.in.gov.br/imprensa/jsp/visualiza/index.jsp?data=03/12/2025&amp;jornal=530&amp;pagina=7" editionNumber="230" highlightType="" highlightPriority="" highlight="" highlightimage="" highlightimagename="" idMateria="23376443">
  <body>
    <Identifica><![CDATA[ EXTRATO DE TERMO ADITIVO]]></Identifica>
    <Data><![CDATA[]]></Data>
    <Ementa />
    <Titulo />
    <SubTitulo />
    <Texto><![CDATA[<p class="identifica">EXTRATO DE TERMO ADITIVO</p><p>Espécie: Aditivo de Termo de Compromisso de Confidencialidade e Outras Avenças; Partes: Empresa Brasileira de Pesquisa Agropecuária (Embrapa) CNPJ 00.348.003/0116-60 e Bolsista Junior Melo Damian CPF XXX.221.XXX-47; Objeto: Prorroga a vigência do Termo de Compromisso de Confidencialidade e Outras Avenças, celebrado em 21/08/2024, entre a Embrapa e o Bolsista; Data da assinatura: 27/11/2025; Vigência: 09/12/2025 a 09/05/2026; Signatários: Eduardo Caputi, Chefe Adjunto de Administração, pela Embrapa, Luciana Guilherme Sacomani Zenerato, Supervisora do Setor de Gestão de Pessoas, pela Embrapa e Junior Melo Damian, Bolsista.</p>]]></Texto>
  </body>
  <Midias />
</article></xml>