﻿<xml><article id="46736227" name="Public DOU em 01.12.2025" idOficio="11438599" pubName="DO3" artType="Aviso de Revogação" pubDate="03/12/2025" artClass="00075:00020:00041:00000:00000:00000:00000:00000:00000:00000:00086:00000" artCategory="Prefeituras/Estado do Rio de Janeiro/Prefeitura Municipal de Itaboraí" artSize="12" artNotes="" numberPage="290" pdfPage="http://pesquisa.in.gov.br/imprensa/jsp/visualiza/index.jsp?data=03/12/2025&amp;jornal=530&amp;pagina=290" editionNumber="230" highlightType="" highlightPriority="" highlight="" highlightimage="" highlightimagename="" idMateria="23369353">
  <body>
    <Identifica><![CDATA[ AVISO DE REVOGAÇÃO ]]></Identifica>
    <Data><![CDATA[ Itaboraí-RJ, 28 de novembro de 2025.]]></Data>
    <Ementa />
    <Titulo />
    <SubTitulo />
    <Texto><![CDATA[<p class="identifica">AVISO DE REVOGAÇÃO</p><p class="identifica">CONCORRÊNCIA ELETRÔNICA Nº 2/2025</p><p>PREFEITURA MUNICIPAL DE ITABORAI - RJ - Processo 0014.000036/2025-09. Objeto: "Execução de Obras de Pavimentação Asfáltica, Drenagem Pluvial e Sinalização Urbana no Bairro Itambi."</p><p>Por decisão do Sr. Secretário, fica Revogada a presente Licitação. Para maiores informações: e-mail licitacaoesclarecimentos@itaborai.rj.gov.br</p><p class="data">Itaboraí-RJ, 28 de novembro de 2025.</p><p class="assina">Beatriz Maciel Caetano</p><p class="cargo">Secretaria Municipal de Compras, Licitações e Contratos</p>]]></Texto>
  </body>
  <Midias />
</article></xml>