﻿<xml><article id="46726850" name="AVISO DE REABERTURA DE PRAZO - P" idOficio="11442028" pubName="DO3" artType="Aviso de Reabertura de Prazo" pubDate="03/12/2025" artClass="00074:00002:00009:00000:00000:00000:00000:00000:00000:00000:00189:00000" artCategory="Governo do Estado/Governo do Estado do Acre/Secretaria de Estado da Gestão Administrativa" artSize="12" artNotes="" numberPage="214" pdfPage="http://pesquisa.in.gov.br/imprensa/jsp/visualiza/index.jsp?data=03/12/2025&amp;jornal=530&amp;pagina=214" editionNumber="230" highlightType="" highlightPriority="" highlight="" highlightimage="" highlightimagename="" idMateria="23374594">
  <body>
    <Identifica><![CDATA[ AVISO DE REABERTURA DE PRAZO]]></Identifica>
    <Data><![CDATA[ Rio Branco-AC, 1º de Dezembro de 2025.]]></Data>
    <Ementa />
    <Titulo />
    <SubTitulo />
    <Texto><![CDATA[<p class="identifica">AVISO DE REABERTURA DE PRAZO</p><p class="identifica">PREGÃO ELETRÔNICO SRP Nº 369/2025</p><p>COMPRASGOV Nº 90369/2025 - SEJUSP - SEI Nº 819.012931.00150/2025-61</p><p>Objeto: Aquisição de kits de APH tático, bolsas/mochilas APH tático nível intermediário.</p><p>Edital e Informações: O edital estará à disposição dos interessados a partir do dia 02/12/2025, com o recebimento das propostas até às 09h15min (horário de Brasília) do dia 19/12/2025, por meio dos sites www.licitacao.ac.gov.br e www.comprasnet.gov.br, UASG: 927996. em razão de retificação no edital.</p><p class="data">Rio Branco-AC, 1º de Dezembro de 2025.</p><p class="assina">Joelson Queiroz Souza Amorim</p><p class="cargo">Pregoeiro</p>]]></Texto>
  </body>
  <Midias />
</article></xml>