﻿<xml><article id="46734306" name="Notificacao preventiva_Francyell" idOficio="11431800" pubName="DO3" artType="Aviso" pubDate="03/12/2025" artClass="00071:00022:00000:00000:00000:00000:00000:00000:00000:00000:00106:00000" artCategory="Entidades de Fiscalização do Exercício das Profissões Liberais/Conselho de Arquitetura e Urbanismo do Rio de Janeiro" artSize="12" artNotes="" numberPage="202" pdfPage="http://pesquisa.in.gov.br/imprensa/jsp/visualiza/index.jsp?data=03/12/2025&amp;jornal=530&amp;pagina=202" editionNumber="230" highlightType="" highlightPriority="" highlight="" highlightimage="" highlightimagename="" idMateria="23359079">
  <body>
    <Identifica><![CDATA[ edital DE NOTIFICAÇÃO PREVENTIVA]]></Identifica>
    <Data><![CDATA[Em 26 de novembro de 2025.]]></Data>
    <Ementa />
    <Titulo />
    <SubTitulo />
    <Texto><![CDATA[<p class="identifica">edital DE NOTIFICAÇÃO PREVENTIVA</p><p>Interessada: Francyelle Meira de Souza (CPF ***.***.267- 92); Notificações Preventivas 1000250805-01A/2025 e 1000250805-01B/2025; denúncia 49437; infração: Ausência de Registro de Responsabilidade Técnica; prazo de recurso: 10 (dez) dias a contar da data desta publicação. Caso contrário, o processo terá prosseguimento conforme legislação vigente; Fundamentação jurídica: art. 35 e 43, Res. CAU/BR n.22 e art. 7° Lei 12.378/2010.</p><p class="data">Em 26 de novembro de 2025.</p><p class="assina">Sydnei Menezes</p><p class="cargo">Presidente</p>]]></Texto>
  </body>
  <Midias />
</article></xml>