﻿<xml><article id="46726286" name="Extrato 65.2025" idOficio="11432274" pubName="DO3" artType="Extrato" pubDate="03/12/2025" artClass="00073:04862:08551:00000:00000:00000:00000:00000:00000:00000:00170:00000" artCategory="Ineditoriais/Fundação Instituto Nacional de Telecomunicações" artSize="12" artNotes="" numberPage="210" pdfPage="http://pesquisa.in.gov.br/imprensa/jsp/visualiza/index.jsp?data=03/12/2025&amp;jornal=530&amp;pagina=210" editionNumber="230" highlightType="" highlightPriority="" highlight="" highlightimage="" highlightimagename="" idMateria="23360371">
  <body>
    <Identifica><![CDATA[ extrato de convênio]]></Identifica>
    <Data><![CDATA[]]></Data>
    <Ementa />
    <Titulo />
    <SubTitulo />
    <Texto><![CDATA[<p class="identifica">extrato de convênio</p><p>Extrato Processo Licitatório Nº. 65/2025 Convênio: FAPEMIG APQ-03162-24 Objeto: Aquisição de Placa de Desenvolvimento com a utilização de verba vinculada ao Convênio supracitado. Total de itens solicitados: 01. Valor R$ 1.976,71 (hum mil, novecentos e setenta e seis reais e setenta e um centavos) Empresa Contratada: PXL Industries CO. Limited Marcelo de Oliveira Marques Presidente da Finatel</p>]]></Texto>
  </body>
  <Midias />
</article></xml>