﻿<xml><article id="46729928" name="Pad 429 2009" idOficio="11441239" pubName="DO3" artType="Extrato de Contrato" pubDate="03/12/2025" artClass="00071:00261:00000:00000:00000:00000:00000:00000:00000:00000:00030:00000" artCategory="Entidades de Fiscalização do Exercício das Profissões Liberais/Conselho Regional de Enfermagem do Rio de Janeiro" artSize="12" artNotes="" numberPage="204" pdfPage="http://pesquisa.in.gov.br/imprensa/jsp/visualiza/index.jsp?data=03/12/2025&amp;jornal=530&amp;pagina=204" editionNumber="230" highlightType="" highlightPriority="" highlight="" highlightimage="" highlightimagename="" idMateria="23373699">
  <body>
    <Identifica><![CDATA[ EXTRATO DE CONTRATO]]></Identifica>
    <Data><![CDATA[]]></Data>
    <Ementa />
    <Titulo />
    <SubTitulo />
    <Texto><![CDATA[<p class="identifica">EXTRATO DE CONTRATO</p><p>Processo Administrativo: 429/2009 Contrato: 15° Termo Aditivo ao Contrato 44/2010 Contratado: Montechiari E Silva Objeto: prorrogação do prazo de vigência ao contrato 44/2010 Vigência: 30.11.2025 à 30.11.2026 Valor Global: R$ 22.642,14 (vinte e dois mil, seiscentos e quarenta e dois reais e quatorze centavos) Nota de Empenho: 3472/2025 Elemento das Despesas: 6.2.2.1.1.01.33.90.039.002.012.001 - Locação de Bens e Imóveis Fundamento Legal:Lei 8.666/1993Data da Assinatura: 27/11/2025</p>]]></Texto>
  </body>
  <Midias />
</article></xml>