﻿<xml><article id="46726949" name="pub INCOM EXAMES ESPECIFICOS" idOficio="11441711" pubName="DO3" artType="Aviso de Licitação" pubDate="03/12/2025" artClass="00075:00012:00823:00000:00000:00000:00000:00000:00000:00000:00078:00000" artCategory="Prefeituras/Estado de Minas Gerais/Prefeitura Municipal de Poço Fundo" artSize="12" artNotes="" numberPage="256" pdfPage="http://pesquisa.in.gov.br/imprensa/jsp/visualiza/index.jsp?data=03/12/2025&amp;jornal=530&amp;pagina=256" editionNumber="230" highlightType="" highlightPriority="" highlight="" highlightimage="" highlightimagename="" idMateria="23374249">
  <body>
    <Identifica><![CDATA[ AVISO DE LICITAÇÃO PREGÃO ELETRÔNICO Nº 155/2025]]></Identifica>
    <Data><![CDATA[]]></Data>
    <Ementa />
    <Titulo />
    <SubTitulo />
    <Texto><![CDATA[<p class="identifica">AVISO DE LICITAÇÃO PREGÃO ELETRÔNICO Nº 155/2025</p><p>A Prefeitura Municipal de Poco Fundo, atraves do Departamento de Licitacoes, informa ao publico em geral que, encontra-se aberto o Processo Licitatorio n 239/2025, na modalidade Pregão Eletrônico nº 155/2025, tendo como Objeto do proposto certame a CONTRATACAO DE EMPRESA ESPECIALIZADA PARA REALIZACAO DE EXAMES ESPECIFICOS PARA ATENDER AS NECESSIDADES DOS PACIENTES DA REDE SUS DESTE MUNICIPIO, CONFORME DESCRITO NO EDITAL. A data de abertura sera dia 18 de dezembro de 2025, as 14:00 horas. O edital encontra-se no site http://pe.pocofundo.mg.gov.br e o manual para uso do sistema de pregao eletronico encontram-se no site www.pocofundo.mg.gov.br.</p><p class="assina">Edson Nogueira Luz Filho</p><p class="cargo">Pregoeiro</p>]]></Texto>
  </body>
  <Midias />
</article></xml>