﻿<xml><article id="46733843" name="PUBLICACAO AVISO DE LICITACAO PR" idOficio="11441534" pubName="DO3" artType="Aviso de Licitação-Pregão" pubDate="03/12/2025" artClass="00075:00021:00003:00000:00000:00000:00000:00000:00000:00000:00162:00000" artCategory="Prefeituras/Estado de Rondônia/Prefeitura Municipal de Alta Floresta D Oeste" artSize="12" artNotes="" numberPage="291" pdfPage="http://pesquisa.in.gov.br/imprensa/jsp/visualiza/index.jsp?data=03/12/2025&amp;jornal=530&amp;pagina=291" editionNumber="230" highlightType="" highlightPriority="" highlight="" highlightimage="" highlightimagename="" idMateria="23374037">
  <body>
    <Identifica><![CDATA[ AVISO DE LICITAÇÃO]]></Identifica>
    <Data><![CDATA[     Alta Floresta D'Oeste-RO, 1º de dezembro de 2025. ]]></Data>
    <Ementa />
    <Titulo />
    <SubTitulo />
    <Texto><![CDATA[<p class="identifica">AVISO DE LICITAÇÃO</p><p class="identifica">PREGÃO ELETRÔNICO Nº 64/2025</p><p>A P M de Alta Floresta D'Oeste-RO, através do Agente de contratação torna público que realizará Licitação na modalidade Pregão Eletrônico, tipo Menor Preço Por Item, que será julgado nos termos da Lei nº. 14.133/21, aplicando-se as Leis complementares 123/2006 c/ 147/2014. Objeto: Aquisição de alevinos das espécies Tambaqui e Pintado, destinados à distribuição a produtores rurais/piscicultores do Município, visando o fortalecimento da cadeia produtiva da aquicultura e incentivo à produção familiar. O valor estimado da licitação e de R$289.344,40. Data da abertura e início da disputa: 16/12/2025 às 10h00min. Para todas as referências de tempo será observado o horário de Brasília (DF) LOCAL: www.licitanet.com.br (oficial). Informações Complementares: O Edital encontrar-se-á disposição dos interessados no site oficial supracitado. www.altafloresta.ro.gov.br (Portal Transparência) e na Sala de Licitações da Prefeitura Municipal de Alta Floresta D'Oeste - RO, sito à Av. Brasil 3044, Bairro Redondo, de Segunda à Sexta Feira, exceto feriados, em horário de expediente das 07h:30min. às 13h:30min., para maiores informações. E-mail: cpl@altafloresta.ro.gov.br Fone: (69)3641-2734.</p><p class="data">Alta Floresta D'Oeste-RO, 1º de dezembro de 2025.</p><p class="assina">Celia Ferrari Bueno</p><p class="cargo">Agente de Contratação</p>]]></Texto>
  </body>
  <Midias />
</article></xml>