﻿<xml><article id="46745538" name="2025-12-01/11443380/COMPRASNETWS" idOficio="11443380" pubName="DO3" artType="Extrato de Termo Aditivo" pubDate="03/12/2025" artClass="00025:00088:00001:00000:00000:00000:00000:00000:00000:00000:00053:00001" artCategory="Ministério da Educação/Instituto Federal de Educação, Ciência e Tecnologia do Sul de Minas Gerais/Reitoria" artSize="12" artNotes="" numberPage="81" pdfPage="http://pesquisa.in.gov.br/imprensa/jsp/visualiza/index.jsp?data=03/12/2025&amp;jornal=530&amp;pagina=81" editionNumber="230" highlightType="" highlightPriority="" highlight="" highlightimage="" highlightimagename="" idMateria="23376622">
  <body>
    <Identifica><![CDATA[ EXTRATO DE TERMO ADITIVO Nº 1/2025 - UASG 158137]]></Identifica>
    <Data><![CDATA[]]></Data>
    <Ementa />
    <Titulo />
    <SubTitulo />
    <Texto><![CDATA[<p class="identifica">EXTRATO DE TERMO ADITIVO Nº 1/2025 - UASG 158137</p><p>Número do Contrato: 6/2024.</p><p>Nº Processo: 23343.003733/2023-15.</p><p>Pregão. Nº 21/2023. Contratante: INST.FED.DE EDUC.,CIENC.E TEC.DO SUL DE MG. Contratado: 29.423.785/0001-97 - HAGIL SERVICE DISTRIBUIDORA LTDA. Objeto: Trata-se de correção do 1º termo de apostilamento de 2025 ao contrato, já que este não permite a correção de valores no sistema para empenhamento de despesa. Reajuste conforme ipca.. Vigência: 12/02/2025 a 08/02/2026. Valor Total Atualizado do Contrato: R$ 1.682.000,00. Data de Assinatura: 12/02/2025.</p><p>(COMPRASNET 4.0 - 12/02/2025).</p>]]></Texto>
  </body>
  <Midias />
</article></xml>