﻿<xml><article id="46731593" name="DOU 41A ato convocatorio" idOficio="11442000" pubName="DO3" artType="Edital de Concurso Público" pubDate="03/12/2025" artClass="00071:00260:00000:00000:00000:00000:00000:00000:00000:00000:00059:00000" artCategory="Entidades de Fiscalização do Exercício das Profissões Liberais/Conselho Regional de Enfermagem do Rio Grande do Sul" artSize="12" artNotes="" numberPage="204" pdfPage="http://pesquisa.in.gov.br/imprensa/jsp/visualiza/index.jsp?data=03/12/2025&amp;jornal=530&amp;pagina=204" editionNumber="230" highlightType="" highlightPriority="" highlight="" highlightimage="" highlightimagename="" idMateria="23374609">
  <body>
    <Identifica><![CDATA[ EDITAL DE CONVOCAÇÃO]]></Identifica>
    <Data><![CDATA[]]></Data>
    <Ementa />
    <Titulo />
    <SubTitulo />
    <Texto><![CDATA[<p></p><p class="identifica">EDITAL DE CONVOCAÇÃO</p><p>O Conselho Regional de Enfermagem do Rio Grande do Sul - COREN/RS, considerando a aprovação e a classificação obtida no Concurso Público regido pelo Edital de Abertura nº 01/2023, com o resultado homologado em 14/11/2023, CONVOCA o candidato, aprovado e classificado, conforme Anexo I, para que em até 05 (cinco) dias úteis, contados a partir do dia subsequente ao recebimento da carta registrada com aviso de recebimento (A.R.), apresente-se ao Departamento de Recursos Humanos, na Av. Plinio Brasil Milano, 1155, Porto Alegre - RS, no horário das 8h às 17h30min, a fim de formalizar o interesse na contratação e comprovar os requisitos mínimos para admissão, na forma dos itens 10, 11 e Anexo I do Edital de Abertura nº 01/2023, para 01 vaga para o cargo de Analista - Área de Financas Contabilidade e Controladoria com lotação na cidade de Porto Alegre/RS e 01 vaga para o cargo de Assistente - Área Administrativa com lotação na cidade de Porto Alegre/RS, obedecendo a ordem de classificação:</p><p>ANEXO I</p><p>CONVOCAÇÃO DE CANDIDATOS</p><p>CANDIDATO - CLASSIFICAÇÃO - CARGO</p><p>- ALECIA MARTH - 12º Acesso Universal   - Analista - Área de Finanças Contabilidade e Controladoria, com lotação na cidade Porto Alegre/RS.</p><p>- HEIKE CHIOCHETA VIEIRA - 21º Acesso Universal   - Assistente - Área Administrativa, com lotação na cidade Porto Alegre/RS.</p><p>O nao comparecimento no prazo mencionado será entendido como desistência da vaga.</p><p class="assina">Antonio Ricardo Tolla da Silva</p><p class="cargo">Presidente do Coren-RS</p>]]></Texto>
  </body>
  <Midias />
</article></xml>