﻿<xml><article id="46726709" name="Homologacao edital 027_2025" idOficio="11432920" pubName="DO3" artType="Aviso de Homologação e Adjudicação" pubDate="03/12/2025" artClass="00075:00020:00062:00000:00000:00000:00000:00000:00000:00000:00076:00000" artCategory="Prefeituras/Estado do Rio de Janeiro/Prefeitura Municipal de Miracema" artSize="12" artNotes="" numberPage="290" pdfPage="http://pesquisa.in.gov.br/imprensa/jsp/visualiza/index.jsp?data=03/12/2025&amp;jornal=530&amp;pagina=290" editionNumber="230" highlightType="" highlightPriority="" highlight="" highlightimage="" highlightimagename="" idMateria="23361380">
  <body>
    <Identifica><![CDATA[ aviso DE ADJUDICAÇÃO E HOMOLOGAÇÃO ]]></Identifica>
    <Data><![CDATA[ Miracema, 24 de novembro de 2025.]]></Data>
    <Ementa />
    <Titulo />
    <SubTitulo />
    <Texto><![CDATA[<p class="identifica">aviso DE ADJUDICAÇÃO E HOMOLOGAÇÃO</p><p class="identifica">Pregão eletrônico</p><p>EXTRATO DE ADJUDICAÇÃO E HOMOLOGAÇÃO. Processo licitatório: 2025.21752-3 - Modalidade: Pregão eletrônico - EDITAL: 027/2025. Objeto: Aquisição de veículo sedã zero km.</p><p>A Prefeita Municipal de Miracema/RJ, Sra. Maria Alessandra Leite Freire, no uso de suas atribuições legais, resolve adjudicar e homologar o resultado do julgamento do respectivo processo licitatório em favor da(s) empresa(s), nos seguintes valores: (1) WW PÁDUA VEÍCULOS E PEÇAS LTDA - CNPJ: 03.857.486/0001-77, no valor total de R$ 106.900,00.</p><p class="data">Miracema, 24 de novembro de 2025.</p><p class="assina">Maria Alessandra Leite Freire</p>]]></Texto>
  </body>
  <Midias />
</article></xml>