﻿<xml><article id="46745475" name="2025-12-01/11443376/siasgnet_233" idOficio="11443376" pubName="DO3" artType="Aviso de Licitação-Pregão" pubDate="03/12/2025" artClass="00070:00043:00000:00000:00000:00000:00000:00000:00000:00000:00162:00001" artCategory="Poder Judiciário/Tribunal Regional do Trabalho da 2ª Região" artSize="12" artNotes="" numberPage="199" pdfPage="http://pesquisa.in.gov.br/imprensa/jsp/visualiza/index.jsp?data=03/12/2025&amp;jornal=530&amp;pagina=199" editionNumber="230" highlightType="" highlightPriority="" highlight="" highlightimage="" highlightimagename="" idMateria="23376526">
  <body>
    <Identifica><![CDATA[ AVISO DE LICITAÇÃO]]></Identifica>
    <Data><![CDATA[]]></Data>
    <Ementa />
    <Titulo />
    <SubTitulo />
    <Texto><![CDATA[<p class="identifica">AVISO DE LICITAÇÃO</p><p class="identifica">Pregão Eletrônico Nº 90069/2025 - UASG 80010</p><p>Nº Processo: 55.819/2025. Objeto: Contratação de pessoa jurídica para prestação de serviços técnicos de manutenção preventiva e corretiva, conservação e assistência técnica, com fornecimento de peças para os elevadores instalados nas unidades que compõem a Região 7 (Fóruns Trabalhistas de Santos, Diadema e Mogi das Cruzes). Total de Itens Licitados: 1. Edital: 03/12/2025 das 08h00 às 17h59. Endereço: Avenida Marquês de São Vicente Nº 235, Bloco B, 1º Andar, Barra Funda - São Paulo/SP ou https://www.gov.br/compras/edital/80010-5-90069-2025. Entrega das Propostas: a partir de 03/12/2025 às 08h00 no site www.gov.br/compras. Abertura das Propostas: 19/12/2025 às 11h30 no site www.gov.br/compras.</p><p class="assina">AQUILES JOSE MALVEZZI</p><p class="cargo">Diretor da Secretaria de Processamento e Acompanhamento de Contratos e Licitações</p><p>(SIASGnet - 01/12/2025) 80010-00001-2024NE000054</p>]]></Texto>
  </body>
  <Midias />
</article></xml>