﻿<xml><article id="46727579" name="038.2025 - AVISO DE CONVOCACAO -" idOficio="11442952" pubName="DO3" artType="Aviso" pubDate="03/12/2025" artClass="00071:00060:00000:00000:00000:00000:00000:00000:00000:00000:00106:00000" artCategory="Entidades de Fiscalização do Exercício das Profissões Liberais/CONSELHO FEDERAL DOS TECNICOS INDUSTRIAIS" artSize="12" artNotes="" numberPage="203" pdfPage="http://pesquisa.in.gov.br/imprensa/jsp/visualiza/index.jsp?data=03/12/2025&amp;jornal=530&amp;pagina=203" editionNumber="230" highlightType="" highlightPriority="" highlight="" highlightimage="" highlightimagename="" idMateria="23375897">
  <body>
    <Identifica><![CDATA[ AVISO DE CONVOCAÇÃO]]></Identifica>
    <Data><![CDATA[]]></Data>
    <Ementa />
    <Titulo />
    <SubTitulo />
    <Texto><![CDATA[<p class="identifica">AVISO DE CONVOCAÇÃO</p><p class="identifica">PROCESSO SELETIVO - EDITAL Nº 1/2021</p><p>O CONSELHO FEDERAL DOS TÉCNICOS INDUSTRIAIS - CFT, no uso de suas atribuições legais, convoca, nos termos do Edital nº 01/2021, os candidatos aprovados no Processo Seletivo a seguir relacionados: Para o cargo de Assistente Administrativo I, a Sra. ROBERTA ALMEIDA SILVA PEREIRA CPF xxx.058.xxx-70, classificação nº 35º, em Ampla Concorrência, inscrição 547.01977360/9 em razão da desistência do Sr. LEON FIGUEIREDO DE CASTRO. Para o cargo de Analista Técnico Júnior, o Sr. MEULEN DUTRA GONÇALVES CPF xxx.164.xxx-81, classificação nº 26º, em Ampla Concorrência, inscrição 547.01994849 em razão da desistência do Sr. ARLEI GEOVANE COUTO, e para o cargo de Analista de Tecnologia da Informação Júnior, o Sr. JOSÉ ANTÔNIO EUZEBIO PAIVA, CPF xxx.134.xxx-95, classificação nº 7º, em AMPLA CONCORRÊNCIA, inscrição 547.02003792/7 em razão da desistência do Sr. IRLEI RODRIGUES ROSA. Os convocados deverão apresentar-se para entrega de documentos na sede do CFT, no período de 02 a 05 de dezembro de 2025, em dias úteis, sob pena de preclusão consumativa do ato.</p><p class="assina">RICARDO NERBAS</p><p class="cargo">Presidente Interino do CFT</p>]]></Texto>
  </body>
  <Midias />
</article></xml>