﻿<xml><article id="46730930" name="MODELO DE EXTRATO DE ADITIVO DE " idOficio="11442784" pubName="DO3" artType="Extrato de Termo Aditivo" pubDate="03/12/2025" artClass="00075:00003:00017:00000:00000:00000:00000:00000:00000:00000:00053:00000" artCategory="Prefeituras/Estado do Amapá/Prefeitura Municipal de Tartarugalzinho" artSize="12" artNotes="" numberPage="219" pdfPage="http://pesquisa.in.gov.br/imprensa/jsp/visualiza/index.jsp?data=03/12/2025&amp;jornal=530&amp;pagina=219" editionNumber="230" highlightType="" highlightPriority="" highlight="" highlightimage="" highlightimagename="" idMateria="23375607">
  <body>
    <Identifica><![CDATA[ EXTRATO DE TERMO ADITIVO]]></Identifica>
    <Data><![CDATA[]]></Data>
    <Ementa />
    <Titulo />
    <SubTitulo />
    <Texto><![CDATA[<p class="identifica">EXTRATO DE TERMO ADITIVO</p><p>ACRÉSCIMO DE SERVIÇO AO CONTRATO Nº 8/2024-SEMIOS /PMT. SICOV Nº 93876/2022</p><p>Extrato de Termo de Aditivo de Serviço ao contrato Nº 008/2024 SEMIOS/PMT, que entre si celebram a PREFEITURA MUNICIPAL DE TARTARUGALZINHO por intermédio da Secretaria Municipal de Infraestrutura Obras e Serviços -SEMIOS/PMT, representado pelo Secretário de Obras o Sr. MIGUEL DA SILVA DUARTE JUNIOR e a empresa EUCAPINO CONSTRUÇÕES E SERVIÇOS-LTDA, inscrita no CNPJ (MF) nº 34.931.002/0001-97. Fundamentação Legal: A Lei Nº 8.666/1993, regula de forma impositiva ao contratado as alterações contratuais, seja para acréscimo ou supressão e desde que observado o patamar limite de 25% a depender do objeto e permite, com anuência do contrato, alterações qualitativas sem regular qualquer limitação. CLÁSULA PRIMEIRA - DO OBJETO: Fica aditado o contrato nº 008/2024/PMT atendendo aos limites prescritos pelo §1º do artigo da Lei 8.666/96, em 24,94% do valor de R$ 4.149.790,84 (Quatro milhões, cento e quarenta e nove mil e setecentos e noventa reais e oitenta e quatro centavos) acrescentando o valor de R$ 1.034.968,31 ( Um milhão, trinta e quatro mil e novecentos e sessenta e oito reais e trinta e um centavos), totalizando o valor do presente aditivo de R$ 5.184.759,15 ( cinco milhões, cento e oitenta e quatro mil e setecentos e cinquenta e nove reais e quinze centavos).</p><p></p>]]></Texto>
  </body>
  <Midias />
</article></xml>