﻿<xml><article id="46726010" name="Extrato 68.2025" idOficio="11432279" pubName="DO3" artType="Extrato" pubDate="03/12/2025" artClass="00073:04862:08551:00000:00000:00000:00000:00000:00000:00000:00170:00000" artCategory="Ineditoriais/Fundação Instituto Nacional de Telecomunicações" artSize="12" artNotes="" numberPage="210" pdfPage="http://pesquisa.in.gov.br/imprensa/jsp/visualiza/index.jsp?data=03/12/2025&amp;jornal=530&amp;pagina=210" editionNumber="230" highlightType="" highlightPriority="" highlight="" highlightimage="" highlightimagename="" idMateria="23360376">
  <body>
    <Identifica><![CDATA[ extrato de convênio]]></Identifica>
    <Data><![CDATA[]]></Data>
    <Ementa />
    <Titulo />
    <SubTitulo />
    <Texto><![CDATA[<p class="identifica">extrato de convênio</p><p>Extrato Processo Licitatório Nº. 68/2025 Convênio: FAPEMIG APQ-01558-24 Objeto: Contratação de empresa especializada em serviços de instalações elétricas, com a utilização de verba vinculada ao Convênio supracitado. Total de itens solicitados: 01. Valor R$ 6.972,52 (seis mil, novecentos e setenta e dois reais e cinquenta e dois centavos) Empresa Contratada: Tatiano José Machado CNPJ: 54.140.742/0001-41 Marcelo de Oliveira Marques Presidente da Finatel</p>]]></Texto>
  </body>
  <Midias />
</article></xml>