﻿<xml><article id="46731113" name="AVISO INEX 90081-SEMED ok" idOficio="11441253" pubName="DO3" artType="Aviso de Inexigibilidade de Licitação" pubDate="03/12/2025" artClass="00075:00021:00007:00000:00000:00000:00000:00000:00000:00000:00077:00000" artCategory="Prefeituras/Estado de Rondônia/Prefeitura Municipal de Ariquemes" artSize="12" artNotes="" numberPage="291" pdfPage="http://pesquisa.in.gov.br/imprensa/jsp/visualiza/index.jsp?data=03/12/2025&amp;jornal=530&amp;pagina=291" editionNumber="230" highlightType="" highlightPriority="" highlight="" highlightimage="" highlightimagename="" idMateria="23373725">
  <body>
    <Identifica><![CDATA[ AVISO DE CONTRATAÇÃO DIRETA Nº 90081/2025/INEXIBILIDADE/SML/PMA]]></Identifica>
    <Data><![CDATA[ Ariquemes-RO, 1º de dezembro de 2025.]]></Data>
    <Ementa />
    <Titulo />
    <SubTitulo />
    <Texto><![CDATA[<p class="identifica">AVISO DE CONTRATAÇÃO DIRETA Nº 90081/2025/INEXIBILIDADE/SML/PMA</p><p>PROCESSO ADM. Nº 16858/2025 Aquisição de material didático, recursos digitais, material complementar - Líder em Mim (LEM), para atender as Unidades Escolares pertencentes a Secretaria Municipal de Educação do município de Ariquemes/RO. Com valor estimado em R$3.048.382,99.</p><p>A Prefeitura de Ariquemes-RO através da Pregoeira designada pelo Decreto nº. 21.881, de 7 de janeiro de 2025, torna público, para o conhecimento, a realização da aquisição através de contratação direta, sob o nº 90081/2025 na modalidade de inexibilidade de licitação, na forma do Art. 74, Inciso I da Lei nº. 14.133/21, atendendo assim as necessidades da Secretaria Municipal de Educação, os recursos financeiros são oriundos da TRANSFERÊNCIA: (Transf. FUNDEB - Complementação União VAAR; F. Rec.: 2.569.0000 - Outras Transf. de rec. FNDE; F. Rec: 1.706.3110 - Transf. Especial União), podendo ser consultada no endereço: www.ariquemes.ro.gov.br na aba de anexos da licitação no link: http://transparencia.ariquemes.ro.gov.br/transparencia/ index.php?link=aplicacoes/ licitacao/frmlicitacao_licitacao&amp;token=d071ad2f671581 a12667d64771c792ca. Mais informações, por meio do telefone (69) 3516-2020 ou pelo e-mail: pregaopma@hotmail.com.</p><p class="data">Ariquemes-RO, 1º de dezembro de 2025.</p><p class="assina">Rosangela Martins de Oliveira</p><p class="cargo">Pregoeira</p>]]></Texto>
  </body>
  <Midias />
</article></xml>