﻿<xml><article id="46725416" name="7 - AVISO DE LICITACAO - DOU6" idOficio="11441780" pubName="DO3" artType="Aviso de Licitação" pubDate="03/12/2025" artClass="00075:00012:01080:00000:00000:00000:00000:00000:00000:00000:00079:00000" artCategory="Prefeituras/Estado de Minas Gerais/Prefeitura Municipal de Turmalina" artSize="12" artNotes="" numberPage="259" pdfPage="http://pesquisa.in.gov.br/imprensa/jsp/visualiza/index.jsp?data=03/12/2025&amp;jornal=530&amp;pagina=259" editionNumber="230" highlightType="" highlightPriority="" highlight="" highlightimage="" highlightimagename="" idMateria="23374337">
  <body>
    <Identifica><![CDATA[AVISO DE LICITAÇÃO]]></Identifica>
    <Data><![CDATA[Em 1º de dezembro de 2025.]]></Data>
    <Ementa />
    <Titulo />
    <SubTitulo />
    <Texto><![CDATA[<p class="identifica">AVISO DE LICITAÇÃO</p><p class="identifica">Pregão Eletrônico nº 61/2025</p><p>torna público para conhecimento dos interessados a publicação do edital do Pregão Eletrônico nº 061/2025 Tipo: Menor Preço por Item, destinado ao Registro de Preços para prestação de serviços de realização de shows com artistas musicais locais e regionais, bandas (de gêneros variados), DJs (de gêneros variados), duplas musicais, locução para eventos, shows e apresentações infantis, de eventos e ações promovidas pelas Secretarias Municipais de Turmalina/MG, especialmente pela Secretaria Municipal de Cultura e Turismo, de acordo com o calendário oficial de festividades do Município de Turmalina-MG, que será regido pela LF 14.133/2021, Decretos Municipais 127/2023 (regulamenta dispositivos da LF 14.133/2021), 129/2023 (regulamenta o Sistema de Registro de Preços) e 130/2023 (critério de julgamento por menor preço ou maior desconto, na forma eletrônica), LC 123/2006 e posteriores alterações e demais disposições legais aplicáveis à espécie, bem como condições fixadas no Edital e seus anexos, com envio de propostas e documentos de habilitação por meio do sistema https://licitar.digital/ até as 07h59min do dia 17/12/2025, Data e Horário de Abertura da Sessão: 17/12/2025 às 08h00min. Demais informações e Edital à disposição na Av. Lauro Machado, nº 230 - Centro, pelos telefones (38) 3527-1257 Ramais 210 e 211 e (38) 93300-4972 no horário de 08h00hs às 16h00hs, pelo e-mail: licitacao@turmalina.mg.gov.br, pelo site www.turmalina.mg.gov.br/licitacoes/1 e pelo sistema https://licitar.digital/.</p><p class="data">Em 1º de dezembro de 2025.</p><p class="assina">Gabriel Gomes Cordeiro</p><p class="cargo">Pregoeiro</p>]]></Texto>
  </body>
  <Midias />
</article></xml>