﻿<xml><article id="46726643" name="AVISO PUBLICACAO DE LICITACAO (D" idOficio="11441549" pubName="DO3" artType="Aviso de Licitação" pubDate="03/12/2025" artClass="00071:00271:00000:00000:00000:00000:00000:00000:00000:00000:00079:00000" artCategory="Entidades de Fiscalização do Exercício das Profissões Liberais/Conselho Regional de Engenharia e Agronomia do Amazonas" artSize="12" artNotes="" numberPage="205" pdfPage="http://pesquisa.in.gov.br/imprensa/jsp/visualiza/index.jsp?data=03/12/2025&amp;jornal=530&amp;pagina=205" editionNumber="230" highlightType="" highlightPriority="" highlight="" highlightimage="" highlightimagename="" idMateria="23374004">
  <body>
    <Identifica><![CDATA[AVISO DE LICITAÇÃO]]></Identifica>
    <Data><![CDATA[Manaus/AM,   2 de dezembro de 2025]]></Data>
    <Ementa />
    <Titulo />
    <SubTitulo />
    <Texto><![CDATA[<p></p><p class="identifica">AVISO DE LICITAÇÃO</p><p class="identifica">PREGÃO ELETRÔNICO Nº 90015/2025</p><p>O Conselho Regional de Engenharia e Agronomia do Amazonas - CREA/AM, através da sua Pregoeira, torna público, para conhecimento dos interessados, que fará realizar a seguinte licitação: PREGÃO ELETRÔNICO Nº 90015/2025. TIPO: menor preço. OBJETO: Contratação prestação de serviços continuados de Vigilância armada e desarmada e Segurança Patrimonial, com dedicação exclusiva de mão de obra, e monitoramento eletrônico, por um período de 12 (doze) meses, para atender ás necessidades do Conselho Regional de Engenharia e Agronomia do Estado do Amazonas-CREA-AM, conforme especificações do edital e seus anexos. DATA/HORÁRIO: 17.12.2025, às 15h (horário Brasília). O Edital acima se encontra à disposição dos interessados na CPL/CREA-AM, na Rua Costa Azevedo, Nº 174, Centro, nos horários de 9h as 15h00, no Portal Nacional de Compras Públicas ou através do e-mail: licitacao@crea-am.org.br, a partir do dia 03.12.2025.</p><p class="data">Manaus/AM, 2 de dezembro de 2025</p><p class="assina">Dannielle Schrann Cordeiro</p><p class="cargo">Pregoeira do CREA-AM</p>]]></Texto>
  </body>
  <Midias />
</article></xml>