﻿<xml><article id="46726742" name="2. CONTRATO 150-2025 - KITS" idOficio="11442680" pubName="DO3" artType="Extrato de Contrato" pubDate="03/12/2025" artClass="00075:00005:00356:00000:00000:00000:00000:00000:00000:00000:00030:00000" artCategory="Prefeituras/Estado da Bahia/Prefeitura Municipal de Mutuípe" artSize="12" artNotes="" numberPage="227" pdfPage="http://pesquisa.in.gov.br/imprensa/jsp/visualiza/index.jsp?data=03/12/2025&amp;jornal=530&amp;pagina=227" editionNumber="230" highlightType="" highlightPriority="" highlight="" highlightimage="" highlightimagename="" idMateria="23375535">
  <body>
    <Identifica><![CDATA[ EXTRATO De contrato ]]></Identifica>
    <Data><![CDATA[]]></Data>
    <Ementa />
    <Titulo />
    <SubTitulo />
    <Texto><![CDATA[<p class="identifica">EXTRATO De contrato</p><p>CONTRATO 150/2025. PE Nº 90002/2024.PA Nº 2206/2025. CONTRATANTE: MUNICÍPIO DE MUTUÍPE/BA - PREFEITURA MUNICIPAL, pessoa jurídica de direito público interno, inscrita no CNPJ sob o nº 13.827.035/0001-40, por intermédio da Secretaria Municipal de Educação, CNPJ nº 31.008.355/0001-50.CONTRATADO: Bignardi- Industria e Comercio de Papeis e Artefatos LTDA, inscrita(a) no CNPJ nº 61.191.522/0010-18.OBJETO: Aquisição de Kits de Materiais Escolares, para fornecimento aos alunos de escolas públicas de educação básica.VIGÊNCIA: 06 (seis) meses contados da assinatura do contrato, na forma do artigo 105 da Lei n° 14.133/2021.VALOR GLOBAL: R$ 26.480,00 (vinte e dois mil, quatrocentos e oitenta reais).FUNDAMENTAÇÃO LEGAL: Lei nº 14.133/2021. Mutuípe, 19 de novembro de 2025. JOÃO CARLOS RAUEDYS CARDOSO DA SILVA. Prefeito Municipal de Mutuípe. MERCEDES VELASCO PEREZ. Representante da contratada.</p>]]></Texto>
  </body>
  <Midias />
</article></xml>