﻿<xml><article id="46726526" name="Aviso CP 01" idOficio="11440882" pubName="DO3" artType="Aviso" pubDate="03/12/2025" artClass="00075:00005:00080:00000:00000:00000:00000:00000:00000:00000:00106:00000" artCategory="Prefeituras/Estado da Bahia/Prefeitura Municipal de Baixa Grande" artSize="12" artNotes="" numberPage="223" pdfPage="http://pesquisa.in.gov.br/imprensa/jsp/visualiza/index.jsp?data=03/12/2025&amp;jornal=530&amp;pagina=223" editionNumber="230" highlightType="" highlightPriority="" highlight="" highlightimage="" highlightimagename="" idMateria="23373067">
  <body>
    <Identifica><![CDATA[Aviso de Licitação]]></Identifica>
    <Data><![CDATA[ Baixa Grande-BA, 1º de Dezembro de 2025.]]></Data>
    <Ementa />
    <Titulo />
    <SubTitulo />
    <Texto><![CDATA[<p class="identifica">Aviso de Licitação</p><p class="identifica">CONCORRÊNCIA PÚBLICA nº 1/2025</p><p>Abertura: 18/12/2025 às 09h00min. por meio da plataforma eletrônica @e-municipio (https://emunicipio.com.br/baixagrande/modalidade/index.php) - Objeto: contratação de empresa especializada para construção de unidade Básica de Saúde (UBS) porte II no município de Baixa Grande/Ba, conforme proposta seleção PAC/2025. Edital e anexos no link www.baixagrande.ba.gov.br/site/editais</p><p class="data">Baixa Grande-BA, 1º de Dezembro de 2025.</p><p class="assina">Antônia Gelma Sodré da Silva</p><p class="cargo">Pregoeira</p>]]></Texto>
  </body>
  <Midias />
</article></xml>