﻿<xml><article id="46725866" name="RESUMO DE DISPENSA DE LICITACAO " idOficio="11415721" pubName="DO3" artType="Extrato de Dispensa de Licitação" pubDate="03/12/2025" artClass="00074:00006:00019:00000:00000:00000:00000:00000:00000:00000:00037:00000" artCategory="Governo do Estado/Governo do Estado da Bahia/Secretaria da Agricultura, Pecuária, Irrigação, Pesca e Aquicultura" artSize="12" artNotes="" numberPage="214" pdfPage="http://pesquisa.in.gov.br/imprensa/jsp/visualiza/index.jsp?data=03/12/2025&amp;jornal=530&amp;pagina=214" editionNumber="230" highlightType="" highlightPriority="" highlight="" highlightimage="" highlightimagename="" idMateria="23330097">
  <body>
    <Identifica><![CDATA[ extrato DE DISPENSA DE LICITAÇÃO Nº 79/2025]]></Identifica>
    <Data><![CDATA[]]></Data>
    <Ementa />
    <Titulo />
    <SubTitulo />
    <Texto><![CDATA[<p class="identifica">extrato DE DISPENSA DE LICITAÇÃO Nº 79/2025</p><p>PROCESSO: 010.0586.2025.0001610-34. CONTRATANTE: O Estado da Bahia, através da Secretaria da Agricultura, Pecuária, Irrigação, Pesca e Aquicultura - SEAGRI. CONTRATADA: Doctor Lab Produtos para Laboratórios Ltda. OBJETO: Aquisição de INSERT, para uso laboratorial, em vidro, dimensão 6 mm x 29 mm, capacidade 250 microlitros, formato cônico, para uso em frasco tipo vial de capacidade 2,0ml; acompanha mola de plástico para a parte inferior, do tipo w/bottom spring. Embalagem com dados de identificação do produto e marca do fabricante. VALOR GLOBAL: R$ R$ 2.609,71 (dois mil seiscentos e nove reais e setenta e um centavos). DOTAÇÃO ORÇAMENTÁRIA: Unidade FIPLAN: 10.101.0001; Natureza da Despesa: 3390.30000 - Material de Consumo; Destinação do Recurso: 2.700.0.331.101722.01.03.00.1 e 2.500.5.300.000000.00.00.00.1. Tipo de Recurso: Orçamentário. BASE LEGAL: Art. 75, inciso II, da Lei nº 14.133/2021.ASSINATURA: André Luis Nascimento Cavalcanti - Diretor Geral e Ananda Campos de Souza - Diretora Administrativa</p>]]></Texto>
  </body>
  <Midias />
</article></xml>