﻿<xml><article id="46730162" name="Aviso de Retificacao - Prefeitur" idOficio="11442018" pubName="DO3" artType="Aviso de Retificação" pubDate="03/12/2025" artClass="00075:00013:00164:00000:00000:00000:00000:00000:00000:00000:00155:00000" artCategory="Prefeituras/Estado do Pará/Prefeitura Municipal de Medicilândia" artSize="12" artNotes="" numberPage="265" pdfPage="http://pesquisa.in.gov.br/imprensa/jsp/visualiza/index.jsp?data=03/12/2025&amp;jornal=530&amp;pagina=265" editionNumber="230" highlightType="" highlightPriority="" highlight="" highlightimage="" highlightimagename="" idMateria="23374651">
  <body>
    <Identifica><![CDATA[  RETIFICAções ]]></Identifica>
    <Data><![CDATA[]]></Data>
    <Ementa />
    <Titulo />
    <SubTitulo />
    <Texto><![CDATA[<p class="identifica">RETIFICAções</p><p>PREGÃO ELETRÔNICO Nº 59/2025</p><p>Na publicação do dia 01/01/2025, DIÁRIO OFICIAL DA UNIÃO, Seção 3, pág. 269, na primeira coluna, referente ao AVISO DE LICITAÇÃO PREGÃO ELETRÔNICO Nº 059/2025. Onde se lê: LICITAÇÃO PREGÃO ELETRÔNICO Nº 058/2025, Leia-se: LICITAÇÃO PREGÃO ELETRÔNICO Nº 059/2025.</p><p>Na publicação do dia 01/01/2025, DIÁRIO OFICIAL DA UNIÃO, Seção 3, pág. 269, na primeira coluna, referente ao AVISO DE LICITAÇÃO PREGÃO ELETRÔNICO Nº 059/2025. Onde se lê: com abertura no dia 09 de dezembro de 2025 às 09hs, Leia-se: com abertura no dia 12 de dezembro de 2025 às 09hs.</p><p>AVISO DE RETIFICAÇÃO DO AVISO DE LICITAÇÃO CONCORRÊNCIA Nº 7/2025</p><p>Na publicação do dia 01/01/2025, DIÁRIO OFICIAL DA UNIÃO, Seção 3, pág. 269, na primeira coluna, referente ao AVISO DE LICITAÇÃO CONCORRÊNCIA Nº 007/2025. Onde se lê: com abertura no dia 11 de dezembro de 2025 às 09hs, Leia-se: com abertura no dia 16 de dezembro de 2025 às 09hs.</p>]]></Texto>
  </body>
  <Midias />
</article></xml>