﻿<xml><article id="46726421" name="DOU Conc 011 e 012" idOficio="11441064" pubName="DO3" artType="Aviso de Licitação-Concorrência" pubDate="03/12/2025" artClass="00075:00019:00413:00000:00000:00000:00000:00000:00000:00000:00159:00000" artCategory="Prefeituras/Estado do Rio Grande do Sul/Prefeitura Municipal de Quaraí" artSize="12" artNotes="" numberPage="288" pdfPage="http://pesquisa.in.gov.br/imprensa/jsp/visualiza/index.jsp?data=03/12/2025&amp;jornal=530&amp;pagina=288" editionNumber="230" highlightType="" highlightPriority="" highlight="" highlightimage="" highlightimagename="" idMateria="23373501">
  <body>
    <Identifica><![CDATA[ AVISO DE  LICITAÇÃO]]></Identifica>
    <Data><![CDATA[Em 1º de dezembro de 2025.]]></Data>
    <Ementa />
    <Titulo />
    <SubTitulo />
    <Texto><![CDATA[<p class="identifica">AVISO DE LICITAÇÃO</p><p class="identifica">CONCORRÊNCIA ELETRÔNICA Nº 11/2025</p><p>O MUNICÍPIO DE QUARAÍ torna público para conhecimento dos interessados que estará realizando as seguintes licitações: CONCORRÊNCIA ELETRÔNICA Nº 011/2025: Constitui objeto da presente licitação a execução de obra de Calçamento por Bloco Intertravado H=8cm na Rua Negrinho do Pastoreio, medindo 450,00m² e Rua Guaicurus, medindo 408,41m², totalizando uma área de 858,41 m², Bairro Saladeiro, no município de Quaraí/RS - fonte de recursos - TransfereGOV nº 966801/2024, Operação nº 1095948-00. INÍCIO DA DISPUTA: às 09h 00min do dia 20/01/2026. CONCORRÊNCIA ELETRÔNICA Nº 012/2025: Constitui objeto da presente licitação a contratação de Empresa para execução de obra de Calçamento por Bloco Intertravado H=8cm em parte da Rua Pedro Dias de Castro, bairro Aldo Pereira Giudice (PROFILURB) medindo 816,00m² e Rua República do Uruguai, bairro Centenário medindo 525,30m², totalizando uma área de 1.341,30 m² - fonte de recursos - TransfereGOV nº 964433/2024, Operação nº 1094165-88. INÍCIO DA DISPUTA: às 09h 00min do dia 21/01/2026. LOCAL: Na internet, no Portal: www.portaldecompraspubicas.com.br. Informações deverão ser formalmente solicitadas, observando o prazo legal, através do e-mail: licitacoes@quarai.rs.gov.br ou pelo telefone (55) 3423-1001 / Ramal 215- Celular (55) 93505-9931.</p><p class="data">Em 1º de dezembro de 2025.</p><p class="assina">Jeferson da Silva Pires</p><p class="cargo">Prefeito</p>]]></Texto>
  </body>
  <Midias />
</article></xml>