﻿<xml><article id="46726928" name="publicacao dou pe 043 2025" idOficio="11426062" pubName="DO3" artType="Aviso de Licitação" pubDate="03/12/2025" artClass="00075:00007:00017:00000:00000:00000:00000:00000:00000:00000:00079:00000" artCategory="Prefeituras/Estado do Espírito Santo/Prefeitura Municipal de Bom Jesus do Norte" artSize="12" artNotes="" numberPage="234" pdfPage="http://pesquisa.in.gov.br/imprensa/jsp/visualiza/index.jsp?data=03/12/2025&amp;jornal=530&amp;pagina=234" editionNumber="230" highlightType="" highlightPriority="" highlight="" highlightimage="" highlightimagename="" idMateria="23350430">
  <body>
    <Identifica><![CDATA[AVISO DE LICITAÇÃO]]></Identifica>
    <Data><![CDATA[ Bom Jesus do Norte-ES, 2 de dezembro de 2025.]]></Data>
    <Ementa />
    <Titulo />
    <SubTitulo />
    <Texto><![CDATA[<p class="identifica">AVISO DE LICITAÇÃO</p><p class="identifica">PREGÃO ELETRÔNICO Nº 43/2025</p><p>A COMISSÃO DE CONTRATAÇÕES DO MUNICÍPIO DE BOM JESUS DO NORTE-ES com endereço na Praça Astolpho Lobo, n 249 - Centro - Bom Jesus do Norte-ES, torna público aos interessados que realizará, no dia e horário abaixo especificados a seguinte licitação:</p><p>PREGÃO ELETRÔNICO</p><p>N° 000043/2025</p><p>Proc. 0H60FF/2025</p><p>IDENTIFICAÇÃO DA CONTRATAÇÃO: 2025.014E0700001.01.0030</p><p>OBJETO: REGISTRO DE PREÇOS PARA EVENTUAL AQUISIÇÃO DE MATERIAIS PARA OFINA DE VIOLÃO A PEDIDO DA SECRETARIA MUNICIPAL DE DESENVOLVIMENTO SOCIAL, HABITAÇÃOM E DIREITOS HUMANOS DE BOM JESUS DO NORTE-ES.</p><p>DATA DE INÍCIO DE RECEBIMENTO DAS PROPOSTAS: 03/12/2025</p><p>DATA LIMITE DE RECEBIMENTO DAS PROPOSTAS: 17/12/2025</p><p>HORARIO LIMITE DE RECEBIMENTO DAS PROPOSTAS: 8h (Horário de Brasília - DF)</p><p>DATA DA INÍCIO DA SESSÃO: 17/12/2025</p><p>HORÁRIO DE INÍCIO DA SESSÃO: 9h (Horário de Brasília - DF)</p><p>O Edital e seus anexos, na íntegra, poderão ser obtidos no endereço acima, em dias úteis, das 12h as 17h, bem como no site oficial da Prefeitura Municipal de Bom Jesus do Norte (www.bomjesus.es.gov.br), link "Licitações" e (www.bllcompras.org.br.) Outras informações através dos seguintes contato: licitacao@bomjesus.es.gov.br.</p><p class="data">Bom Jesus do Norte-ES, 2 de dezembro de 2025.</p><p class="assina">Alini Baptista de Athaides Barreto Silva</p><p class="cargo">Pregoeira</p>]]></Texto>
  </body>
  <Midias />
</article></xml>