﻿<xml><article id="46726637" name="Publicacao DOU1 - AVISO DE LICIT" idOficio="11441542" pubName="DO3" artType="Aviso de Licitação-Concorrência" pubDate="03/12/2025" artClass="00075:00016:00088:00002:00000:00000:00000:00000:00000:00000:00159:00000" artCategory="Prefeituras/Estado de Pernambuco/Prefeitura Municipal de Custódia/FUNDO MUNICIPAL DE SAÚDE" artSize="12" artNotes="" numberPage="279" pdfPage="http://pesquisa.in.gov.br/imprensa/jsp/visualiza/index.jsp?data=03/12/2025&amp;jornal=530&amp;pagina=279" editionNumber="230" highlightType="" highlightPriority="" highlight="" highlightimage="" highlightimagename="" idMateria="23373997">
  <body>
    <Identifica><![CDATA[ AVISO DE LICITAÇÃO ]]></Identifica>
    <Data><![CDATA[ Custódia- PE, 1º de dezembro 2025.]]></Data>
    <Ementa />
    <Titulo />
    <SubTitulo />
    <Texto><![CDATA[<p class="identifica">AVISO DE LICITAÇÃO</p><p class="identifica">CONCORRÊNCIA ELETRÔNICA Nº 3/2025 FMS</p><p>Processo Licitatório Nº: 032/2025-FMS. Concorrência Eletrônica Nº 00003/2025-FMS. Obra. Tipo menor preço Global. CONTRATAÇÃO DE EMPRESA ESPECIALIZADA PARA CONSTRUÇÃO DE UMA FOSSA SÉPTICA PARA A UNIDADE MISTA ELIZABETH BARBOZA, DO MUNICÍPIO DE CUSTÓDIA/PE. Valor: R$115.785,08. Abertura da sessão pública: 08:00 horas do dia 17 de dezembro de 2025. Início da fase de lances: 08:15 horas do dia 17 de dezembro de 2025. No site www.portaldecompraspublicas.com.br. Recursos: previstos no orçamento vigente. Fundamento legal: Lei Federal nº 14.133/21; Lei Complementar nº 123/06; Decreto Municipal nº 023/24; Instrução Normativa nº 73 SEGES/ME/22; e legislação pertinente, consideradas as alterações posteriores das referidas normas. Edital, anexos e outras informações podem ser obtidos no mesmo endereço eletrônico da sessão de abertura; pelos endereços eletrônicos: www.custodia.pe.gov.br; www.portaldecompraspublicas.com.br; www.gov.br/pncp ou através do Fone: (087) 3848-1422, no horário das 08:00 as 13:00 horas dos dias úteis, ou, ainda, através de solicitação por e-mail: cpl.custodiape@gmail.com.</p><p class="data">Custódia- PE, 1º de dezembro 2025.</p><p class="assina">GEORGE FERNANDES LUCENA</p><p class="cargo">Agente de contratação</p>]]></Texto>
  </body>
  <Midias />
</article></xml>