﻿<xml><article id="46742285" name="2025-12-01/11443022/siasgnet_233" idOficio="11443022" pubName="DO3" artType="Aviso de Licitação-Pregão" pubDate="03/12/2025" artClass="00047:00054:00043:00000:00000:00000:00000:00000:00000:00000:00162:00001" artCategory="Ministério da Saúde/Fundação Oswaldo Cruz/Instituto de Tecnologia em Fármacos" artSize="12" artNotes="" numberPage="155" pdfPage="http://pesquisa.in.gov.br/imprensa/jsp/visualiza/index.jsp?data=03/12/2025&amp;jornal=530&amp;pagina=155" editionNumber="230" highlightType="" highlightPriority="" highlight="" highlightimage="" highlightimagename="" idMateria="23375969">
  <body>
    <Identifica><![CDATA[ AVISO DE LICITAÇÃO]]></Identifica>
    <Data><![CDATA[]]></Data>
    <Ementa />
    <Titulo />
    <SubTitulo />
    <Texto><![CDATA[<p class="identifica">AVISO DE LICITAÇÃO</p><p class="identifica">Pregão Eletrônico Nº 90168/2025 - UASG 254446</p><p>Nº Processo: 25387000547202513. Objeto: Padrões do fabricante Farmacopeia internacional. Total de Itens Licitados: 8. Edital: 03/12/2025 das 08h30 às 13h00 e das 13h30 às 16h30. Endereço: Av. Comandante Guaranys, 447 - Jacarepaguá, Curicica - Rio de Janeiro/RJ ou https://www.gov.br/compras/edital/254446-5-90168-2025. Entrega das Propostas: a partir de 03/12/2025 às 08h30 no site www.gov.br/compras. Abertura das Propostas: 12/12/2025 às 10h00 no site www.gov.br/compras. Informações Gerais: .</p><p class="assina">LUCIANA BARBOSA ESTEVES</p><p class="cargo">Pregoeira</p><p>(SIASGnet - 01/12/2025) 254420-25201-2025NE000034</p>]]></Texto>
  </body>
  <Midias />
</article></xml>