﻿<xml><article id="46725518" name="068 - Publicacao Imprensa Nacion" idOficio="11441130" pubName="DO3" artType="Aviso de Licitação" pubDate="03/12/2025" artClass="00075:00015:00331:00000:00000:00000:00000:00000:00000:00000:00079:00000" artCategory="Prefeituras/Estado do Paraná/Prefeitura Municipal de Ponta Grossa" artSize="12" artNotes="" numberPage="277" pdfPage="http://pesquisa.in.gov.br/imprensa/jsp/visualiza/index.jsp?data=03/12/2025&amp;jornal=530&amp;pagina=277" editionNumber="230" highlightType="" highlightPriority="" highlight="" highlightimage="" highlightimagename="" idMateria="23373580">
  <body>
    <Identifica><![CDATA[ Aviso de Suspensão  Pregão Eletrônico  SRP - nº 133/2025]]></Identifica>
    <Data><![CDATA[ Em, 1º de dezembro de 2025]]></Data>
    <Ementa />
    <Titulo />
    <SubTitulo />
    <Texto><![CDATA[<p class="identifica">Aviso de Suspensão Pregão Eletrônico SRP - nº 133/2025</p><p>O Município de Ponta Grossa/PR informa a suspensão do Pregão Eletrônico nº 133/2025, que se realizaria no dia 04 de dezembro de 2025, às 09h00m, através do Portal Compras.gov.br para Aquisição de ITENS DE LIMPEZA E HIGIENE, para serem utilizados pelos Departamentos, Secretarias e Fundações da Prefeitura Municipal de Ponta Grossa/PR. para adequação ao Edital. Mais informações poderão ser obtidas na sede da prefeitura ou pelo telefone (42) 3220-1000 - ramal 1339 ou ainda através do Portal da Transparência - Licitações.</p><p class="data">Em, 1º de dezembro de 2025</p><p class="assina">ISABELE DA VEIGA MORO</p><p class="cargo">Secretária Municipal de Administração</p>]]></Texto>
  </body>
  <Midias />
</article></xml>