﻿<xml><article id="46725746" name="Pregao Eletronico - 099 -2025 - " idOficio="11441822" pubName="DO3" artType="Aviso de Licitação-Pregão" pubDate="03/12/2025" artClass="00075:00015:00209:00000:00000:00000:00000:00000:00000:00000:00162:00000" artCategory="Prefeituras/Estado do Paraná/Prefeitura Municipal de Jardim Alegre" artSize="12" artNotes="" numberPage="276" pdfPage="http://pesquisa.in.gov.br/imprensa/jsp/visualiza/index.jsp?data=03/12/2025&amp;jornal=530&amp;pagina=276" editionNumber="230" highlightType="" highlightPriority="" highlight="" highlightimage="" highlightimagename="" idMateria="23374320">
  <body>
    <Identifica><![CDATA[ Aviso DE LICITAÇÃO]]></Identifica>
    <Data><![CDATA[ Jardim Alegre, 1º de dezembro de 2025.]]></Data>
    <Ementa />
    <Titulo />
    <SubTitulo />
    <Texto><![CDATA[<p class="identifica">Aviso DE LICITAÇÃO</p><p class="identifica">PREGÃO ELETRÔNICO nº 99/2025</p><p>O Município de Jardim Alegre, Estado do Paraná, através do Prefeito Municipal, torna público que fará realizar às 08:30 horas, do dia 17/12/2025, através do BOLSA NACIONAL DE COMPRAS - BNC, no site https://bnccompras.com/Home/Login, PREGÃO, na forma ELETRÔNICA, tipo MENOR PREÇO POR ITEM, objetivando a Aquisição de trator agrícola novo a diesel, com cabine fechada, para atendimento ao Termo de Convênio n°959695/2024 firmado entre o Ministério da Integração e Desenvolvimento Regional-MIDR e o Município de Jardim Alegre-Paraná. A documentação completa do edital, objeto da licitação, poderá ser examinada no endereço supramencionado juntamente com a equipe responsável pela divisão de licitação, ou no e-mail: licitacao@jardimalegre.pr.gov.br. Maiores informações na sede da Prefeitura do Município de Jardim Alegre, endereço supramencionado. Fone: (043) 3475-1354/ 98846-4351</p><p class="data">Jardim Alegre, 1º de dezembro de 2025.</p><p class="assina">Moises Lnortovz Dos Santos</p><p class="cargo">Prefeito</p>]]></Texto>
  </body>
  <Midias />
</article></xml>