﻿<xml><article id="46725431" name="AVISO LICIT P.E 035-2025" idOficio="11442544" pubName="DO3" artType="Aviso de Licitação" pubDate="03/12/2025" artClass="00073:03144:00000:00000:00000:00000:00000:00000:00000:00000:00079:00000" artCategory="Ineditoriais/Consórcio Intermunicipal de Desenvolvimento Sustentável da Região dos Campos de Cima da Serra" artSize="12" artNotes="" numberPage="209" pdfPage="http://pesquisa.in.gov.br/imprensa/jsp/visualiza/index.jsp?data=03/12/2025&amp;jornal=530&amp;pagina=209" editionNumber="230" highlightType="" highlightPriority="" highlight="" highlightimage="" highlightimagename="" idMateria="23375297">
  <body>
    <Identifica><![CDATA[AVISO DE LICITAÇÃO]]></Identifica>
    <Data><![CDATA[ Vacaria - RS, 1º de Dezembro de 2025.]]></Data>
    <Ementa />
    <Titulo />
    <SubTitulo />
    <Texto><![CDATA[<p class="identifica">AVISO DE LICITAÇÃO</p><p class="identifica">Pregão Eletrônico nº 35/2025</p><p>O Consorcio Intermunicipal de Desenvolvimento Sustentavel da Região dos Campos de Cima da Serra - Condesus torna público para o conhecimento de quem possa interessar que às 08h e 30min do dia 12 de dezembro de 2025, junto ao Portal de Compras Públicas, site www.portaldecompraspublicas.com.br "acesso identificado", realizará processo licitatório na modalidade Pregão, em sua forma Eletrônica, tipo menor preço, cotação por item, cujo objeto será o registro de preços para futura aquisição de maquinário, por parte dos Municípios dos Campos de Cima da Serra consorciados ao CONDESUS. Os interessados poderão solicitar o edital pelo e-mail: licita@condesus.com.br - sites: www.condesus.com.br / www.portaldecompraspublicas.com.br - telefones: (54) 3231 4219 e 3003-5455</p><p class="data">Vacaria - RS, 1º de Dezembro de 2025.</p><p class="assina">Onilton João Capelini</p><p class="cargo">Presidente do CONDESUS</p>]]></Texto>
  </body>
  <Midias />
</article></xml>