﻿<xml><article id="46725527" name="HOMOLOGA DISPENSA ELETRONICA 013" idOficio="11437572" pubName="DO3" artType="Aviso de Homologação" pubDate="03/12/2025" artClass="00075:00012:00768:00000:00000:00000:00000:00000:00000:00000:00075:00000" artCategory="Prefeituras/Estado de Minas Gerais/PREFEITURA MUNICIPAL DE PASSOS" artSize="12" artNotes="" numberPage="255" pdfPage="http://pesquisa.in.gov.br/imprensa/jsp/visualiza/index.jsp?data=03/12/2025&amp;jornal=530&amp;pagina=255" editionNumber="230" highlightType="" highlightPriority="" highlight="" highlightimage="" highlightimagename="" idMateria="23367912">
  <body>
    <Identifica><![CDATA[ AVISO DE DISPENSA ELETRÔNICA Nº 13/2025]]></Identifica>
    <Data><![CDATA[Em   27 de novembro de 2025.]]></Data>
    <Ementa />
    <Titulo />
    <SubTitulo />
    <Texto><![CDATA[<p></p><p class="identifica">AVISO DE DISPENSA ELETRÔNICA Nº 13/2025</p><p>Homologação de Dispensa Eletrônica.</p><p>A PREFEITURA MUNICIPAL DE PASSOS - MG - DISPENSA DE LICITAÇÃO ELETRÔNICA Nº. 013/2025 fica HOMOLOGADO o Processo Administrativo Licitatório nº 298/2025, cujo objeto é aquisição de equipamentos para manutenção de circuito fechado de TV ao vencedor: SÓLID LICITAÇÕES LTDA - 36.344.966/0001-93 no Total Geral: R$2.322,00(dois mil, trezentos e vinte e dois reais).</p><p class="data">Em 27 de novembro de 2025.</p><p class="assina">Randal de Oliveira Vargas</p><p class="cargo">Secretário Municipal de Saúde</p>]]></Texto>
  </body>
  <Midias />
</article></xml>