﻿<xml><article id="46727129" name="AVISO REGISTRO DE DIPLOMAS CATOL" idOficio="11441246" pubName="DO3" artType="Aviso de Registro de Diplomas" pubDate="03/12/2025" artClass="00073:04617:00964:00000:00000:00000:00000:00000:00000:00000:00181:00000" artCategory="Ineditoriais/FACULDADE SANTÍSSIMO SACRAMENTO" artSize="12" artNotes="" numberPage="209" pdfPage="http://pesquisa.in.gov.br/imprensa/jsp/visualiza/index.jsp?data=03/12/2025&amp;jornal=530&amp;pagina=209" editionNumber="230" highlightType="" highlightPriority="" highlight="" highlightimage="" highlightimagename="" idMateria="23373717">
  <body>
    <Identifica><![CDATA[ AVISO de REGISTRO DE DIPLOMAS]]></Identifica>
    <Data><![CDATA[ Alagoinhas-BA, 2 de outubro de 2025.]]></Data>
    <Ementa />
    <Titulo />
    <SubTitulo />
    <Texto><![CDATA[<p class="identifica">AVISO de REGISTRO DE DIPLOMAS</p><p>A Faculdade Santíssimo Sacramento, mantida pela Associação Educativa e Cultural Maria Emília, Sob CNPJ 34.146.282/0008-28 para fins do disposto no art. 21 da Portaria MEC n° 1.095 de 25 de outubro de 2018, informa que foram registrados 134 diplomas pela Universidade Católica do Salvador (UCSAL), no período de 11/04/2025 a 04/09/2025, sob seguintes livros de registros e sequências numéricas: Livro SANT SACRAMENT - registros n° 2 a 6/8 a 11/13 a 14/16 a 25/27 a 39/41 a 49/51 a 60/66/ 77/112 a 113/115 a 132/134 a 135/138 e Livro FACULDADE SANTÍSSIMO SACRAMENTO registros n° 2384/2395/2398 a 2405/2409 a 2411/2413 a 2422/2424 a 2426/2428/2430 a 2424/2436/2438 a 2440/2442 a 2450/2454 a 2460/2462/2464 a 2466. A relação dos diplomas registrados poderá ser consultada no endereço: http://fsssacramento.br/consulta-diploma/expedidos</p><p class="data">Alagoinhas-BA, 2 de outubro de 2025.</p><p class="assina">Lucia Maria Sá Barreto de Freitas</p><p class="cargo">Diretora Geral</p>]]></Texto>
  </body>
  <Midias />
</article></xml>