﻿<xml><article id="46737544" name="190. Extrato de Apostila do CT 0" idOficio="11440700" pubName="DO3" artType="Aviso" pubDate="03/12/2025" artClass="00041:00024:00000:00000:00000:00000:00000:00000:00000:00000:00106:00000" artCategory="Ministério de Portos e Aeroportos/Companhia das Docas do Estado da Bahia" artSize="12" artNotes="" numberPage="147" pdfPage="http://pesquisa.in.gov.br/imprensa/jsp/visualiza/index.jsp?data=03/12/2025&amp;jornal=530&amp;pagina=147" editionNumber="230" highlightType="" highlightPriority="" highlight="" highlightimage="" highlightimagename="" idMateria="23372888">
  <body>
    <Identifica><![CDATA[ EXTRATO DE APOSTILAmento]]></Identifica>
    <Data><![CDATA[]]></Data>
    <Ementa />
    <Titulo />
    <SubTitulo />
    <Texto><![CDATA[<p class="identifica">EXTRATO DE APOSTILAmento</p><p>PROCESSO ADMINISTRATIVO Nº SUPER: 50903.001417/2022-16. ESPÉCIE: APOSTILA AO CONTRATO 028/2023. CONTRATANTE: COMPANHIA DAS DOCAS DO ESTADO DA BAHIA - CODEBA. CONTRATADA: PAMPULHA ENGENHARIA LTDA, CNPJ N° 00.078.296/0001-63. AUTORIZAÇÃO: Aprovado pela Diretoria Executiva da CODEBA (Direx), conforme a ata de sua 503ª Reunião Ordinária, realizada em 13/11/2025. OBJETO: Aplicar reajuste de 9,725% (nove vírgula sete dois cinco por cento) sobre o valor original do contrato aplicado a partir de 09/2024 até 04/2025 com impacto retroativo nos valores das medições referentes aos meses de setembro/2024, outubro/2024, novembro/2024, dezembro/2024, janeiro/2025, fevereiro/2025, março/2025 e abril/2025. E também 6% (seis por cento) sobre o valor do contrato corrigido até abril de 2025 aplicado a partir de 05/2025 com impacto retroativo nos valores das medições referentes aos meses de maio/2025, junho/2025, julho/2025, agosto/2024 e setembro/2025 e provisionamento orçamentário no período de outubro/2025 á julho/2026 como dispõe o parágrafo primeiro da cláusula oitava do contrato 014/2023. VALOR: R$ 529.460,98 (quinhentos e vinte e nove mil quatrocentos e sessenta reais e noventa e oito centavos). DATA DE ASSINATURA: 10/10/2025. SIGNATÁRIOS: LUIZ HUMBERTO LISBOA CASTRO, JOSÉ CASSIANO FERREIRA FILHO e LUANNA PEDREIRA RIOS (Diretor, Gerente e Assessor(a) da CODEBA).</p>]]></Texto>
  </body>
  <Midias />
</article></xml>