﻿<xml><article id="46728407" name="PUBLICACAO DISPENSA ELETRONICA D" idOficio="11442593" pubName="DO3" artType="Aviso de Dispensa de Licitação" pubDate="03/12/2025" artClass="00075:00012:00275:00000:00000:00000:00000:00000:00000:00000:00074:00000" artCategory="Prefeituras/Estado de Minas Gerais/Prefeitura Municipal de Carmo do Cajuru" artSize="12" artNotes="" numberPage="250" pdfPage="http://pesquisa.in.gov.br/imprensa/jsp/visualiza/index.jsp?data=03/12/2025&amp;jornal=530&amp;pagina=250" editionNumber="230" highlightType="" highlightPriority="" highlight="" highlightimage="" highlightimagename="" idMateria="23375444">
  <body>
    <Identifica><![CDATA[ Aviso de Dispensa Eletrônica Nº  144/2025  ]]></Identifica>
    <Data><![CDATA[ Carmo do Cajuru - MG, 1º de dezembro de 2025.]]></Data>
    <Ementa />
    <Titulo />
    <SubTitulo />
    <Texto><![CDATA[<p class="identifica">Aviso de Dispensa Eletrônica Nº 144/2025</p><p>PL Nº. 272/2025 Dispensa Nº 144/2025</p><p>Objeto: Aquisição de Materiais de Artesanato para os Grupos do Serviço de Convivência e Fortalecimento de Vínculos, atendendo as necessidades da Secretaria Municipal de Promoção Social e Defesa Civil. PERÍODO DE PROPOSTAS De 04/12/2025 às 09h00min - Até 09/12/2025 às 08h59min PERÍODO DE LANCES - SESSÃO PÚBLICA De 09/12/2025 às 09:00min - Até 09/12/2025 às 11h00min. Disponibilização do edital e informações no endereço Portal: Licitar Digital - https://app.licitardigital.com.bre www.carmodocajuru.atende.net (Contato (37)3244-0704).</p><p class="data">Carmo do Cajuru - MG, 1º de dezembro de 2025.</p><p class="assina">Henrique Alves Dias</p><p class="cargo">Agente de Contratação</p>]]></Texto>
  </body>
  <Midias />
</article></xml>