﻿<xml><article id="46735450" name="AVISO DE ADIAMENTO - DOU" idOficio="11436745" pubName="DO3" artType="Aviso de Adiamento" pubDate="03/12/2025" artClass="00075:00008:00256:00000:00000:00000:00000:00000:00000:00000:00064:00000" artCategory="Prefeituras/Estado de Goiás/Prefeitura Municipal de Quirinópolis" artSize="12" artNotes="" numberPage="239" pdfPage="http://pesquisa.in.gov.br/imprensa/jsp/visualiza/index.jsp?data=03/12/2025&amp;jornal=530&amp;pagina=239" editionNumber="230" highlightType="" highlightPriority="" highlight="" highlightimage="" highlightimagename="" idMateria="23366590">
  <body>
    <Identifica><![CDATA[ AVISO DE ADIAMENTO]]></Identifica>
    <Data><![CDATA[ Quirinópolis - GO, 27 de Novembro de 2025.]]></Data>
    <Ementa />
    <Titulo />
    <SubTitulo />
    <Texto><![CDATA[<p class="identifica">AVISO DE ADIAMENTO</p><p class="identifica">PREGÃO ELETRÔNICO Nº 141/2025</p><p>O FUNDO MUNICIPAL DE MANUTENÇÃO E DESENVOLVIMENTO DA EDUCAÇÃO BÁSICA E DE VALORIZAÇÃO DOS PROFISSIONAIS DA EDUCAÇÃO - FUNDEB, por meio do Agente de Contratação (Pregoeiro) e Equipe de Apoio, tornam público para o conhecimento de todos os interessados que o PREGÃO ELETRÔNICO Nº 141/2025, o qual tem por objeto a Contratação de empresa especializada em fornecimento, instalação e manutenção, com todos os acessórios necessários para aquisição de sistemas de videomonitoramento em todas as Escolas e CMEI´S Municipais de Quirinópolis, sob a supervisão do FUNDEB, conforme especificações e quantidades estabelecidas no termo de referência, DFD, ETP e demais documentos anexos, nos termos da Lei nº 14.133 de 1º de abril de 2024 e suas alterações, que a sessão pública de abertura marcada para o dia 28/11/2025, às 09h00min, está ADIADA, em razão de alteração no Edital, vindo assim a sessão pública de abertura do certame postergada para o dia 19/12/2025 , às 09h00min, no mesmo local indicado no edital do Pregão Eletrônico nº 141/2025. Sem nenhuma mudança a mais. Os interessados poderão obter o Edital nos seguintes endereços eletrônicos: http://www.quirinopolis.go.gov.br e http://bnc.org.br/.</p><p class="data">Quirinópolis - GO, 27 de Novembro de 2025.</p><p class="assina">MAURO FERNANDO MARTINS FERREIRA BAILÃO</p><p class="cargo">Agente de Contratação / Pregoeiro</p>]]></Texto>
  </body>
  <Midias />
</article></xml>