﻿<xml><article id="46732838" name="Extrato Dezembro_24 - 01 - BALAN" idOficio="11441810" pubName="DO3" artType="Extrato de Termo Aditivo" pubDate="03/12/2025" artClass="00017:00032:00000:00000:00000:00000:00000:00000:00000:00000:00053:00000" artCategory="Ministério do Desenvolvimento Agrário e Agricultura Familiar/Companhia de Entrepostos e Armazéns Gerais de São Paulo" artSize="12" artNotes="" numberPage="44" pdfPage="http://pesquisa.in.gov.br/imprensa/jsp/visualiza/index.jsp?data=03/12/2025&amp;jornal=530&amp;pagina=44" editionNumber="230" highlightType="" highlightPriority="" highlight="" highlightimage="" highlightimagename="" idMateria="23374372">
  <body>
    <Identifica><![CDATA[ EXTRATO DE TERMO ADITIVO]]></Identifica>
    <Data><![CDATA[]]></Data>
    <Ementa />
    <Titulo />
    <SubTitulo />
    <Texto><![CDATA[<p class="identifica">EXTRATO DE TERMO ADITIVO</p><p>Espécie: Terceiro Termo Aditivo nº 025/22-2292-2510-07-030-08-1 ao Contrato nº 025/22-2292-2210-07-030-08-1. Decorrente do Pregão Eletrônico nº 027/2022. Processo nº 025/22. Objeto: Contratação de Serviços - Manutenção de Balanças Rodoviárias e Rodoferroviárias das Unidades da CEAGESP. Objeto do Termo Aditivo: a prorrogação do período de vigência contratual; os valores mensal e global do período contratual e reajuste e a atualização da garantia contratual. Contratada: BALANÇAS MODELO COMÉRCIO E MANUTENÇÃO LTDA - ME, CNPJ nº 00.526.396/0001-05. Valor Global de: R$ 461.082,85 (quatrocentos e sessenta e um mil, oitenta e dois reais e oitenta e cinco centavos) nos termos da Cláusula Quarta. Vigência: 12 (doze) meses a partir de 01/12/2025 nos termos da Cláusula Terceira. Data de Assinatura: 28/11/2025.</p>]]></Texto>
  </body>
  <Midias />
</article></xml>