﻿<xml><article id="46726013" name="Publicacao DOU - EXTRATO DE CONT" idOficio="11441614" pubName="DO3" artType="Extrato de Contrato" pubDate="03/12/2025" artClass="00075:00016:00088:00003:00000:00000:00000:00000:00000:00000:00030:00000" artCategory="Prefeituras/Estado de Pernambuco/Prefeitura Municipal de Custódia/PREFEITURA MUNICIPAL DE CUSTÓDIA-PE" artSize="12" artNotes="" numberPage="279" pdfPage="http://pesquisa.in.gov.br/imprensa/jsp/visualiza/index.jsp?data=03/12/2025&amp;jornal=530&amp;pagina=279" editionNumber="230" highlightType="" highlightPriority="" highlight="" highlightimage="" highlightimagename="" idMateria="23374105">
  <body>
    <Identifica><![CDATA[ EXTRATO DE CONTRATO ]]></Identifica>
    <Data><![CDATA[]]></Data>
    <Ementa />
    <Titulo />
    <SubTitulo />
    <Texto><![CDATA[<p class="identifica">EXTRATO DE CONTRATO</p><p>Concorrência Eletrônica nº 2/2025 Pmc. Contrato nº: 0026/2025. Processo nº: 033/2025. Pmc. Concorrência Eletrônica nº 00002/2025. Serviço de Engenharia. Contratação de Empresa Especializada Para Execução de Pavimentação Com Blocos de Concreto Intertravado Em Diversas Ruas No Município de Custódia - Pe; Conforme Contrato de Repasse nº 943768/2023/Mc/Caixa, Conforme Projeto Anexo. Dotação: 1 - Prefeitura Municipal de Custódia 02 - Poder Executivo 02 17 - Secretaria de Viação, Obras e Urbanismo 021701 - Departamento de Saneamento, Obras e Urbanismo 15 - Urbanismo 15 451 - Infra- Estrutura Urbana 15 451 15 03 - Infraestrutura Urbana 15 451 1503 0001 - Projeto 15 451 1503 0001 0028 - Pavimentação de Vias e Acessos, Incluindo Calçamento e Meio-Fio Na Sede, Vilas e Povoados. Elemento de Despesa - 4.4.90.51.00 - Obras e Instalações. Contratado: BAS Construtora Ltda. CNPJ: 19.988.502/0001-09. Valor R$1.447.000,00. Vigência: de 28/11/2025 a 28/11/2026. Custódia- PE, 1 de dezembro 2025. Manoel Messias de Souza. Prefeito.</p>]]></Texto>
  </body>
  <Midias />
</article></xml>