﻿<xml><article id="46742324" name="2025-12-01/11443138/COMPRASNETWS" idOficio="11443138" pubName="DO3" artType="Extrato de Adesão" pubDate="03/12/2025" artClass="00016:00012:00026:00005:00003:00000:00000:00000:00000:00000:00017:00001" artCategory="Ministério da Defesa/Comando da Marinha/Diretoria-Geral de Navegação/Diretoria de Portos e Costas/Centro de Instrução Almirante Graça Aranha" artSize="12" artNotes="" numberPage="40" pdfPage="http://pesquisa.in.gov.br/imprensa/jsp/visualiza/index.jsp?data=03/12/2025&amp;jornal=530&amp;pagina=40" editionNumber="230" highlightType="" highlightPriority="" highlight="" highlightimage="" highlightimagename="" idMateria="23376119">
  <body>
    <Identifica><![CDATA[ EXTRATO DE TERMO DE ADESãO Nº 502/2025 - UASG 752100]]></Identifica>
    <Data><![CDATA[]]></Data>
    <Ementa />
    <Titulo />
    <SubTitulo />
    <Texto><![CDATA[<p class="identifica">EXTRATO DE TERMO DE ADESãO Nº 502/2025 - UASG 752100</p><p>Nº Processo: 63094003662202516.</p><p>Pregão Nº 90019/2024. Contratante: CENTRO DE INSTRUCAO ALMIRANTE GRACA ARANHA.</p><p>Contratado: 01.363.700/0001-03 - L PELLE COMERCIO DE INFORMATICA LTDA. Objeto: O objeto da presente contratação é a contratação de serviços comuns de engenharia de segurança eletrônica para instalação, configuração e manutenção de circuitos de monitoramento e gravação de imagens de segurança e sensoriamento..</p><p>Fundamento Legal: LEI 14.133/2021 - Artigo: 28 - Inciso: I. Vigência: 01/12/2025 a 01/12/2026. Valor Total: R$ 1.089.767,25. Data de Assinatura: 01/12/2025.</p><p>(COMPRASNET 4.0 - 01/12/2025).</p>]]></Texto>
  </body>
  <Midias />
</article></xml>