﻿<xml><article id="46728374" name="EXTRATO DO TERMO DE RESCISAO DO " idOficio="11441049" pubName="DO3" artType="Extrato de Rescisão" pubDate="03/12/2025" artClass="00075:00011:00070:00000:00000:00000:00000:00000:00000:00000:00105:00000" artCategory="Prefeituras/Estado do Mato Grosso do Sul/Prefeitura Municipal de Mundo Novo" artSize="12" artNotes="" numberPage="248" pdfPage="http://pesquisa.in.gov.br/imprensa/jsp/visualiza/index.jsp?data=03/12/2025&amp;jornal=530&amp;pagina=248" editionNumber="230" highlightType="" highlightPriority="" highlight="" highlightimage="" highlightimagename="" idMateria="23373487">
  <body>
    <Identifica><![CDATA[ EXTRATO De TERMO DE RESCISÃO ]]></Identifica>
    <Data><![CDATA[]]></Data>
    <Ementa />
    <Titulo />
    <SubTitulo />
    <Texto><![CDATA[<p class="identifica">EXTRATO De TERMO DE RESCISÃO</p><p>CONTRATO Nº 142/2025</p><p>OBJETO: RESCISÃO DO CONTRATO Nº 142/2025 ORIUNDO DO PREGÃO ELETRÔNICO Nº 67/2025 PROCESSO ADMINISTRATIVO Nº 266/2025, cujo objeto da presente licitação a Aquisição de Varredeira Mecânica-Aspirada, visando atender ao Convênio Transferegov n° 950063/2023 e programa 5200020230035 Calha Norte, que entre si celebram a União, por intermédio do Ministério da Defesa e o Município de Mundo Novo/MS com a finalidade de aquisição de bens permanentes, e de acordo com as especificações e quantidades constantes no Anexo I - Termo de Referência deste Edital.</p><p>CONTRATANTE: MUNICÍPIO DE MUNDO NOVO/MS - CNPJ/MF sob o nº 03.741.683/0001-26</p><p>CONTRATADO: N. D. MATERIAIS DE CONSTRUCOES LTDA - CNPJ/MF sob o n.º 17.384.780/0001-13.</p><p>DA RESCISÃO AMIGÁVEL: por razões de conveniência e oportunidade, a extinção consensual é motivada pela impossibilidade de cumprimento contratual por parte da Contratada, decorrente de motivo de força maior.</p><p>DA FUNDAMENTAÇÃO: Nos termos do artigo o Art. 137, inciso V, combinado com Art. 138, inciso II, da mesma Lei Federal nº 14.133/2021.</p><p>Mundo Novo/MS, 02 de dezembro de 2025.</p><p>ROSÁRIA DE FATIMA IVANTES LUCCA ANDRADE, Prefeita Municipal</p>]]></Texto>
  </body>
  <Midias />
</article></xml>