﻿<xml><article id="46728293" name="Publicacao Extrato durante Contr" idOficio="11443070" pubName="DO3" artType="Extrato de Contrato" pubDate="03/12/2025" artClass="00075:00019:00158:00000:00000:00000:00000:00000:00000:00000:00030:00000" artCategory="Prefeituras/Estado do Rio Grande do Sul/Prefeitura Municipal de Cotiporã" artSize="12" artNotes="" numberPage="286" pdfPage="http://pesquisa.in.gov.br/imprensa/jsp/visualiza/index.jsp?data=03/12/2025&amp;jornal=530&amp;pagina=286" editionNumber="230" highlightType="" highlightPriority="" highlight="" highlightimage="" highlightimagename="" idMateria="23376054">
  <body>
    <Identifica><![CDATA[ EXTRATO DE CONTRATO Nº 410/2025]]></Identifica>
    <Data><![CDATA[]]></Data>
    <Ementa />
    <Titulo />
    <SubTitulo />
    <Texto><![CDATA[<p class="identifica">EXTRATO DE CONTRATO Nº 410/2025</p><p>CONCORRÊNCIA PÚBLICA ELETRÔNICA N° 002/2025 PROCESSO Nº 804/2025 CONTRATANTE: MUNICIPIO DE COTIPORÃ, CNPJ 90.989.487/0001-64. CONTRATADA: DURANTE ENGENHARIA E CONSTRUÇÕES LTDA, inscrita no CNPJ nº 20.173.460/0001-29. Objeto do Contrato: execução de obra de reconstrução de obra de reconstrução de Ponte sobre o Arroio Vicente Rosa, Zona Picoli, com uma extensão de 20 metros e largura de 4 metros, totalizando a área do tabuleiro de 80m². Os recursos são decorrentes da parte da Defesa Civil da União.Valor Global R$500.000,00 (quinhentos mil reais) pela prestação dos serviços especificados na cláusula anterior, sendo R$75.000,00 (setenta e cinco mil reais) para a mão de obra e de R$425.000,00 (quatrocentos e vinte e cinco mil reais) para os materiais. Prazo: 120 dias a contar da Ordem de Início.</p>]]></Texto>
  </body>
  <Midias />
</article></xml>