﻿<xml><article id="46726841" name="Aviso de Homologacao - CC 58-25 " idOficio="11435260" pubName="DO3" artType="Aviso de Homologação e Adjudicação" pubDate="03/12/2025" artClass="00074:00015:00022:00002:00000:00000:00000:00000:00000:00000:00076:00000" artCategory="Governo do Estado/Governo do Estado da Paraíba/Secretaria de Estado da Infraestrutura/Superintendência de Obras do Plano de Desenvolvimento do Estado" artSize="12" artNotes="" numberPage="216" pdfPage="http://pesquisa.in.gov.br/imprensa/jsp/visualiza/index.jsp?data=03/12/2025&amp;jornal=530&amp;pagina=216" editionNumber="230" highlightType="" highlightPriority="" highlight="" highlightimage="" highlightimagename="" idMateria="23364527">
  <body>
    <Identifica><![CDATA[ AVISO DE HOMOLOGAÇÃO E ADJUDICAÇÃO CONCORRÊNCIA ELETRÔNICA Nº 58/2025 ]]></Identifica>
    <Data><![CDATA[ João Pessoa, 17 de novembro de 2025.]]></Data>
    <Ementa />
    <Titulo />
    <SubTitulo />
    <Texto><![CDATA[<p></p><p class="identifica">AVISO DE HOMOLOGAÇÃO E ADJUDICAÇÃO CONCORRÊNCIA ELETRÔNICA Nº 58/2025</p><p>OBJETO: CONCLUSÃO DA PAVIMENTAÇÃO E DRENAGEM EM DIVERSAS RUAS, LOCALIZADAS NA REGIÃO DE ITAPORANGA - PB.</p><p>Considerando o resultado apresentado pelo Agente de Contratação e tendo em vista o conteúdo da proposta, referente à CONCORRÊNCIA ELETRÔNICA Nº 058/2025, homologada pelo Conselho Técnico, adjudico o processo licitatório, em favor da empresa INVIAS ENGENHARIA LTDA., CNPJ n. 30.566.555/0001-66 para a CONCLUSÃO DA PAVIMENTAÇÃO E DRENAGEM EM DIVERSAS RUAS, LOCALIZADAS NA REGIÃO DE ITAPORANGA - PB, no valor global de R$ 12.001.045,21 (DOZE MILHÕES, UM MIL, QUARENTA E CINCO REAIS E VINTE E UM CENTAVOS). Processo nº SUP-PRC-2025/03036.</p><p class="data">João Pessoa, 17 de novembro de 2025.</p><p class="assina">Simone Cristina Coelho Guimarães</p><p class="cargo">Presidente</p>]]></Texto>
  </body>
  <Midias />
</article></xml>