﻿<xml><article id="46741718" name="2025-12-01/11441985/siasgnet_233" idOficio="11441985" pubName="DO3" artType="Aviso de Licitação-Concorrência" pubDate="03/12/2025" artClass="00025:00120:00000:00000:00000:00000:00000:00000:00000:00000:00159:00001" artCategory="Ministério da Educação/Universidade Federal do Rio Grande do Norte" artSize="12" artNotes="" numberPage="91" pdfPage="http://pesquisa.in.gov.br/imprensa/jsp/visualiza/index.jsp?data=03/12/2025&amp;jornal=530&amp;pagina=91" editionNumber="230" highlightType="" highlightPriority="" highlight="" highlightimage="" highlightimagename="" idMateria="23374554">
  <body>
    <Identifica><![CDATA[ AVISO DE LICITAÇÃO]]></Identifica>
    <Data><![CDATA[]]></Data>
    <Ementa />
    <Titulo />
    <SubTitulo />
    <Texto><![CDATA[<p class="identifica">AVISO DE LICITAÇÃO</p><p class="identifica">Concorrência Nº 90006/2025 - UASG 153103</p><p>Nº Processo: 23077144670202513. Objeto: Concorrência nº.: 6/2025 - Manutenção das instalações físicas do Laboratório de Reprodução e Cultivo de Organismos Aquáticos do Departamento de Oceanografia e Limnologia da UFRN. Total de Itens Licitados: 1. Edital: 03/12/2025 das 08h00 às 12h00 e das 13h00 às 17h00. Endereço: Av.sen.salgado Filho, 3000-lagoa Nova-natal/rn - Prédio da Diretoria de Compras, Lagoa Nova - Natal/RN ou https://www.gov.br/compras/edital/153103-3-90006-2025. Entrega das Propostas: a partir de 03/12/2025 às 08h00 no site www.gov.br/compras. Abertura das Propostas: 17/12/2025 às 09h00 no site www.gov.br/compras. Informações Gerais: .</p><p class="assina">BRAULIO CAIO FERREIRA DA COSTA</p><p class="cargo">Agente de Contratação da Ufrn</p><p>(SIASGnet - 01/12/2025) 153103-15234-2024NE999999</p>]]></Texto>
  </body>
  <Midias />
</article></xml>