﻿<xml><article id="46745604" name="2025-12-01/11442820/siasgnet_233" idOficio="11442820" pubName="DO3" artType="Aviso de Licitação-Pregão" pubDate="03/12/2025" artClass="00025:00055:00030:00000:00000:00000:00000:00000:00000:00000:00162:00001" artCategory="Ministério da Educação/Instituto Federal de Educação, Ciência e Tecnologia de Alagoas/Campus Coruripe" artSize="12" artNotes="" numberPage="64" pdfPage="http://pesquisa.in.gov.br/imprensa/jsp/visualiza/index.jsp?data=03/12/2025&amp;jornal=530&amp;pagina=64" editionNumber="230" highlightType="" highlightPriority="" highlight="" highlightimage="" highlightimagename="" idMateria="23375754">
  <body>
    <Identifica><![CDATA[ AVISO DE LICITAÇÃO]]></Identifica>
    <Data><![CDATA[]]></Data>
    <Ementa />
    <Titulo />
    <SubTitulo />
    <Texto><![CDATA[<p class="identifica">AVISO DE LICITAÇÃO</p><p class="identifica">Pregão Eletrônico Nº 90002/2025 - UASG 156655</p><p>Nº Processo: 23041.045713/2025. Objeto: Aquisição de torno mecânico de bancada para a prática do ensino no campus Coruripe, localizadas na cidade de Coruripe/AL.. Total de Itens Licitados: 1. Edital: 03/12/2025 das 08h00 às 12h00 e das 13h00 às 17h59. Endereço: Rod. Eng.guttemberg B.neto Al 101 Km 82 Nr 4674, Alto da Saudade - Coruripe/AL ou https://www.gov.br/compras/edital/156655-5-90002-2025. Entrega das Propostas: a partir de 03/12/2025 às 08h00 no site www.gov.br/compras. Abertura das Propostas: 15/12/2025 às 10h00 no site www.gov.br/compras. Informações Gerais: .</p><p class="assina">JOSE ROBERTO ALVES ARAUJO</p><p class="cargo">Diretor Geral</p><p>(SIASGnet - 01/12/2025) 156655-26420-2025NE800150</p>]]></Texto>
  </body>
  <Midias />
</article></xml>