﻿<xml><article id="46726880" name="Publicacao DOU CC 015-2025" idOficio="11440010" pubName="DO3" artType="Aviso de Homologação" pubDate="03/12/2025" artClass="00075:00019:00067:00000:00000:00000:00000:00000:00000:00000:00075:00000" artCategory="Prefeituras/Estado do Rio Grande do Sul/Prefeitura Municipal de Bento Gonçalves" artSize="12" artNotes="" numberPage="285" pdfPage="http://pesquisa.in.gov.br/imprensa/jsp/visualiza/index.jsp?data=03/12/2025&amp;jornal=530&amp;pagina=285" editionNumber="230" highlightType="" highlightPriority="" highlight="" highlightimage="" highlightimagename="" idMateria="23371546">
  <body>
    <Identifica><![CDATA[aviso de HOMOLOGAção]]></Identifica>
    <Data><![CDATA[]]></Data>
    <Ementa />
    <Titulo />
    <SubTitulo />
    <Texto><![CDATA[<p class="identifica">aviso de HOMOLOGAção</p><p class="identifica">Concorrência Eletrônica nº 15/2025</p><p>O Municipio de Bento Goncalves comunica a homologacao da Concorrencia Eletronica 015/2025. Objeto: contrato de empresa especializada para execucao de obra de muro de gabiao, com fornecimento de mao de obra e dos materiais necessarios (PO R$ 104.933,38). Origem de recurso: Recurso Federal Ministerio da Integracao e do Desenvolvimento Regional (S2ID 59052.029165/2024 86). Empresa: APPLICARE ENGENHARIA LTDA CNPJ 57613005000107. VALOR R$104.929,96. Informacoes no site do Municipio de Bento Goncalves, Portal da Transparencia, na aba licitacoes. Processo 06/2025.</p><p class="assina">ELISIANE SCHENATO</p><p class="cargo">Secretaria Municipal de Financas</p>]]></Texto>
  </body>
  <Midias />
</article></xml>