﻿<xml><article id="46733111" name="AC-006-ECT-00439449" idOficio="11442466" pubName="DO3" artType="Aviso de Licitação" pubDate="03/12/2025" artClass="00014:00021:00000:00000:00000:00000:00000:00000:00000:00000:00078:00000" artCategory="Ministério das Comunicações/Empresa Brasileira de Correios e Telégrafos" artSize="12" artNotes="" numberPage="16" pdfPage="http://pesquisa.in.gov.br/imprensa/jsp/visualiza/index.jsp?data=03/12/2025&amp;jornal=530&amp;pagina=16" editionNumber="230" highlightType="" highlightPriority="" highlight="" highlightimage="" highlightimagename="" idMateria="23375209">
  <body>
    <Identifica><![CDATA[ AVISO DE LICITAÇÃO]]></Identifica>
    <Data><![CDATA[]]></Data>
    <Ementa />
    <Titulo />
    <SubTitulo />
    <Texto><![CDATA[<p class="identifica">AVISO DE LICITAÇÃO</p><p class="identifica">PREGÃO ELETRÔNICO Nº 373/2025 CS</p><p>Aquisição de insumo operacional, por meio do Sistema de Registro de Preços - ID 1081250. Recebimento das Propostas e obtenção do Edital: http://www.correios.com.br ou http:// www.licitacoes-e.com.br até 15/12/2025 às 09h e início da disputa às 10h. Informações pelo e-mail: mg-gelic@correios.com.br e telefone: (31) 3431-0631, no horário de 8h às 18h.</p><p class="assina">GIOVANI GRACIANO DOS SANTOS JUNIOR</p><p class="cargo">Gerente de Licitações SE/MG</p>]]></Texto>
  </body>
  <Midias />
</article></xml>