﻿<xml><article id="46726292" name="DL 089-2025" idOficio="11441532" pubName="DO3" artType="Aviso" pubDate="03/12/2025" artClass="00075:00019:00237:00000:00000:00000:00000:00000:00000:00000:00106:00000" artCategory="Prefeituras/Estado do Rio Grande do Sul/Prefeitura Municipal de Guaíba" artSize="12" artNotes="" numberPage="287" pdfPage="http://pesquisa.in.gov.br/imprensa/jsp/visualiza/index.jsp?data=03/12/2025&amp;jornal=530&amp;pagina=287" editionNumber="230" highlightType="" highlightPriority="" highlight="" highlightimage="" highlightimagename="" idMateria="23374030">
  <body>
    <Identifica><![CDATA[aviso de Dispensa de Licitação nº 89/2025]]></Identifica>
    <Data><![CDATA[]]></Data>
    <Ementa />
    <Titulo />
    <SubTitulo />
    <Texto><![CDATA[<p class="identifica">aviso de Dispensa de Licitação nº 89/2025</p><p>O Prefeito Municipal de Guaíba-RS, nos termos do art. 75, inciso II da Lei 14.133/21, no uso de suas atribuições legais, conferidas pela Lei Orgânica Municipal, torna pública a DISPENSA DE LICITAÇÃO N°089/2025 para Contratação da empresa FRISONFLY HELICOPTEROS SERVICO AEREO ESPECIALIZADO E TAXI AEREO LTDA, inscrita no CNPJ nº 11.071.757/0001-92, para prestação de serviço aéreo com helicóptero, dotada de Certificado de Operador Aéreo (COA) válido, para a realização de duas operações oficiais de chegada do Papai Noel no Município de Guaíba, durante a programação natalina institucional, envolvendo operação aérea controlada, deslocamento de aeronave, pouso em áreas previamente demarcadas, suporte técnico e logístico da contratada, bem como todas as medidas de segurança e autorizações necessárias ao pleno cumprimento do objeto, Operação 1: embarque da aeronave no Município de Eldorado do Sul/RS e pouso oficial no Largo José Cláudio Machado (Região Central de Guaíba), no dia 07 de dezembro de 2025, conforme planejamento municipal. Operação 2: embarque no Município de Eldorado do Sul/RS e pouso oficial no Bairro Pedras Brancas, no dia 14 de dezembro de 2025, garantindo atendimento descentralizado ao público.</p><p class="assina">MARCELO MARANATA SOARES REINALDO</p>]]></Texto>
  </body>
  <Midias />
</article></xml>