﻿<xml><article id="46726892" name="Extrato do Contrato - 0012 -013 " idOficio="11439190" pubName="DO3" artType="Extrato de Contrato" pubDate="03/12/2025" artClass="00071:00004:00000:00000:00000:00000:00000:00000:00000:00000:00030:00000" artCategory="Entidades de Fiscalização do Exercício das Profissões Liberais/CONSELHO DE ARQUITETURA E URBANISMO DO AMAZONAS" artSize="12" artNotes="" numberPage="202" pdfPage="http://pesquisa.in.gov.br/imprensa/jsp/visualiza/index.jsp?data=03/12/2025&amp;jornal=530&amp;pagina=202" editionNumber="230" highlightType="" highlightPriority="" highlight="" highlightimage="" highlightimagename="" idMateria="23370152">
  <body>
    <Identifica><![CDATA[ EXTRATO DE CONTRATO]]></Identifica>
    <Data><![CDATA[]]></Data>
    <Ementa />
    <Titulo />
    <SubTitulo />
    <Texto><![CDATA[<p class="identifica">EXTRATO DE CONTRATO</p><p>Espécie: Contrato nº 12/2025, firmado em 07/10/2025. Vigência: 30 (trinta) dias. Processo: 00149.000480/2025-91. Objeto: elaboração de Projeto de montagem de stand do CAU/AM. Valor: Pro bono. Signatários: pelo Contratante, FABRÍCIO LOPES SANTOS, e, pela Contratada, HELOÍSA HELENA FERREIRA.</p><p>Espécie: Contrato nº 13/2025, firmado em 06/11/2025. Vigência: 02 (dois) meses. Processo: 00149. 000462/2025-17. Objeto: contratação de empresa especializada em serviços para execução do projeto arquitetônico de stand medindo 18m2 para a montagem, desmontagem, manutenção e limpeza de stand da Feira CONSTRUNORTE 2025. Fundamento Legal: inciso III, alínea "a" do art. 75 da Lei n. 14.133/21. Valor: R$ 24.917,33 (vinte e quatro mil, novecentos e dezessete reais e trinta e três centavos). Signatários: pelo Contratante, FABRÍCIO LOPES SANTOS, e, pela Contratada, TATIANA MARINHO VAN DER MAAS PAES.</p><p>4º Termo de Aditamento ao Contrato nº 05/2022, firmado com a empresa FACTO TURISMO - LTDA. Objeto: Acréscimo de 25% (R$ 16.500,00) ao contrato. Fundamento Legal: art.65, §1º da Lei Federal 8.666/93. Processo: 00149.000545/2025-06. Signatários: pelo Contratante, FABRÍCIO LOPES SANTOS, e, pela Contratada, SHAYANE TAYSE GALLON.</p>]]></Texto>
  </body>
  <Midias />
</article></xml>