﻿<xml><article id="46727537" name="11 Publicacao DOU 04" idOficio="11442411" pubName="DO3" artType="Aviso de Homologação" pubDate="03/12/2025" artClass="00075:00019:00347:00000:00000:00000:00000:00000:00000:00000:00075:00000" artCategory="Prefeituras/Estado do Rio Grande do Sul/Prefeitura Municipal de Nova Prata" artSize="12" artNotes="" numberPage="287" pdfPage="http://pesquisa.in.gov.br/imprensa/jsp/visualiza/index.jsp?data=03/12/2025&amp;jornal=530&amp;pagina=287" editionNumber="230" highlightType="" highlightPriority="" highlight="" highlightimage="" highlightimagename="" idMateria="23375171">
  <body>
    <Identifica><![CDATA[aviso de Licitação]]></Identifica>
    <Data><![CDATA[ Nova Prata,  2 de dezembro de 2025. ]]></Data>
    <Ementa />
    <Titulo />
    <SubTitulo />
    <Texto><![CDATA[<p class="identifica">aviso de Licitação</p><p class="identifica">Pregão Eletrônico nº 65/2025</p><p>Edital n° 197/2025 - Licitação nº 1.367/2025 - Pregão Eletrônico nº 065/2025</p><p>Objeto: CONTRATAÇÃO DE EMPRESA PARA AQUISIÇÃO DE CALCÁRIO DOLOMÍTICO 90% PRINT, ACONDICIONADO EM BAG DE 1.000KG, PARA O MUNICÍPIO DE NOVA PRATA/RS.</p><p>Edital disponível no endereço eletrônico: www.novaprata.rs.gov.br e www.portaldecompraspublicas.com.br - Credenciamento até 17 de dezembro de 2025 - 08h55min, início da sessão 09h.</p><p class="data">Nova Prata, 2 de dezembro de 2025.</p><p class="assina">Umberto Luiz Carnevalli</p><p class="cargo">Prefeito</p>]]></Texto>
  </body>
  <Midias />
</article></xml>