﻿<xml><article id="46727699" name="DOU-TERMO ADITIVO AO CTT 066.202" idOficio="11441852" pubName="DO3" artType="Extrato de Termo Aditivo" pubDate="03/12/2025" artClass="00075:00013:00113:00000:00000:00000:00000:00000:00000:00000:00053:00000" artCategory="Prefeituras/Estado do Pará/Prefeitura Municipal de Brasil Novo" artSize="12" artNotes="" numberPage="261" pdfPage="http://pesquisa.in.gov.br/imprensa/jsp/visualiza/index.jsp?data=03/12/2025&amp;jornal=530&amp;pagina=261" editionNumber="230" highlightType="" highlightPriority="" highlight="" highlightimage="" highlightimagename="" idMateria="23374414">
  <body>
    <Identifica><![CDATA[extrato de TERMO ADITIVO]]></Identifica>
    <Data><![CDATA[]]></Data>
    <Ementa />
    <Titulo />
    <SubTitulo />
    <Texto><![CDATA[<p class="identifica">extrato de TERMO ADITIVO</p><p>AO CONTRATO 066/2025 - PREGÃO ELETRÔNICO N° SRP 013/2025. Primeiro Termo Aditivo ao Contrato 066/2025 - Processo Licitatório PREGÃO ELETRÔNICO SRP 013/2025. Objeto: Fornecimento de equipamentos, peças, acessórios e serviços para motosserras e roçadeiras. Empresa: A C SOUZA SANTOS LTDA - CNPJ nº 01.907.490/0001-77. VALOR: R$ 30.517,78. Assinatura em 14/11/2025. WEDER MAKES CARNEIRO. Prefeito.</p>]]></Texto>
  </body>
  <Midias />
</article></xml>