﻿<xml><article id="46739742" name="EXTRATO DE CONTRATO 20250847 INE" idOficio="11441370" pubName="DO3" artType="Extrato de Contrato" pubDate="03/12/2025" artClass="00075:00013:00188:00000:00000:00000:00000:00000:00000:00000:00030:00000" artCategory="Prefeituras/Estado do Pará/Prefeitura Municipal de Parauapebas" artSize="12" artNotes="" numberPage="266" pdfPage="http://pesquisa.in.gov.br/imprensa/jsp/visualiza/index.jsp?data=03/12/2025&amp;jornal=530&amp;pagina=266" editionNumber="230" highlightType="" highlightPriority="" highlight="" highlightimage="" highlightimagename="" idMateria="23373875">
  <body>
    <Identifica><![CDATA[ EXTRATO DE CONTRATO]]></Identifica>
    <Data><![CDATA[]]></Data>
    <Ementa />
    <Titulo />
    <SubTitulo />
    <Texto><![CDATA[<p></p><p class="identifica">EXTRATO DE CONTRATO</p><p>CONTRATO Nº: 20250847</p><p>ORIGEM: INEXIGIBILIDADE DE LICITAÇÃO Nº 6.2025-016SEMSA</p><p>LOCATÁRIO(A): FUNDO MUNICIPAL DE SAÚDE</p><p>LOCADOR(A): EDENILSON SILVA NERES</p><p>OBJETO: Locação de imóvel localizado na Avenida Salvador Flauzino, s/n, quadra 31, lote 37, Bairro Amazônia, para funcionamento da Unidade Básica de Saúde - UBS Novo Brasil, no Município de Parauapebas, Estado do Pará.</p><p>VALOR TOTAL: R$ 432.000,00 (Quatrocentos e trinta e dois mil reais).</p><p>VIGÊNCIA: 12 (doze) meses, iniciando-se a partir da assinatura das partes.</p><p>DATA DA EMISSÃO: 28 de novembro de 2025.</p>]]></Texto>
  </body>
  <Midias />
</article></xml>