﻿<xml><article id="46726799" name="Publicacao DOU - Aviso de Licita" idOficio="11440899" pubName="DO3" artType="Aviso de Licitação" pubDate="03/12/2025" artClass="00075:00019:00365:00000:00000:00000:00000:00000:00000:00000:00079:00000" artCategory="Prefeituras/Estado do Rio Grande do Sul/Prefeitura Municipal de Palmeira das Missões" artSize="12" artNotes="" numberPage="287" pdfPage="http://pesquisa.in.gov.br/imprensa/jsp/visualiza/index.jsp?data=03/12/2025&amp;jornal=530&amp;pagina=287" editionNumber="230" highlightType="" highlightPriority="" highlight="" highlightimage="" highlightimagename="" idMateria="23373106">
  <body>
    <Identifica><![CDATA[ AVISO DE LICITAção]]></Identifica>
    <Data><![CDATA[ Palmeira das Missões/RS, 1º de dezembro de 2025.]]></Data>
    <Ementa />
    <Titulo />
    <SubTitulo />
    <Texto><![CDATA[<p class="identifica">AVISO DE LICITAção</p><p class="identifica">Pregão Eletrônico</p><p>LICITACAO Nº 867-2025 - Modalidade: Pregão Eletrônico - Menor preço por LOTE - Abertura as 08 horas do dia 18-12-2025. OBJETO: Futura e eventual contratação de empresa especializada para prestação de serviços técnicos, para conversão de documentos físicos, sob demanda, para o formato digital, para o município de Palmeira das Missões/RS. Conforme edital.</p><p>O Edital completo está à disposição dos interessados, no site: palmeiradasmissoes.atende.net / Consulta Licitações. Informações, em horário de expediente, pelo fone (55) 3191-0666.</p><p class="data">Palmeira das Missões/RS, 1º de dezembro de 2025.</p><p class="assina">EVANDRO LUIS MASSING</p><p class="cargo">Prefeito</p>]]></Texto>
  </body>
  <Midias />
</article></xml>