﻿<xml><article id="46726652" name="AVISO DE LICITACAO UNIAO ADM" idOficio="11441752" pubName="DO3" artType="Aviso" pubDate="03/12/2025" artClass="00075:00022:00010:00000:00000:00000:00000:00000:00000:00000:00106:00000" artCategory="Prefeituras/Estado de Roraima/Prefeitura Municipal de Caroebe" artSize="12" artNotes="" numberPage="295" pdfPage="http://pesquisa.in.gov.br/imprensa/jsp/visualiza/index.jsp?data=03/12/2025&amp;jornal=530&amp;pagina=295" editionNumber="230" highlightType="" highlightPriority="" highlight="" highlightimage="" highlightimagename="" idMateria="23374310">
  <body>
    <Identifica><![CDATA[ AVISOs DE LICITAÇÃO]]></Identifica>
    <Data><![CDATA[ Caroebe-RR, 17 de outubro de 2025.]]></Data>
    <Ementa />
    <Titulo />
    <SubTitulo />
    <Texto><![CDATA[<p class="identifica">AVISOs DE LICITAÇÃO</p><p class="identifica">PREGÃO PRESENCIAL Nº 36/2025</p><p>PROCESSO Nº 97/2025</p><p>O Departamento de Licitação e Contrato/DLC da Prefeitura Municipal de Caroebe/RR torna público a abertura do Pregão Presencial SRP n° 036/2025, Processo Administrativo n°. 097/2025, Tipo Menor Preço Global, no dia 15 de dezembro de 2025, Interessado: SEMPLAF às 09:00, cujo objeto é Futura e Eventual Contratação de Empresa Especializada Em Serviço de Gestão da Informação, Física e Digital, Com Disponibilidade de Infraestrutura de Hardware e Softwares Para Atender A Administração do Munícipio de Caroebe/Rr. O Edital e seus anexos se encontram disponíveis na sede da Prefeitura Municipal de Caroebe/RR, especificamente junto a CPL municipal, devendo ser retirado nos horários de 07:30 as 13:00, na Avenida Perimetral Norte, s/n, Centro Caroebe - RR - CEP: 69.378-000, devendo portar CD/DVD ou PEN DRIVE o Edital poderá ser solicitado através do e-mail cplcaroebe2021@gmail.com ou através do endereço eletrônico www.caroebe.rr.gov.br.</p><p class="data">Caroebe-RR, 17 de outubro de 2025.</p><p class="assina">NOEL FERREIRA DA COSTA</p><p class="cargo">Agente de Contratação</p><p class="identifica">PREGÃO PRESENCIAL SRP Nº 42/2025</p><p>PROCESSO Nº 114/2025</p><p>O Departamento de Licitação e Contrato/DLC da Prefeitura Municipal de Caroebe/RR torna público a abertura do Pregão Presencial SRP n° 042/2025, Processo Administrativo n°. 114/2025, Tipo Menor Preço Global, no dia 16 de dezembro de 2025, Interessado: SEMIO às 09:00, cujo objeto é Eventual Contratação Empresa Especializada Em Engengaria Para Execução dos Serviços de Pintura de Paredes e Afins, Com Fornecimento de Tinta Tecnolólica Inseticida Á Base de Água e Micro Encapsulamento de Princípios Ativos de Controle de Insetos, Vetores e Enfermidades Endêmicas, Para Atender Aos Órgãos Públicos da Administração Municipal de Caroebe-RR. O Edital e seus anexos se encontram disponíveis na sede da Prefeitura Municipal de Caroebe/RR, especificamente junto ao DLC municipal, devendo ser retirado nos horários de 07:30 as 13:00, na Avenida Perimetral Norte, s/n, Centro Caroebe - RR - CEP: 69.378-000, devendo portar CD/DVD ou PEN DRIVE. O Edital poderá ser solicitado através do e-mail cplcaroebe2021@gmail.com ou através do endereço eletrônico www.caroebe.rr.gov.br.</p><p class="data">Caroebe-RR, 1º de dezembro de 2025.</p><p class="assina">NOEL FERREIRA DA COSTA</p><p class="cargo">Agente de Contratação</p>]]></Texto>
  </body>
  <Midias />
</article></xml>