﻿<xml><article id="46725734" name="40 - EXTRATO DE CONTRATO - DOU" idOficio="11441473" pubName="DO3" artType="Extrato de Contrato" pubDate="03/12/2025" artClass="00075:00025:00060:00000:00000:00000:00000:00000:00000:00000:00030:00000" artCategory="Prefeituras/Estado de Sergipe/Prefeitura Municipal de Nossa Senhora da Glória" artSize="12" artNotes="" numberPage="303" pdfPage="http://pesquisa.in.gov.br/imprensa/jsp/visualiza/index.jsp?data=03/12/2025&amp;jornal=530&amp;pagina=303" editionNumber="230" highlightType="" highlightPriority="" highlight="" highlightimage="" highlightimagename="" idMateria="23373944">
  <body>
    <Identifica><![CDATA[ EXTRATO DE CONTRATO ]]></Identifica>
    <Data><![CDATA[]]></Data>
    <Ementa />
    <Titulo />
    <SubTitulo />
    <Texto><![CDATA[<p class="identifica">EXTRATO DE CONTRATO</p><p>EXTRATO DE CONTRATO Nº 243/2025 - PMG, 244/2025 - PMG, 245/2025 - PMG E 246/2025 - PMG PREGÃO ELETRÕNICO N° 020/2025 - PMG PROCESSO ADMINISTRATIVO N° 165/2025 - PMG Contratante: Município de Nossa Senhora da Glória/Se. Contratados: Contrato N° 243/2025 - PMG - FCA INDUSTRIA E COMERCIO LTDA, VALOR: R$ 92.925,00 (noventa e dois mil, novecentos e vinte e cinco mil reais), VIGÊNCIA: 13/11/2025 à 13/11/2026, CONTRATO N° 244/2025 - PMG - WPPT CONFECÇÕES LTDA, VALOR: R$ 12.558,00 (doze mil e quinhentos e cinquenta e oito reais), VIGÊNCIA: 17/11/2025 à 17/11/2026, CONTRATO N° 245/2025 - PMG - HLJ NEGOCIOS LTDA, VALOR: R$ 75.600,00 (setenta e cinco mil e seiscentos reais), VIGÊNCIA: 14/11/2025 à 14/11/2026, CONTRATO N° 246/2025 - PMG - NATANIEL BARROS DOS SANTOS JUNIOR. VALOR: R$ 281.358,20 (duzentos e oitenta e um mil, trezentos e cinquenta e oito reais e vinte centavos), VIGÊNCIA: 13/11/2025 à 13/11/2026. OBJETO: Contratação de empresa especializada para aquisição de Uniformes Escolares Completos para os alunos da rede municipal de ensino, conforme condições, quantidades e exigências estabelecidas neste edital e seus anexos. FUNDAMENTO LEGAL: Leis Federal nº 14.133/21, LC nº 123/2006, LC n° 147/2014 e Leis Municipal n° 1.200/2023 e n° 1.262/2024. Nossa Senhora da Glória/SE, 19 de novembro de 2025.</p>]]></Texto>
  </body>
  <Midias />
</article></xml>