﻿<xml><article id="46733633" name="AVISO DE EXTRATO DE ARP NA 07-20" idOficio="11441672" pubName="DO3" artType="Extrato" pubDate="03/12/2025" artClass="00075:00008:00052:00000:00000:00000:00000:00000:00000:00000:00170:00000" artCategory="Prefeituras/Estado de Goiás/Prefeitura Municipal de Aragarças" artSize="12" artNotes="" numberPage="235" pdfPage="http://pesquisa.in.gov.br/imprensa/jsp/visualiza/index.jsp?data=03/12/2025&amp;jornal=530&amp;pagina=235" editionNumber="230" highlightType="" highlightPriority="" highlight="" highlightimage="" highlightimagename="" idMateria="23374164">
  <body>
    <Identifica><![CDATA[ EXTRATO DE registro de preços]]></Identifica>
    <Data><![CDATA[]]></Data>
    <Ementa />
    <Titulo />
    <SubTitulo />
    <Texto><![CDATA[<p class="identifica">EXTRATO DE registro de preços</p><p>ARP Nº 7/2025 do PREGÃO ELETRÔNICO Nº 7/2025</p><p>ARP Nº 07/2025 do PREGÃO ELETRÔNICO Nº 07/2025.</p><p>Contratante: SECRETARIA MUNICIPAL DE SAÚDE.</p><p>Contratadas: JOSEMILIA COMERCIO DE MOVEIS E ELETRODOMESTICOS, JULIANO VEZENTIN EIRELI ME, TECNOVALE SOLUÇÕES CORPORATIVAS LTDA - ME, G5 REFRIGERACAO E SERVICOS EIRELI e REPREMIG REPRESENTAÇÃO E COMERCIO DE MINAS GERAIS LTDA.</p><p>Objeto: REGISTRO DE PREÇOS VISANDO FUTURA E EVENTUAL AQUISIÇÃO DE MOBILIARIO E EQUIPAMENTOS DE INFORMATICA A FIM, DE ATENDER A SECRETARIA MUNICIPAL DE SAÚDE DO MUNICIPIO DE ARAGARÇAS/GO.</p><p>Vigência: 17/11/2025 à 17/11/2026. Fundamentação Legal: Lei 14.133/2021.</p>]]></Texto>
  </body>
  <Midias />
</article></xml>