﻿<xml><article id="46729307" name="ALTERACAO CONC 014" idOficio="11441658" pubName="DO3" artType="Aviso de Alteração" pubDate="03/12/2025" artClass="00075:00024:00164:00000:00000:00000:00000:00000:00000:00000:00068:00000" artCategory="Prefeituras/Estado de São Paulo/Prefeitura Municipal de Campinas" artSize="12" artNotes="" numberPage="296" pdfPage="http://pesquisa.in.gov.br/imprensa/jsp/visualiza/index.jsp?data=03/12/2025&amp;jornal=530&amp;pagina=296" editionNumber="230" highlightType="" highlightPriority="" highlight="" highlightimage="" highlightimagename="" idMateria="23374184">
  <body>
    <Identifica><![CDATA[ AVISO DE LICITAÇÃO]]></Identifica>
    <Data><![CDATA[ Campinas, 26 de novembro de 2025. ]]></Data>
    <Ementa />
    <Titulo />
    <SubTitulo />
    <Texto><![CDATA[<p class="identifica">AVISO DE LICITAÇÃO</p><p class="identifica">Concorrência Eletrônica nº 14/2025</p><p>Processo Administrativo: PMC.2023.00130609-99 Interessado: Secretaria Municipal de Administração - Objeto: Fornecimento de sistema de climatização do tipo VRF (Variable Refrigerant Flow) para climatização individual do 6°, 9° e 11° pavimentos do Paço Municipal de Campinas, incluindo a instalação completa do sistema, conforme as normas técnicas aplicáveis e os dispositivos do Termo de Referência- Abertura da Sessão Pública: 17/12/2025 às 10h - Disponibilidade do Edital: a partir de 01/12/2025, no portal eletrônico www.gov .br/compras - Unidade Compradora: 986291 - Número da Licitação: 90014/2025. Esclarecimentos adicionais com a Agente de Contratação Ana Julia Gregio Fontes Trevisani pelo telefone (19) 2116-0678.</p><p class="data">Campinas, 26 de novembro de 2025.</p><p class="assina">RAPHAEL BERNARDES PEIXOTO DOS SANTOS</p><p class="cargo">Diretor(a) do Departamento de Licitações</p>]]></Texto>
  </body>
  <Midias />
</article></xml>