﻿<xml><article id="46725962" name="PE 10037 25 DOU FMS" idOficio="11436443" pubName="DO3" artType="Aviso de Licitação" pubDate="03/12/2025" artClass="00075:00019:00488:00000:00000:00000:00000:00000:00000:00000:00079:00000" artCategory="Prefeituras/Estado do Rio Grande do Sul/Prefeitura Municipal de São Leopoldo" artSize="12" artNotes="" numberPage="288" pdfPage="http://pesquisa.in.gov.br/imprensa/jsp/visualiza/index.jsp?data=03/12/2025&amp;jornal=530&amp;pagina=288" editionNumber="230" highlightType="" highlightPriority="" highlight="" highlightimage="" highlightimagename="" idMateria="23366128">
  <body>
    <Identifica><![CDATA[ AVISO DE LICITAção]]></Identifica>
    <Data><![CDATA[]]></Data>
    <Ementa />
    <Titulo />
    <SubTitulo />
    <Texto><![CDATA[<p class="identifica">AVISO DE LICITAção</p><p class="identifica">PE 10037/2025 FMS</p><p>O MUNICIPIO DE SAO LEOPOLDO RS por intermédio da Secretaria Municipal de Compras e Licitações SECOL torna público o PE 10037/2025 FMS OBJETO: registro de preços de fraldas descartáveis para distribuição gratuita para lote fracassado do PE 10031/2025, para a Administração Pública Municipal (Assistência Farmacêutica Municipal). DATA DE ABERTURA: 17 de dezembro de 2025, às 09h O edital está disponível no endereço www.portaldecompraspublicas.com.br.São Leopoldo, Berço da Colonização Alemã no Brasil.</p><p class="assina">RAFAEL DE ALMEIDA</p><p class="cargo">Secretária Municipal de Compras e Licitações</p>]]></Texto>
  </body>
  <Midias />
</article></xml>