﻿<xml><article id="46724953" name="public" idOficio="11442833" pubName="DO3" artType="Aviso de Licitação" pubDate="03/12/2025" artClass="00075:00016:00063:00000:00000:00000:00000:00000:00000:00000:00079:00000" artCategory="Prefeituras/Estado de Pernambuco/Prefeitura Municipal de Caetés" artSize="12" artNotes="" numberPage="278" pdfPage="http://pesquisa.in.gov.br/imprensa/jsp/visualiza/index.jsp?data=03/12/2025&amp;jornal=530&amp;pagina=278" editionNumber="230" highlightType="" highlightPriority="" highlight="" highlightimage="" highlightimagename="" idMateria="23375726">
  <body>
    <Identifica><![CDATA[AVISO DE LICITAÇÃO ]]></Identifica>
    <Data><![CDATA[ Caetés, PE, 1º de dezembro de 2025.]]></Data>
    <Ementa />
    <Titulo />
    <SubTitulo />
    <Texto><![CDATA[<p class="identifica">AVISO DE LICITAÇÃO</p><p class="identifica">CONCORRÊNCIA ELETRÔNICA Nº 7/2025</p><p>PROCESSO DE CONTRATAÇÃO Nº 039/2025 - CONCORRÊNCIA NA FORMA ELETRÔNICA Nº 007/2025. Obras. Objeto: Contratação de empresa de engenharia para IMPLANTAÇÃO DE MELHORIA HABITACIONAL PARA CONTROLE DE DOENÇAS DE CHAGAS no município de Caetés-PE, convênio n. 938457/2022. Valor Máximo Aceitável: R$ 1.235.267,20. Início do acolhimento das propostas: dia 03/12/2025 às 9h. Encerramento de recebimento das propostas: dia 22/12/2025 às 9h. Início da abertura da Sessão Pública de lances dia 22/12/2025 às 10h, (horário de Brasília). Edital disponível para consulta e cópia na internet no endereço: https://bnc.org.br/ www.caetes.pe.gov.br. Outras informações no Departamento de Contratação, Endereço: Praça Rafael Brasil Pereira S/N°</p><p class="data">Caetés, PE, 1º de dezembro de 2025.</p><p class="assina">NIVALDO DA SILVA MARTINS</p><p class="cargo">Prefeito</p>]]></Texto>
  </body>
  <Midias />
</article></xml>