﻿<xml><article id="46732856" name="Extrato Dezembro_25 - 03 - RIBAL" idOficio="11441810" pubName="DO3" artType="Extrato de Contrato" pubDate="03/12/2025" artClass="00017:00032:00000:00000:00000:00000:00000:00000:00000:00000:00030:00000" artCategory="Ministério do Desenvolvimento Agrário e Agricultura Familiar/Companhia de Entrepostos e Armazéns Gerais de São Paulo" artSize="12" artNotes="" numberPage="44" pdfPage="http://pesquisa.in.gov.br/imprensa/jsp/visualiza/index.jsp?data=03/12/2025&amp;jornal=530&amp;pagina=44" editionNumber="230" highlightType="" highlightPriority="" highlight="" highlightimage="" highlightimagename="" idMateria="23374369">
  <body>
    <Identifica><![CDATA[ EXTRATO DE CONTRATO]]></Identifica>
    <Data><![CDATA[]]></Data>
    <Ementa />
    <Titulo />
    <SubTitulo />
    <Texto><![CDATA[<p class="identifica">EXTRATO DE CONTRATO</p><p>Espécie: Contrato nº 049/25-2510-2510-07-020-10-1. Decorrente do Pregão Eletrônico nº 90029/2025. Processo: 049/2025. Objeto: Contratação de Serviços: Locação de Caminhão Guindaste com Cesto Aéreo Duplo. Contratada: RIBAL LOCADORA DE VEÍCULOS LTDA, CNPJ nº 07.605.506/0001-73. Valor total de R$ 238.680,00 (duzentos e trinta e oito mil, seiscentos e oitenta reais) nos termos da Cláusula Quarta. Vigência: 12 (doze) meses, contados a partir do início da Ordem de serviço nos termos da Cláusula Terceira. Data de Assinatura: 04/11/2025.</p>]]></Texto>
  </body>
  <Midias />
</article></xml>