﻿<xml><article id="46734693" name="CONC 33 2025 DOU 02 12 2025" idOficio="11435740" pubName="DO3" artType="Aviso de Licitação-Concorrência" pubDate="03/12/2025" artClass="00075:00019:00256:00000:00000:00000:00000:00000:00000:00000:00159:00000" artCategory="Prefeituras/Estado do Rio Grande do Sul/Prefeitura Municipal de Ijuí" artSize="12" artNotes="" numberPage="287" pdfPage="http://pesquisa.in.gov.br/imprensa/jsp/visualiza/index.jsp?data=03/12/2025&amp;jornal=530&amp;pagina=287" editionNumber="230" highlightType="" highlightPriority="" highlight="" highlightimage="" highlightimagename="" idMateria="23365263">
  <body>
    <Identifica><![CDATA[AVISO DE LICITAÇÃO]]></Identifica>
    <Data><![CDATA[ Ijuí-RS, 1º de dezembro de 2025.]]></Data>
    <Ementa />
    <Titulo />
    <SubTitulo />
    <Texto><![CDATA[<p class="identifica">AVISO DE LICITAÇÃO</p><p class="identifica">CONCORRÊNCIA ELETRÔNICA Nº 33/2025</p><p>OBJETO: Execução global para reforma na Escola Municipal Infantil Meu Pequeno Mundo. Abertura das Propostas: 16/12/25 às 09:00. Informações pelo telefone (55) 3331-8219 ou nos sites www.portaldecompraspublicas.com.br e www.ijui.rs.gov.br, no link "Licitações - Concorrência Eletrônica".</p><p class="data">Ijuí-RS, 1º de dezembro de 2025.</p><p class="assina">Andrei Cossetin Sczmanski</p><p class="cargo">Prefeito</p>]]></Texto>
  </body>
  <Midias />
</article></xml>