﻿<xml><article id="46725470" name="Extrato Homologacao Edital nA 01" idOficio="11440774" pubName="DO3" artType="Ato" pubDate="03/12/2025" artClass="00071:00295:00000:00000:00000:00000:00000:00000:00000:00000:00171:00000" artCategory="Entidades de Fiscalização do Exercício das Profissões Liberais/Conselho Regional de Engenharia e Agronomia de Sergipe" artSize="12" artNotes="" numberPage="206" pdfPage="http://pesquisa.in.gov.br/imprensa/jsp/visualiza/index.jsp?data=03/12/2025&amp;jornal=530&amp;pagina=206" editionNumber="230" highlightType="" highlightPriority="" highlight="" highlightimage="" highlightimagename="" idMateria="23372991">
  <body>
    <Identifica><![CDATA[EDITAL de   2 de dezembro de 2025]]></Identifica>
    <Data><![CDATA[]]></Data>
    <Ementa />
    <Titulo />
    <SubTitulo />
    <Texto><![CDATA[<p></p><p class="identifica">EDITAL de 2 de dezembro de 2025</p><p class="identifica">HOMOLOGAÇÃO DO CONCURSO PÚBLICO PARA CONTRATAÇÃO DE CARGOS PÚBLICOS</p><p class="identifica">PARA O QUADRO DE PESSOAL DO CONSELHO REGIONAL DE ENGENHARIA</p><p class="identifica">E AGRONOMIA DO ESTADO DE SERGIPE - CREA-SE - EDITAL Nº 1/2025</p><p></p><p>O Exmo. Sr. Eng. Civil Dilson Luiz de Jesus Silva, DD. Presidente do CREA/SE, mediante as condições estipuladas no Concurso Público do Conselho Regional de Engenharia e Agronomia do Estado de Sergipe - CREA-SE - Edital Nº 01/2025, em conformidade com as normas constitucionais e demais disposições legais atinentes à matéria, HOMOLOGA, nos termos do item 12.1 do referido Edital, o Resultado Final e a Classificação dos Candidatos aprovados, nos endereços eletrônicos oficiais do Concurso Público (www.ibgpconcursos.com.br e www.crea-se.org.br), para que se produzam os devidos e legais efeitos, quanto ao resultado do presente certame público.</p><p class="assina">DILSON LUIZ DE JESUS SILVA</p><p></p>]]></Texto>
  </body>
  <Midias />
</article></xml>