﻿<xml><article id="46725641" name="COM0016614_2025" idOficio="11435078" pubName="DO3" artType="Aviso de Licitação" pubDate="03/12/2025" artClass="00035:00056:00001:00000:00000:00000:00000:00000:00000:00000:00079:00000" artCategory="Ministério de Minas e Energia/Petróleo Brasileiro S.A./Petrobrás" artSize="12" artNotes="" numberPage="141" pdfPage="http://pesquisa.in.gov.br/imprensa/jsp/visualiza/index.jsp?data=03/12/2025&amp;jornal=530&amp;pagina=141" editionNumber="230" highlightType="" highlightPriority="" highlight="" highlightimage="" highlightimagename="" idMateria="23364317">
  <body>
    <Identifica><![CDATA[AVISO DE LICITAÇÃO]]></Identifica>
    <Data><![CDATA[]]></Data>
    <Ementa />
    <Titulo />
    <SubTitulo />
    <Texto><![CDATA[<p class="identifica">AVISO DE LICITAÇÃO</p><p>ALIENAÇÃO DAS PLATAFORMAS PETROBRAS 19 (P-19) E PETROBRAS 26 (P-26)</p><p>A PETRÓLEO BRASILEIRO S.A. - PETROBRAS, por meio da Comissão de Alienação, torna público que realizará Licitação Eletrônica do tipo maior oferta de preço, para alienação das plataformas Petrobras 19 (P-19) e Petrobras 26 (P-26). A licitação eletrônica terá início previsto para 08h00 do dia 05/12/2025 e as propostas deverão ser apresentadas no PORTAL SUPERBID (www.superbid.net). O Edital completo da licitação estará disponível no PORTAL SUPERBID (www.superbid.net) e no site da PETROBRAS (www.petrobras.com.br - Canais de Negócios).</p><p class="assina">Comissão de Alienação</p>]]></Texto>
  </body>
  <Midias />
</article></xml>