﻿<xml><article id="46735420" name="Publicacao - AUSTRAL - 5A Termo " idOficio="11441499" pubName="DO3" artType="Extrato de Termo Aditivo" pubDate="03/12/2025" artClass="00047:00050:00000:00000:00000:00000:00000:00000:00000:00000:00053:00000" artCategory="Ministério da Saúde/Empresa Brasileira de Hemoderivados e Biotecnologia" artSize="12" artNotes="" numberPage="153" pdfPage="http://pesquisa.in.gov.br/imprensa/jsp/visualiza/index.jsp?data=03/12/2025&amp;jornal=530&amp;pagina=153" editionNumber="230" highlightType="" highlightPriority="" highlight="" highlightimage="" highlightimagename="" idMateria="23374014">
  <body>
    <Identifica><![CDATA[ EXTRATO DE TERMO ADITIVO]]></Identifica>
    <Data><![CDATA[]]></Data>
    <Ementa />
    <Titulo />
    <SubTitulo />
    <Texto><![CDATA[<p class="identifica">EXTRATO DE TERMO ADITIVO</p><p>a)Espécie: Quinto Termo Aditivo ao Contrato nº 01/2022, celebrado em 28/11/2025, entre a HEMOBRÁS e a AUSTRAL SEGURADORA S.A. CNPJ 11.521.976/0001-26; b)Objeto: prorrogação por mais 12 (doze) meses, a contar de 01/02/2026, encerrando-se em 01/02/2027; c)Fundamento Legal: Lei 13.303/2016; d)Valor: O valor global do contrato passa a ser de R$ 70.000,00 (setenta mil reais), o que corresponde a uma redução de 17,65% sobre o valor global do contrato. Tal alteração decorre da proposta apresentada pela Hemobrás, resultante da análise de vantajosidade contratual, a qual foi aceita pela contratada, conforme documento anexado aos autos do processo em epígrafe; e) Signatários: Contratante: Ana Paula do Rego Menezes - Presidente da Hemobrás; Contratada: RODRIGO FERREIRA DE CAMPO - Diretor e RAFAEL FERREIRA DA GAMA - Representante Legal; f)Processo n° 25800.003375/2021.</p>]]></Texto>
  </body>
  <Midias />
</article></xml>