﻿<xml><article id="46744935" name="2025-12-01/11443352/siasgnet_233" idOficio="11443352" pubName="DO3" artType="Aviso de Licitação-Pregão" pubDate="03/12/2025" artClass="00025:00058:00012:00000:00000:00000:00000:00000:00000:00000:00162:00001" artCategory="Ministério da Educação/Instituto Federal de Educação, Ciência e Tecnologia da Bahia/Campus Salvador" artSize="12" artNotes="" numberPage="64" pdfPage="http://pesquisa.in.gov.br/imprensa/jsp/visualiza/index.jsp?data=03/12/2025&amp;jornal=530&amp;pagina=64" editionNumber="230" highlightType="" highlightPriority="" highlight="" highlightimage="" highlightimagename="" idMateria="23376441">
  <body>
    <Identifica><![CDATA[ AVISO DE LICITAÇÃO]]></Identifica>
    <Data><![CDATA[]]></Data>
    <Ementa />
    <Titulo />
    <SubTitulo />
    <Texto><![CDATA[<p class="identifica">AVISO DE LICITAÇÃO</p><p class="identifica">Pregão Eletrônico Nº 90015/2025 - UASG 158411</p><p>Nº Processo: 23279013581202541. Objeto: Aquisição de Equipamentos para os Laboratórios do Departamento Acadêmico de Química (DAQ) e para o Consultório Odontológico do Serviço Médico Odontológico (SMO), pertencentes ao IFBA/Campus Salvador", conforme condições, quantidades e respectivos códigos dos itens discriminados na Tabela 01, conforme exigências estabelecidas neste instrumento.. Total de Itens Licitados: 59. Edital: 03/12/2025 das 08h00 às 12h00 e das 13h00 às 17h00. Endereço: Rua Emídio Dos Santos, S/n - Bairro Barbalho, Barbalho - Salvador/BA ou https://www.gov.br/compras/edital/158411-5-90015-2025. Entrega das Propostas: a partir de 03/12/2025 às 08h00 no site www.gov.br/compras. Abertura das Propostas: 17/12/2025 às 09h00 no site www.gov.br/compras. Informações Gerais: .</p><p class="assina">EURES BALTAZAR PEREIRA DA ROCHA</p><p class="cargo">Pregoeiro</p><p>(SIASGnet - 01/12/2025) 158411-26247-2024NE800038</p>]]></Texto>
  </body>
  <Midias />
</article></xml>