﻿<xml><article id="46726262" name="Publicacao DOU - FASIG. 03.12.20" idOficio="11433360" pubName="DO3" artType="Aviso de Registro de Diplomas" pubDate="03/12/2025" artClass="00073:13514:00000:00000:00000:00000:00000:00000:00000:00000:00181:00000" artCategory="Ineditoriais/IGESP EDUCAÇÃO E SAÚDE LTDA." artSize="12" artNotes="" numberPage="212" pdfPage="http://pesquisa.in.gov.br/imprensa/jsp/visualiza/index.jsp?data=03/12/2025&amp;jornal=530&amp;pagina=212" editionNumber="230" highlightType="" highlightPriority="" highlight="" highlightimage="" highlightimagename="" idMateria="23361972">
  <body>
    <Identifica><![CDATA[ AVISO de REGISTRO DE DIPLOMAS]]></Identifica>
    <Data><![CDATA[ São Paulo, 2 de Dezembro de 2025]]></Data>
    <Ementa />
    <Titulo />
    <SubTitulo />
    <Texto><![CDATA[<p class="identifica">AVISO de REGISTRO DE DIPLOMAS</p><p>MANTIDA: FASIG - FACULDADE DE CIÊNCIAS DA SAÚDE IGESP - MANTENEDORA: IGESP EDUCAÇÃO E SAÚDE LTDA - CNPJ: 25.046.750/0001-25. Para fins do disposto no art. 21 da Portaria MEC nº 1.095 de 25 de outubro de 2018, esta Instituição de Ensino Superior informa que foram registrados no período de 07/11/2025 a 20/11/2025, 1 (um) diploma no seguinte livro de registro e sequência numérica: [Livro Digital MEC - registro nº IGS005130], e a segunda via em formato digital de 01 diploma no seguinte livro de registro e sequências numéricas [Livro Digital MEC - registros nºs - 1819618]. A relação dos diplomas registrados poderá ser consultada em até quinze dias, no endereço: www.fasig.com.br</p><p class="data">São Paulo, 2 de Dezembro de 2025</p><p class="assina">Fernando José Moredo</p><p class="cargo">Reitor</p>]]></Texto>
  </body>
  <Midias />
</article></xml>