﻿<xml><article id="46741961" name="2024-12-02/10724183/COMPRASNETWS" idOficio="10724183" pubName="DO3" artType="Extrato de Contrato" pubDate="03/12/2025" artClass="00033:00045:00026:00000:00000:00000:00000:00000:00000:00000:00030:00001" artCategory="Ministério da Justiça e Segurança Pública/Polícia Federal/Superintendência Regional no Distrito Federal" artSize="12" artNotes="" numberPage="130" pdfPage="http://pesquisa.in.gov.br/imprensa/jsp/visualiza/index.jsp?data=03/12/2025&amp;jornal=530&amp;pagina=130" editionNumber="230" highlightType="" highlightPriority="" highlight="" highlightimage="" highlightimagename="" idMateria="22186111">
  <body>
    <Identifica><![CDATA[ EXTRATO DE CONTRATO Nº 11/2024 - UASG 200338]]></Identifica>
    <Data><![CDATA[]]></Data>
    <Ementa />
    <Titulo />
    <SubTitulo />
    <Texto><![CDATA[<p class="identifica">EXTRATO DE CONTRATO Nº 11/2024 - UASG 200338</p><p>Nº Processo: 08280.010416/2023-43.</p><p>Pregão Nº 90038/2024. Contratante: SUPERINTENDENCIA REGIONAL DE POLÍCIA FEDERAL NO DISTRITO FEDERAL.</p><p>Contratado: 27.193.666/0001-60 - VENDOR - INFORMATICA, IMPORTACAO. Objeto: Aquisição de 10 fragmentadoras, nas condições estabelecidas na Ata de Registro de Preço nº 22/2024 do TRT 2° região. Processo nº 08280.010416/2023-43.</p><p>Fundamento Legal: Lei nº 14.133/2021 - Artigo: 28 - Inciso: I. Vigência: 29/11/2024 a 29/05/2025. Valor Total: R$ 55.650,00. Data de Assinatura: 29/11/2024.</p><p>(COMPRASNET 4.0 - 02/12/2024).</p>]]></Texto>
  </body>
  <Midias />
</article></xml>