﻿<xml><article id="46727132" name="AVISO REGISTRO DE DIPLOMAS UNILA" idOficio="11441238" pubName="DO3" artType="Aviso de Registro de Diplomas" pubDate="03/12/2025" artClass="00073:04617:00964:00000:00000:00000:00000:00000:00000:00000:00181:00000" artCategory="Ineditoriais/FACULDADE SANTÍSSIMO SACRAMENTO" artSize="12" artNotes="" numberPage="209" pdfPage="http://pesquisa.in.gov.br/imprensa/jsp/visualiza/index.jsp?data=03/12/2025&amp;jornal=530&amp;pagina=209" editionNumber="230" highlightType="" highlightPriority="" highlight="" highlightimage="" highlightimagename="" idMateria="23373698">
  <body>
    <Identifica><![CDATA[ AVISO de REGISTRO DE DIPLOMAS]]></Identifica>
    <Data><![CDATA[ Alagoinhas-BA, 2 de outubro de 2025.]]></Data>
    <Ementa />
    <Titulo />
    <SubTitulo />
    <Texto><![CDATA[<p class="identifica">AVISO de REGISTRO DE DIPLOMAS</p><p>A Faculdade Santíssimo Sacramento, mantida pela Associação Educativa e Cultural Maria Emília, Sob CNPJ 34.146.282/0008-28 para fins do disposto no art. 21 da Portaria MEC n° 1.095 de 25 de outubro de 2018, informa que foram registrados 197 diplomas pela Universidade da Integração Internacional da Lusofonia Afro-Brasileira (UNILAB), no período de 27/05/2024 a 17/03/2025, sob seguintes livros de registros e sequências numéricas: Livro FSS2024 - registros n 6388 a 7539 e Livro FSS2025 registros n 8512 a 8610. A relação dos diplomas registrados poderá ser consultada no endereço: http://fsssacramento.br/consulta-diploma/expedidos.</p><p class="data">Alagoinhas-BA, 2 de outubro de 2025.</p><p class="assina">Lucia Maria Sá Barreto de Freitas</p><p class="cargo">Diretora Geral</p>]]></Texto>
  </body>
  <Midias />
</article></xml>