﻿<xml><article id="46725266" name="AVISO CRED 013.2025 - MANUT EQUI" idOficio="11435819" pubName="DO3" artType="Aviso de Credenciamento" pubDate="03/12/2025" artClass="00075:00005:00224:00000:00000:00000:00000:00000:00000:00000:00073:00000" artCategory="Prefeituras/Estado da Bahia/PREFEITURA MUNICIPAL DE IBIPITANGA" artSize="12" artNotes="" numberPage="224" pdfPage="http://pesquisa.in.gov.br/imprensa/jsp/visualiza/index.jsp?data=03/12/2025&amp;jornal=530&amp;pagina=224" editionNumber="230" highlightType="" highlightPriority="" highlight="" highlightimage="" highlightimagename="" idMateria="23365365">
  <body>
    <Identifica><![CDATA[aviso de CREDENCIAMENTO Nº 13/2025-CR]]></Identifica>
    <Data><![CDATA[ Ibipitanga-BA, 27 de novembro de 2025.]]></Data>
    <Ementa />
    <Titulo />
    <SubTitulo />
    <Texto><![CDATA[<p>CNPJ 13.781.364/0001-06</p><p class="identifica">aviso de CREDENCIAMENTO Nº 13/2025-CR</p><p>OBJETO: Chamamento Público para credenciamento de Pessoa física e/ou Jurídica para prestação de serviços de manutenção preventiva e corretiva nos equipamentos hospitalares, fisioterapêuticos, odontológicos, laboratoriais e câmaras de vacina, sob responsabilidade da Secretaria Municipal de Saúde de Ibipitanga - BA, conforme condições, estabelecidas no Edital e seus anexos. O credenciamento terá início com a publicação do Edital na imprensa oficial do município (www.ibipitanga.ba.gov.br), a partir do dia 03/12/2025. Informações: (77) 3674-2202, ou por e-mail: cpl.ibipitanga@gmail.com</p><p class="data">Ibipitanga-BA, 27 de novembro de 2025.</p><p class="assina">Wilkson Gomes de Araújo</p><p class="cargo">Agente de Contratação</p>]]></Texto>
  </body>
  <Midias />
</article></xml>