﻿<xml><article id="46725758" name="Carutapera Aviso 01-12-2025" idOficio="11442743" pubName="DO3" artType="Aviso" pubDate="03/12/2025" artClass="00075:00009:00075:00000:00000:00000:00000:00000:00000:00000:00106:00000" artCategory="Prefeituras/Estado do Maranhão/Prefeitura Municipal de Carutapera" artSize="12" artNotes="" numberPage="242" pdfPage="http://pesquisa.in.gov.br/imprensa/jsp/visualiza/index.jsp?data=03/12/2025&amp;jornal=530&amp;pagina=242" editionNumber="230" highlightType="" highlightPriority="" highlight="" highlightimage="" highlightimagename="" idMateria="23375561">
  <body>
    <Identifica><![CDATA[ AVISO DE LICITAÇÃO]]></Identifica>
    <Data><![CDATA[ Carutapera - MA, 1º de dezembro de 2025.]]></Data>
    <Ementa />
    <Titulo />
    <SubTitulo />
    <Texto><![CDATA[<p class="identifica">AVISO DE LICITAÇÃO</p><p class="identifica">CONCORRÊNCIA ELETRÔNICA Nº CP - 14/2025</p><p>Processo Administrativo Nº 102/2025</p><p>A Prefeitura de Carutapera-MA, através da CPL realizará Processo Licitatório, cujo Objeto contratação de empresa especializada em engenharia para a construção de acordo com o TC OGU nº 961110/2024 - Operação 1094424-79 - Programa Educação Básica Democrática, com qualidade e equidade - Construção de creche tipo 1 no Bairro Santa Luzia no Município de Carutapera - MA - FNDE, para atender as necessidades da Prefeitura Municipal. Data De Abertura: 16/12/2025. Horário: 10:00 horas. Base Legal: Lei Federal nº 14.133/2021. Edital disponivel na Praça Pe. Augusto Mozet, n° 400, Centro, Carutapera-MA, de 2ª. a 6ª. feira, das 08h00 às 12h00. Mais informações pelo e-mail: cpl.pmcarutapera11@gmail.com.</p><p class="data">Carutapera - MA, 1º de dezembro de 2025.</p><p class="assina">Clarivaldo Dias da Silva Coelho</p><p class="cargo">Agente de Contratação</p>]]></Texto>
  </body>
  <Midias />
</article></xml>