﻿<xml><article id="46734988" name="Extrato de Publicacao de ARP Pre" idOficio="11442678" pubName="DO3" artType="Extrato da Ata" pubDate="03/12/2025" artClass="00075:00026:00061:00000:00000:00000:00000:00000:00000:00000:00180:00000" artCategory="Prefeituras/Estado do Tocantins/Prefeitura Municipal de Colinas do Tocantins" artSize="12" artNotes="" numberPage="304" pdfPage="http://pesquisa.in.gov.br/imprensa/jsp/visualiza/index.jsp?data=03/12/2025&amp;jornal=530&amp;pagina=304" editionNumber="230" highlightType="" highlightPriority="" highlight="" highlightimage="" highlightimagename="" idMateria="23375533">
  <body>
    <Identifica><![CDATA[ EXTRATO DE ATA DE REGISTRO DE PREÇOS ]]></Identifica>
    <Data><![CDATA[]]></Data>
    <Ementa />
    <Titulo />
    <SubTitulo />
    <Texto><![CDATA[<p class="identifica">EXTRATO DE ATA DE REGISTRO DE PREÇOS</p><p>EXTRATO DE PUBLICAÇÃO DA ATA DE REGISTRO DE PREÇOS Nº032/2025/PMCO/TO ATA DE REGISTRO DE PREÇOS Nº0032/2025/PMCO/TO, firmada entre o MUNICÍPIO DE COLINAS DO TOCANTINS, ESTADO DO TOCANTINS, CNPJ sob nº. 01.795.483/0001-20, denominado ÓRGÃO GERENCIADOR e as empresas: ART BLOCOS E PRÉ-MOLDADOS LTDA, neste ato representada pelo senhor OSWALDO CAPEL GALHARDO FILHO; JATOBA PRÉ-MOLDADO LTDA, neste ato representada pela Sra. ISADORA PARREIRA DE SOUZA SILVA, doravante denominada DETENTORAS/FORNECEDORAS. OBJETO DA ATA DE REGISTRO DE PREÇO: Registro de Preços para futura, eventual e parcelada aquisição de Tubos de Concreto Armado PA 1 MACHO FÊMEA para implantação de drenagem pluvial no Parque Municipal de Colinas do Tocantins, em atendimento às necessidades da Secretaria Municipal de Infraestrutura e Obras do Município de Colinas do Tocantins/TO, conforme especificações constantes na Cláusula Segunda da ARP. ÓRGÃO GERENCIADOR: MUNICÍPIO DE COLINAS DO TOCANTINS, ESTADO DO TOCANTINS. Não tem Órgãos Participantes. DETENTORAS/FORNECEDORAS DA ATA DE REGISTRO DE PREÇOS: Empresa ART BLOCOS E PRÉ-MOLDADOS LTDA, CNPJ nº 59.534.026/0001-62, com o valor de R$100.000,00(Cem mil Reais; Empresa: JATOBA PRÉ-MOLDADO LTDA, CNPJ nº 61.017.720/0001-54, com o valor de R$158.135,00(Cem e cinquenta e oito mil cento e trinta e cinco Reais). VALIDADE DA ATA DE REGISTRO DE PREÇO: 03/12/2025 a 03/12/2026. DATA DA ASSINATURA DA ARP: 01/12/2025. DO FUNDAMENTO LEGAL: A Ata de Registro de Preço -ARP, provém da Adjudicação do Pregão Eletrônico SRP Nº017/2025/PMCO/TO, oriundo do Processo Administrativo Nº78172025/PMCO/TO, do qual passa fazer parte integrante da ARP com força de Instrumento Contratual, pelas condições estabelecidas no Instrumento Convocatório do referido Pregão, com base no disposto na Lei nº 14.133, de 1º de abril de 2021, Decreto Nº07, de 31 de janeiro de 2024, que regulamenta a Lei Nº14.133/2021 no Município de Colinas do Tocantins/TO e no Decreto N.º 11.462, de 31 de março de 2023. A íntegra da Ata de Registro de Preço Nº032/2025/PMCO/TO, consta nos autos do Processo Administrativo Nº7817/2025/PMCO/TO. Colinas do Tocantins- TO, 1 de dezembro de 2025. JOSEMAR CARLOS KASARIN - Prefeito Municipal</p>]]></Texto>
  </body>
  <Midias />
</article></xml>