﻿<xml><article id="46725104" name="processo190" idOficio="11434868" pubName="DO3" artType="Aviso de Licitação" pubDate="03/12/2025" artClass="00075:00012:00634:00000:00000:00000:00000:00000:00000:00000:00079:00000" artCategory="Prefeituras/Estado de Minas Gerais/Prefeitura Municipal de Luminárias" artSize="12" artNotes="" numberPage="253" pdfPage="http://pesquisa.in.gov.br/imprensa/jsp/visualiza/index.jsp?data=03/12/2025&amp;jornal=530&amp;pagina=253" editionNumber="230" highlightType="" highlightPriority="" highlight="" highlightimage="" highlightimagename="" idMateria="23363978">
  <body>
    <Identifica><![CDATA[ Aviso de LICITAÇÃO]]></Identifica>
    <Data><![CDATA[ Luminárias, 27 de novembro de 2025.]]></Data>
    <Ementa />
    <Titulo />
    <SubTitulo />
    <Texto><![CDATA[<p class="identifica">Aviso de LICITAÇÃO</p><p class="identifica">pregão eletrônico nº 57/2025</p><p>Processo n.° 190/2025. Pregão eletrônico nº 057/2025. Objeto: contratação de empresa para prestação de serviço de seguro para o veículo Chevrolet Spin LTZ da Secretaria Municipal de Saúde - Sessão: 12/12/2025 às 08h:30min.</p><p class="data">Luminárias, 27 de novembro de 2025.</p><p class="assina">Écio Carvaho Rezende</p><p class="cargo">Prefeito</p>]]></Texto>
  </body>
  <Midias />
</article></xml>