﻿<xml><article id="46725191" name="SDP NA 20250001" idOficio="11441014" pubName="DO3" artType="Resultado de Julgamento de Licitação" pubDate="03/12/2025" artClass="00074:00007:00001:00000:00000:00000:00000:00000:00000:00000:00158:00000" artCategory="Governo do Estado/Governo do Estado do Ceará/Casa Civil" artSize="12" artNotes="" numberPage="215" pdfPage="http://pesquisa.in.gov.br/imprensa/jsp/visualiza/index.jsp?data=03/12/2025&amp;jornal=530&amp;pagina=215" editionNumber="230" highlightType="" highlightPriority="" highlight="" highlightimage="" highlightimagename="" idMateria="23373472">
  <body>
    <Identifica><![CDATA[  RESULTADO de julgamento MANIFESTAÇÃO DE INTERESSE Nº - SDP Nº 20250001 IG Nº ]]></Identifica>
    <Data><![CDATA[ Fortaleza, 28 de Novembro de 2025]]></Data>
    <Ementa />
    <Titulo />
    <SubTitulo />
    <Texto><![CDATA[<p class="identifica">RESULTADO de julgamento MANIFESTAÇÃO DE INTERESSE Nº - SDP Nº 20250001 IG Nº</p><p>GOVERNO DO ESTADO DO CEARÁ - PROCURADORIA GERAL DO ESTADO (PGE) - CENTRAL DE LICITAÇÕES DO ESTADO DO CEARÁ (CELIC) - COMISSÃO ESPECIAL DE LICITAÇÃO 04 (CEL 04/PGE) - COMPANHIA DE GESTÃO DOS RECURSOS HÍDRICOS (COGERH) - PROJETO DE APOIO À MELHORIA DA SEGURANÇA HÍDRICA E FORTALECIMENTO DA INTELIGÊNCIA NA GESTÃO PÚBLICA DO ESTADO DO CEARÁ - IPF/CE - ACORDO DE EMPRÉSTIMO Nº 9006-BR BANDO INTERNACIONAL PARA RECNSTRUÇÃO E DESENVOLVIMENTO (BIRD) (Banco Mundial) - SOLICITAÇÃO DE PROPOSTAS 20250001 (SDP/SOF) Nº 01 - PROCESSO-NUP N° 29012.004985/2025-51 - SELEÇÃO POR ORÇAMENTO FIXO (SOF) - OBJETO: CONTRATAÇÃO DOS SERVIÇOS DE CONSULTORIA ESPECIALIZADOS EM ENGENHARIA DE BARRAGENS, PARA COMPLEMENTAÇÃO DOS PLANOS DE SEGURANÇA DAS BARRAGENS GAVIÃO E ARROJADO LISBOA (BANABUIÚ). A SECRETARIA DA CASA CIVIL DO ESTADO DO CEARÁ torna público, que a COMISSÃO ESPECIAL DE LICITAÇÃO 04 (CEL 04/PGE), em nome da Companhia de Gestão dos Recursos Hídricos (COGERH), no uso de suas atribuições legais, com base nas Diretrizes para Seleção de Consultores do Banco Internacional para Reconstrução e Desenvolvimento - BIRD (Banco Mundial) e em conformidade com subcláusula 31.1 - Folha de Dados - Seção 2 - Instruções às Empresas de Consultoria (IAC), comunica à instituição proponente e demais interessados na referida Solicitação Padrão de Propostas (SDP), realizada segundo o método de Seleção Por Orçamento Fixo (SOF), que após análise das Propostas Técnica e Financeira da Instituição participante, temos o resultado a seguir: 1. Foram recomendadas e selecionadas para compor a Lista Curta e convidadas à Apresentação de Novas Propostas, as empresas de consultoria a seguir relacionadas: (i) CONCREMAT ENGENHARIA E TECNOLOGIA S/A. - CNPJ Nº 33.146.648/0001-20; e (ii) HYDROS ENGENHARIA LTDA. - CNPJ Nº 67.987.883/0001-46. 2. Apresentou propostas (técnica e financeira) a consultora a seguir: (i) HYDROS ENGENHARIA LTDA. 3. A Nota Técnica atribuída à proposta do proponente foi a que segue: (i) HYDROS ENGENHARIA LTDA. - Nota Técnica: 96,09 pontos - QUALIFICADA. 4. A empresa proponente e qualificada na fase técnica teve sua proposta financeira aberta, constando dos seguintes valores: ofertado e dos impostos locais incidentes, a seguir informados: (i) HYDROS ENGENHARIA LTDA. - Valor Ofertado: R$ 6.177.000,00 e Valor dos Impostos Locais Incidentes: R$ 308.850,00. 5. O preço avaliado sem os impostos locais incidentes é a seguir informado: (i) HYDROS ENGENHARIA LTDA. - Valor Avaliado: R$ 6.177.000,00. 6. Qualificação da proposta financeira: (i) HYDROS ENGENHARIA LTDA. - Proposta Financeira: QUALIFICADA. 7. Resultado Final: O proponente adjudicado e o preço negociado do contrato é o que segue: (i) Nos termos dos Relatórios de Avaliação Técnica e Análise Financeira, expedidos pela Comissão de Avaliação da Companhia de Gestão dos Recursos Hídricos - COGERH/CE, com a validação do Instituto de Pesquisa e Estratégia Econômica do Ceará - IPECE/CE, tudo em conformidade com os Procedimentos de Negociação Contratual realizados em três etapas: (i) sendo a primeira realizada no dia 02 de outubro de 2025 - às 09:00hs(Nove Horas) - hora local; (ii) a segunda realizada no dia 23 de outubro de 2025 - às 16:00hs (Dezesseis horas) - hora local; e (iii) a terceira realizada no dia 30 de outubro de 2025 - às 16:00hs)dezesseis horas) - hora local. Considerando a inaplicabilidade do cumprimento dos Procedimentos do Prazo Suspensivo previsto nas Políticas e Diretrizes do Banco Internacional para Reconstrução e Desenvolvimento - BIRD (Banco Mundial) e tendo sido constatado o substancial atendimento das exigências do Edital de Solicitação de Propostas (SDP-SOF), esta CEL 04/PGE DIVULGA O RESULTADO FINAL do processo licitatório para CONTRATAÇÃO DOS SERVIÇOS DE CONSULTORIA ESPECIALIZADOS EM ENGENHARIA DE BARRAGENS, PARA COMPLEMENTAÇÃO DOS PLANOS DE SEGURANÇA DAS BARRAGENS GAVIÃO E ARROJADO LISBOA (BANABUIÚ), constando como VENCEDOR DO CERTAME a empresa HYDROS ENGENHARIA LTDA. - CNPJ Nº 67.987.883/0001-46, com prazo de execução negociado de 14(Quatorze) meses, pelo Valor Negociado do Contrato no Total de R$ 6.177.000,00(Seis milhões e cento e setenta e sete mil reais), já incluídos os impostos locais incidentes, cuja soma destes totaliza em R$ 308.850,00(Trezentos e oito mil e oitocentos e cinquenta reais).</p><p class="data">Fortaleza, 28 de Novembro de 2025</p><p class="assina">WILLIAM CARVALHO GUIMARÃES</p><p class="cargo">Presidente da Comissão</p>]]></Texto>
  </body>
  <Midias />
</article></xml>