﻿<xml><article id="46727771" name="Extrato TA BNDES." idOficio="11442480" pubName="DO3" artType="Extrato" pubDate="03/12/2025" artClass="00035:00053:00000:00000:00000:00000:00000:00000:00000:00000:00170:00000" artCategory="Ministério de Minas e Energia/Empresa Brasileira de Participações em Energia Nuclear e Binacional S.A." artSize="12" artNotes="" numberPage="141" pdfPage="http://pesquisa.in.gov.br/imprensa/jsp/visualiza/index.jsp?data=03/12/2025&amp;jornal=530&amp;pagina=141" editionNumber="230" highlightType="" highlightPriority="" highlight="" highlightimage="" highlightimagename="" idMateria="23375274">
  <body>
    <Identifica><![CDATA[ EXTRATO de Termo Aditivo ]]></Identifica>
    <Data><![CDATA[]]></Data>
    <Ementa />
    <Titulo />
    <SubTitulo />
    <Texto><![CDATA[<p class="identifica">EXTRATO de Termo Aditivo</p><p>OBJETO: Termo Aditivo do Contrato ECSF-PRFP-001/2022 - Contratante: Empresa Brasileira de Participações em Energia Nuclear e Binacional S.A - ENBPar, CNPJ n.º 43.913.162/0001-23; Contratada: Banco Nacional de Desenvolvimento Econômico e Social - BNDES, CNPJ nº 33.657.248/0001-89. Objeto: O Termo aditivo tem por objeto alterar o regulamento operacional para ampliar a capilaridade do FGEnergia. Data de Assinatura: 26/11/2025.</p>]]></Texto>
  </body>
  <Midias />
</article></xml>