﻿<xml><article id="46739739" name="EXTRATO 2A TERMO ADITIVO AO CONT" idOficio="11442610" pubName="DO3" artType="Extrato de Termo Aditivo" pubDate="03/12/2025" artClass="00075:00013:00188:00000:00000:00000:00000:00000:00000:00000:00053:00000" artCategory="Prefeituras/Estado do Pará/Prefeitura Municipal de Parauapebas" artSize="12" artNotes="" numberPage="266" pdfPage="http://pesquisa.in.gov.br/imprensa/jsp/visualiza/index.jsp?data=03/12/2025&amp;jornal=530&amp;pagina=266" editionNumber="230" highlightType="" highlightPriority="" highlight="" highlightimage="" highlightimagename="" idMateria="23375418">
  <body>
    <Identifica><![CDATA[ EXTRATO do 2º TERMO ADITIVO AO CONTRATO Nº 20240855]]></Identifica>
    <Data><![CDATA[]]></Data>
    <Ementa />
    <Titulo />
    <SubTitulo />
    <Texto><![CDATA[<p></p><p class="identifica">EXTRATO do 2º TERMO ADITIVO AO CONTRATO Nº 20240855</p><p>ORIGEM: CONTRATO Nº 20240855</p><p>DECORRENTE: PREGÃO ELETRÔNICO Nº 8.2024-003SEMSA</p><p>CONTRATANTE: PREFEITURA MUNICIPAL DE PARAUAPEBAS/FUNDO MUNICIPAL DE SAÚDE</p><p>CONTRATADO: LAVIE HOSPITALAR LTDA</p><p>OBJETO: Contratação de empresa para fornecimento de fórmulas nutricionais infantis para atender a demanda do Programa de Alergia à Proteína do Leite de Vaca (APLV), da Secretaria Municipal de Saúde, no município de Parauapebas, Estado do Pará.</p><p>VALOR INICIAL DO CONTRATO: R$ 431.641,29 (quatrocentos e trinta e um mil seiscentos e quarenta e um reais e vinte e nove centavos).</p><p>VIGÊNCIA INICIAL DO CONTRATO: 17 de outubro de 2024 a 17 de outubro de 2025.</p><p>VALOR DO CONTRATO APÓS O 1º TAC: R$ 539.465,85 (Quinhentos trinta e nove mil quatrocentos sessenta e cinco reais e oitenta e cinco centavos).</p><p>VIGÊNCIA DO CONTRATO APÓS O 1º TAC: Inalterada.</p><p>VALOR DO CONTRATO APÓS O 2º TAC: R$ 1.078.931,70 (Um milhão, setenta e oito mil, novecentos trinta e um reais e setenta centavos).</p><p>VIGÊNCIA DO CONTRATO APÓS O 2º TAC: 17 de outubro de 2025 a 17 de outubro de 2026.</p><p>VALOR ADITADO NO 2º TAC: R$ 539.465,85 (Quinhentos trinta e nove mil quatrocentos sessenta e cinco reais e oitenta e cinco centavos).</p><p>DATA DO ADITIVO: 16 de Outubro de 2025.</p><p>Este Aditivo entra em vigor na data de sua publicação, retroagindo os seus efeitos ao dia 16 de Outubro de 2025.</p>]]></Texto>
  </body>
  <Midias />
</article></xml>