﻿<xml><article id="46734570" name="RTF Julgamento Recurso PE 176-20" idOficio="11439535" pubName="DO3" artType="Aviso de Julgamento" pubDate="03/12/2025" artClass="00075:00024:00399:00000:00000:00000:00000:00000:00000:00000:00152:00000" artCategory="Prefeituras/Estado de São Paulo/Prefeitura Municipal de Jahu" artSize="12" artNotes="" numberPage="300" pdfPage="http://pesquisa.in.gov.br/imprensa/jsp/visualiza/index.jsp?data=03/12/2025&amp;jornal=530&amp;pagina=300" editionNumber="230" highlightType="" highlightPriority="" highlight="" highlightimage="" highlightimagename="" idMateria="23370897">
  <body>
    <Identifica><![CDATA[aviso ]]></Identifica>
    <Data><![CDATA[ Jahu, 28 de novembro de 2.025.]]></Data>
    <Ementa />
    <Titulo />
    <SubTitulo />
    <Texto><![CDATA[<p class="identifica">aviso</p><p class="identifica">PREGÃO ELETRÔNICO nº 176/2025</p><p>Julgamento de Recurso</p><p>PROCESSO n.º 0300006683/2025-PG-3 - MODALIDADE: PREGÃO ELETRÔNICO n.º 176/2025.</p><p>ÓRGÃO: PREFEITURA DO MUNICÍPIO DE JAHU.</p><p>OBJETO: AQUISIÇÃO DE TIRAS REAGENTES E MONITORES DE GLICEMIA.</p><p>O Município de Jahu torna público, a todos os interessados, que, após análise, conhece das manifestações e das razões de recursos apresentadas pela empresa SÓQUÍMICA LABORATÓRIOS LTDA., inscrita no CNPJ sob o n.º 59.xxx.xxx/xxxx-74, para, no mérito, julgá-las IMPROCEDENTES, mantendo, portanto, as decisões tomadas ao longo do certame que mantiveram a empresa CEPALAB LABORATÓRIOS S.A., inscrita no CNPJ sob o n.º 02.***.***/****-44, classificada e habilitada em primeiro lugar para o item 01 (um) do processo licitatório supramencionado, bem como conhece das manifestações e das razões de recursos apresentadas pela empresa SOMÉDICA CIRÚRGICA RIO PRETO LTDA. EPP., inscrita no CNPJ sob o n.º 17.xxx.xxx/xxxx-45, para, no mérito, julgá-las PARCIALMENTE PROCEDENTES, reformando, portanto, as decisões tomadas ao longo do certame que mantiveram a empresa G.O. MEDICAL LTDA., inscrita no CNPJ sob o n.º 56.***.***/****-84, classificada e habilitada em primeiro lugar para o item 02 (um) do processo licitatório supramencionado.</p><p class="data">Jahu, 28 de novembro de 2.025.</p><p class="assina">NELSON RICARDO SANCHES</p><p class="cargo">Secretário de Economia e Finanças</p>]]></Texto>
  </body>
  <Midias />
</article></xml>