﻿<xml><article id="46726541" name="PREGAO ELETRONICO N 36 2025" idOficio="11441261" pubName="DO3" artType="Aviso de Licitação" pubDate="03/12/2025" artClass="00075:00002:00029:00000:00000:00000:00000:00000:00000:00000:00079:00000" artCategory="Prefeituras/Estado de Alagoas/Prefeitura Municipal de Canapí" artSize="12" artNotes="" numberPage="217" pdfPage="http://pesquisa.in.gov.br/imprensa/jsp/visualiza/index.jsp?data=03/12/2025&amp;jornal=530&amp;pagina=217" editionNumber="230" highlightType="" highlightPriority="" highlight="" highlightimage="" highlightimagename="" idMateria="23373753">
  <body>
    <Identifica><![CDATA[AVISO DE LICITAÇÃO]]></Identifica>
    <Data><![CDATA[ Canapi/AL, 1º de dezembro de 2025.]]></Data>
    <Ementa />
    <Titulo />
    <SubTitulo />
    <Texto><![CDATA[<p class="identifica">AVISO DE LICITAÇÃO</p><p class="identifica">PREGÃO ELETRÔNICO Nº 36/2025</p><p>O MUNICÍPIO DE CANAPI, através da Secretaria de Administração, avisa que realizará licitações conforme resumo: Modalidade: PREGÃO ELETRÔNICO Nº 36/2025 (BNC- BOLSA NACIONAL DE COMPRAS) Objeto: Registro de preços para futura e eventual contratação de empresa especializada na prestação de serviço de câmeras de monitoramento e controle de acesso, incluindo soluções de comunicação unificada, cibersegurança, fornecimento, instalação, manutenção, suporte técnico e equipamentos necessários para o pleno funcionamento do sistema de segurança eletrônica municipal, composto por sistema de videomonitoramento urbano, central de monitoramento, fornecimento de link de internet dedicada via fibra óptica para todos os pontos de presença e concentradores, bem como catracas eletrônicas com controle de acesso por reconhecimento facial destinadas exclusivamente às escolas municipais Tipo: MENOR PREÇO. Data e hora da sessão de disputa: 19/12/2025, às 09:30h (horário de Brasília). LOCAL: Sistema eletrônico do BNC - BOLSA NACIONAL DE COMPRAS, através do site www.bnc.org.br. Os interessados poderão retirar o Edital através do site: www.bnc.org.br e se credenciarem junto ao BNC - BOLSA NACIONAL DE COMPRAS, no endereço http://bnc.org.br/sistema, fone: 41 3557-2301 e/ou Celular/ Whatsapp: 41 99136-7677, e-mail: contato@bnc.org.br ou através do site http://www.canapi.al.gov.br/lai/32/Edital-de-Licitacao Informações pelo e-mail: licitacao.canapi@gmail.com</p><p class="data">Canapi/AL, 1º de dezembro de 2025.</p><p class="assina">Klebson Fabiano Martins Lira</p><p class="cargo">Secretário Municipal de Administração</p>]]></Texto>
  </body>
  <Midias />
</article></xml>