﻿<xml><article id="46730087" name="PE 058.2025 VEICULOS AUTOMOTORES" idOficio="11441417" pubName="DO3" artType="Aviso de Licitação-Pregão" pubDate="03/12/2025" artClass="00075:00012:01101:00000:00000:00000:00000:00000:00000:00000:00162:00000" artCategory="Prefeituras/Estado de Minas Gerais/PREFEITURA MUNICIPAL DE VÁRZEA DA PALMA" artSize="12" artNotes="" numberPage="259" pdfPage="http://pesquisa.in.gov.br/imprensa/jsp/visualiza/index.jsp?data=03/12/2025&amp;jornal=530&amp;pagina=259" editionNumber="230" highlightType="" highlightPriority="" highlight="" highlightimage="" highlightimagename="" idMateria="23373892">
  <body>
    <Identifica><![CDATA[ AVISO DE LICITAÇÃO]]></Identifica>
    <Data><![CDATA[ Município de Várzea da Palma - MG]]></Data>
    <Ementa />
    <Titulo />
    <SubTitulo />
    <Texto><![CDATA[<p class="identifica">AVISO DE LICITAÇÃO</p><p class="identifica">PREGÃO ELETRONICO Nº 58/2025</p><p>A Prefeitura Municipal de Várzea da Palma/MG torna público que realizará, no dia 18 DE DEZEMBRO DE 2025, às 08H00MIN, por meio da PLATAFORMA DE LICITAÇÕES AMMLICITA -www.ammlicita.org.br, o PREGÃO ELETRÔNICO, do tipo MENOR PREÇO, para eventual aquisição de VEÍCULOS AUTOMOTORES NOVOS, ZERO QUILÔMETRO, destinados a suprir as necessidades operacionais das Secretarias Municipais de Saúde, Desenvolvimento Social, Desenvolvimento Econômico, Agricultura e Meio Ambiente do Município de Várzea da Palma/MG. O edital está disponível no site oficial do Município (http://varzeadapalma.mg.gov.br), na plataforma AMMLicita, e também presencialmente, de segunda a sexta-feira, das 07h às 13h, no endereço: Rua Cláudio Manoel da Costa, nº 1.000, Bairro Pinlar, Várzea da Palma/MG.</p><p class="data">Município de Várzea da Palma - MG</p><p class="assina">Natália Cristina Pedrosa Cabral</p><p class="cargo">Secretária de Desenvolvimento e Bem Estar - Gestão do SUS</p>]]></Texto>
  </body>
  <Midias />
</article></xml>