﻿<xml><article id="46726757" name="EXTRATO DE CONTRATO__36ZLRI" idOficio="11437601" pubName="DO3" artType="Extrato de Contrato" pubDate="03/12/2025" artClass="00075:00013:00220:00000:00000:00000:00000:00000:00000:00000:00030:00000" artCategory="Prefeituras/Estado do Pará/Prefeitura Municipal de São Domingos do Araguaia" artSize="12" artNotes="" numberPage="268" pdfPage="http://pesquisa.in.gov.br/imprensa/jsp/visualiza/index.jsp?data=03/12/2025&amp;jornal=530&amp;pagina=268" editionNumber="230" highlightType="" highlightPriority="" highlight="" highlightimage="" highlightimagename="" idMateria="23367976">
  <body>
    <Identifica><![CDATA[  EXTRATOs DE CONTRATOs]]></Identifica>
    <Data><![CDATA[]]></Data>
    <Ementa />
    <Titulo />
    <SubTitulo />
    <Texto><![CDATA[<p class="identifica">EXTRATOs DE CONTRATOs</p><p>Extrato de Contrato nº 20250368 Pregão Eletrônico PE nº 011.2025 Objeto: Contratação de empresa para prestação de Serviços de Produção de Material Institucional e Comunicação em geral, para atender as necessidades da Prefeitura São Domingos do Araguaia-PA Contratante: Fundo Municipal de Saúde CNPJ-MF, Nº 11.562.704/0001-74 Contratada DMA-COMUNICAÇÃO E EMPRENDIMENTOS LTDA, CNPJ/CPF CNPJ 32.485.433/0001-70, Valor Total R$ 58.744,00 (cinquenta e oito mil, setecentos e quarenta e quatro reais).</p><p>Vigência 24/11/2025 à 31/12/2025.</p><p></p><p>Extrato de Contrato nº 20250367 Pregão Eletrônico PE nº 011.2025 Objeto: Contratação de empresa para prestação de Serviços de Produção de Material Institucional e Comunicação em geral, para atender as necessidades da Prefeitura São Domingos do Araguaia-PA Contratante: PREFEITURA MUNICIPAL DE SÃO DOMINGOS DO ARAGUAIA, CNPJ-MF, Nº 83.211.391/0001-10, Contratada DMA-COMUNICAÇÃO E EMPRENDIMENTOS LTDA, CNPJ/CPF CNPJ 32.485.433/0001-70, Valor Total R$ 63.786,00 (sessenta e três mil, setecentos e oitenta e seis reais). Vigência 24/11/2025 à 31/12/2025.</p><p></p><p>Extrato de Contrato nº 20250366 Pregão Eletrônico PE nº 011.2025 Objeto: Contratação de empresa para prestação de Serviços de Produção de Material Institucional e Comunicação em geral, para atender as necessidades da Prefeitura São Domingos do Araguaia-PA Contratante: FUNDO MUNICIPAL DE EDUCAÇÃO, CNPJ-MF, Nº 06.103.021/0001-19 Contratada DMA-COMUNICAÇÃO E EMPRENDIMENTOS LTDA, CNPJ/CPF CNPJ 32.485.433/0001-70, Valor Total R$ 64.398,00 (sessenta e quatro mil, trezentos e noventa e oito reais).</p><p>Vigência 24/11/2025 à 31/12/2025.</p><p></p>]]></Texto>
  </body>
  <Midias />
</article></xml>