﻿<xml><article id="46727282" name="Extrato de contrato - SEBRAE - 2" idOficio="11432043" pubName="DO3" artType="Extrato de Contrato" pubDate="03/12/2025" artClass="00013:00063:00000:00000:00000:00000:00000:00000:00000:00000:00030:00000" artCategory="Ministério da Ciência, Tecnologia e Inovação/Financiadora de Estudos e Projetos" artSize="12" artNotes="" numberPage="10" pdfPage="http://pesquisa.in.gov.br/imprensa/jsp/visualiza/index.jsp?data=03/12/2025&amp;jornal=530&amp;pagina=10" editionNumber="230" highlightType="" highlightPriority="" highlight="" highlightimage="" highlightimagename="" idMateria="23360074">
  <body>
    <Identifica><![CDATA[ EXTRATO DE CONTRATO]]></Identifica>
    <Data><![CDATA[]]></Data>
    <Ementa />
    <Titulo />
    <SubTitulo />
    <Texto><![CDATA[<p></p><p class="identifica">EXTRATO DE CONTRATO</p><p>Processo FP-ADM-2024/02034; Espécie: Contrato nº 20.24.0319.00; Partes: Financiadora de Estudos e Projetos - FINEP, CNPJ nº. 33.749.086/0001-09 e SEBRAE-SERVIÇO DE APOIO AS MICRO E PEQUENAS EMPRESAS DE SANTA CATARINA-SEBRAE, CNPJ nº 82.515.859/0001-06. Objeto: O presente Contrato tem por objeto a concessão de patrocínio para a realização do projeto "Startup Summit 2024". Valor: R$ 120.000,00 (cento e vinte mil reais). Prazo: 365 (trezentos e sessenta e cinco) dias a contar de sua assinatura. Assinatura em 12/08/2024.</p>]]></Texto>
  </body>
  <Midias />
</article></xml>