﻿<xml><article id="46736914" name="DOU CAMPO ALEGRE" idOficio="11430259" pubName="DO3" artType="Aviso" pubDate="03/12/2025" artClass="00075:00008:00088:00000:00000:00000:00000:00000:00000:00000:00106:00000" artCategory="Prefeituras/Estado de Goiás/Prefeitura Municipal de Campo Alegre de Goiás" artSize="12" artNotes="" numberPage="236" pdfPage="http://pesquisa.in.gov.br/imprensa/jsp/visualiza/index.jsp?data=03/12/2025&amp;jornal=530&amp;pagina=236" editionNumber="230" highlightType="" highlightPriority="" highlight="" highlightimage="" highlightimagename="" idMateria="23356602">
  <body>
    <Identifica><![CDATA[ AVISO ]]></Identifica>
    <Data><![CDATA[Campo Alegre de Goiás-GO, 25 de novembro de 2025.]]></Data>
    <Ementa />
    <Titulo />
    <SubTitulo />
    <Texto><![CDATA[<p class="identifica">AVISO</p><p class="identifica">PREGÃO ELETRÔNICO Nº 64/2025</p><p>O MUNICÍPIO DE CAMPO ALEGRE DE GOIÁS, por intermédio da Agente de Contratação e Equipe de Apoio, usando da competência atribuída pelo Decreto Municipal N° 001/2025 de 02/01/2025, torna público aos interessados, que no dia 04 de dezembro de 2025, às 08h00min, no local discriminado na capa do Edital, acontecerá a continuidade da sessão pública referente ao Pregão Eletrônico n° 064/2025, para Contratação de Empresa para Aquisição de Kits de Materiais Escolares destinados aos alunos e professores da Rede Municipal de Ensino, em atendimento a Secretaria de Educação do Município de Campo Alegre de Goiás.</p><p class="data">Campo Alegre de Goiás-GO, 25 de novembro de 2025.</p><p class="assina">Suráia Maria David</p><p class="cargo">Pregoeira.</p>]]></Texto>
  </body>
  <Midias />
</article></xml>