﻿<xml><article id="46732847" name="Extrato Dezembro_25 - 01 - COPAB" idOficio="11441810" pubName="DO3" artType="Extrato de Registro de Preços" pubDate="03/12/2025" artClass="00017:00032:00000:00000:00000:00000:00000:00000:00000:00000:00047:00000" artCategory="Ministério do Desenvolvimento Agrário e Agricultura Familiar/Companhia de Entrepostos e Armazéns Gerais de São Paulo" artSize="12" artNotes="" numberPage="44" pdfPage="http://pesquisa.in.gov.br/imprensa/jsp/visualiza/index.jsp?data=03/12/2025&amp;jornal=530&amp;pagina=44" editionNumber="230" highlightType="" highlightPriority="" highlight="" highlightimage="" highlightimagename="" idMateria="23374347">
  <body>
    <Identifica><![CDATA[ EXTRATO DE REGISTRO DE PREÇOS]]></Identifica>
    <Data><![CDATA[]]></Data>
    <Ementa />
    <Titulo />
    <SubTitulo />
    <Texto><![CDATA[<p class="identifica">EXTRATO DE REGISTRO DE PREÇOS</p><p>Espécie: Comunicamos o Registro de Preços para Aquisição de Materiais - Acoplamento e grades - Grupo 1, através do Sistema de Registro de Preços, nº 078/24-2513-2511-24-010-10-1. Decorrente do Pregão Eletrônico nº 90030/2025. Processo CEAGESP nº 078/2024. Compromissária: COPABO INDÚSTRIA E COMÉRCIO DE PRODUTOS TÉCNICOS LTDA, CNPJ nº 62.238.043/0001-67. Valor Total: R$ 161.860,00 (Cento e sessenta e um mil, oitocentos e sessenta reais) nos termos do item 1. Vigência: 01 (um) ano a partir da data de sua assinatura, nos termos da Cláusula Terceira. Data de Assinatura: 18/11/2025.</p>]]></Texto>
  </body>
  <Midias />
</article></xml>