﻿<xml><article id="46726934" name="aviso de licitacao pe 35" idOficio="11442471" pubName="DO3" artType="Aviso de Licitação-Pregão" pubDate="03/12/2025" artClass="00075:00014:00090:00000:00000:00000:00000:00000:00000:00000:00162:00000" artCategory="Prefeituras/Estado da Paraíba/Prefeitura Municipal de Damião" artSize="12" artNotes="" numberPage="272" pdfPage="http://pesquisa.in.gov.br/imprensa/jsp/visualiza/index.jsp?data=03/12/2025&amp;jornal=530&amp;pagina=272" editionNumber="230" highlightType="" highlightPriority="" highlight="" highlightimage="" highlightimagename="" idMateria="23375224">
  <body>
    <Identifica><![CDATA[  AVISO DE LICITAÇÃO]]></Identifica>
    <Data><![CDATA[ Damião-PB, 1º de dezembro de 2025.]]></Data>
    <Ementa />
    <Titulo />
    <SubTitulo />
    <Texto><![CDATA[<p></p><p class="identifica">AVISO DE LICITAÇÃO</p><p class="identifica">PREGÃO ELETRÔNICO Nº 35/2025</p><p>Torna público que fará realizar através do Pregoeiro Oficial e Equipe de Apoio, sediada na Rua Juviniano Gomes de Lima, SN - Centro - Damião - PB, por meio do site www.portaldecompraspublicas.com.br, licitação modalidade Pregão Eletrônico, para: Aquisição de combustíveis, para abastecimento da Frota Veicular, durante o exercício de 2026. Abertura da sessão pública: 09:00 horas do dia 17 de Fevereiro de 2025. Início da fase de lances: para ocorrer nessa mesma sessão pública. Referência: horário de Brasília - DF. Recursos: previstos no orçamento vigente. Fundamento legal: Lei Federal nº 14.133/21; Lei Complementar nº 123/06; Instrução Normativa nº 73 SEGES/ME/22; e legislação pertinente, consideradas as alterações posteriores das referidas normas. Informações: das 08:00 as 12:00 horas dos dias úteis, no endereço supracitado. Telefone: (083) 3635-1013. E-mail: licitacao@damiao.pb.gov.br. Edital: www.damiao.pb.gov.br; www.tce.pb.gov.br; www.portaldecompraspublicas.com.br; www.gov.br/pncp.</p><p class="data">Damião-PB, 1º de dezembro de 2025.</p><p class="assina">JARKISOMIR OLIVEIRA SANTOS</p><p></p>]]></Texto>
  </body>
  <Midias />
</article></xml>