﻿<xml><article id="46741193" name="2025-12-01/11443511/siasgnet_233" idOficio="11443511" pubName="DO3" artType="Aviso de Licitação-Pregão" pubDate="03/12/2025" artClass="00066:00009:00000:00000:00000:00000:00000:00000:00000:00000:00162:00001" artCategory="Ministério Público da União/Ministério Público Militar" artSize="12" artNotes="" numberPage="191" pdfPage="http://pesquisa.in.gov.br/imprensa/jsp/visualiza/index.jsp?data=03/12/2025&amp;jornal=530&amp;pagina=191" editionNumber="230" highlightType="" highlightPriority="" highlight="" highlightimage="" highlightimagename="" idMateria="23376757">
  <body>
    <Identifica><![CDATA[ AVISO DE LICITAÇÃO]]></Identifica>
    <Data><![CDATA[]]></Data>
    <Ementa />
    <Titulo />
    <SubTitulo />
    <Texto><![CDATA[<p class="identifica">AVISO DE LICITAÇÃO</p><p class="identifica">Pregão Eletrônico Nº 90069/2025 - UASG 200008</p><p>Nº Processo: 0004064/2025-67. Objeto: Contratação de pessoa jurídica para prestação de serviços de copeiragem, em jornada de 30 horas semanais, a serem executados com regime de dedicação exclusiva de mão de obra, bem como o fornecimento, sob demanda, de materiais, para atender à Procuradoria de Justiça Militar em Campo Grande/MS, conforme edital e seus anexos.. Total de Itens Licitados: 1. Edital: 03/12/2025 das 08h00 às 12h00 e das 12h30 às 17h55. Endereço: Rua Xv de Novembro, 2212, Jardim Dos Estados - Campo Grande/MS ou https://www.gov.br/compras/edital/200008-5-90069-2025. Entrega das Propostas: a partir de 03/12/2025 às 08h00 no site www.gov.br/compras. Abertura das Propostas: 18/12/2025 às 14h00 no site www.gov.br/compras. Informações Gerais: O Edital e seus anexos estão disponíveis, na íntegra, no Portal Nacional de Contratações Públicas (PNCP) e nos endereços eletrônicos: www.gov.br/compras/pt-br ou http://www.mpm.mp.br/pregao-eletronico..</p><p class="assina">CARLOS ALBERTO DE SOUSA LIMA</p><p class="cargo">Coordenador de Licitações</p><p>(SIASGnet - 01/12/2025) 200008-00001-2025NE000036</p>]]></Texto>
  </body>
  <Midias />
</article></xml>