﻿<xml><article id="46725512" name="Copia de Copia de Edital de Noti" idOficio="11442485" pubName="DO3" artType="Aviso de Penalidade" pubDate="03/12/2025" artClass="00025:00070:00005:00000:00000:00000:00000:00000:00000:00000:00081:00000" artCategory="Ministério da Educação/Instituto Federal de Educação, Ciência e Tecnologia de Mato Grosso do Sul/Campus Campo Grande" artSize="12" artNotes="" numberPage="69" pdfPage="http://pesquisa.in.gov.br/imprensa/jsp/visualiza/index.jsp?data=03/12/2025&amp;jornal=530&amp;pagina=69" editionNumber="230" highlightType="" highlightPriority="" highlight="" highlightimage="" highlightimagename="" idMateria="23375239">
  <body>
    <Identifica><![CDATA[ AVISO DE PENALIDADE]]></Identifica>
    <Data><![CDATA[]]></Data>
    <Ementa />
    <Titulo />
    <SubTitulo />
    <Texto><![CDATA[<p class="identifica">AVISO DE PENALIDADE</p><p>O DIRETOR DE ADMINISTRAÇÃO DO CAMPUS CAMPO GRANDE DO INSTITUTO FEDERAL DE EDUCAÇÃO, CIÊNCIA E TECNOLOGIA DE MATO GROSSO DO SUL, no uso das atribuições que lhe confere a Portaria IFMS nº 1.038/2016, e tendo em vista o que consta no Processo Administrativo nº 23347.009819.2025-83, referente à execução do Contrato nº 37/2023, resolve:</p><p>Aplicar à empresa JNM PRESTADORA DE SERVIÇOS LTDA - EPP (atual M&amp;C PRESTADORA DE SERVIÇOS LTDA), inscrita no CNPJ sob o nº 11.020.016/0001-82, as seguintes penalidades: I - ADVERTÊNCIA, com fundamento no art. 87, inciso I, da Lei nº 8.666/1993, pela inexecução parcial do contrato e ausência de comunicação adequada; II - MULTA de 8% (oito por cento) sobre o valor adjudicado, no montante de R$ 7.987,52 (sete mil, novecentos e oitenta e sete reais e cinquenta e dois centavos), com fundamento no art. 87, inciso II, da Lei nº 8.666/1993, pelo descumprimento de obrigações trabalhistas; III - MULTA de 2% (dois por cento) sobre o valor adjudicado, no montante de R$ 1.996,88 (um mil, novecentos e noventa e seis reais e oitenta e oito centavos), com fundamento no art. 87, inciso II, da Lei nº 8.666/1993, pela não apresentação de garantia contratual</p><p class="assina">JOÃO OTAVIO CENEDEZI PIMENTA</p><p class="cargo">Diretor de Administração e Desenvolvimento Institucional</p>]]></Texto>
  </body>
  <Midias />
</article></xml>