﻿<xml><article id="46736929" name="DOU CAMPO ALEGRE__O9JKVZ" idOficio="11433310" pubName="DO3" artType="Aviso" pubDate="03/12/2025" artClass="00075:00008:00088:00000:00000:00000:00000:00000:00000:00000:00106:00000" artCategory="Prefeituras/Estado de Goiás/Prefeitura Municipal de Campo Alegre de Goiás" artSize="12" artNotes="" numberPage="236" pdfPage="http://pesquisa.in.gov.br/imprensa/jsp/visualiza/index.jsp?data=03/12/2025&amp;jornal=530&amp;pagina=236" editionNumber="230" highlightType="" highlightPriority="" highlight="" highlightimage="" highlightimagename="" idMateria="23361878">
  <body>
    <Identifica><![CDATA[ AVISO DE LICITAÇÃO]]></Identifica>
    <Data><![CDATA[Campo Alegre de Goiás-GO, 26 de novembro de 2025.]]></Data>
    <Ementa />
    <Titulo />
    <SubTitulo />
    <Texto><![CDATA[<p class="identifica">AVISO DE LICITAÇÃO</p><p class="identifica">PREGÃO ELETRÔNICO Nº 67/2025</p><p>O MUNICÍPIO DE CAMPO ALEGRE DE GOIÁS, por intermédio da Agente de Contratação e Equipe de Apoio, usando da competência atribuída pelo Decreto Municipal N° 001/2025 de 02/01/2025, torna público aos interessados, que estará realizando no dia 15 de dezembro de 2025, às 08h00min, no local discriminado na capa do Edital, sessão pública referente ao Pregão Eletrônico n° 067/2025, para Contratação de empresa para a Prestação de Serviços de Telecomunicações necessários à implantação, operação, manutenção e gerenciamento de uma IP multisserviços (OSPF/MPLS/VPN/EOIP) com acesso a 72 pontos com links de no mínimo 1GB com 30% de upload em atendimento as secretarias e fundos pertencentes ao município de Campo Alegre de Goiás. Esta licitação será realizada com as condições estabelecidas neste Edital, e será regida pelo Decreto Municipal n.º 1.233/2023, Decreto Municipal n.° 1.291/2023, Lei Complementar n° 123/2006, Lei Complementar n° 147/2014, Decreto Federal n.° 10.024/2019, aplicando-se, subsidiariamente, no que couber, a Lei n.° 14.133/2021 com suas alterações e demais exigências deste Edital, e do Decreto Municipal n° 001/2025 de 02/01/2025 de constituição da Agente de Contratação e Equipe de Apoio e Pregoeira. O edital poderá ser retirado no site (www.campoalegre.go.gov.br), no sítio bnccompras.com, e-mail: licitacoes@campoalegre.go.gov.br ou na Sede desta Prefeitura, situada na Praça Manoel Pio Pereira, n° 01, Centro.</p><p class="data">Campo Alegre de Goiás-GO, 26 de novembro de 2025.</p><p class="assina">Suráia Maria David</p><p class="cargo">Pregoeira</p>]]></Texto>
  </body>
  <Midias />
</article></xml>