﻿<xml><article id="46725941" name="prorrogacao pregao eletronico 13" idOficio="11441851" pubName="DO3" artType="Aviso de Prorrogação" pubDate="03/12/2025" artClass="00075:00012:00912:00000:00000:00000:00000:00000:00000:00000:00083:00000" artCategory="Prefeituras/Estado de Minas Gerais/Prefeitura Municipal de Santa Rita do Ituêto" artSize="12" artNotes="" numberPage="257" pdfPage="http://pesquisa.in.gov.br/imprensa/jsp/visualiza/index.jsp?data=03/12/2025&amp;jornal=530&amp;pagina=257" editionNumber="230" highlightType="" highlightPriority="" highlight="" highlightimage="" highlightimagename="" idMateria="23374413">
  <body>
    <Identifica><![CDATA[aviso de licitação]]></Identifica>
    <Data><![CDATA[ Santa Rita do Itueto MG  2 de dezembro de 2025]]></Data>
    <Ementa />
    <Titulo />
    <SubTitulo />
    <Texto><![CDATA[<p class="identifica">aviso de licitação</p><p class="identifica">PREGÃO ELETRÔNICO Nº 13/2025</p><p>PREFEITURA MUNICIPAL DE SANTA RITA DO ITUETO AVISO DE PRORROGAÇÃO DE LICITAÇÃO - O Município de Santa Rita do Ituêto/MG, torna público aos interessados a prorrogação da data de abertura da sessão eletrônica para o dia 09/12/2025 às 09h30min do PREGÃO ELETRÔNICO Nº 013/2025, cujo objeto é o Registro de preços para futura e eventual aquisição de consultório odontológico portátil completo, para a Secretaria de Saúde do Município de Santa Rita do Ituêto/MG.Informações e contato: Tel:(33)99956-7355 (setor de licitações), das 08h:00min às 11h:00min e 13h:00min às 16h:00min</p><p class="data">Santa Rita do Itueto MG 2 de dezembro de 2025</p><p class="assina">Edivania Sany de Souza</p><p class="cargo">Pregoeira</p>]]></Texto>
  </body>
  <Midias />
</article></xml>