﻿<xml><article id="46729964" name="Pregao Eletronico nA 240-25" idOficio="11439834" pubName="DO3" artType="Aviso de Licitação-Pregão" pubDate="03/12/2025" artClass="00075:00024:00245:00000:00000:00000:00000:00000:00000:00000:00162:00000" artCategory="Prefeituras/Estado de São Paulo/Prefeitura Municipal da Estância Balneária de Praia Grande" artSize="12" artNotes="" numberPage="297" pdfPage="http://pesquisa.in.gov.br/imprensa/jsp/visualiza/index.jsp?data=03/12/2025&amp;jornal=530&amp;pagina=297" editionNumber="230" highlightType="" highlightPriority="" highlight="" highlightimage="" highlightimagename="" idMateria="23371325">
  <body>
    <Identifica><![CDATA[ AVISO DE LICITAÇÃO]]></Identifica>
    <Data><![CDATA[ Praia Grande, 27 de novembro de 2025.]]></Data>
    <Ementa />
    <Titulo />
    <SubTitulo />
    <Texto><![CDATA[<p class="identifica">AVISO DE LICITAÇÃO</p><p class="identifica">Pregão Eletrônico nº 240/2025</p><p>Objeto: "REGISTRO DE PREÇOS PARA AQUISIÇÃO DE LATICÍNIOS, PEIXES E PRODUTOS CÁRNEOS"</p><p>Processo administrativo: 32.699/2025-D</p><p>Data e hora do pregão: 22/12/2025 às 09h30min (Horário Oficial de Brasília - DF)</p><p>Sessão pública: www.compras.gov.br</p><p>Critério de julgamento: Menor preço por item</p><p>Modo de disputa: Aberta</p><p>Preferência ME/EPP/Equiparadas: Sim</p><p>UASG de atuação: 986921 - Prefeitura Municipal de Praia Grande - SP</p><p>A Prefeitura da Estância Balneária de Praia Grande, através da Secretaria de Educação e Secretaria de Assistência Social, torna público que, na data, horário e endereço eletrônico acima assinalados, fará realizar licitação na modalidade Pregão Eletrônico.</p><p>O Edital e seus Anexos poderão ser obtidos GRATUITAMENTE, na íntegra, através dos sites www.praiagrande.sp.gov.br, www.pncp.gov.br e www.compras.gov.br para ciência, consulta e/ou download de todos os interessados.</p><p class="data">Praia Grande, 27 de novembro de 2025.</p><p class="assina">PATRÍCIA CONCEIÇÃO ALMEIDA DIAS</p><p class="cargo">Secretária Municipal de Educação</p>]]></Texto>
  </body>
  <Midias />
</article></xml>