﻿<xml><article id="46727312" name="Extrato de contrato -CONFEDERECA" idOficio="11432043" pubName="DO3" artType="Extrato de Contrato" pubDate="03/12/2025" artClass="00013:00063:00000:00000:00000:00000:00000:00000:00000:00000:00030:00000" artCategory="Ministério da Ciência, Tecnologia e Inovação/Financiadora de Estudos e Projetos" artSize="12" artNotes="" numberPage="10" pdfPage="http://pesquisa.in.gov.br/imprensa/jsp/visualiza/index.jsp?data=03/12/2025&amp;jornal=530&amp;pagina=10" editionNumber="230" highlightType="" highlightPriority="" highlight="" highlightimage="" highlightimagename="" idMateria="23360072">
  <body>
    <Identifica><![CDATA[  EXTRATO DE CONTRATO]]></Identifica>
    <Data><![CDATA[]]></Data>
    <Ementa />
    <Titulo />
    <SubTitulo />
    <Texto><![CDATA[<p></p><p class="identifica">EXTRATO DE CONTRATO</p><p>Processo FP-ADM-2024/03278; Espécie: Contrato nº 20.24.0351.00; Partes: Financiadora de Estudos e Projetos - FINEP, CNPJ nº. 33.749.086/0001-09 e CONFEDEREÇÃO NACIONAL DA INDÚSTRIA (CNI), CNPJ nº 33.665.126/0001-34. Objeto: Concessão de patrocínio para a realização do projeto B20 Brasil 2024. Valor: R$ 500.000,00 (quinhentos mil reais). Prazo: 365 (trezentos e sessenta e cinco) dias a contar da data de sua assinatura. Assinatura em 21/10/2024.</p>]]></Texto>
  </body>
  <Midias />
</article></xml>