﻿<xml><article id="46726316" name="S Bento Diversos 01-12-2025" idOficio="11442743" pubName="DO3" artType="Aviso" pubDate="03/12/2025" artClass="00075:00009:00147:00000:00000:00000:00000:00000:00000:00000:00106:00000" artCategory="Prefeituras/Estado do Maranhão/Prefeitura Municipal de Miranda do Norte" artSize="12" artNotes="" numberPage="243" pdfPage="http://pesquisa.in.gov.br/imprensa/jsp/visualiza/index.jsp?data=03/12/2025&amp;jornal=530&amp;pagina=243" editionNumber="230" highlightType="" highlightPriority="" highlight="" highlightimage="" highlightimagename="" idMateria="23375562">
  <body>
    <Identifica><![CDATA[ AVISO DE LICITAÇÃO]]></Identifica>
    <Data><![CDATA[ São Bento -MA, 28 de novembro de 2025. ]]></Data>
    <Ementa />
    <Titulo />
    <SubTitulo />
    <Texto><![CDATA[<p class="identifica">AVISO DE LICITAÇÃO</p><p class="identifica">CONCORRÊNCIA ELETRÔNICA Nº 23/2025</p><p>Contratação de empresa especializada para execução de serviços de construção de um centro unificado de ensino no município de São Bento- MA. Abertura: Data para cadastro de propostas a partir das 08:00 horas do dia 03/12/2025, Data para abertura de propostas e início dos lances a partir das 08:00 horas do dia 19/12/2025, horário de Brasília/DF, local https://licitanet.com.br/. Tipo: Menor Preço. O Edital e seus anexos estão à disposição dos interessados na Comissão de Licitação de São Bento, de 2ª a 6ª feira, das 8:00 às 12:00h. O Edital poderá ser consultado gratuitamente no portal da transparência, ou no site do Licitanet. Os esclarecimentos poderão ser realizados através do email:cplsaobento@hotmail.com.</p><p class="data">São Bento -MA, 28 de novembro de 2025.</p><p class="assina">Cleidiane Regiana Farias Cunhas Silva</p><p class="cargo">Agente de Contratação</p><p class="identifica">EXTRATO DE CONTRATO</p><p>Contrato Nº 153/2025. Partes: Contrato de prestação de serviços que entre si celebram, de um lado a Prefeitura Municipal de São Bento/MA e de outro lado, a empresa D2 Ambiental e Serviços Ltda, CNPJ Nº 04.699.133/0001-59. Objeto: Contratação de empresa especializada para execução de serviços de Construção de Creche no Bairro Multirão, em São Bento-MA, FNDE - Creche Tipo 2. Base Legal: Lei 14.133/2021, e suas alterações. Valor Global: R$ 3.423.757,42 (três milhões, quatrocentos e vinte e três mil, setecentos e cinquenta e sete reais e quarenta e dois centavos). Vigência: 06 (seis) meses. São Bento/MA, 27/11/2025. Assinaturas: Maria Cristina Botelho Silva Pereira, Secretária Municipal de Educação e Alysom De Castro Cabral, Representante da Contratada.</p>]]></Texto>
  </body>
  <Midias />
</article></xml>