﻿<xml><article id="46743235" name="2025-12-01/11443498/siasgnet_233" idOficio="11443498" pubName="DO3" artType="Aviso de Licitação-Pregão" pubDate="03/12/2025" artClass="00066:00007:00000:00000:00000:00000:00000:00000:00000:00000:00162:00001" artCategory="Ministério Público da União/Ministério Público do Distrito Federal e Territórios" artSize="12" artNotes="" numberPage="190" pdfPage="http://pesquisa.in.gov.br/imprensa/jsp/visualiza/index.jsp?data=03/12/2025&amp;jornal=530&amp;pagina=190" editionNumber="230" highlightType="" highlightPriority="" highlight="" highlightimage="" highlightimagename="" idMateria="23376727">
  <body>
    <Identifica><![CDATA[ AVISO DE LICITAÇÃO]]></Identifica>
    <Data><![CDATA[]]></Data>
    <Ementa />
    <Titulo />
    <SubTitulo />
    <Texto><![CDATA[<p class="identifica">AVISO DE LICITAÇÃO</p><p class="identifica">Pregão Eletrônico Nº 90026/2025 - UASG 200009</p><p>Nº Processo: 39000082085202596. Objeto: Contratação de empresa para prestação de serviços de suporte técnico e atualização do software Qlik Sense.. Total de Itens Licitados: 4. Edital: 03/12/2025 das 08h00 às 17h59. Endereço: Eixo Monumental, Lote 2, Edifício-sede do Mpdft, Sala 626, Praça do Buriti - BRASÍLIA/DF ou https://www.gov.br/compras/edital/200009-5-90026-2025. Entrega das Propostas: a partir de 03/12/2025 às 08h00 no site www.gov.br/compras. Abertura das Propostas: 18/12/2025 às 14h00 no site www.gov.br/compras.</p><p class="assina">ANA LUISA CARDOSO ZARDIM</p><p class="cargo">Secretária de Licitação</p><p>(SIASGnet - 01/12/2025) 200009-00001-2025NE000001</p>]]></Texto>
  </body>
  <Midias />
</article></xml>