﻿<xml><article id="46731131" name="EXTRATO DO CONTRATO nA 314-do pr" idOficio="11441341" pubName="DO3" artType="Extrato de Contrato" pubDate="03/12/2025" artClass="00075:00021:00007:00000:00000:00000:00000:00000:00000:00000:00030:00000" artCategory="Prefeituras/Estado de Rondônia/Prefeitura Municipal de Ariquemes" artSize="12" artNotes="" numberPage="291" pdfPage="http://pesquisa.in.gov.br/imprensa/jsp/visualiza/index.jsp?data=03/12/2025&amp;jornal=530&amp;pagina=291" editionNumber="230" highlightType="" highlightPriority="" highlight="" highlightimage="" highlightimagename="" idMateria="23373815">
  <body>
    <Identifica><![CDATA[ EXTRATO DO CONTRATO nº 314/PGM/2025]]></Identifica>
    <Data><![CDATA[]]></Data>
    <Ementa />
    <Titulo />
    <SubTitulo />
    <Texto><![CDATA[<p class="identifica">EXTRATO DO CONTRATO nº 314/PGM/2025</p><p>Processo Administrativo nº 19568/2025 PARTES:</p><p>1)MUNICÍPIO DE ARIQUEMES/SEMED</p><p>2)CENTRO DE FORMACAO E CAPACITACAO DE PROFISSIONAIS EM EDUCACAO LTDA CNPJ: 07.681.440/0001-09</p><p>OBJETO: Aquisição de materiais pedagógicos do Projeto Raízes e Horizontes - Valorização da Diversidade Cultural na Educação de Ariquemes - Coleção: O Brasil Somos Todos Nós História e Cultura Afro-Indígena para atender estudantes das Unidades Escolares da Secretaria Municipal de Educação de Ariquemes - Emenda Individual ao Orçamento Geral da União nº 202444260004 - Maurício Carvalho, conta corrente nº 672.021-8, agência 1831. PRAZO: 12 (doze) meses VALOR: R$ 519.957,00 (quinhentos e dezenove mil novecentos e cinquenta e sete reais) Ariquemes/RO, 25 de novembro de 2025. Sandra Márcia Neves Secretária Municipal de Educação</p>]]></Texto>
  </body>
  <Midias />
</article></xml>