﻿<xml><article id="46726970" name="Resultado pa uniao" idOficio="11442512" pubName="DO3" artType="Resultado de Julgamento de Licitação" pubDate="03/12/2025" artClass="00075:00011:00044:00000:00000:00000:00000:00000:00000:00000:00158:00000" artCategory="Prefeituras/Estado do Mato Grosso do Sul/Prefeitura Municipal de Deodápolis" artSize="12" artNotes="" numberPage="247" pdfPage="http://pesquisa.in.gov.br/imprensa/jsp/visualiza/index.jsp?data=03/12/2025&amp;jornal=530&amp;pagina=247" editionNumber="230" highlightType="" highlightPriority="" highlight="" highlightimage="" highlightimagename="" idMateria="23375266">
  <body>
    <Identifica><![CDATA[ RESULTADO DE julgamento]]></Identifica>
    <Data><![CDATA[ Deodápolis - MS, 1º de dezembro de 2025.]]></Data>
    <Ementa />
    <Titulo />
    <SubTitulo />
    <Texto><![CDATA[<p class="identifica">RESULTADO DE julgamento</p><p class="identifica">PREGÃO ELETRÔNICO N° 36/2025</p><p>PROCESSO Nº 156/2025</p><p>OBJETO: Aquisição de uma Máquina Pá Carregadeira, para ser utilizada na recuperação das Estradas Rurais do Município de Deodápolis-MS. com recursos do Convênio nº 980474 - Proposta Nº 047477/2025 e contrapartida do município.</p><p>EMPRESA VENCEDORA: MACROMAQ EQUIPAMENTOS LTDA; CNPJ/MF 83.675.413/0001-01, no item 1, perfazendo o valor total de R$ 419.000,00 (quatrocentos e dezenove mil reais).</p><p>Fica aberto prazo para interposição de recurso conforme inciso I, alínea b) do Art. 165 da Lei 14.133/21.</p><p>Código registro TCE: 1B3BB7A14E1B50190DC5D081D991142BE28C6957</p><p class="data">Deodápolis - MS, 1º de dezembro de 2025.</p><p class="assina">Dalvan dos Santos Franco</p><p class="cargo">Pregoeiro</p>]]></Texto>
  </body>
  <Midias />
</article></xml>