﻿<xml><article id="46725095" name="2. CONTRATOonibus" idOficio="11442680" pubName="DO3" artType="Extrato de Contrato" pubDate="03/12/2025" artClass="00075:00005:00356:00000:00000:00000:00000:00000:00000:00000:00030:00000" artCategory="Prefeituras/Estado da Bahia/Prefeitura Municipal de Mutuípe" artSize="12" artNotes="" numberPage="227" pdfPage="http://pesquisa.in.gov.br/imprensa/jsp/visualiza/index.jsp?data=03/12/2025&amp;jornal=530&amp;pagina=227" editionNumber="230" highlightType="" highlightPriority="" highlight="" highlightimage="" highlightimagename="" idMateria="23375538">
  <body>
    <Identifica><![CDATA[ EXTRATO De contrato]]></Identifica>
    <Data><![CDATA[]]></Data>
    <Ementa />
    <Titulo />
    <SubTitulo />
    <Texto><![CDATA[<p class="identifica">EXTRATO De contrato</p><p>CONTRATO Nº 184/2025. PE Nº 6/2023. ATA DE REGISTRO DE PREÇOS Nº 5/2023.PA Nº 2403/2025. CONTRATANTE: MUNICÍPIO DE MUTUÍPE/BA, PREFEITURA MUNICIPAL, pessoa jurídica de direito público interno, inscrita no CNPJ sob nº 13.827.035/0001-40, por intermédio da Secretaria Municipal de Educação, CNPJ nº 31.008.355/0001-50.CONTRATADA: IVG BRASIL LTDA, inscrita no CNPJ nº 36.519.422/0001-15.OBJETO: Aquisição de 02 (dois) ônibus rural escolar, do tipo ORE 2, com transmissão mecânica, destinados ao transporte escolar diário de estudantes da rede pública de ensino do Município de Mutuípe/BA.VIGÊNCIA: 320 (trezentos e vinte) dias, contados da assinatura do contrato, na forma do art. 105 da Lei nº 14.133/2021.VALOR GLOBAL: R$ 843.943,30 (oitocentos e quarenta e três mil, novecentos e quarenta e três reais e trinta centavos).FUNDAMENTAÇÃO LEGAL: Lei nº 14.133/2021. Mutuípe, 19 de novembro de 2025. JOÃO CARLOS RAUEDYS CARDOSO DA SILVA. Prefeito Municipal de Mutuípe. DÉBORA ROCHA COSTA. Representante da contratada.</p>]]></Texto>
  </body>
  <Midias />
</article></xml>