﻿<xml><article id="46726322" name="Resultado de Julgamento - DOU - " idOficio="11443486" pubName="DO3" artType="Resultado de Julgamento de Licitação" pubDate="03/12/2025" artClass="00050:00020:00112:00000:00000:00000:00000:00000:00000:00000:00158:00000" artCategory="Ministério dos Transportes/Departamento Nacional de Infraestrutura de Transportes/Superintendência Regional no Tocantins" artSize="12" artNotes="" numberPage="189" pdfPage="http://pesquisa.in.gov.br/imprensa/jsp/visualiza/index.jsp?data=03/12/2025&amp;jornal=530&amp;pagina=189" editionNumber="230" highlightType="" highlightPriority="" highlight="" highlightimage="" highlightimagename="" idMateria="23376663">
  <body>
    <Identifica><![CDATA[ RESULTADO DE JULGAMENTO]]></Identifica>
    <Data><![CDATA[ Palmas, 1 de dezembro de 2025]]></Data>
    <Ementa />
    <Titulo />
    <SubTitulo />
    <Texto><![CDATA[<p class="identifica">RESULTADO DE JULGAMENTO</p><p class="identifica">PREGÃO ELETRÔNICO Nº 90272/2025-23 - UASG 393023</p><p>O Departamento Nacional de Infraestrutura de Transportes, autarquia federal vinculada ao Ministério dos Transportes, torna público aos interessados o resultado da licitação em epígrafe. Vencedor: 3R COMERCIO E SERVICOS DE MAQUINAS LTDA (CNPJ Nº 20.838.277/0001-03) com o valor de R$ 72.065,00 (setenta e dois mil e sessenta e cinco reais). Processo Administrativo nº 50623.000186/2025-12.</p><p class="data">Palmas, 1 de dezembro de 2025</p><p class="assina">Luiz Antônio Ehret Garcia</p><p class="cargo">Superintendente Regional</p>]]></Texto>
  </body>
  <Midias />
</article></xml>