﻿<xml><article id="46733372" name="ATO EXTRATO 7 ADITIVO AO CONTRAT" idOficio="11441827" pubName="DO3" artType="Extrato de Termo Aditivo" pubDate="03/12/2025" artClass="00075:00012:00259:00000:00000:00000:00000:00000:00000:00000:00053:00000" artCategory="Prefeituras/Estado de Minas Gerais/Prefeitura Municipal de Capitólio" artSize="12" artNotes="" numberPage="249" pdfPage="http://pesquisa.in.gov.br/imprensa/jsp/visualiza/index.jsp?data=03/12/2025&amp;jornal=530&amp;pagina=249" editionNumber="230" highlightType="" highlightPriority="" highlight="" highlightimage="" highlightimagename="" idMateria="23374325">
  <body>
    <Identifica><![CDATA[ EXTRATO DE TERMO ADITIVO  ]]></Identifica>
    <Data><![CDATA[]]></Data>
    <Ementa />
    <Titulo />
    <SubTitulo />
    <Texto><![CDATA[<p class="identifica">EXTRATO DE TERMO ADITIVO</p><p>Espécie: 7º Termo Aditivo ao Contrato nº 60/2024 (acréscimo). Objeto: contratação de empresa especializada para PAVIMENTAÇÃO ASFÁLTICA EM CONCRETO BETUMINOSO USINADO A QUENTE (C.B.U.Q), REDE DE CAPTAÇÃO DE ÁGUAS PLUVIAIS (DRENAGEM) na estrada municipal de Macaúbas/Capitólio, com recursos provenientes do Contrato de Repasse OCU nº 947466/2023, Ministério da Integração e do Desenvolvimento Regional - MIDR, Procedimento Licitatório nº 05/2024, Concorrência nº 01/2024. Contratada: LAS COMERCIO E SERVIÇOS EM GERAL LTDA. Valor atualizado: R$ 1.091.968,80 (um milhão noventa e um mil novecentos e sessenta e oito reais e oitenta centavos).</p><p></p>]]></Texto>
  </body>
  <Midias />
</article></xml>