﻿<xml><article id="46725128" name="MARCELO HENRIQUE ( SIDICANCIA)" idOficio="11432342" pubName="DO3" artType="Aviso" pubDate="03/12/2025" artClass="00016:00011:00013:00005:00007:00000:00000:00000:00000:00000:00106:00000" artCategory="Ministério da Defesa/Comando do Exército/Comando Militar do Planalto/3ª Brigada de Infantaria Mecanizada/32º Grupo de Artilharia de Campanha" artSize="12" artNotes="" numberPage="34" pdfPage="http://pesquisa.in.gov.br/imprensa/jsp/visualiza/index.jsp?data=03/12/2025&amp;jornal=530&amp;pagina=34" editionNumber="230" highlightType="" highlightPriority="" highlight="" highlightimage="" highlightimagename="" idMateria="23360357">
  <body>
    <Identifica><![CDATA[ Edital de Notificação]]></Identifica>
    <Data><![CDATA[]]></Data>
    <Ementa />
    <Titulo />
    <SubTitulo />
    <Texto><![CDATA[<p class="identifica">Edital de Notificação</p><p>Venho, por meio deste, notificar Vossa Senhoria Marcelo Henrique Teixeira Costa, inscrito no Cadastro de Pessoa Fisica n xxx.950.xxx-15, sobre os fatos a que se refere a sindicancia instaurada, por meio da Portaria n 105-Sect/Sind, de 12 de novembro de 2025, do Comandante do 32 GAC, a partir da data de ciencia deste documento, no prazo de cinco dias corridos, apresentar alegacoes finais por escrito, caso queira. Informo, ainda, que os autos da sindicancia encontram-se a sua disposicao para vista na Secao de Informatica do 32 GAC.</p><p class="assina">FRANCISCO XAVIER MONTEIRO BEZERRA DO NASCIMENTO</p><p class="cargo">Ordenador de Despesas do 32 GAC</p>]]></Texto>
  </body>
  <Midias />
</article></xml>