﻿<xml><article id="46727183" name="EXTRATO IMPRENSA NACIONAL CE 009" idOficio="11442912" pubName="DO3" artType="Aviso de Licitação-Concorrência" pubDate="03/12/2025" artClass="00075:00023:00088:00000:00000:00000:00000:00000:00000:00000:00159:00000" artCategory="Prefeituras/Estado de Santa Catarina/Prefeitura Municipal de Caxambu do Sul" artSize="12" artNotes="" numberPage="295" pdfPage="http://pesquisa.in.gov.br/imprensa/jsp/visualiza/index.jsp?data=03/12/2025&amp;jornal=530&amp;pagina=295" editionNumber="230" highlightType="" highlightPriority="" highlight="" highlightimage="" highlightimagename="" idMateria="23375852">
  <body>
    <Identifica><![CDATA[ AVISO DE LICITAÇÃO]]></Identifica>
    <Data><![CDATA[Caxambu do Sul - SC, 2 de dezembro de 2025. ]]></Data>
    <Ementa />
    <Titulo />
    <SubTitulo />
    <Texto><![CDATA[<p class="identifica">AVISO DE LICITAÇÃO</p><p class="identifica">CONCORRÊNCIA ELETRÔNICA Nº 9/2025 PCS</p><p>Objeto: CONTRATAÇÃO DE EMPRESA ESPECIALIZADA PARA EXECUÇÃO DE OBRA DE REFORMA E AMPLIAÇÃO DA PRAÇA MUNICIPAL, CONFORME PROJETOS DE ENGENHARIA CONSTANTES NOS ANEXOS DESTE EDITAL, do tipo MENOR PREÇO, à qual será processada e julgada em conformidade com a Lei Federal nº 14.133/2021, Forma: Eletrônica no Portal de Compras Públicas (www.portaldecompraspublicas.com.br). Recebimento das propostas: até às 08:30 horas do dia 16/12/2025. Abertura: dia 16/12/2025, às 08:35 horas. O Edital e informações poderão ser obtidas pelo site www.caxambudosul.atende.net, e no site www.portaldecompraspublicas.com.br.</p><p class="data">Caxambu do Sul - SC, 2 de dezembro de 2025.</p><p class="assina">SAIANE BURTET DO AMARAL</p><p class="cargo">Secretária Municipal de Administração, Finanças e Planejamento</p>]]></Texto>
  </body>
  <Midias />
</article></xml>