﻿<xml><article id="46744731" name="2025-12-01/11442996/siasgnet_233" idOficio="11442996" pubName="DO3" artType="Aviso de Licitação-Pregão" pubDate="03/12/2025" artClass="00016:00010:00029:00002:00018:00000:00000:00000:00000:00000:00162:00001" artCategory="Ministério da Defesa/Comando da Aeronáutica/Secretaria de Economia e Finanças e Administração da Aeronáutica/Diretoria de Administração da Aeronáutica/Grupamento de Apoio do Distrito Federal" artSize="12" artNotes="" numberPage="28" pdfPage="http://pesquisa.in.gov.br/imprensa/jsp/visualiza/index.jsp?data=03/12/2025&amp;jornal=530&amp;pagina=28" editionNumber="230" highlightType="" highlightPriority="" highlight="" highlightimage="" highlightimagename="" idMateria="23375941">
  <body>
    <Identifica><![CDATA[ AVISO DE LICITAÇÃO]]></Identifica>
    <Data><![CDATA[]]></Data>
    <Ementa />
    <Titulo />
    <SubTitulo />
    <Texto><![CDATA[<p class="identifica">AVISO DE LICITAÇÃO</p><p class="identifica">Pregão Eletrônico Nº 90134/2025 - UASG 120625</p><p>Nº Processo: 67289001946202541. Objeto: Aquisição de Material de Limpeza 2 para o GAP-DF e Unidades Apoiadas.. Total de Itens Licitados: 140. Edital: 03/12/2025 das 09h00 às 17h00. Endereço: Shis Qi 05 - Area Especial 12, Lago Sul - BRASÍLIA/DF ou https://www.gov.br/compras/edital/120625-5-90134-2025. Entrega das Propostas: a partir de 03/12/2025 às 09h00 no site www.gov.br/compras. Abertura das Propostas: 15/12/2025 às 14h00 no site www.gov.br/compras.</p><p class="assina">NILO COELHO SARAIVA JUNIOR</p><p class="cargo">Ordenador de Despesas</p><p>(SIASGnet - 01/12/2025) 120625-00001-2024NE800262</p>]]></Texto>
  </body>
  <Midias />
</article></xml>