﻿<xml><article id="46731110" name="AVISO HOMOLOGACAO semdes 90117" idOficio="11441913" pubName="DO3" artType="Aviso de Homologação" pubDate="03/12/2025" artClass="00075:00021:00007:00000:00000:00000:00000:00000:00000:00000:00075:00000" artCategory="Prefeituras/Estado de Rondônia/Prefeitura Municipal de Ariquemes" artSize="12" artNotes="" numberPage="291" pdfPage="http://pesquisa.in.gov.br/imprensa/jsp/visualiza/index.jsp?data=03/12/2025&amp;jornal=530&amp;pagina=291" editionNumber="230" highlightType="" highlightPriority="" highlight="" highlightimage="" highlightimagename="" idMateria="23374491">
  <body>
    <Identifica><![CDATA[ aviso DE ADJUDICAÇÃO E HOMOLOGAÇÃO ]]></Identifica>
    <Data><![CDATA[ Ariquemes-RO, 2 de dezembro de 2025.]]></Data>
    <Ementa />
    <Titulo />
    <SubTitulo />
    <Texto><![CDATA[<p class="identifica">aviso DE ADJUDICAÇÃO E HOMOLOGAÇÃO</p><p class="identifica">PREGÃO ELETRÔNICO Nº 90117/2025</p><p>PROCESSO Nº 21183/2025/SEMDES</p><p>A Secretaria Municipal de Desenvolvimento Social, no exercício de suas atribuições legais, delegada pelo Decreto Municipal n°. 18.106/2021, e com base na IN n° 16/2022 com base no Relatório Final - PE 90117/2025 de 18/11/2025 (ID 3608055) e com razões remissivas ao Parecer 1286 de 26/11/2025 (ID 3624133), ADJUDICA o objeto, qual seja: Aquisição de um veículo automotor, por meio de Pregão Eletrônico, nos termos da Lei nº 14.133/2021,visando atender às necessidades do Fundo Municipal dos Direitos da Pessoa Idosa- FMDPI, com atuação da Secretaria Municipal de Desenvolvimento Social (SEMDES), HOMOLOGA a licitação na Modalidade Pregão Eletrônico n.º 90117/2025, referente ao Processo Administrativo n.º 21183/2025, em favor da empresa: CABRAL AUTOMOVEIS MULTIMARCAS LTDA - CNPJ - 60.191.278/0001 -15, item: 1. Ficando o processo homologado com o valor total das empresas de R$ 138.980,00 (Cento e trinta e oito mil, novecentos e oitenta reais).</p><p class="data">Ariquemes-RO, 2 de dezembro de 2025.</p><p class="assina">MICHELINE BARCELOS</p><p class="cargo">Secretária Municipal de Desenvolvimento Social</p>]]></Texto>
  </body>
  <Midias />
</article></xml>