﻿<xml><article id="46725764" name="EXTRATO DE 1A ADITIVO DE CONTRAT" idOficio="11443362" pubName="DO3" artType="Extrato" pubDate="03/12/2025" artClass="00075:00013:00093:00000:00000:00000:00000:00000:00000:00000:00170:00000" artCategory="Prefeituras/Estado do Pará/Prefeitura Municipal de Almeirim" artSize="12" artNotes="" numberPage="260" pdfPage="http://pesquisa.in.gov.br/imprensa/jsp/visualiza/index.jsp?data=03/12/2025&amp;jornal=530&amp;pagina=260" editionNumber="230" highlightType="" highlightPriority="" highlight="" highlightimage="" highlightimagename="" idMateria="23376461">
  <body>
    <Identifica><![CDATA[ EXTRATO DE termo aditivo ]]></Identifica>
    <Data><![CDATA[]]></Data>
    <Ementa />
    <Titulo />
    <SubTitulo />
    <Texto><![CDATA[<p class="identifica">EXTRATO DE termo aditivo</p><p>1° ADITIVO DE CONTRATO N°. 2025.0224001-PMA</p><p>ORIGEM: CONCORRÊNCIA N.º 016/2024 -PMA.</p><p>CONTRATANTE: FUNDO MUNICIPAL DE SAÚDE - CNPJ: 11.372.925/0001-80; CONSTRUTORA GARRA LTDA, CNPJ: 04.907.860/0001-64, OBJETO: 1° Termo de Aditivo que visam a Prorrogação de Vigência do Contrato n° 2025.0224001-PMA, que tem como objeto a Construção da Unidade Básica de Saúde Porte 2, localizada no Bairro da Capadócia, no município de Almeirim, conforme projeto básico e especificações diversas, para atender as necessidades da Secretaria Executiva de Saúde de Almeirim-Pa, decorrente da CONCORRÊNCIA N.º 016/2024 -PMA. VIGÊNCIA: 07 (sete meses). ASSINATURA:11 de setembro de 2025. Partes: Elza Vitorina da Silva Freitas - Secretária Executiva de Saúde/ Ronildo Varela Costa - Empresa.</p>]]></Texto>
  </body>
  <Midias />
</article></xml>