﻿<xml><article id="46734558" name="RTF Retomada de Certame PE 176-2" idOficio="11439535" pubName="DO3" artType="Aviso de Licitação" pubDate="03/12/2025" artClass="00075:00024:00399:00000:00000:00000:00000:00000:00000:00000:00079:00000" artCategory="Prefeituras/Estado de São Paulo/Prefeitura Municipal de Jahu" artSize="12" artNotes="" numberPage="300" pdfPage="http://pesquisa.in.gov.br/imprensa/jsp/visualiza/index.jsp?data=03/12/2025&amp;jornal=530&amp;pagina=300" editionNumber="230" highlightType="" highlightPriority="" highlight="" highlightimage="" highlightimagename="" idMateria="23370898">
  <body>
    <Identifica><![CDATA[aviso de licitação]]></Identifica>
    <Data><![CDATA[ Jahu, 28 de novembro de 2.025.]]></Data>
    <Ementa />
    <Titulo />
    <SubTitulo />
    <Texto><![CDATA[<p class="identifica">aviso de licitação</p><p class="identifica">PREGÃO ELETRÔNICO nº 176/2025</p><p>Retomada de Certame</p><p>PROCESSO n.º 0300006683/2025-PG-3 - MODALIDADE: PREGÃO ELETRÔNICO n.º 176/2025.</p><p>ÓRGÃO: PREFEITURA DO MUNICÍPIO DE JAHU.</p><p>OBJETO: AQUISIÇÃO DE TIRAS REAGENTES E MONITORES DE GLICEMIA.</p><p>O Município de Jahu torna público, a todos os interessados, que, após o julgamento da manifestação de recurso apresentada, houve por bem determinar a data de 04 de dezembro de 2025, às 09h00min, para a retomada do certame e análise da documentação de habilitação da licitante SOMÉDICA CIRÚRGICA RIO PRETO LTDA. EPP., inscrita no CNPJ sob o n.º 17.xxx.xxx/xxxx-45, bem como para a realização dos trâmites posteriores cabíveis.</p><p>Frisa-se que, para fins de avaliação da documentação de habilitação, será levada em conta a data de abertura do certame: 22 de setembro de 2025.</p><p class="data">Jahu, 28 de novembro de 2.025.</p><p class="assina">NELSON RICARDO SANCHES</p><p class="cargo">Secretário de Economia e Finanças</p>]]></Texto>
  </body>
  <Midias />
</article></xml>