﻿<xml><article id="46727324" name="AVISO DA CONCORRENCIA NA 061-202" idOficio="11441619" pubName="DO3" artType="Aviso de Licitação" pubDate="03/12/2025" artClass="00074:00023:00002:00000:00000:00000:00000:00000:00000:00000:00079:00000" artCategory="Governo do Estado/Governo do Estado de Roraima/SECRETARIA DE ESTADO DE LICITAÇÃO E CONTRATAÇÃO" artSize="12" artNotes="" numberPage="217" pdfPage="http://pesquisa.in.gov.br/imprensa/jsp/visualiza/index.jsp?data=03/12/2025&amp;jornal=530&amp;pagina=217" editionNumber="230" highlightType="" highlightPriority="" highlight="" highlightimage="" highlightimagename="" idMateria="23374150">
  <body>
    <Identifica><![CDATA[ AVISO De licitação]]></Identifica>
    <Data><![CDATA[]]></Data>
    <Ementa />
    <Titulo />
    <SubTitulo />
    <Texto><![CDATA[<p class="identifica">AVISO De licitação</p><p class="identifica">CONCORRÊNCIA Nº 61/2025</p><p>EDITAL NO PNCP Nº 25/2026 - Código da UASG nº 930800 - ID CONTRATAÇÃO PNCP: 53212344000120-1-000023/2026</p><p>PROCESSO Nº 21101.001632/2025.99, INTERESSADO: SEINF</p><p>A Secretaria de Estado de Licitação e Contratação - SELC, através da Agente de Contratação, designada pelo DECRETO Nº 1359-P, de 1º de agosto de 2023, designada pela Portaria Nº 247/SELC/SEC/GABEXEC (19975646) e Despacho 2548/2025/SELC/SEC/COELIC (20065359); para conduzir o presente procedimento; torna público aos interessados que, realizará licitação na Modalidade Concorrência, na forma Presencial, do tipo Menor Preço, com Inversão de Fases, pelo regime de execução por Empreitada por Preço Unitário, sob a forma de execução indireta, regida pela Lei nº 14.133, de 1º de abril de 2021, e demais normas regulamentares, da Instrução Normativa nº 73, de 2022(art. 1º, §2º c/c art. 22, III); da Instrução Normativa Nº 5, de 2017; que dispõe sobre as regras e diretrizes do procedimento de contratação de serviços sob o regime de execução indireta; e Lei Complementar Nº 123, de 2006, no que couber; pela Lei Nº 12.846, de 1º de agosto de 2013; e conforme especificações técnicas, condições e exigências constantes neste Edital e seus anexos, são parte integrante desta licitação.</p><p>OBJETO: Contratação de Empresa Especializada em Engenharia para Execução das obras de Reforma e Adequação de Blocos do Centro Público de Comercialização de produtos rurais, no Município de Boa Vista - RR, (Contrato de Repasse Nº948753/2023/MAP/CAIXA).</p><p>PERÍODO E LOCAL PARA RECEBIMENTO DE PROPOSTA/DOCUMENTAÇÃO: 09 de janeiro de 2026, às 09:00h (horário local), na Av.Nossa Senhora da Consolata, nº 472 - Centro; CEP: 69.301-011; Boa Vista/RR.</p><p>O Edital poderá ser adquirido gratuitamente no Protocolo da Secretaria de Estado de Licitação e Contratação - SELC, no local suprareferenciado, em horário de expediente, das 07:30 às 13:30, ou baixado pelo site www.selc.rr.gov.br, ou solicitado pelo e-mail"coelic@selc.rr.gov.br", a partir do dia 13/11/2025. Os interessados deverão disponibilizar seus endereços eletrônicos (e-mail) ou dispositivo de mídia removível para obter a cópia do Edital.</p><p class="assina">THAÍS MEDEIROS DE ABREU</p><p class="cargo">Agente de Contratação - SELC</p>]]></Texto>
  </body>
  <Midias />
</article></xml>