﻿<xml><article id="46726280" name="AVISO_PREGAO RELANCAMENTO 2- PRE" idOficio="11442384" pubName="DO3" artType="Aviso de Licitação-Pregão" pubDate="03/12/2025" artClass="00075:00017:00273:00000:00000:00000:00000:00000:00000:00000:00162:00000" artCategory="Prefeituras/Estado do Piauí/Prefeitura Municipal de São Raimundo Nonato" artSize="12" artNotes="" numberPage="283" pdfPage="http://pesquisa.in.gov.br/imprensa/jsp/visualiza/index.jsp?data=03/12/2025&amp;jornal=530&amp;pagina=283" editionNumber="230" highlightType="" highlightPriority="" highlight="" highlightimage="" highlightimagename="" idMateria="23375094">
  <body>
    <Identifica><![CDATA[ AVISO DE licitação]]></Identifica>
    <Data><![CDATA[São Raimundo Nonato - PI, 1º de dezembro de 2025.]]></Data>
    <Ementa />
    <Titulo />
    <SubTitulo />
    <Texto><![CDATA[<p class="identifica">AVISO DE licitação</p><p class="identifica">PREGÃO ELETRÔNICO Nº 12/2025</p><p>REPUBLICAÇÃO</p><p>PROCESSO ADMINISTRATIVO Nº 143/2025</p><p>OBJETO: A contratação de empresa especializada para aquisição de máquinas e equipamentos agrícolas, visando atender a demanda do município de São Raimundo Nonato/PI, conforme convênio n. 5986/2022 conforme condições, quantidades e exigências estabelecidas neste edital e seus anexos, especialmente Termo de Referência e Estudo Técnico Preliminar - ETP. Início de recebimento das propostas: 03/12/2025 às 23h59min; Fim do recebimento das propostas: 15/12/2025 às 08h59min; Início da Sessão Pública: 15/12/2025 às 09h00min; Endereço Eletrônico de Disputa: https://www.portaldecompraspublicas.com.br/ Modo de disputa: Aberto; Critério de julgamento: Menor Preço. Edital e seus anexos encontra-se à disposição dos interessados nos endereços eletrônicos: https://saoraimundononato.pi.gov.br, https://sistemas.tce.pi.gov.br/muralic/</p><p class="data">São Raimundo Nonato - PI, 1º de dezembro de 2025.</p><p class="assina">Adriano Bastos Ribeiro</p><p class="cargo">Pregoeiro</p>]]></Texto>
  </body>
  <Midias />
</article></xml>