﻿<xml><article id="46726898" name="18 - Extrato de Termo Aditivo V " idOficio="11441930" pubName="DO3" artType="Extrato de Termo Aditivo" pubDate="03/12/2025" artClass="00071:00545:00000:00000:00000:00000:00000:00000:00000:00000:00053:00000" artCategory="Entidades de Fiscalização do Exercício das Profissões Liberais/Conselho Regional dos Representantes Comerciais no Estado do Paraná" artSize="12" artNotes="" numberPage="207" pdfPage="http://pesquisa.in.gov.br/imprensa/jsp/visualiza/index.jsp?data=03/12/2025&amp;jornal=530&amp;pagina=207" editionNumber="230" highlightType="" highlightPriority="" highlight="" highlightimage="" highlightimagename="" idMateria="23374474">
  <body>
    <Identifica><![CDATA[ EXTRATO DE TERMO ADITIVO]]></Identifica>
    <Data><![CDATA[]]></Data>
    <Ementa />
    <Titulo />
    <SubTitulo />
    <Texto><![CDATA[<p class="identifica">EXTRATO DE TERMO ADITIVO</p><p>Espécie: Quarto Termo Aditivo ao Contrato Administrativo que entre si celebram - Conselho Regional dos Representantes Comerciais no Estado do Paraná - Core/PR e a empresa V&amp;P Serviços de Viagens LTDA - CNPJ nº 21.993.683/0001-03, visando o Aditamento do Contrato nº 012/2022, com base no Art. 57, inciso II da Lei n.º 8.666/93. Objeto: Prorrogação do prazo da vigência contratual por 12 meses, contados de 23/11/2025 a 22/11/2026. Valor estimado da contratação para 12 meses é de 136.500,00 (Cento e Trinta e Seis Mil e Quinhentos Reais).</p><p>Data da assinatura: 21 de novembro de 2025.</p><p></p>]]></Texto>
  </body>
  <Midias />
</article></xml>