﻿<xml><article id="46725740" name="Publicacao DOU - HOMOLOGACAO CON" idOficio="11441599" pubName="DO3" artType="Aviso de Homologação e Adjudicação" pubDate="03/12/2025" artClass="00075:00016:00088:00003:00000:00000:00000:00000:00000:00000:00076:00000" artCategory="Prefeituras/Estado de Pernambuco/Prefeitura Municipal de Custódia/PREFEITURA MUNICIPAL DE CUSTÓDIA-PE" artSize="12" artNotes="" numberPage="279" pdfPage="http://pesquisa.in.gov.br/imprensa/jsp/visualiza/index.jsp?data=03/12/2025&amp;jornal=530&amp;pagina=279" editionNumber="230" highlightType="" highlightPriority="" highlight="" highlightimage="" highlightimagename="" idMateria="23374116">
  <body>
    <Identifica><![CDATA[aviso de HOMOLOGAÇÃO]]></Identifica>
    <Data><![CDATA[ Custódia- PE, 1º de dezembro 2025.]]></Data>
    <Ementa />
    <Titulo />
    <SubTitulo />
    <Texto><![CDATA[<p class="identifica">aviso de HOMOLOGAÇÃO</p><p class="identifica">CONCORRÊNCIA ELETRÔNICA Nº 2/2025 PMC</p><p>Processo Nº 033/2025. PMC. Concorrência Eletrônica Nº 00002/2025. Serviço de Engenharia. Adjudicação do objeto e Homologação da Concorrência Eletrônica Nº 00002/2025, para CONTRATAÇÃO DE EMPRESA ESPECIALIZADA PARA EXECUÇÃO DE PAVIMENTAÇÃO COM BLOCOS DE CONCRETO INTERTRAVADO EM DIVERSAS RUAS NO MUNICÍPIO DE CUSTÓDIA - PE; CONFORME CONTRATO DE REPASSE Nº 943768/2023/MC/CAIXA, CONFORME PROJETO ANEXO. Item 1: BAS Construtora Ltda. CNPJ: 19.988.502/0001-09, pelo valor de R$1.447.000,00.</p><p class="data">Custódia- PE, 1º de dezembro 2025.</p><p class="assina">Manoel Messias de Souza</p><p class="cargo">Prefeito</p>]]></Texto>
  </body>
  <Midias />
</article></xml>