﻿<xml><article id="46731344" name="037.2025 - EXTRATO DE CONTRATOS " idOficio="11441580" pubName="DO3" artType="Extrato de Termo Aditivo" pubDate="03/12/2025" artClass="00071:00060:00000:00000:00000:00000:00000:00000:00000:00000:00053:00000" artCategory="Entidades de Fiscalização do Exercício das Profissões Liberais/CONSELHO FEDERAL DOS TECNICOS INDUSTRIAIS" artSize="12" artNotes="" numberPage="203" pdfPage="http://pesquisa.in.gov.br/imprensa/jsp/visualiza/index.jsp?data=03/12/2025&amp;jornal=530&amp;pagina=203" editionNumber="230" highlightType="" highlightPriority="" highlight="" highlightimage="" highlightimagename="" idMateria="23374091">
  <body>
    <Identifica><![CDATA[ EXTRATO De termo aditivo]]></Identifica>
    <Data><![CDATA[]]></Data>
    <Ementa />
    <Titulo />
    <SubTitulo />
    <Texto><![CDATA[<p class="identifica">EXTRATO De termo aditivo</p><p>Processo CFT Nº 0030/2020. 5º Termo Aditivo Excepcional ao Contrato nº 0013/2020. Objeto: Aditamento de prorrogação de vigência do Contrato de prestação de serviços de contabilidade pública. Contratada: ATA CONTABILIDADE E AUDITORIA LTDA - CNPJ - 37.076.874/0001-32. Valor total de R$ 258.251,38 (duzentos e cinquenta e oito mil, duzentos e cinquenta e um reais e trinta e oito centavos). FUNDAMENTOS LEGAIS: Lei nº 8.666/1993 e Lei 14.039/2020.</p>]]></Texto>
  </body>
  <Midias />
</article></xml>