﻿<xml><article id="46732106" name="Pregao Eletronico 072-2025 - AQU" idOficio="11442672" pubName="DO3" artType="Aviso de Licitação" pubDate="03/12/2025" artClass="00075:00012:00439:00000:00000:00000:00000:00000:00000:00000:00079:00000" artCategory="Prefeituras/Estado de Minas Gerais/Prefeitura Municipal de Formiga" artSize="12" artNotes="" numberPage="251" pdfPage="http://pesquisa.in.gov.br/imprensa/jsp/visualiza/index.jsp?data=03/12/2025&amp;jornal=530&amp;pagina=251" editionNumber="230" highlightType="" highlightPriority="" highlight="" highlightimage="" highlightimagename="" idMateria="23375483">
  <body>
    <Identifica><![CDATA[ AVISO DE LICITAÇÃO  PREGÃO ELETRÔNICO Nº 72/2025]]></Identifica>
    <Data><![CDATA[]]></Data>
    <Ementa />
    <Titulo />
    <SubTitulo />
    <Texto><![CDATA[<p class="identifica">AVISO DE LICITAÇÃO PREGÃO ELETRÔNICO Nº 72/2025</p><p>PROCESSO LICITATÓRIO Nº 323/2025</p><p>MOD. TIPO: MENOR PREÇO POR ITEM. OBJETO: Aquisição de veículos, câmara fria, micro trator e implementos, roçadeiras e palletes em atendimento as necessidades do Banco Municipal de Alimentos, e em cumprimento com o disposto no Convênio nº 975707/2025, firmado entre o Município de Formiga e a União, por intermédio do Ministério do Desenvolvimento e Assistência Social, Família e Combate à Fome - MDS. DATA DE ABERTURA DAS PROPOSTAS E INÍCIO DA SESSÃO DEDISPUTA DE PREÇOS: às 09:01 do dia 16/12/2025. MODO DE DISPUTA: ABERTO. REFERÊNCIA DE TEMPO: HORÁRIO DE BRASÍLIA - DF. ENDEREÇO ELETRÔNICO: https://www.licitanet.com.br .</p><p>Informações: telefone (37) 3329-1844. CONSULTAS AO EDITAL E DIVULGAÇÃO DE INFORMAÇÕES: www.formiga.mg.gov.br ; www.licitanet.com.br ou pelo e-mail: pregoeirospmformiga@gmail.com.</p><p class="assina">LAÉRCIO DOS REIS GOMES</p><p class="cargo">Prefeito</p>]]></Texto>
  </body>
  <Midias />
</article></xml>