﻿<xml><article id="46726664" name="Minuta DOU. Alexandre Adas" idOficio="11443285" pubName="DO3" artType="Extrato de Compromisso" pubDate="03/12/2025" artClass="00008:00029:00053:00000:00000:00000:00000:00000:00000:00000:00028:00000" artCategory="Ministério da Agricultura e Pecuária/Empresa Brasileira de Pesquisa Agropecuária/Embrapa Informática Agropecuária" artSize="12" artNotes="" numberPage="7" pdfPage="http://pesquisa.in.gov.br/imprensa/jsp/visualiza/index.jsp?data=03/12/2025&amp;jornal=530&amp;pagina=7" editionNumber="230" highlightType="" highlightPriority="" highlight="" highlightimage="" highlightimagename="" idMateria="23376365">
  <body>
    <Identifica><![CDATA[ EXTRATO DE TERMO DE COMPROMISSO DE CONFIDENCIALIDADE E OUTRAS AVENÇAS]]></Identifica>
    <Data><![CDATA[]]></Data>
    <Ementa />
    <Titulo />
    <SubTitulo />
    <Texto><![CDATA[<p class="identifica">EXTRATO DE TERMO DE COMPROMISSO DE CONFIDENCIALIDADE E OUTRAS AVENÇAS</p><p>Espécie: Termo de Compromisso de Confidencialidade e Outras Avenças; Partes: Empresa Brasileira de Pesquisa Agropecuária (Embrapa) CNPJ 00.348.003/0116-60 e Bolsista Alexandre Adas, CPF XXX.766.XXX-13; Objeto: a Embrapa, atendidas as suas disponibilidades e sem prejuízo de suas atividades, compromete-se a permitir ao(à) Bolsista a utilização gratuita de sua infraestrutura, com a finalidade de apoiá-lo(a) na execução do seu Projeto: Apoio técnico em ações promocionais e de relacionamento com públicos de interesse do projeto: Não aplicável; Fonte de recurso: Não aplicável; Valor global: R$ 0,00; Vigência: de 29/08/2025 a 30/06/2027; Data da assinatura: 29/08/2025; Signatários: Eduardo Caputi - Chefe Adjunto de Administração, pela Embrapa, Luciana Guilherme Sacomani Zenerato - Supervisora do Setor de Gestão de Pessoas, pela Embrapa, e Alexandre Adas, Bolsista.</p>]]></Texto>
  </body>
  <Midias />
</article></xml>