﻿<xml><article id="46726829" name="07. AVISO DE LICITACAO - CE 017." idOficio="11439429" pubName="DO3" artType="Aviso" pubDate="03/12/2025" artClass="00074:00010:00024:00000:00000:00000:00000:00000:00000:00000:00106:00000" artCategory="Governo do Estado/Governo do Estado do Maranhão/SECRETARIA DE ESTADO DA COMUNICAÇÃO SOCIAL" artSize="12" artNotes="" numberPage="215" pdfPage="http://pesquisa.in.gov.br/imprensa/jsp/visualiza/index.jsp?data=03/12/2025&amp;jornal=530&amp;pagina=215" editionNumber="230" highlightType="" highlightPriority="" highlight="" highlightimage="" highlightimagename="" idMateria="23370772">
  <body>
    <Identifica><![CDATA[ AVISO DE LICITAÇÃO]]></Identifica>
    <Data><![CDATA[ São Luís - MA, 28 de novembro de 2025.]]></Data>
    <Ementa />
    <Titulo />
    <SubTitulo />
    <Texto><![CDATA[<p class="identifica">AVISO DE LICITAÇÃO</p><p class="identifica">CONCORRÊNCIA ELETRÔNICA Nº 17/2025 - SALIC/MA</p><p>PROCESSO ADMINISTRATIVO Nº SEDUC/00024/2025</p><p>A Secretaria de Estado da Administração - SEAD, através da Secretaria Adjunta de Licitações e Compras Estratégicas - SALIC, juntamente com a Secretaria de Estado da Educação - SEDUC, por intermédio de seu Agente de Contratação, Igor Manoel Sousa Rocha, designado pela Portaria nº 021, de 19 de janeiro de 2024, publicada no Diário Oficial de Estado do Maranhão - DOE, Caderno do Poder Executivo de 13 de janeiro de 2024, torna público que fará realizar, na forma da Lei Federal nº 14.133, de 1º de abril de 2021, da Lei Complementar nº 123, de 14 de dezembro de 2006, alterada pela Lei Complementar nº 147, de 7 de agosto de 2014 e demais normas regulamentares pertinentes à espécie, a licitação na modalidade CONCORRÊNCIA, na forma ELETRÔNICA, com INVERSÃO DE FASES, com critério de julgamento MENOR PREÇO GLOBAL. OBJETO: Contratação de empresa especializada para execução da construção de Escola de Tempo Integral, com 13 (treze) salas de aula, no padrão FNDE (NOVO PAC), no município de Itinga do Maranhão/MA, a ser contratada com recursos do Governo Federal, por intermédio de Termo de Compromisso nº 964179/2024 - Plano de Aceleração do Crescimento - NOVO PAC/FNDE/CAIXA. A data de abertura do certame se dará no dia 19 de dezembro de 2025, às 10:00 horas (horário de Brasília), através do uso de recursos de tecnologia da informação, no site www.compras.ma.gov.br. O edital e seus anexos poderão ser obtidos nas páginas web www.sead.ma.gov.br e/ou educação.ma.gov.br. A Secretaria Adjunta de Licitações e Compras Estratégicas - SALIC, fica situada na Av. Gerônimo de Albuquerque, Edifício Clodomir Milet, s/n, 4º andar, Calhau, São Luís/MA. CEP: 65.074-220.</p><p class="data">São Luís - MA, 28 de novembro de 2025.</p><p class="assina">ALINE PINHEIRO VASCOCELOS</p><p class="cargo">Secretária Adjunta de Licitações e Compras Estratégicas</p>]]></Texto>
  </body>
  <Midias />
</article></xml>