﻿<xml><article id="46732055" name="PARQUE TECNOLOGICO-AVISO LICITAC" idOficio="11439424" pubName="DO3" artType="Aviso de Licitação-Pregão" pubDate="03/12/2025" artClass="00071:00127:00000:00000:00000:00000:00000:00000:00000:00000:00162:00000" artCategory="Entidades de Fiscalização do Exercício das Profissões Liberais/CONSELHO REGIONAL DE CONTABILIDADE DE ALAGOAS" artSize="12" artNotes="" numberPage="204" pdfPage="http://pesquisa.in.gov.br/imprensa/jsp/visualiza/index.jsp?data=03/12/2025&amp;jornal=530&amp;pagina=204" editionNumber="230" highlightType="" highlightPriority="" highlight="" highlightimage="" highlightimagename="" idMateria="23370707">
  <body>
    <Identifica><![CDATA[ AVISO DE LICITAÇÃO ]]></Identifica>
    <Data><![CDATA[ Maceió (AL), 28 de novembro de 2025.]]></Data>
    <Ementa />
    <Titulo />
    <SubTitulo />
    <Texto><![CDATA[<p class="identifica">AVISO DE LICITAÇÃO</p><p class="identifica">PREGÃO ELETRÔNICO Nº 4/2025</p><p>OBJETO: Contratação de Equipamentos de Tecnologia da Informação e Comunicação (TIC) Para Renovação Integral e Planejada do Parque Tecnológico do Conselho Regional de Contabilidade de Alagoas (CRCAL), Incluindo Servidores, Estações de Trabalho, Notebooks, Monitores, Dispositivos de Proteção Elétrica, Soluções de Segurança de Rede, Licenciamento de Softwares e Demais Insumos Descritos Com O Objetivo de Garantir O Funcionamento Regular e Eficiente das Atividades Institucionais do Conselho Regional de Contabilidade de Alagoas - Crcal, Conforme Descrições, Quantidades, Exigências e Condições Estabelecidas No Edital e Seus Anexos. PROCESSO ADMINISTRATIVO: 9079603110000142.000010/2025-49 AMPARO LEGAL: LEI Nº 14.133/2021. RETIRADA DO EDITAL: WWW.COMPRAS.GOV.BR. DATA/HORA: 11/12/2025 ÀS 08:00 HORAS.</p><p class="data">Maceió (AL), 28 de novembro de 2025.</p><p class="assina">JANEIDE PRISCILA FERREIRA DA COSTA</p><p class="cargo">Pregoeira</p>]]></Texto>
  </body>
  <Midias />
</article></xml>