﻿<xml><article id="46726982" name="AVISO CREDENCIAMENTO" idOficio="11442987" pubName="DO3" artType="Aviso de Credenciamento" pubDate="03/12/2025" artClass="00075:00005:00345:00000:00000:00000:00000:00000:00000:00000:00073:00000" artCategory="Prefeituras/Estado da Bahia/PREFEITURA MUNICIPAL DE MORPARÁ" artSize="12" artNotes="" numberPage="226" pdfPage="http://pesquisa.in.gov.br/imprensa/jsp/visualiza/index.jsp?data=03/12/2025&amp;jornal=530&amp;pagina=226" editionNumber="230" highlightType="" highlightPriority="" highlight="" highlightimage="" highlightimagename="" idMateria="23375932">
  <body>
    <Identifica><![CDATA[ AVISO DE CREDENCIAMENTO]]></Identifica>
    <Data><![CDATA[]]></Data>
    <Ementa />
    <Titulo />
    <SubTitulo />
    <Texto><![CDATA[<p class="identifica">AVISO DE CREDENCIAMENTO</p><p>PROCEDIMENTO AUXILIAR - INEXIGIBILIDADE DE LICITAÇÃO N.º 034/2025 A Prefeitura Municipal de Morpará torna público que, com fulcro no artigo 74, inciso IV, artigo 78, inciso I e artigo 79, inciso I, da Lei Federal nº 14.133/2021 realizará Inexigibilidade de licitação, para o CREDENCIAMENTO de pessoa jurídica ou física para futura e eventual prestação de serviços de saúde, aos usuários do SUS/Morpará, nas seguintes modalidades: CONSULTAS ESPECIALIZADAS, EXAMES E PROCEDIMENTOS DIVERSOS, com o objetivo de atender às necessidades da Secretaria Municipal de Saúde de Morpará - Bahia. O Credenciamento será iniciado no dia 05/12/2025, às 09h:00min. Os interessados poderão encaminhar sua Habilitação e Proposta pelo e-mail: MORPARALICITA@GMAIL.COM ou entregar mediante protocolo, no setor de licitações e contratos, situado na Avenida Vereador Edenilton Magalhães de Souza - 420, Centro de Morpará. Edital disponível no Site Oficial do Município, no endereço eletrônico www.morpara.ba.gov.br ou na Sede da Prefeitura. Maiores informações: Tel. (77) 3663-2168; e-mail: morparalicita@hotmail.com.</p><p class="assina">Angélica Pereira de Almeida</p><p class="cargo">Agente de Contratação</p>]]></Texto>
  </body>
  <Midias />
</article></xml>