﻿<xml><article id="46729730" name="DOOU0038 ADJ" idOficio="11441252" pubName="DO3" artType="Aviso" pubDate="03/12/2025" artClass="00075:00014:00015:00000:00000:00000:00000:00000:00000:00000:00106:00000" artCategory="Prefeituras/Estado da Paraíba/Prefeitura Municipal de Alcantil" artSize="12" artNotes="" numberPage="270" pdfPage="http://pesquisa.in.gov.br/imprensa/jsp/visualiza/index.jsp?data=03/12/2025&amp;jornal=530&amp;pagina=270" editionNumber="230" highlightType="" highlightPriority="" highlight="" highlightimage="" highlightimagename="" idMateria="23373723">
  <body>
    <Identifica><![CDATA[ AVISO DE ADJUDICAÇÃO E HOMOLOGAÇÃO   PREGÃO ELETRÔNICO Nº  38/2025]]></Identifica>
    <Data><![CDATA[ Alcantil - PB, 16 de outubro de 2025.]]></Data>
    <Ementa />
    <Titulo />
    <SubTitulo />
    <Texto><![CDATA[<p class="identifica">AVISO DE ADJUDICAÇÃO E HOMOLOGAÇÃO PREGÃO ELETRÔNICO Nº 38/2025</p><p>Nos termos do relatório final apresentado pela Pregoeira e observado parecer da Assessoria Jurídica, referente ao Pregão Eletrônico nº 00038/2025, que objetiva: Contratação de empresa especializada em implantação e suporte de sistemas informatizados para atender as demandas do município de Alcantil-PB(itens remanescentes); ADJUDICO o objeto e HOMOLOGO a licitação, com base nos elementos constantes do processo correspondente, os quais apontam como proponentes vencedores: ELMAR - PROCESSAMENTO DE DADOS EIRELI - R$ 12.000,00; RICARDO GUERRA INFORMATICA - R$ 11.400,00.</p><p class="data">Alcantil - PB, 16 de outubro de 2025.</p><p class="assina">CICERO JOSÉ FERNANDES DO CARMO</p><p class="cargo">Prefeito</p>]]></Texto>
  </body>
  <Midias />
</article></xml>