﻿<xml><article id="46734246" name="UNIAO 066" idOficio="11442445" pubName="DO3" artType="Aviso de Licitação" pubDate="03/12/2025" artClass="00075:00012:00572:00001:00000:00000:00000:00000:00000:00000:00078:00000" artCategory="Prefeituras/Estado de Minas Gerais/Prefeitura Municipal de Janaúba/FUNDAÇÃO HOSPITALAR DE JANAÚBA - HOSPITAL REGIONAL DE JANAÚBA" artSize="12" artNotes="" numberPage="252" pdfPage="http://pesquisa.in.gov.br/imprensa/jsp/visualiza/index.jsp?data=03/12/2025&amp;jornal=530&amp;pagina=252" editionNumber="230" highlightType="" highlightPriority="" highlight="" highlightimage="" highlightimagename="" idMateria="23375187">
  <body>
    <Identifica><![CDATA[ AVISO DE  RETIFICAÇÃO]]></Identifica>
    <Data><![CDATA[]]></Data>
    <Ementa />
    <Titulo />
    <SubTitulo />
    <Texto><![CDATA[<p class="identifica">AVISO DE RETIFICAÇÃO</p><p>Retificação de Edital nº 051/2025, Procedimento Licitatório n° 066/2025 PREGÃO ELETRÔNICO REGISTRO DE PREÇOS Nº 035/2025- Objeto: Futura e eventual aquisição de central de ar-comprimido - compressor parafuso de ar-comprimido com sistema de secadora integrado, tensão trifásico 220v, potência 30HP e 22KW e lubrificado para atender as necessidades da Fundação Hospitalar De Janaúba/MG. Recebimento das propostas até: 09:00hrs do dia 17/12/25, nova data da abertura da sessão pública: às 09:00hrs do dia 17/12/25, Início da sessão de disputa de preços: às 09:01hrs do dia 17/12/25 - Tel.(38)3821-1138- ramal 2019, e-mail: licitacao@hrjanauba.com.br ou www.portaldecompraspublicas.com.br, www.hrjanauba.com.br</p><p class="assina">ELAINE CRISTINA CAIRES OLIVEIRA LEÃO</p><p class="cargo">Diretora-Geral</p>]]></Texto>
  </body>
  <Midias />
</article></xml>