﻿<xml><article id="46737547" name="190. Extrato de 1A Termo Aditivo" idOficio="11442874" pubName="DO3" artType="Aviso" pubDate="03/12/2025" artClass="00041:00024:00000:00000:00000:00000:00000:00000:00000:00000:00106:00000" artCategory="Ministério de Portos e Aeroportos/Companhia das Docas do Estado da Bahia" artSize="12" artNotes="" numberPage="147" pdfPage="http://pesquisa.in.gov.br/imprensa/jsp/visualiza/index.jsp?data=03/12/2025&amp;jornal=530&amp;pagina=147" editionNumber="230" highlightType="" highlightPriority="" highlight="" highlightimage="" highlightimagename="" idMateria="23375792">
  <body>
    <Identifica><![CDATA[ EXTRATO DE APOSTILAmento]]></Identifica>
    <Data><![CDATA[]]></Data>
    <Ementa />
    <Titulo />
    <SubTitulo />
    <Texto><![CDATA[<p class="identifica">EXTRATO DE APOSTILAmento</p><p>PROCESSO ADMINISTRATIVO Nº SUPER: 50903.002718/2023-30. ESPÉCIE: 1° Termo Aditivo ao Contrato Administrativo N° 010/2025. CONTRATANTE: COMPANHIA DAS DOCAS DO ESTADO DA BAHIA - CODEBA. CONTRATADA: SPECTRAH OCEANOGRAFIA E MEIO AMBIENTE LTDA, CNPJ n° 09.450.148/0001-00. AUTORIZAÇÃO: Aprovado pela Diretoria Executiva da CODEBA (DIREX), conforme a ata de sua 503ª Reunião Ordinária, realizada em 13/11/2025. OBJETO: O presente Aditivo tem por objeto a prorrogação da vigência do Contrato Administrativo nº 010/2025 por mais 10 (dez) meses, contados a partir de 01/12/2025. DATA DA ASSINATURA: 01/12/2025. SIGNATÁRIOS: ANTONIO GOBBO E LUIZ HUMBERTO LISBOA CASTRO, (Diretores da CODEBA); HENRIQUE FRASSON DE SOUZA MARIO (Sócio Administrador).</p>]]></Texto>
  </body>
  <Midias />
</article></xml>