﻿<xml><article id="46733135" name="PB-011-ECT-00436395" idOficio="11442466" pubName="DO3" artType="Aviso de Licitação" pubDate="03/12/2025" artClass="00014:00021:00049:00023:00000:00000:00000:00000:00000:00000:00078:00000" artCategory="Ministério das Comunicações/Empresa Brasileira de Correios e Telégrafos/Diretoria de Governança e Estratégia/Superintendência Estadual N4 PB" artSize="12" artNotes="" numberPage="17" pdfPage="http://pesquisa.in.gov.br/imprensa/jsp/visualiza/index.jsp?data=03/12/2025&amp;jornal=530&amp;pagina=17" editionNumber="230" highlightType="" highlightPriority="" highlight="" highlightimage="" highlightimagename="" idMateria="23375217">
  <body>
    <Identifica><![CDATA[ AVISO DE LICITAÇÃO ABERTA Nº 112/2025 SE/PB]]></Identifica>
    <Data><![CDATA[]]></Data>
    <Ementa />
    <Titulo />
    <SubTitulo />
    <Texto><![CDATA[<p class="identifica">AVISO DE LICITAÇÃO ABERTA Nº 112/2025 SE/PB</p><p>Alienação de bens móveis de propriedade dos Correios - SE/PB (veículos), conforme edital e anexos. Edital e informações no endereço eletrônico https://www.correios.com.br, telefone (51) 3220 8725, ou pelo e-mail licitacoes-rs@correios.com.br. Sessão pública pela Internet no endereço eletrônico https://www.licitacoes-e.com.br - ID 1083255. Recebimento das propostas até às 09h do dia 08/01/2026 e início da disputa às 14h.</p><p class="assina">RITA WALERIA SCHMIDT</p><p class="cargo">Gerente de Licitações SE/RS</p>]]></Texto>
  </body>
  <Midias />
</article></xml>