﻿<xml><article id="46732859" name="Extrato Dezembro_25 - 05 - SATUR" idOficio="11441810" pubName="DO3" artType="Extrato de Registro de Preços" pubDate="03/12/2025" artClass="00017:00032:00000:00000:00000:00000:00000:00000:00000:00000:00047:00000" artCategory="Ministério do Desenvolvimento Agrário e Agricultura Familiar/Companhia de Entrepostos e Armazéns Gerais de São Paulo" artSize="12" artNotes="" numberPage="44" pdfPage="http://pesquisa.in.gov.br/imprensa/jsp/visualiza/index.jsp?data=03/12/2025&amp;jornal=530&amp;pagina=44" editionNumber="230" highlightType="" highlightPriority="" highlight="" highlightimage="" highlightimagename="" idMateria="23374371">
  <body>
    <Identifica><![CDATA[ EXTRATO DE REGISTRO DE PREÇOS]]></Identifica>
    <Data><![CDATA[]]></Data>
    <Ementa />
    <Titulo />
    <SubTitulo />
    <Texto><![CDATA[<p class="identifica">EXTRATO DE REGISTRO DE PREÇOS</p><p>Espécie: Comunicamos o Registro de Preços para Aquisição de materiais - Elétricos diversos lote 01 e Refletores de led - Lote 02, através do Sistema de Registro de Preços, nº 058/24-2516-2511-24-010-10-1. Decorrente do Pregão Eletrônico nº 90024/2025. Processo CEAGESP nº 058/2024. Compromissária: SATURNO COMÉRCIO DE MATERIAL ELÉTRICO E ELETRÔNICO LTDA, CNPJ nº 48.936.631/0001-43. Valor Total R$ R$ 41.250,00 (quarenta e um mil, duzentos e cinquenta reais) nos termos do item 1. Vigência: 01 (um) ano a partir da data de sua assinatura, nos termos da Cláusula Terceira. Data de Assinatura: 18/11/2025.</p>]]></Texto>
  </body>
  <Midias />
</article></xml>