﻿<xml><article id="46726391" name="101. Centro Oeste (Aditivo de co" idOficio="11435807" pubName="DO3" artType="Extrato de Termo Aditivo" pubDate="03/12/2025" artClass="00071:00281:00000:00000:00000:00000:00000:00000:00000:00000:00053:00000" artCategory="Entidades de Fiscalização do Exercício das Profissões Liberais/Conselho Regional de Engenharia e Agronomia do Mato Grosso do Sul" artSize="12" artNotes="" numberPage="206" pdfPage="http://pesquisa.in.gov.br/imprensa/jsp/visualiza/index.jsp?data=03/12/2025&amp;jornal=530&amp;pagina=206" editionNumber="230" highlightType="" highlightPriority="" highlight="" highlightimage="" highlightimagename="" idMateria="23365350">
  <body>
    <Identifica><![CDATA[ EXTRATO DE TERMO ADITIVO]]></Identifica>
    <Data><![CDATA[]]></Data>
    <Ementa />
    <Titulo />
    <SubTitulo />
    <Texto><![CDATA[<p></p><p class="identifica">EXTRATO DE TERMO ADITIVO</p><p>PAE N. P2023/089383-4. PARTES: Crea-MS e Centro Oeste Rastreamento de Veículos Ltda. OBJETO: 1º termo aditivo ao contrato nº 034/2024 visando a prorrogação da vigência e o reajuste contratual. VIGÊNCIA: 22/11/2025 a 21/11/2026. ASSINATURA: 19/11/2025. VALOR GLOBAL: R$ 21.399,12 (vinte e um mil, trezentos e noventa e nove reais e doze centavos). DOTAÇÃO ORÇAMENTÁRIA: 6.2.2.1.1.01.04.09.031 - Manutenção e Conservação de Veículos. FORO: Justiça Federal, Seção Judiciária de Campo Grande/MS.ASSINATURAS: Vânia Abreu de Mello e Guilhermine D' Laine Leverentz.</p>]]></Texto>
  </body>
  <Midias />
</article></xml>