﻿<xml><article id="46730840" name="Julgamento Recurso PE90064-25 - " idOficio="11439308" pubName="DO3" artType="Aviso" pubDate="03/12/2025" artClass="00075:00012:00530:00000:00000:00000:00000:00000:00000:00000:00106:00000" artCategory="Prefeituras/Estado de Minas Gerais/Prefeitura Municipal de Itabirito" artSize="12" artNotes="" numberPage="252" pdfPage="http://pesquisa.in.gov.br/imprensa/jsp/visualiza/index.jsp?data=03/12/2025&amp;jornal=530&amp;pagina=252" editionNumber="230" highlightType="" highlightPriority="" highlight="" highlightimage="" highlightimagename="" idMateria="23370292">
  <body>
    <Identifica><![CDATA[ AVISOPREGÃO ELETRÔNICO Nº 90064/2025]]></Identifica>
    <Data><![CDATA[]]></Data>
    <Ementa />
    <Titulo />
    <SubTitulo />
    <Texto><![CDATA[<p></p><p class="identifica">AVISOPREGÃO ELETRÔNICO Nº 90064/2025</p><p>JULGAMENTO RECURSO PE90064/2025 - PL232/2025 - RP046/2025</p><p>A Pregoeira comunica o julgamento de recurso e contrarrazão interpostos para no mérito decide por acatar a manifestação encaminhada pela Secretaria Municipal Educação, julgando PROCEDENTE o recurso interposto pela licitante, BSM Atacadista Ltda. e, IMPROCEDENTE as contrarrazões interposta pela licitante, Açougue Sabor da Carne Ouro Preto Ltda. reformando a decisão em que declarou a licitante, Açougue Sabor da Carne Ouro Preto Ltda. vencedora dos itens 01, 02, 04, 05, 06, 07 e 08 do presente processo. A Secretária Municipal de Educação ratificou a decisão da pregoeira. A íntegra da decisão encontra-se disponível no Sistema Compras.gov.</p><p class="assina">IRACEMA ANA D'ARC PEDROSA MAPA</p><p class="cargo">Secretária Municipal de Educação</p>]]></Texto>
  </body>
  <Midias />
</article></xml>