﻿<xml><article id="46742889" name="2025-12-01/11443163/COMPRASNETWS" idOficio="11443163" pubName="DO3" artType="Extrato de Termo Aditivo" pubDate="03/12/2025" artClass="00016:00012:00026:00005:00003:00000:00000:00000:00000:00000:00053:00001" artCategory="Ministério da Defesa/Comando da Marinha/Diretoria-Geral de Navegação/Diretoria de Portos e Costas/Centro de Instrução Almirante Graça Aranha" artSize="12" artNotes="" numberPage="40" pdfPage="http://pesquisa.in.gov.br/imprensa/jsp/visualiza/index.jsp?data=03/12/2025&amp;jornal=530&amp;pagina=40" editionNumber="230" highlightType="" highlightPriority="" highlight="" highlightimage="" highlightimagename="" idMateria="23376157">
  <body>
    <Identifica><![CDATA[ EXTRATO DE TERMO ADITIVO Nº 2/2024 - UASG 752100]]></Identifica>
    <Data><![CDATA[]]></Data>
    <Ementa />
    <Titulo />
    <SubTitulo />
    <Texto><![CDATA[<p class="identifica">EXTRATO DE TERMO ADITIVO Nº 2/2024 - UASG 752100</p><p>Número do Contrato: 90002/2024.</p><p>Nº Processo: 63094003057202383.</p><p>Pregão. Nº 90002/2024. Contratante: CENTRO DE INSTRUCAO ALMIRANTE GRACA ARANHA. Contratado: 13.411.926/0001-11 - INNOVA AIR SERVICOS TECNICOS LTDA. Objeto: O presente termo aditivo tem por objeto a prorrogação do prazo de vigência do contrato por mais 12 (doze) meses, a partir de 03/12/2025 até 02/12/2026. Vigência: 03/12/2025 a 02/12/2026. Valor Total Atualizado do Contrato: R$ 2.743.031,28. Data de Assinatura: 01/12/2025.</p><p>(COMPRASNET 4.0 - 01/12/2025).</p>]]></Texto>
  </body>
  <Midias />
</article></xml>