﻿<xml><article id="46742237" name="2025-12-01/11441943/COMPRASNETWS" idOficio="11441943" pubName="DO3" artType="Extrato de Termo Aditivo" pubDate="03/12/2025" artClass="00017:00028:00037:00000:00000:00000:00000:00000:00000:00000:00053:00001" artCategory="Ministério do Desenvolvimento Agrário e Agricultura Familiar/Instituto Nacional de Colonização e Reforma Agrária/Superintendência Regional na Bahia" artSize="12" artNotes="" numberPage="42" pdfPage="http://pesquisa.in.gov.br/imprensa/jsp/visualiza/index.jsp?data=03/12/2025&amp;jornal=530&amp;pagina=42" editionNumber="230" highlightType="" highlightPriority="" highlight="" highlightimage="" highlightimagename="" idMateria="23374467">
  <body>
    <Identifica><![CDATA[ EXTRATO DE TERMO ADITIVO Nº 4/2025 - UASG 373053]]></Identifica>
    <Data><![CDATA[]]></Data>
    <Ementa />
    <Titulo />
    <SubTitulo />
    <Texto><![CDATA[<p class="identifica">EXTRATO DE TERMO ADITIVO Nº 4/2025 - UASG 373053</p><p>Número do Contrato: 19/2022.</p><p>Nº Processo: 54000.060372/2022-38.</p><p>Pregão. Nº 3/2022. Contratante: SUPERINTENDENCIA REGIONAL DA BAHIA - SR(BA). Contratado: 03.595.040/0001-11 - BRASPE RECURSOS HUMANOS LTDA. Objeto: Prorrogar por mais 12(doze) meses.. Vigência: 03/12/2025 a 03/12/2026. Valor Total Atualizado do Contrato: R$ 1.529.081,23. Data de Assinatura: 07/11/2025.</p><p>(COMPRASNET 4.0 - 07/11/2025).</p>]]></Texto>
  </body>
  <Midias />
</article></xml>