﻿<xml><article id="46737532" name="APENAS UNIAO - AVISO DE LICITACA" idOficio="11437563" pubName="DO3" artType="Aviso de Licitação" pubDate="03/12/2025" artClass="00075:00024:00473:00000:00000:00000:00000:00000:00000:00000:00079:00000" artCategory="Prefeituras/Estado de São Paulo/Prefeitura Municipal de Mogi das Cruzes" artSize="12" artNotes="" numberPage="301" pdfPage="http://pesquisa.in.gov.br/imprensa/jsp/visualiza/index.jsp?data=03/12/2025&amp;jornal=530&amp;pagina=301" editionNumber="230" highlightType="" highlightPriority="" highlight="" highlightimage="" highlightimagename="" idMateria="23367902">
  <body>
    <Identifica><![CDATA[  AVISO DE LICITAÇÃOPREGÃO ELETRÔNICO]]></Identifica>
    <Data><![CDATA[ Mogi das Cruzes, em 26 de novembro de 2025.]]></Data>
    <Ementa />
    <Titulo />
    <SubTitulo />
    <Texto><![CDATA[<p class="identifica">AVISO DE LICITAÇÃOPREGÃO ELETRÔNICO</p><p>O MUNICÍPIO DE MOGI DAS CRUZES, por intermédio da Secretária Municipal de Saúde e Bem-Estar, torna público que está promovendo a seguinte licitação, na modalidade "PREGÃO ELETRÔNICO":</p><p>EDITAL Nº 148/2025 - PROCESSO Nº 3.350/2025 E APENSOS</p><p>- OBJETO: AQUISIÇÃO DE MOBILIÁRIO DE ESCRITÓRIO E MESAS E CADEIRAS DE COZINHA, DESTINADOS ÀS UNIDADES DE SAÚDE. As propostas serão abertas em sessão pública que ocorrerá exclusivamente em ambiente eletrônico, na internet, no endereço: www.portaldecompraspublicas.com.br, às 09:00 horas do dia 10 de dezembro de 2025. O edital e seus anexos encontram-se à disposição para download no site da Prefeitura (https://licitacao-mgcon.mogidascruzes.sp.gov.br) e no referido endereço (www.portaldecompraspublicas.com.br).</p><p class="data">Mogi das Cruzes, em 26 de novembro de 2025.</p><p class="assina">REBECA RIBEIRO BARUFI ORECHOWSKI</p><p class="cargo">Secretária Municipal de Saúde e Bem-Estar</p>]]></Texto>
  </body>
  <Midias />
</article></xml>