﻿<xml><article id="46727513" name="DOU 02 12 2025" idOficio="11442378" pubName="DO3" artType="Aviso de Licitação" pubDate="03/12/2025" artClass="00074:00020:00032:00000:00000:00000:00000:00000:00000:00000:00079:00000" artCategory="Governo do Estado/Governo do Estado do Rio Grande do Sul/SUBSECRETARIA DA ADMINISTRAÇÃO CENTRAL DE LICITAÇÕES" artSize="12" artNotes="" numberPage="216" pdfPage="http://pesquisa.in.gov.br/imprensa/jsp/visualiza/index.jsp?data=03/12/2025&amp;jornal=530&amp;pagina=216" editionNumber="230" highlightType="" highlightPriority="" highlight="" highlightimage="" highlightimagename="" idMateria="23375118">
  <body>
    <Identifica><![CDATA[ AVISO DE LICITAÇÃO]]></Identifica>
    <Data><![CDATA[ Porto Alegre/RS, 1º de Dezembro de 2025.]]></Data>
    <Ementa />
    <Titulo />
    <SubTitulo />
    <Texto><![CDATA[<p class="identifica">AVISO DE LICITAÇÃO</p><p class="identifica">PREGÃO ELETRÔNICO nº 742/2025</p><p>OBJETO: Pá carregadeira e ensiladeiras. Abertura dia 12/12/2025, às 09h. Processo 25/1500-0016063-5. Os dados necessários da referida licitação estão disponíveis nos sites www.compras.rs.gov.br e www.celic.rs.gov.br.</p><p class="data">Porto Alegre/RS, 1º de Dezembro de 2025.</p><p class="assina">Felipe Moreira Cruzeiro</p><p class="cargo">Subsecretário CELIC/SPGG</p><p class="identifica">AVISO DE REVOGAÇÃO</p><p class="identifica">PREGÃO ELETRÔNICO nº 606/2025</p><p>A Diretora do DELIC/CELIC, no uso de suas atribuições e nos termos do art. 71 da Lei 14.133/2021, torna pública a Revogação do Pregão Eletrônico, acima informado, Processo 25/1500-0029262-0, cuja abertura foi publicada na Seção 3, pg. 266 do Diário Oficial da União, do dia 03.10.2025. Os dados necessários da referida licitação estão disponíveis nos sites www.celic.rs.gov.br e www.compras.rs.gov.br.</p><p class="data">Porto Alegre/RS, 1º de Dezembro de 2025.</p><p class="assina">Renata Manera Fortes</p><p class="cargo">Diretora DELIC/CELIC/SPGG</p><p class="identifica">AVISO DE SUSPENSÃO PARCIAL</p><p class="identifica">PREGÃO ELETRÔNICO nº 732/2025 Lote 02</p><p>A Diretora do DELIC/CELIC, no uso de suas atribuições, informa que fica suspensa a abertura do pregão em epígrafe, Processo 25/1500-0035871-5, cuja abertura foi publicada na Seção 3, pg. 170 do Diário Oficial da União, do dia 24.11.2025, para análise de pedido de esclarecimentos ao edital. Os dados necessários da referida licitação estão disponíveis nos sites www.celic.rs.gov.br e www.compras.rs.gov.br.</p><p class="data">Porto Alegre/RS, 1º de Dezembro de 2025.</p><p class="assina">Renata Manera Fortes</p><p class="cargo">Diretora DELIC/CELIC/SPGG</p><p class="identifica">AVISO DE SUSPENSÃO</p><p class="identifica">PREGÃO ELETRÔNICO nº720/2025</p><p>A Diretora do DELIC/CELIC, no uso de suas atribuições, informa que fica suspensa a abertura do pregão em epígrafe, Processo 25/1203-0015613-5, cuja abertura foi publicada na Seção 3, pg. 241 do Diário Oficial da União, do dia 14.11.2025, para análise de pedido de esclarecimentos ao edital. Os dados necessários da referida licitação estão disponíveis nos sites www.celic.rs.gov.br e www.compras.rs.gov.br.</p><p class="data">Porto Alegre/RS, 1º de Dezembro de 2025.</p><p class="assina">Renata Manera Fortes</p><p class="cargo">Diretora DELIC/CELIC/SPGG</p>]]></Texto>
  </body>
  <Midias />
</article></xml>