﻿<xml><article id="46734561" name="RTF Homologacao PE 228-2025" idOficio="11441521" pubName="DO3" artType="Aviso de Homologação" pubDate="03/12/2025" artClass="00075:00024:00399:00000:00000:00000:00000:00000:00000:00000:00075:00000" artCategory="Prefeituras/Estado de São Paulo/Prefeitura Municipal de Jahu" artSize="12" artNotes="" numberPage="300" pdfPage="http://pesquisa.in.gov.br/imprensa/jsp/visualiza/index.jsp?data=03/12/2025&amp;jornal=530&amp;pagina=300" editionNumber="230" highlightType="" highlightPriority="" highlight="" highlightimage="" highlightimagename="" idMateria="23374190">
  <body>
    <Identifica><![CDATA[aviso de HOMOLOGAÇÃO]]></Identifica>
    <Data><![CDATA[ Jahu, 26 de novembro de 2.025.]]></Data>
    <Ementa />
    <Titulo />
    <SubTitulo />
    <Texto><![CDATA[<p class="identifica">aviso de HOMOLOGAÇÃO</p><p class="identifica">Pregão Eletrônico nº 228/2025</p><p>CONSIDERANDO os autos do processo licitatório referente ao Pregão Eletrônico n.º 228/2025, cujo objeto é REGISTRO DE PREÇOS PARA AQUISIÇÃO DE MATERIAIS DE ENFERMAGEM, proveniente do Processo Administrativo nº 0300008991/2025-PG-3</p><p>CONSIDERANDO o relatório de Sessão, no qual as empresas:</p><p>CIRÚRGICA UNIÃO LTDA, CNPJ nº 04.XXX.XXX/0001-21, sagrou-se vencedora para os itens 2, 4, 13, 34, 39, 40, 43, 51, 58 e 81, no valor total de R$ 14.490,02 (quatorze mil, quatrocentos e noventa reais e dois centavos)</p><p>INDÚSTRIA E COMÉRCIO DE PRODUTOS DE LIMPEZA MACATUBA LTDA ME, CNPJ nº 05.XXX.XXX/0001-22, sagrou-se vencedora para os itens 5 e 6, no valor total de R$ 23.120,00 (vinte e três mil, cento e vinte reais)</p><p>PLÁCIDO COMÉRCIO DE MATERIAIS CIRÚRGICOS E HOSPITALARES EIRELI ME, CNPJ nº 25.XXX.XXX/0001-86, sagrou-se vencedora para os itens 8, 9, 17, 20, 24, 25, 44, 45, 52, 60, 65, 75 e 77, no valor total de R$ 26.368,10 (vinte e seis mil, trezentos e sessenta e oito reais e dez centavos)</p><p>FARMA 2 PRODUTOS PARA SAÚDE LTDA EPP, CNPJ nº 24.XXXX.XXX/0001-22, sagrou-se vencedora para o item 68, no valor total de R$ 218,00 (duzentos e dezoito reais)</p><p>HOSPILAR COMÉRCIO DE MATERIAL MÉDICO HOSPITALAR EIRELI EPP, CNPJ nº 26.XXX.XXX/0001-97, sagrou-se vencedora para os itens 11, 12, 14, 15 e 56, no valor total de R$ 39.524,20 (trinta e nove mil, quinhentos e vinte e quatro reais e vinte centavos)</p><p>DORA MEDICAMENTOS LTDA, CNPJ nº 30.XXX.XXX/0001-33, sagrou-se vencedora para o item 22, no valor total de R$ 4.700,00 (quatro mil e setecentos reais)</p><p>BELLAMED PRODUTOS HOSPITALARES EIRELI, CNPJ nº 31.XXX.XXX/0001-94, sagrou-se vencedora para os itens 7, 26, 27, 28, 29, 30 e 42 , no valor total de R$ 74.161,00 (setenta e quatro mil, cento e sessenta e um reais)</p><p>SPECIAL MED COMERCIAL HOSITALAR LTDA, CNPJ nº 47.XXX.XXX/0001-81, sagrou-se vencedora para os itens 18, 32, 53, 54, 55, 57, 59, 62 e 74, no valor total de R$ 49.696,75 (quarenta e nove mil, seiscentos e noventa e seis reais e setenta e cinco centavos)</p><p>CIRÚRGICA CUSTOM CARE LTDA, CNPJ nº 53.XXX.XXX/0001-98, sagrou-se vencedora para os itens 10, 76 e 78, no valor total de R$ 16.375,00 (dezesseis mil, trezentos e setenta e cinco reais)</p><p>BLUMÉDICA PRODUTOS MÉDICOS E CIRÚRGICOS LTDA, CNPJ nº 01.XXX.XXX/0001-98, sagrou-se vencedora para os itens 37, 38, 47, 48, 49, 71, 72 e 80, no valor total de R$ 18.049,20 (dezoito mil, quarenta e nove reais e vinte centavos)</p><p>ARLIMED DISTRIBUIDORA HOSPITALAR LTDA, CNPJ nº 18.XXX.XXX/0001-85, sagrou-se vencedora para os itens 1, 31 e 61, no valor total de R$ 29.559,00 (vinte e nove mil, quinhentos e cinquenta e nove reais)</p><p>ATLÂNTICA DISTRIBUIDORA DE PRODUTOS LTDA, CNPJ nº 02.XXX.XXX/0001-43, sagrou-se vencedora para o item 73, no valor total de R$ 42.000,00 (quarenta e dois mil reais)</p><p>FLEXXLIMP COMERCIAL LTDA, CNPJ nº 24.XXX.XXX/0001-27, sagrou-se vencedora para o item 41, no valor total de R$ 41.640,00 (quarenta e um mil, seiscentos e quarenta reais)</p><p>Quanto aos itens 19 e 69, estes restam DESERTOS</p><p>Quanto aos itens 3, 16, 21, 23, 33, 35, 36, 46, 50, 63, 64, 66, 67, 70 e 79, estes restam FRACASSADOS</p><p>CONSIDERANDO que no referido processo foram respeitadas todas as medidas legais nos termos de que preceituam a Lei n.º 14.133, de 01 de abril de 2021, Lei Complementar Federal n.º 123, de 14 de dezembro de 2006, Decreto Municipal n.º 8.637, de 28 de dezembro de 2023, e demais legislações pertinentes, e</p><p>CONSIDERANDO a inexistência de recursos interpostos válidos.</p><p>resolve:</p><p>I - ADJUDICAR E HOMOLOGAR o procedimento licitatório, referenciado, com fundamento nos artigos 71, inciso VI, da Lei n.º 14.133/2021 e 8º, Art. 2º, I, do Decreto Municipal n.º 8637/2023;</p><p>II - DETERMINAR que a empresa vencedora seja convocada para a assinatura do contrato;</p><p>III - PUBLIQUE-SE o presente despacho na forma da lei.</p><p class="data">Jahu, 26 de novembro de 2.025.</p><p class="assina">NELSON RICARDO SANCHES</p><p class="cargo">Secretário de Economia e Finanças</p>]]></Texto>
  </body>
  <Midias />
</article></xml>