﻿<xml><article id="46726658" name="EXTRATO DE CONTRATO CE 08-2025" idOficio="11442401" pubName="DO3" artType="Extrato de Contrato" pubDate="03/12/2025" artClass="00075:00018:00105:00000:00000:00000:00000:00000:00000:00000:00030:00000" artCategory="Prefeituras/Estado do Rio Grande do Norte/Prefeitura Municipal de Nisia Floresta" artSize="12" artNotes="" numberPage="285" pdfPage="http://pesquisa.in.gov.br/imprensa/jsp/visualiza/index.jsp?data=03/12/2025&amp;jornal=530&amp;pagina=285" editionNumber="230" highlightType="" highlightPriority="" highlight="" highlightimage="" highlightimagename="" idMateria="23375144">
  <body>
    <Identifica><![CDATA[   EXTRATO DE CONTRATO]]></Identifica>
    <Data><![CDATA[]]></Data>
    <Ementa />
    <Titulo />
    <SubTitulo />
    <Texto><![CDATA[<p class="identifica">EXTRATO DE CONTRATO</p><p>C.E 08/2025 Prefeitura Municipal de Nísia Floresta/RN MODALIDADE: CONCORRÊNCIA ELETRÔNICA Nº 08/2025. OBJETO: CONSTRUÇÃO DO ESPAÇO ESPORTIVO COMUNITÁRIO NO MUNICÍPIO DE NÍSIA FLORESTA/RN, CONFORME TERMO DE COMPROMISSO N° 960088/2023. CONTRATANTE: Município de Nísia Floresta/RN. CONTRATADA: MORLIS CONSTRUCOES E INCORPORAÇÕES LTDA - CNPJ: 29.646.397/0001-75 - recursos orçamentários 2025, Elemento de Despesa: 4.4.90.51, vigência: 08 meses - licitação; Concorrência eletrônica Nº 08/2025. P/ Contratada: Leonardo Moreira Lisboa e Gustavo da Silva Santos - p/contratante. Nísia Floresta, 24 de novembro de 2025.</p>]]></Texto>
  </body>
  <Midias />
</article></xml>