﻿<xml><article id="46729769" name="Extrato Contrato nA 19-2025 - AD" idOficio="11435950" pubName="DO3" artType="Extrato de Contrato" pubDate="03/12/2025" artClass="00071:00269:00000:00000:00000:00000:00000:00000:00000:00000:00030:00000" artCategory="Entidades de Fiscalização do Exercício das Profissões Liberais/Conselho Regional de Engenharia e Agronomia de Alagoas" artSize="12" artNotes="" numberPage="204" pdfPage="http://pesquisa.in.gov.br/imprensa/jsp/visualiza/index.jsp?data=03/12/2025&amp;jornal=530&amp;pagina=204" editionNumber="230" highlightType="" highlightPriority="" highlight="" highlightimage="" highlightimagename="" idMateria="23365548">
  <body>
    <Identifica><![CDATA[ EXTRATO DE CONTRATO Nº 19/2025]]></Identifica>
    <Data><![CDATA[]]></Data>
    <Ementa />
    <Titulo />
    <SubTitulo />
    <Texto><![CDATA[<p class="identifica">EXTRATO DE CONTRATO Nº 19/2025</p><p>Processo Administrativo nº 2262510/2024</p><p>Contratante: O CONSELHO REGIONAL DE ENGENHARIA E AGRONOMIA DE ALAGOAS-CREA-AL, CNPJ nº 12.156.592/0001-14. Contratada: ADVANCE RH CURSOS E TREINAMENTOS LTDA, CNPJ 25.089.257/0001-92. Objeto: Prestação de serviços de treinamento e capacitação de pessoal. Valor Global de R$ 52.000,00 (cinquenta e dois mil reais). Data da Assinatura: 13 de novembro de 2025.</p>]]></Texto>
  </body>
  <Midias />
</article></xml>