﻿<xml><article id="46727009" name="AVISO DE ADJUCACAO E HOMOLOGACAO" idOficio="11431810" pubName="DO3" artType="Aviso de Homologação e Adjudicação" pubDate="03/12/2025" artClass="00075:00024:00711:00000:00000:00000:00000:00000:00000:00000:00076:00000" artCategory="Prefeituras/Estado de São Paulo/Prefeitura Municipal de São Vicente" artSize="12" artNotes="" numberPage="302" pdfPage="http://pesquisa.in.gov.br/imprensa/jsp/visualiza/index.jsp?data=03/12/2025&amp;jornal=530&amp;pagina=302" editionNumber="230" highlightType="" highlightPriority="" highlight="" highlightimage="" highlightimagename="" idMateria="23359093">
  <body>
    <Identifica><![CDATA[ AVISO DE ADJUDICAÇÃO E HOMOLOGAÇÃO  CONCORRÊNCIA ELETRÔNICA Nº 25/2025]]></Identifica>
    <Data><![CDATA[ São Vicente, 27  de novembro de 2025]]></Data>
    <Ementa />
    <Titulo />
    <SubTitulo />
    <Texto><![CDATA[<p class="identifica">AVISO DE ADJUDICAÇÃO E HOMOLOGAÇÃO CONCORRÊNCIA ELETRÔNICA Nº 25/2025</p><p>PROCESSO ADMINISTRATIVO Nº 4899/2025</p><p>OBJETO: Contratação de empresa para execução de obras de Construção do Espaço Esportivo Comunitário no Município de São Vicente/SP - (NOVO PAC), para atender a Secretaria de Desenvolvimento Urbano - SEDURB - Vencedor do Lote único: M.M. FIORATTI EMPREITEIRA DE REVESTIMENTOS EIRELI -EPP no valor total de R$ 1.202.661,20 (Hum milhão, duzentos e dois mil, seiscentos e sessenta e um reais e vinte centavos) - Adjudicado em 24/11/2025 - Homologado em 24/11/2025 - Justificativa: Art. 28 inciso I Lei Federal nº 14.133/21</p><p class="data">São Vicente, 27 de novembro de 2025</p><p class="assina">Mario Santana Neto</p><p class="cargo">Secretário Executivo</p>]]></Texto>
  </body>
  <Midias />
</article></xml>