﻿<xml><article id="46731116" name="AVISO PE 90124 2025 PROC 13085 P" idOficio="11438938" pubName="DO3" artType="Aviso de Licitação" pubDate="03/12/2025" artClass="00075:00021:00007:00000:00000:00000:00000:00000:00000:00000:00079:00000" artCategory="Prefeituras/Estado de Rondônia/Prefeitura Municipal de Ariquemes" artSize="12" artNotes="" numberPage="291" pdfPage="http://pesquisa.in.gov.br/imprensa/jsp/visualiza/index.jsp?data=03/12/2025&amp;jornal=530&amp;pagina=291" editionNumber="230" highlightType="" highlightPriority="" highlight="" highlightimage="" highlightimagename="" idMateria="23369837">
  <body>
    <Identifica><![CDATA[ AVISO DE licitação ]]></Identifica>
    <Data><![CDATA[ Ariquemes-RO, 28 de novembro de 2025.]]></Data>
    <Ementa />
    <Titulo />
    <SubTitulo />
    <Texto><![CDATA[<p class="identifica">AVISO DE licitação</p><p class="identifica">PREGÃO ELETRÔNICO Nº 90144/2025/PREGÃO/SML/PMA</p><p>PROCESSO ADM. Nº 8656/2025/SEMDES MODO DE DISPUTA: ABERTO - UASG: 450522 LICITAÇÃO EXCLUSIVA ME EPP MEI Objeto: Aquisição de Material Permanente para atender o Centro Profissionalizante Multiuso - CONVÊNIO 691/2024 Com o valor total estimado em R$ 110.994,64.</p><p>A Prefeitura de Ariquemes/RO, através da Pregoeira designada pelo Decreto nº. 21882 de 07 de janeiro de 2025, torna público, para o conhecimento dos interessados que na data e horário abaixo indicado fará realizar licitação na modalidade de PREGÃO, na forma ELETRÔNICA, sob o Nº 90134/2025 do tipo MENOR PREÇO POR ITEM, Cód. UASG: 450522, na forma da Lei nº. 14.133/21, conforme edital e anexos, atendendo assim as necessidades da Prefeitura Municipal de Ariquemes. Envio das propostas poderá ser feito das 09h00min do dia 03/12/2025 até às 08h59min do dia 15/12/2025. Início da Sessão Pública virtual será às 09h00min do dia 15/12/2025 (Horário de Brasília). A retirada do edital está disponível no site www.gov.br/compras e www.ariquemes.ro.gov.br/licitacao, sendo que a sessão pública será pelo site www.gov.br/compras (Comprasnet). Informações na Sala da Superintendência Municipal de Licitações, na sede da Prefeitura Municipal de Ariquemes, de segunda a sexta-feira das 07h30min às 13h30min. (Horário Local). Mais informações, através do telefone (69) 3516-2020/2021 pelo e-mail pregaopma@hotmail.com</p><p class="data">Ariquemes-RO, 28 de novembro de 2025.</p><p class="assina">Daiane VIeira Pacífico</p><p class="cargo">Pregoeira</p>]]></Texto>
  </body>
  <Midias />
</article></xml>