﻿<xml><article id="46730453" name="EXTRATO DO APOSTILA" idOficio="11441635" pubName="DO3" artType="Extrato" pubDate="03/12/2025" artClass="00075:00001:00007:00000:00000:00000:00000:00000:00000:00000:00170:00000" artCategory="Prefeituras/Estado do Acre/Prefeitura Municipal de Cruzeiro do Sul" artSize="12" artNotes="" numberPage="217" pdfPage="http://pesquisa.in.gov.br/imprensa/jsp/visualiza/index.jsp?data=03/12/2025&amp;jornal=530&amp;pagina=217" editionNumber="230" highlightType="" highlightPriority="" highlight="" highlightimage="" highlightimagename="" idMateria="23374136">
  <body>
    <Identifica><![CDATA[ Extrato DE Apostilamento ]]></Identifica>
    <Data><![CDATA[]]></Data>
    <Ementa />
    <Titulo />
    <SubTitulo />
    <Texto><![CDATA[<p class="identifica">Extrato DE Apostilamento</p><p>Contrato nº 095/2025, Processo Administrativo n° 2.507/2024, Convênio n° 944289/2023/MAPA, Concorrência nº 016/2024</p><p>Contratante: Prefeitura Municipal de Cruzeiro do Sul, CNPJ Nº 04.012.548/0001-02.</p><p>Contratada: C. Pinheiro Lima Construtora LTDA, CNPJ nº 05.989.042/0001-10</p><p>FUNDAMENTO LEGAL E FINALIDADE</p><p>O presente Apostilamento tem por finalidade proceder à atualização do valor contratual constante do instrumento original, de modo a ajustá-lo ao valor efetivamente constante da proposta vencedora e homologada no certame licitatório, mantendo a perfeita correspondência entre os documentos que integram o processo e os atos subsequentes da contratação.</p><p>Nos termos do artigo 136 da Lei Federal nº 14.133/2021.</p><p>VALOR AJUSTADO</p><p>Fica retificado o valor global constante do Contrato nº 095/2025, de forma que:</p><p>Onde se lê:</p><p>"O valor total da contratação é de R$ 700.000,00 (setecentos mil reais)."</p><p>Leia-se:</p><p>"O valor total da contratação é de R$ 730.000,00 (setecentos e trinta mil reais).</p><p>Data da Assinatura: 28 de novembro de 2025</p><p>Assinam: JOSÉ DE SOUZA LIMA, Prefeito Municipal</p><p>e CARPEGEANE PINHEIRO LIMA - C. PINHEIRO LIMA CONSTRUTORA LTDA - Representante legal da Contratada</p>]]></Texto>
  </body>
  <Midias />
</article></xml>