﻿<xml><article id="46736158" name="AVISO DE EDITAL27" idOficio="11442358" pubName="DO3" artType="Aviso de Licitação" pubDate="03/12/2025" artClass="00075:00014:00034:00000:00000:00000:00000:00000:00000:00000:00078:272025" artCategory="Prefeituras/Estado da Paraíba/PREFEITURA MUNICIPAL DE BARAÚNA" artSize="12" artNotes="" numberPage="271" pdfPage="http://pesquisa.in.gov.br/imprensa/jsp/visualiza/index.jsp?data=03/12/2025&amp;jornal=530&amp;pagina=271" editionNumber="230" highlightType="" highlightPriority="" highlight="" highlightimage="" highlightimagename="" idMateria="23375076">
  <body>
    <Identifica><![CDATA[AVISO DE LICITAÇÃO    PREGÃO ELETRÔNICO Nº 27/2025]]></Identifica>
    <Data><![CDATA[Baraúna - PB, 1º de dezembro de 2025.]]></Data>
    <Ementa />
    <Titulo />
    <SubTitulo />
    <Texto><![CDATA[<p></p><p class="identifica">AVISO DE LICITAÇÃO PREGÃO ELETRÔNICO Nº 27/2025</p><p>Torna público que fará realizar através do Pregoeiro Oficial e Equipe de Apoio, sediada na Rua Getúlio Vargas, 15 - Centro - Baraúna - PB, por meio do site www.portaldecompraspublicas.com.br, licitação modalidade Pregão Eletrônico, do tipo menor preço, visando formar Sistema de Registro de Preços objetivando contratações futuras, para: AQUISIÇÃO DE LEITES E FÓRMULAS NUTRICIONAIS E ENTERAIS, DESTINADOS A ATENDER ÀS NECESSIDADES DAS UNIDADES DE SAÚDE, PROGRAMAS E AÇÕES VINCULADAS À SECRETARIA MUNICIPAL DE SAÚDE DO MUNICÍPIO DE BARAÚNA-PB, VISANDO GARANTIR O SUPORTE NUTRICIONAL ADEQUADO AOS PACIENTES ASSISTIDOS PELA REDE MUNICIPAL, CONFORME ESPECIFICAÇÕES, QUANTIDADES E CONDIÇÕES ESTABELECIDAS NO TERMO DE REFERÊNCIA. Abertura da sessão pública: 09:00 horas do dia 19 de Dezembro de 2025. Início da fase de lances: 09:15 horas do dia 19 de Dezembro de 2025. Referência: horário de Brasília - DF. Recursos: previstos no orçamento vigente. Fundamento legal: Lei Federal nº 14.133/21; Lei Municipal nº 28/23; Lei Municipal nº 28/23; Lei Complementar nº 123/06; e legislação pertinente, consideradas as alterações posteriores das referidas normas. Informações: das 07:00 as 12:00 horas dos dias úteis, no endereço supracitado. Telefone: (083) 36331180. E-mail: licitacaobarauna@gmail.com. Edital: www.barauna.pb.gov.br; www.tce.pb.gov.br; www.portaldecompraspublicas.com.br; www.gov.br/pncp.</p><p class="data">Baraúna - PB, 1º de dezembro de 2025.</p><p class="assina">ANSELMO PEREIRA DE SOUZA LIMA</p><p></p>]]></Texto>
  </body>
  <Midias />
</article></xml>