﻿<xml><article id="46729652" name="6. EXTRATO N 02 2025 - DOU" idOficio="11441082" pubName="DO3" artType="Extrato" pubDate="03/12/2025" artClass="00075:00009:00045:00000:00000:00000:00000:00000:00000:00000:00170:00000" artCategory="Prefeituras/Estado do Maranhão/Prefeitura Municipal de Barra do Corda" artSize="12" artNotes="" numberPage="241" pdfPage="http://pesquisa.in.gov.br/imprensa/jsp/visualiza/index.jsp?data=03/12/2025&amp;jornal=530&amp;pagina=241" editionNumber="230" highlightType="" highlightPriority="" highlight="" highlightimage="" highlightimagename="" idMateria="23373523">
  <body>
    <Identifica><![CDATA[ EXTRATO DO TERMO ADITIVO Nº 2 ao CONTRATO Nº 370/2023]]></Identifica>
    <Data><![CDATA[]]></Data>
    <Ementa />
    <Titulo />
    <SubTitulo />
    <Texto><![CDATA[<p class="identifica">EXTRATO DO TERMO ADITIVO Nº 2 ao CONTRATO Nº 370/2023</p><p>Segundo Termo Aditivo do Contrato nº 370/2023. Concorrência Pública nº 003/2023, CONTRATADO: MVR CONSTRUCOES E SERVICOS LTDA, inscrita no CNPJ sob o n.º 17.965.061/0001-96, neste ato representada pelo Sr. Irowagner Apolonio Bezerra de Alencar. CONTRATANTE: Município de Barra do Corda/MA, através da Secretaria Municipal de Educação/FME, CNPJ n.º 18.172.388/0001-73. Conforme permitido pelo Art. 57, inciso II, da Lei 8.666/93, e suas alterações. Importa o presente termo aditivo a alteração da Cláusula Sétima do contrato nº. 370/2023, alterando o prazo de vigência de 30 de novembro de 2024 a 30 de novembro de 2025, para 30 de novembro de 2025 a 30 de novembro de 2026.</p><p></p>]]></Texto>
  </body>
  <Midias />
</article></xml>