﻿<xml><article id="46733144" name="SPI-007-ECT-00436157" idOficio="11442466" pubName="DO3" artType="Extrato de Termo Aditivo" pubDate="03/12/2025" artClass="00014:00021:00049:00004:00000:00000:00000:00000:00000:00000:00053:00000" artCategory="Ministério das Comunicações/Empresa Brasileira de Correios e Telégrafos/Diretoria de Governança e Estratégia/Superintendência Estadual N1 SPI" artSize="12" artNotes="" numberPage="17" pdfPage="http://pesquisa.in.gov.br/imprensa/jsp/visualiza/index.jsp?data=03/12/2025&amp;jornal=530&amp;pagina=17" editionNumber="230" highlightType="" highlightPriority="" highlight="" highlightimage="" highlightimagename="" idMateria="23375210">
  <body>
    <Identifica><![CDATA[ EXTRATO DE TERMO ADITIVO]]></Identifica>
    <Data><![CDATA[]]></Data>
    <Ementa />
    <Titulo />
    <SubTitulo />
    <Texto><![CDATA[<p class="identifica">EXTRATO DE TERMO ADITIVO</p><p>TERMO - Nº 43/2025 de Autorização para Instalação de Guichê Avançado de Atendimento SAZONAL (Demanda de Mercado) pela AGF SÃO JOSÉ - Contrato de Franquia Postal 9912253049. Vigência até: 10/09/2026</p><p>TERMO - Nº 53/2025 de Autorização para Instalação de Guichê Avançado de Atendimento SAZONAL (Demanda de Mercado) pela AGF VILA RECREIO - Contrato de Franquia Postal 9912255750. Vigência até: 27/10/2026</p>]]></Texto>
  </body>
  <Midias />
</article></xml>