﻿<xml><article id="46734309" name="Notificacao preventiva_Sigma" idOficio="11431800" pubName="DO3" artType="Aviso" pubDate="03/12/2025" artClass="00071:00022:00000:00000:00000:00000:00000:00000:00000:00000:00106:00000" artCategory="Entidades de Fiscalização do Exercício das Profissões Liberais/Conselho de Arquitetura e Urbanismo do Rio de Janeiro" artSize="12" artNotes="" numberPage="202" pdfPage="http://pesquisa.in.gov.br/imprensa/jsp/visualiza/index.jsp?data=03/12/2025&amp;jornal=530&amp;pagina=202" editionNumber="230" highlightType="" highlightPriority="" highlight="" highlightimage="" highlightimagename="" idMateria="23359077">
  <body>
    <Identifica><![CDATA[ edital DE NOTIFICAÇÃO PREVENTIVA]]></Identifica>
    <Data><![CDATA[Em 26 de novembro de 2025.]]></Data>
    <Ementa />
    <Titulo />
    <SubTitulo />
    <Texto><![CDATA[<p class="identifica">edital DE NOTIFICAÇÃO PREVENTIVA</p><p>Interessada: Sigma RJ Construção de Edifício LTDA (CNPJ 11.296.580/0001-22); Notificação Preventiva 1000176257-02A/2024; processo 1664875; infração: Exercício Ilegal da Profissão (PJ); prazo de recurso: 10 (dez) dias a contar da data desta publicação. Caso contrário, o processo terá prosseguimento conforme legislação vigente; Fundamentação jurídica: art. 71, Res. CAU/BRn.198 e art. 7° Lei 12.378/2010.</p><p class="data">Em 26 de novembro de 2025.</p><p class="assina">Sydnei Menezes</p><p class="cargo">Presidente</p>]]></Texto>
  </body>
  <Midias />
</article></xml>