﻿<xml><article id="46729934" name="RESUMO DE RETIFICACAO DO CONTRAT" idOficio="11433329" pubName="DO3" artType="Retificação" pubDate="03/12/2025" artClass="00074:00006:00055:00000:00000:00000:00000:00000:00000:00000:00126:00000" artCategory="Governo do Estado/Governo do Estado da Bahia/SECRETARIA DE ASSISTÊNCIA E DESENVOLVIMENTO SOCIAL" artSize="12" artNotes="" numberPage="214" pdfPage="http://pesquisa.in.gov.br/imprensa/jsp/visualiza/index.jsp?data=03/12/2025&amp;jornal=530&amp;pagina=214" editionNumber="230" highlightType="" highlightPriority="" highlight="" highlightimage="" highlightimagename="" idMateria="23361899">
  <body>
    <Identifica><![CDATA[ extrato DO TERMO DE RERRATIFICAÇÃO AO CONTRATO Nº 13/2025]]></Identifica>
    <Data><![CDATA[]]></Data>
    <Ementa />
    <Titulo />
    <SubTitulo />
    <Texto><![CDATA[<p class="identifica">extrato DO TERMO DE RERRATIFICAÇÃO AO CONTRATO Nº 13/2025</p><p>PROCESSO: 093.1728.2025.0000722-14.</p><p>LOCATÁRIO: O Estado da Bahia, através da SECRETARIA DE ASSISTÊNCIA E DESENVOLVIMENTO SOCIAL - SEADES. LOCADOR: JULLIANO EDER DA SILVA, CPF: ***.***.***-30. OBJETO: Retificar a CLÁUSULA SEGUNDA - DO PRAZO DE VIGÊNCIA e a CLÁUSULA TERCEIRA - DO PREÇO, do Contrato nº 013/2025, que passarão a viger da seguinte forma: A locação vigorará pelo prazo de 15 (quinze) meses, contados a partir da data da assinatura deste Contrato, admitida a sua prorrogação, desde que firmado termo contratual aditivo específico, condicionada sua respectiva assinatura, à existência de dotação orçamentária própria e a que as partes interessadas se pronunciem, por escrito, com antecedência de 30 (trinta) dias antes da data do seu término, bem como o LOCATÁRIO pagará ao LOCADOR o valor mensal pactuado em R$ 6.000,00 (seis mil reais), totalizando R$ 90.000,00 (noventa mil reais) de locação, devendo o pagamento ser efetuado até o 10º (décimo) dia útil do mês subsequente ao mês vencido. AMPARO LEGAL: Lei Federal nº 14.133, de 01.04.2021. ASSINATURA: 25 de novembro de 2025. FABYA DOS REIS SANTOS - Secretária.</p>]]></Texto>
  </body>
  <Midias />
</article></xml>