﻿<xml><article id="46734786" name="ExtratodePublicacaonovSSPL" idOficio="11440961" pubName="DO3" artType="Extrato de Ordem de Compra" pubDate="03/12/2025" artClass="00041:00022:00016:00192:00001:00002:00000:00000:00000:00000:00135:00000" artCategory="Ministério de Portos e Aeroportos/Empresa Brasileira de Infraestrutura Aeroportuária/Diretoria Executiva/Diretoria de Administração/Superintendência de Administração Geral/Gerência de Administração Geral" artSize="12" artNotes="" numberPage="146" pdfPage="http://pesquisa.in.gov.br/imprensa/jsp/visualiza/index.jsp?data=03/12/2025&amp;jornal=530&amp;pagina=146" editionNumber="230" highlightType="" highlightPriority="" highlight="" highlightimage="" highlightimagename="" idMateria="23373437">
  <body>
    <Identifica><![CDATA[ EXTRATO DE ORDEM DE COMPRA]]></Identifica>
    <Data><![CDATA[]]></Data>
    <Ementa />
    <Titulo />
    <SubTitulo />
    <Texto><![CDATA[<p class="identifica">EXTRATO DE ORDEM DE COMPRA</p><p>SMS Nº SSPI-SMS-2025/0004. Objeto: Contratação de empresa especializada para limpeza de 2 aparelhos de ar-condicionado marca ELGIN de 12 Btus e outro de 18 Btus para INFRAERO nas dependências do Aeroporto Edu Chaves - SSPI. Contratada: 22.547.614 JOAO MATEUS DE SOUZA AMARAL, CNPJ N° 22.547.614/0001-20. Valor global: R$ 500. Fundamento legal: art. 51, §2º da Lei 13.303/2016. Fonte de Recurso: 212/311070403/20513-0. Autorização em 25/11/2025.</p>]]></Texto>
  </body>
  <Midias />
</article></xml>