﻿<xml><article id="46729286" name="Avisos Pregoes 035 e 036-25" idOficio="11442122" pubName="DO3" artType="Aviso de Licitação" pubDate="03/12/2025" artClass="00075:00005:00255:00000:00000:00000:00000:00000:00000:00000:00078:00000" artCategory="Prefeituras/Estado da Bahia/Prefeitura Municipal de Itagibá" artSize="12" artNotes="" numberPage="225" pdfPage="http://pesquisa.in.gov.br/imprensa/jsp/visualiza/index.jsp?data=03/12/2025&amp;jornal=530&amp;pagina=225" editionNumber="230" highlightType="" highlightPriority="" highlight="" highlightimage="" highlightimagename="" idMateria="23374768">
  <body>
    <Identifica><![CDATA[ AVISOs DE LICITAÇÃO ]]></Identifica>
    <Data><![CDATA[ Itagibá-BA,  2 de dezembro de 2025.]]></Data>
    <Ementa />
    <Titulo />
    <SubTitulo />
    <Texto><![CDATA[<p class="identifica">AVISOs DE LICITAÇÃO</p><p class="identifica">PREGÃO ELETRÔNICO - SRP Nº 35/2025</p><p>O MUNICÍPIO DE ITAGIBÁ, CNPJ: 13.701.966/0001-06, torna público que realizará no dia 17/12/2025 às 09h00min, o PE 035/2025, PA 149/2025. OBJETO: Contratação de empresa especializada para futura e eventual prestação de serviços de manutenção em impressoras (conserto), com reposição de peças originais do fabricante ou compatíveis ao equipamento, de qualidade e durabilidade equivalente, visando suprir a carência das secretarias do Município de Itagibá-BA. Através da plataforma: www.bnc.org.br</p><p class="identifica">PREGÃO ELETRÔNICO Nº 36/2025</p><p>O MUNICÍPIO DE ITAGIBÁ, CNPJ: 13.701.966/0001-06, torna público que realizará no dia 18/12/2025 às 09h00min, o PE 036/2025, PA 166/2025. OBJETO: Contratação dos serviços de administração e gestão de sistemas, conveniente por meio de cartão magnético, com completo de cartão personalizado, com senha e logotipo exclusivo, com função subsídio, destinado a atender aos beneficiários do Programa Bolsa Família Municipal - Renda Mais, no município de Itagibá-BA. Através da plataforma: www.bnc.org.br. Demais atos no Diário Oficial do município: www.itagiba.ba.gov.br.</p><p class="data">Itagibá-BA, 2 de dezembro de 2025.</p><p class="assina">Joyce Rocha Lima</p><p class="cargo">Agente de Contratação</p><p class="cargo">Portaria nº 1054/2025</p>]]></Texto>
  </body>
  <Midias />
</article></xml>