﻿<xml><article id="46726397" name="Autorizacao de contratacao diret" idOficio="11439347" pubName="DO3" artType="Extrato de Dispensa de Licitação" pubDate="03/12/2025" artClass="00075:00024:00772:00000:00000:00000:00000:00000:00000:00000:00037:00000" artCategory="Prefeituras/Estado de São Paulo/Prefeitura Municipal de Valentim Gentil" artSize="12" artNotes="" numberPage="303" pdfPage="http://pesquisa.in.gov.br/imprensa/jsp/visualiza/index.jsp?data=03/12/2025&amp;jornal=530&amp;pagina=303" editionNumber="230" highlightType="" highlightPriority="" highlight="" highlightimage="" highlightimagename="" idMateria="23370267">
  <body>
    <Identifica><![CDATA[ aviso de DISPENSA DE LICITAÇÃO Nº 60/2025]]></Identifica>
    <Data><![CDATA[ Valentim Gentil, 28 de novembro de 2025.]]></Data>
    <Ementa />
    <Titulo />
    <SubTitulo />
    <Texto><![CDATA[<p class="identifica">aviso de DISPENSA DE LICITAÇÃO Nº 60/2025</p><p>AUTORIZAÇÃO/EXTRATO DO CONTRATO Nº 105/2025</p><p>Processo nº 195/2025</p><p>O Município de Valentim Gentil, considerando os requisitos do art. 72, da Lei 14.133/21, tendo em vista o conteúdo do presente processo, RATIFICO a contratação da empresa NOROMIX CONCRETO S/A, CNPJ Nº 10.558.895/0001-38, com sede na Rua Joaquim Floriano, nº 888, Conjunto 605, Itaim Bibi, CEP 04534-003, na capital de São Paulo/SP, para Contratação de empresa especializada em obras e serviços de recapeamento asfáltico em atendimento as necessidades da Secretaria de Obras do Município de Valentim Gentil, com recursos provenientes do Plano de Ação 09032025-083745 / 2025 - PROGRAMA: 09032025 - EMENDA: 202540350003, por meio de adesão à Ata de Registro de Preços nº 015/2024, Concorrência Presencial nº 004/2024, Processo nº 017/2024, realizado pelo Consórcio Público Intermunicipal de Inovação e Desenvolvimento do Estado de São Paulo - CINDESP, totalizando a importância de R$ 393.624,36 (trezentos e noventa e três mil, seiscentos e vinte e quatro reais e trinta e seis centavos) por meio de DISPENSA DE LICITAÇÃO nos termos do art. 72, da Lei 14.133/21, com Contrato sob nº 105/2025, Assinatura dia 28/11/2025, Vigência: 12 (doze) meses contados da data da assinatura.</p><p class="data">Valentim Gentil, 28 de novembro de 2025.</p><p class="assina">Claudinei Carvassan Rodrigues</p><p class="cargo">Prefeito</p>]]></Texto>
  </body>
  <Midias />
</article></xml>