﻿<xml><article id="46725686" name="Contrato 029-2025 - 2M" idOficio="11434632" pubName="DO3" artType="Extrato de Contrato" pubDate="03/12/2025" artClass="00028:00046:00000:00000:00000:00000:00000:00000:00000:00000:00030:00000" artCategory="Ministério da Fazenda/Agência Brasileira Gestora de Fundos Garantidores e Garantias S.A." artSize="12" artNotes="" numberPage="114" pdfPage="http://pesquisa.in.gov.br/imprensa/jsp/visualiza/index.jsp?data=03/12/2025&amp;jornal=530&amp;pagina=114" editionNumber="230" highlightType="" highlightPriority="" highlight="" highlightimage="" highlightimagename="" idMateria="23363772">
  <body>
    <Identifica><![CDATA[ EXTRATO DE CONTRATO Nº 29/2025]]></Identifica>
    <Data><![CDATA[]]></Data>
    <Ementa />
    <Titulo />
    <SubTitulo />
    <Texto><![CDATA[<p></p><p class="identifica">EXTRATO DE CONTRATO Nº 29/2025</p><p></p><p>Espécie: Contrato 29/2025. Processo nº: 17909.000581/2025-15; Objeto: Contratação de serviço de Telefonia Fixa Comutada e disponibilização de PABX em nuvem para a Agência Brasileira Gestora de Fundos Garantidores e Garantias S.A. - ABGF; Contratante: Agência Brasileira Gestora de Fundos Garantidores e Garantias S.A; Contratada: 2M DIGITAL COMÉRCIO E SERVIÇOS DE INFORMÁTICA LTDA; Duração do Contrato: 24/11/2025 a 24/11/2026; Valor total: R$ 27.480,00.</p>]]></Texto>
  </body>
  <Midias />
</article></xml>