﻿<xml><article id="46726676" name="EXTRATO DE ATA RP = DOU - Materi" idOficio="11439372" pubName="DO3" artType="Extrato de Registro de Preços" pubDate="03/12/2025" artClass="00075:00012:00916:00000:00000:00000:00000:00000:00000:00000:00047:00000" artCategory="Prefeituras/Estado de Minas Gerais/PREFEITURA MUNICIPAL DE SANTA RITA DO SAPUCAÍ" artSize="12" artNotes="" numberPage="257" pdfPage="http://pesquisa.in.gov.br/imprensa/jsp/visualiza/index.jsp?data=03/12/2025&amp;jornal=530&amp;pagina=257" editionNumber="230" highlightType="" highlightPriority="" highlight="" highlightimage="" highlightimagename="" idMateria="23370505">
  <body>
    <Identifica><![CDATA[ EXTRATO  DE REGISTRO DE PREÇOS]]></Identifica>
    <Data><![CDATA[]]></Data>
    <Ementa />
    <Titulo />
    <SubTitulo />
    <Texto><![CDATA[<p class="identifica">EXTRATO DE REGISTRO DE PREÇOS</p><p>Extrato da Ata de Registro de Preços N.º 068/2025, oriunda do Processo Licitatório PRC N.º 151/2025, na modalidade PREGÃO ELETRÔNICO Nº. 068/2025, cujo Objeto é a contratação de empresa para fornecimento de MATERIAL ESPORTIVO destinado a manutenção das atividades das secretarias solicitantes do município de Santa Rita do Sapucaí/MG.</p><p>Vigência da Ata de RP: 18/11/2025 a 17/11/2026.</p><p>Registrada: 300 COMERCIO, SERVIÇO E LOGISTICA EIRELI -EPP. Valor: R$ 88.047,50.</p><p>Registrada: AK INOVAÇÕES LTDA. Valor: R$ 17.062,70.</p><p>Registrada: ANTONIA DINAIR LIMA E SILVA. Valor: R$ 9.690,00.</p><p>Registrada: AQUARELA COMÉRCIO E SERVIÇOS. Valor: R$ 31.589,91.</p><p>Registrada: BIG BALL SPORTS MATERIAL ESPORTIVO LTDA. Valor: R$ 14.581,90.</p><p>Registrada: D.E.A CALÇADOS LTDA. Valor: R$ 20.612,50.</p><p>Registrada: H.F. SOLUÇÕES LTDA. Valor: R$ 2.970,00.</p><p>Registrada: L. V. PINTO LTDA. Valor: R$ 21.838,70.</p><p>Registrada: MAIS ESPORTE COMERCIO DE ARTIGOS ESPORTIVOS LTDA. Valor: R$ 17.635,00.</p><p>Registrada: OURO FLEX COMERCIAL LTDA. Valor: R$ 80.619,00.</p><p>Registrada: RAMSIG LTDA. Valor: R$ 24.735,00.</p><p>Registrada: ROGER ANDRÉ BRAUN ME. Valor: R$ 16.980,00.</p><p>Registrada: TREVENZA SOLUCOES LTDA. Valor: R$ 3.089,90.</p><p>Registrada: VICENZA - LTDA. Valor: R$ 4.516,00.</p><p>Valor Global do Processo: R$ 353.968,11.</p><p>Íntegra disponível em: www.pmsrs.mg.gov.br.</p>]]></Texto>
  </body>
  <Midias />
</article></xml>