﻿<xml><article id="46725359" name="Extrato 07.066.2025 - DOU" idOficio="11438326" pubName="DO3" artType="Aviso de Licitação" pubDate="03/12/2025" artClass="00075:00023:00154:00002:00000:00000:00000:00000:00000:00000:00079:00000" artCategory="Prefeituras/Estado de Santa Catarina/Prefeitura Municipal de Itapema/Secretaria Municipal de Administração" artSize="12" artNotes="" numberPage="296" pdfPage="http://pesquisa.in.gov.br/imprensa/jsp/visualiza/index.jsp?data=03/12/2025&amp;jornal=530&amp;pagina=296" editionNumber="230" highlightType="" highlightPriority="" highlight="" highlightimage="" highlightimagename="" idMateria="23368914">
  <body>
    <Identifica><![CDATA[aviso  DE LICITAÇÃO]]></Identifica>
    <Data><![CDATA[ Itapema, 26 de novembro 2025.]]></Data>
    <Ementa />
    <Titulo />
    <SubTitulo />
    <Texto><![CDATA[<p class="identifica">aviso DE LICITAÇÃO</p><p class="identifica">Pregão Eletrônico nº 7.066.2025</p><p>O Município de Itapema, torna público a abertura do: Pregão Eletrônico nº. 07.066.2025. Objeto: Registro de Preços para eventual contratação, de forma parcelada, de empresa especializada para remoção/instalação de esquadrias diversas, vidros, espelhos, grades e afins, para atender as necessidades da Secretaria de Educação e demais Secretarias Municipais, conforme especificações e quantitativos estimados constantes no anexo I do edital nº 07.066.2025. Data de inicío do recebimento das propostas de preço e documentos de habilitação: A partir das 12:00 (doze horas) do dia 28 (vinte e oito) de novembro de 2025. Data final para recebimento das propostas de preço e documentos de habilitação: Até às 13:00 (treze horas) do dia 12 (doze) de dezembro de 2025. Data de Abertura das Propostas e etapa de lances: às 13:15 (treze horas e quinze minuto) do dia 12 (doze) de dezembro de 2025. Endereço para retirada do edital: O edital poderá ser baixado pelo sítio https://licitar.digital/ ou www.itapema.sc.gov.br, no ícone "licitações - pregão eletrônico: 07.066.2025" ou pessoalmente, Avenida Nereu Ramos, 134, Bairro Centro. Dúvidas, entrar em contato pelo telefone (047) 3268-8010.</p><p class="data">Itapema, 26 de novembro 2025.</p><p class="assina">Valdir Nesi Filho</p><p class="cargo">Secretário Municipal de Educação de Itapema-SC</p><p class="assina">Raphael Sargilo Saramento Voltolini</p><p class="cargo">Secretário Municipal de Administração de Itapema-SC</p>]]></Texto>
  </body>
  <Midias />
</article></xml>