﻿<xml><article id="46725932" name="Pregao - ADJUDICACAO e HOMOLOGAC" idOficio="11441763" pubName="DO3" artType="Aviso de Homologação e Adjudicação" pubDate="03/12/2025" artClass="00075:00014:00093:00000:00000:00000:00000:00000:00000:00000:00076:00000" artCategory="Prefeituras/Estado da Paraíba/Prefeitura Municipal de Diamante" artSize="12" artNotes="" numberPage="272" pdfPage="http://pesquisa.in.gov.br/imprensa/jsp/visualiza/index.jsp?data=03/12/2025&amp;jornal=530&amp;pagina=272" editionNumber="230" highlightType="" highlightPriority="" highlight="" highlightimage="" highlightimagename="" idMateria="23374294">
  <body>
    <Identifica><![CDATA[ AVISO DE ADJUDICAÇÃO E HOMOLOGAÇÃO]]></Identifica>
    <Data><![CDATA[ Diamante - PB, 26 de novembro de 2025.]]></Data>
    <Ementa />
    <Titulo />
    <SubTitulo />
    <Texto><![CDATA[<p></p><p class="identifica">AVISO DE ADJUDICAÇÃO E HOMOLOGAÇÃO</p><p class="identifica">CONCORRÊNCIA Nº 5/2025</p><p></p><p>Processo Administrativo nº 120/2025. Contratante: Prefeitura Municipal de Diamante - PB. Contratados: ABILIO FERREIRA LIMA NETO LTDA, CNPJ: 05.935.592/0001-57, situada na Rua São José, 67, Centro, Diamante - PB, com valor de R$ 517.000,00 (quinhentos e dezessete mil), Objeto: Contratação de empresa especializada para a pavimentação em diversas ruas do município de Diamante-PB, sob no número de repasse nº 1094643-23, nº-Sincov - 963037. Fundamentação Legal: Lei Federal nº 14.133 de 01 de abril de 2021, com suas alterações posteriores.</p><p class="data">Diamante - PB, 26 de novembro de 2025.</p><p class="assina">Hermes Mangueira Diniz Filho</p><p class="cargo">Prefeito</p>]]></Texto>
  </body>
  <Midias />
</article></xml>