﻿<xml><article id="46734321" name="Aviso de revogacao_Mapeamento de" idOficio="11431800" pubName="DO3" artType="Aviso de Revogação" pubDate="03/12/2025" artClass="00071:00022:00000:00000:00000:00000:00000:00000:00000:00000:00086:00000" artCategory="Entidades de Fiscalização do Exercício das Profissões Liberais/Conselho de Arquitetura e Urbanismo do Rio de Janeiro" artSize="12" artNotes="" numberPage="202" pdfPage="http://pesquisa.in.gov.br/imprensa/jsp/visualiza/index.jsp?data=03/12/2025&amp;jornal=530&amp;pagina=202" editionNumber="230" highlightType="" highlightPriority="" highlight="" highlightimage="" highlightimagename="" idMateria="23359076">
  <body>
    <Identifica><![CDATA[aviso de REVOGAÇÃO ]]></Identifica>
    <Data><![CDATA[ 26 de novembro de 2025.]]></Data>
    <Ementa />
    <Titulo />
    <SubTitulo />
    <Texto><![CDATA[<p class="identifica">aviso de REVOGAÇÃO</p><p class="identifica">PREGÃO ELETRÔNICO Nº 2/2025</p><p>Objeto: O pregão eletrônico nº 002/2025 referente a contratação de pessoa jurídica especializada na prestação de serviços de mapeamento de processos para o CAU/RJ foi revogado pela autoridade competente por motivos de conveniência e oportunidade da Administração, conforme justificativa acostada aos autos do processo SEI n° 000172.000192/2025-49;</p><p class="data">26 de novembro de 2025.</p><p class="assina">Marcos Ribeiro Junior</p><p class="cargo">Pregoeiro</p>]]></Texto>
  </body>
  <Midias />
</article></xml>