﻿<xml><article id="46725218" name="HOMOLOGA DISPENSA ELETRONICA 011" idOficio="11438151" pubName="DO3" artType="Aviso de Homologação" pubDate="03/12/2025" artClass="00075:00012:00768:00000:00000:00000:00000:00000:00000:00000:00075:00000" artCategory="Prefeituras/Estado de Minas Gerais/PREFEITURA MUNICIPAL DE PASSOS" artSize="12" artNotes="" numberPage="255" pdfPage="http://pesquisa.in.gov.br/imprensa/jsp/visualiza/index.jsp?data=03/12/2025&amp;jornal=530&amp;pagina=255" editionNumber="230" highlightType="" highlightPriority="" highlight="" highlightimage="" highlightimagename="" idMateria="23368737">
  <body>
    <Identifica><![CDATA[   AVISO DE DISPENSA ELETRÔNICA Nº 11/2025]]></Identifica>
    <Data><![CDATA[Em   28 de novembro de 2025.]]></Data>
    <Ementa />
    <Titulo />
    <SubTitulo />
    <Texto><![CDATA[<p></p><p class="identifica">AVISO DE DISPENSA ELETRÔNICA Nº 11/2025</p><p>Homologação de Dispensa Eletrônica.</p><p>Dispensa de Licitação Eletrônica nº. 011/2025 fica HOMOLOGADO o Processo Administrativo Licitatório nº 296/2025, cujo objeto é aquisição de materiais para a manutenção de circuito fechado de TV para atender as necessidades da UPA ao vencedor: MIX TELECOM COMERCIO PRODUTOS DE TELECOMUNICACOES LTDA - CPF/CNPJ: 07.021.536/0001-32 no Total Geral: R$3.550,00(três mil, quinhentos e cinquenta reais).</p><p class="data">Em 28 de novembro de 2025.</p><p class="assina">Randal de Oliveira Vargas</p><p class="cargo">Secretário Municipal de Saúde</p>]]></Texto>
  </body>
  <Midias />
</article></xml>