﻿<xml><article id="46727294" name="Extrato de contrato - FDV Engenh" idOficio="11432043" pubName="DO3" artType="Extrato de Contrato" pubDate="03/12/2025" artClass="00013:00063:00000:00000:00000:00000:00000:00000:00000:00000:00030:00000" artCategory="Ministério da Ciência, Tecnologia e Inovação/Financiadora de Estudos e Projetos" artSize="12" artNotes="" numberPage="10" pdfPage="http://pesquisa.in.gov.br/imprensa/jsp/visualiza/index.jsp?data=03/12/2025&amp;jornal=530&amp;pagina=10" editionNumber="230" highlightType="" highlightPriority="" highlight="" highlightimage="" highlightimagename="" idMateria="23360071">
  <body>
    <Identifica><![CDATA[ EXTRATO DE CONTRATO]]></Identifica>
    <Data><![CDATA[]]></Data>
    <Ementa />
    <Titulo />
    <SubTitulo />
    <Texto><![CDATA[<p></p><p class="identifica">EXTRATO DE CONTRATO</p><p>Processo FP-ADM-2024/03128; Espécie: Contrato nº 20.24.0430.00; Partes: Financiadora de Estudos e Projetos - FINEP, CNPJ nº. 33.749.086/0001-09 e FDV ENGENHARIA LTDA ME, CNPJ nº 19.276.691/0001-89. Objeto: Serviços de Desmontagem, embalagem, transporte, armazenagem e montagem de móveis equipamentos, utensílios do escritório da Finep em São Paulo. Valor: R$ 67.986,08 (sessenta e sete mil, novecentos e oitenta e seis reais e oito centavos). Prazo: 12 (doze) meses a contar da assinatura. Assinatura em 07/10/2024.</p>]]></Texto>
  </body>
  <Midias />
</article></xml>