﻿<xml><article id="46735915" name="DESPACHO DE HOM. PP. 19 DF CIVIL" idOficio="11442518" pubName="DO3" artType="Despacho" pubDate="03/12/2025" artClass="00075:00004:00034:00000:00000:00000:00000:00000:00000:00000:00145:00000" artCategory="Prefeituras/Estado do Amazonas/Prefeitura Municipal de Guajará" artSize="12" artNotes="" numberPage="221" pdfPage="http://pesquisa.in.gov.br/imprensa/jsp/visualiza/index.jsp?data=03/12/2025&amp;jornal=530&amp;pagina=221" editionNumber="230" highlightType="" highlightPriority="" highlight="" highlightimage="" highlightimagename="" idMateria="23375312">
  <body>
    <Identifica><![CDATA[aviso DE HOMOLOGAÇÃO E ADJUDICAÇÃO]]></Identifica>
    <Data><![CDATA[ Guajará - AM, 1º de dezembro de 2025.]]></Data>
    <Ementa />
    <Titulo />
    <SubTitulo />
    <Texto><![CDATA[<p class="identifica">aviso DE HOMOLOGAÇÃO E ADJUDICAÇÃO</p><p class="identifica">pregão Presencial nº 19/2025</p><p>O PREFEITO MUNICIPAL DE GUAJARÁ, no uso de suas atribuições legais,</p><p>CONSIDERANDO o que consta no Processo Administrativo, oriundo da Comissão Permanente de Licitação, referente à licitação na modalidade de P. Presencial nº 019/2025;</p><p>CONSIDERANDO que no referido processo foram respeitados todos os prazos estabelecidos pela legislação vigente;</p><p>CONSIDERANDO que a inexistência de recursos pendentes ao referido procedimento licitatório.</p><p>resolve:</p><p>I - HOMOLOGAR a decisão adotada pela Comissão Permanente de Licitação constante do processo mencionado onde foi considerada a B. DA SILVA MELLO LTDA, CNPJ Nº 24.105.776/0001-34, na Avenida Leopoldo de Bulhões, 1236, Cruzeirão, Cruzeiro do Sul - AC, Sr. José Elder Mesquita dos Santos, brasileiro, casado, sito na Av. Juvenal de Paula, nº 720, Centro, Guajará/AM, no valor de R$ 111.298,00 (cento e onze mil duzentos e noventa e oito reais); M. F. MELO, CNPJ Nº 47.429.529/0001-99, representada pelo Sr. Marcos Afonso Fonseca de Melo, brasileiro, casado, rua Felix Gaspar, N° 1239, sala 02, bairro João Alves, Cruzeiro do Sul-AC. No valor de R$ 86.580,00 (oitenta e seis mil quinhentos e oitenta reais), como vencedor do referido certame, através do P. Presencial Nº 019/2025.</p><p>II - ADJUDICAR às referidas empresas B. DA SILVA MELLO LTDA, CNPJ Nº 24.105.776/0001-34, vencedor dos lote I, II e III - Aquisição de cestas básicas, kits de limpeza, kits de higiene pessoal. Empresa M. F. MELO, CNPJ Nº 47.429.529/0001-99, Lote V colchões de solteiro, destinados à execução das ações de assistência humanitária às famílias atingidas por desastre natural (inundação) no Município de Guajará/AM, conforme especificações, quantidades e condições estabelecidas no Termo de Referência (Anexo I), objeto do referido P. Presencial Nº 19/2025, no valor global de R$ 197.878,00 (cento e noventa e sete mil oitocentos e setenta e oito reais).</p><p class="data">Guajará - AM, 1º de dezembro de 2025.</p><p class="assina">ADAILDO DA COSTA MELO FILHO</p><p></p>]]></Texto>
  </body>
  <Midias />
</article></xml>