﻿<xml><article id="46726721" name="publicacao uniao pr 76" idOficio="11437554" pubName="DO3" artType="Aviso" pubDate="03/12/2025" artClass="00075:00015:00102:00000:00000:00000:00000:00000:00000:00000:00106:00000" artCategory="Prefeituras/Estado do Paraná/Prefeitura Municipal de Colorado" artSize="12" artNotes="" numberPage="275" pdfPage="http://pesquisa.in.gov.br/imprensa/jsp/visualiza/index.jsp?data=03/12/2025&amp;jornal=530&amp;pagina=275" editionNumber="230" highlightType="" highlightPriority="" highlight="" highlightimage="" highlightimagename="" idMateria="23367951">
  <body>
    <Identifica><![CDATA[ AVISO DE licitação]]></Identifica>
    <Data><![CDATA[ Colorado, 28 de novembro de 2025.]]></Data>
    <Ementa />
    <Titulo />
    <SubTitulo />
    <Texto><![CDATA[<p class="identifica">AVISO DE licitação</p><p class="identifica">PREGÃO ELETRONICO Nº 76/2025</p><p>O Município de Colorado, Estado do Paraná, torna público que realizará às 08h30min do dia 16 de dezembro de 2025, PREGÃO ELETRONICO, para eventual Aquisição de gêneros alimentícios e itens de higiene pessoal para suprir a demanda da secretaria do município, menor preço por item. A pasta técnica estará disponível no portal da transparência do município e BNC - Banco Nacional de Compras a partir de 03 de dezembro de 2025 às 23h59min. Informações adicionais fone (44) 33211213.</p><p class="data">Colorado, 28 de novembro de 2025.</p><p class="assina">Rosimeire Chiquim</p><p class="cargo">Prefeita</p>]]></Texto>
  </body>
  <Midias />
</article></xml>