﻿<xml><article id="46726808" name="PREGAO ELETRONICO N 20251171" idOficio="11441014" pubName="DO3" artType="Aviso de Licitação" pubDate="03/12/2025" artClass="00074:00007:00001:00000:00000:00000:00000:00000:00000:00000:00079:00000" artCategory="Governo do Estado/Governo do Estado do Ceará/Casa Civil" artSize="12" artNotes="" numberPage="215" pdfPage="http://pesquisa.in.gov.br/imprensa/jsp/visualiza/index.jsp?data=03/12/2025&amp;jornal=530&amp;pagina=215" editionNumber="230" highlightType="" highlightPriority="" highlight="" highlightimage="" highlightimagename="" idMateria="23373366">
  <body>
    <Identifica><![CDATA[ AVISO DE LICITAÇÃO]]></Identifica>
    <Data><![CDATA[Fortaleza, 24 de Novembro de 2025]]></Data>
    <Ementa />
    <Titulo />
    <SubTitulo />
    <Texto><![CDATA[<p class="identifica">AVISO DE LICITAÇÃO</p><p class="identifica">PREGÃO ELETRÔNICO Nº 20251171</p><p>A Secretaria da Casa Civil torna público o Pregão Eletrônico Nº 20251171, de interesse da Secretaria da Saúde - SESA, cujo OBJETO é: Registro de Preço para futuras e eventuais aquisições de Material Médico Hospitalar, conforme especificações contidas no Edital e seus Anexos. RECEBIMENTO DAS PROPOSTAS VIRTUAIS: No endereço www.comprasnet.gov.br, através do Nº 911712025, até o dia 19/12/2025, às 8h30min (Horário de Brasília-DF). OBTENÇÃO DO EDITAL: No endereço eletrônico acima ou no site www.seplag.ce.gov.br</p><p class="data">Fortaleza, 24 de Novembro de 2025</p><p class="assina">FRANCISCO JOSÉ MACHADO DE OLIVEIRA</p><p class="cargo">Pregoeiro</p>]]></Texto>
  </body>
  <Midias />
</article></xml>