﻿<xml><article id="46725371" name="DOU I" idOficio="11430510" pubName="DO3" artType="Aviso" pubDate="03/12/2025" artClass="00075:00024:00475:00000:00000:00000:00000:00000:00000:00000:00106:00000" artCategory="Prefeituras/Estado de São Paulo/Prefeitura Municipal de Mogi Guaçu" artSize="12" artNotes="" numberPage="301" pdfPage="http://pesquisa.in.gov.br/imprensa/jsp/visualiza/index.jsp?data=03/12/2025&amp;jornal=530&amp;pagina=301" editionNumber="230" highlightType="" highlightPriority="" highlight="" highlightimage="" highlightimagename="" idMateria="23357049">
  <body>
    <Identifica><![CDATA[ EXTRATO DE TERMO DE FORMENTO]]></Identifica>
    <Data><![CDATA[]]></Data>
    <Ementa />
    <Titulo />
    <SubTitulo />
    <Texto><![CDATA[<p class="identifica">EXTRATO DE TERMO DE FORMENTO</p><p>TERMO DE FOMENTO Nº 26/SAS/2025 - Processo nº 6497/2025. Órgão Público: Prefeitura de Mogi Guaçu - Organização da Sociedade Civil: Associação Ágape. Objeto: Repasse oriundo da Emenda Parlamentar n.º 42650003/2024 quer tem por objeto R$150.000,00 para custeio de despesas com RH-5, Encargos Sociais, RH-6 e Gêneros Alimentícios e R$ 350.000,00 para despesas de investimento com contratação de empreiteira para reforma predial e aquisição de móveis planejados. Vigência de 24/10/2025 até 31/12/2026, vinculada à execução dos prazos do Plano de trabalho, e limitada a 12 meses, com início contado da transferência/repasse do recurso financeiro. Dotações: 14.01.08.243.4011.2860.335039-95 - ficha 4983 - R$ 150.000,00, para custeio / 14.01.08.243.4011.2860.445051-95 - ficha 4984 - R$ 316.800,00, para obras /14.01.08.243.4011.2860.445052-95 - ficha 4985 - R$ 33.200,00, para equipamentos e bens permanentes. Recurso Federal - Valor Total R$ 500.00,00.</p>]]></Texto>
  </body>
  <Midias />
</article></xml>