﻿<xml><article id="46730999" name="ExtratoADITIVOCONTRATO 209-25 - " idOficio="11434521" pubName="DO3" artType="Aviso" pubDate="03/12/2025" artClass="00075:00023:00156:00000:00000:00000:00000:00000:00000:00000:00106:00000" artCategory="Prefeituras/Estado de Santa Catarina/Prefeitura Municipal de Itapoá" artSize="12" artNotes="" numberPage="296" pdfPage="http://pesquisa.in.gov.br/imprensa/jsp/visualiza/index.jsp?data=03/12/2025&amp;jornal=530&amp;pagina=296" editionNumber="230" highlightType="" highlightPriority="" highlight="" highlightimage="" highlightimagename="" idMateria="23363613">
  <body>
    <Identifica><![CDATA[ EXTRATO de termo ADITIVO  ]]></Identifica>
    <Data><![CDATA[]]></Data>
    <Ementa />
    <Titulo />
    <SubTitulo />
    <Texto><![CDATA[<p class="identifica">EXTRATO de termo ADITIVO</p><p>CONTRATO ADMINISTRATIVO N209/2025. Concorrencia n. 24/2024 - Processo n. 96/2022. Contratante: MUNICIPIO DE ITAPOA. Contratado: ALPHASUL ENGENHARIA E CONSTRUCAO LTDA, CNPJ/MF sob o n 52.870.269/0001-22. Objeto: Aditivar a Contratacao de empresa com serviços de mao de obra especializada e fornecimento de materiais para construção da garagem da seinfra, conforme especificacoes e exigencias estabelecidas no edital e seus anexos. Fundamento Legal: Lei 14.133/21 e alteracoes. Vigencia: ate 05/04/2026. Valor Total: R$ 238.457,98. Data de Assinatura 26/11/2025. 27 de novembro de 2025. DIOGO EDUARDO DE LATORRE GONCALVES. Secretaria de Infraestrutura.</p>]]></Texto>
  </body>
  <Midias />
</article></xml>