﻿<xml><article id="46725449" name="ERRATA RATIFICACAO - ONIBUS" idOficio="11442680" pubName="DO3" artType="Retificação" pubDate="03/12/2025" artClass="00075:00005:00356:00000:00000:00000:00000:00000:00000:00000:00126:00000" artCategory="Prefeituras/Estado da Bahia/Prefeitura Municipal de Mutuípe" artSize="12" artNotes="ok" numberPage="227" pdfPage="http://pesquisa.in.gov.br/imprensa/jsp/visualiza/index.jsp?data=03/12/2025&amp;jornal=530&amp;pagina=227" editionNumber="230" highlightType="" highlightPriority="" highlight="" highlightimage="" highlightimagename="" idMateria="23375536">
  <body>
    <Identifica><![CDATA[retificação ]]></Identifica>
    <Data><![CDATA[]]></Data>
    <Ementa />
    <Titulo />
    <SubTitulo />
    <Texto><![CDATA[<p class="identifica">retificação</p><p>No Diário Oficial da União de 21 de novembro de 2025, ISSN 1677-7069, Nº 222, onde se lê: Refere-se à Ata de Registro de Preços nº 08/2023, tendo como empresa fornecedora On-Highway Brasil LTDA, CNPJ nº 36.519.422/0001-15, com sede na Rodovia MG-238, S/N, km 73.5, Sala On-Highway, Bloco II, Distrito Industrial Norte, Sete Lagoas, MG, CEP 35.703-138. Lê-se, Refere-se à Ata de Registro de Preços nº 08/2023, tendo como empresa fornecedora IVG BRASIL LTDA, CNPJ nº 36.519.422/0001-15, com endereço na Rodovia MG-238, s/n, km 73.5, Sala On-Highway, Bloco II, Distrito Industrial Norte, Sete Lagoas - MG, CEP 35.703-138</p>]]></Texto>
  </body>
  <Midias />
</article></xml>