﻿<xml><article id="46726910" name="AVISO CHP 03-2025__G22T2B" idOficio="11442457" pubName="DO3" artType="Aviso" pubDate="03/12/2025" artClass="00075:00002:00099:00000:00000:00000:00000:00000:00000:00000:00106:00000" artCategory="Prefeituras/Estado de Alagoas/Prefeitura Municipal de Piranhas" artSize="12" artNotes="" numberPage="218" pdfPage="http://pesquisa.in.gov.br/imprensa/jsp/visualiza/index.jsp?data=03/12/2025&amp;jornal=530&amp;pagina=218" editionNumber="230" highlightType="" highlightPriority="" highlight="" highlightimage="" highlightimagename="" idMateria="23375199">
  <body>
    <Identifica><![CDATA[   AVISO DE  CHAMAMENTO PÚBLICO Nº 3/2025 ]]></Identifica>
    <Data><![CDATA[]]></Data>
    <Ementa />
    <Titulo />
    <SubTitulo />
    <Texto><![CDATA[<p class="identifica">AVISO DE CHAMAMENTO PÚBLICO Nº 3/2025</p><p>PROCESSO ADMINISTRATIVO N.º 11030065/2025</p><p>CHAMAMENTO PÚBLICO PARA O CREDENCIAMENTO, PARA A PRESTAÇÃO DE SERVIÇO DE ASSISTÊNCIA DE MÉDICA HOSPITALAR E AMBULATORIAL DE MÉDIA E ALTA COMPLEXIDADE, PARA ATENDER AOS USUÁRIOS DO SISTEMA ÚNICO DE SAÚDE - SUS DE PIRANHAS/AL ENTREGA DA DOCUMENTAÇÃO: Sede da Secretaria Municipal de Administração ou por protocolo eletrônico. EDITAL E ANEXOS: Acesso a este edital e seus anexos a partir da publicação no endereço eletrônico: https://transparencia.piranhas.al.gov.br/ e pelo e-mail: licitacoes@piranhas.al.gov.br. DO PRAZO DE INSCRIÇÃO PARA O CREDENCIAMENTO: O prazo de inscrição se inicia no dia 04 DE DEZEMBRO A 12 DE JANEIRO DE 2026, sessão pública e analise de documentação no dia 13/01/2026, 10:00 horas.</p><p class="assina">Wellington Pinto Oliveira</p><p class="cargo">Presidente da Comissão de Contratação</p>]]></Texto>
  </body>
  <Midias />
</article></xml>