﻿<xml><article id="46729187" name="Avisodelicitacao121125" idOficio="11404361" pubName="DO3" artType="Aviso" pubDate="03/12/2025" artClass="00075:00024:00080:00000:00000:00000:00000:00000:00000:00000:00106:00000" artCategory="Prefeituras/Estado de São Paulo/PREFEITURA MUNICIPAL DE ARARAS" artSize="12" artNotes="" numberPage="296" pdfPage="http://pesquisa.in.gov.br/imprensa/jsp/visualiza/index.jsp?data=03/12/2025&amp;jornal=530&amp;pagina=296" editionNumber="230" highlightType="" highlightPriority="" highlight="" highlightimage="" highlightimagename="" idMateria="23313191">
  <body>
    <Identifica><![CDATA[AVISO DE LICITAÇÃO]]></Identifica>
    <Data><![CDATA[Araras-SP, 12 de novembro de 2025.]]></Data>
    <Ementa />
    <Titulo />
    <SubTitulo />
    <Texto><![CDATA[<p class="identifica">AVISO DE LICITAÇÃO</p><p class="identifica">PREGÃO ELETRÔNICO Nº 154/2025</p><p>PREGÃO ELETRÔNICO Nº 154/2025 - Aquisição de pás - eletrodo para paciente adulto descartável, destinado ao SAMU da Secretaria Municipal de Saúde, com verba MAC Federal, conforme especificações constantes do Anexo I deste Edital.</p><p>Recebimento das propostas: até às 8h do dia 18 de dezembro de 2025.</p><p>Abertura das propostas: após às 08h do dia 18 de dezembro de 2025.</p><p>Início da sessão de disputa de preços: às 8h e 30 min do dia 18 de dezembro de 2025.</p><p>A pasta contendo os editais e anexos estarão à disposição para leitura e retirada no site www.araras.sp.gov.br ou no Departamento de Compras, situada na Rua Pedro Alvares Cabral n° 83 Centro, em dias úteis no horário das 09:00 às 16:00 horas.</p><p>Todas as informações poderão ser obtidas no órgão supra ou telefone/fax (19) 3547-3107 ou e-mail pregao@araras.sp.gov.br.</p><p class="data">Araras-SP, 12 de novembro de 2025.</p><p class="assina">JOÃO PAULO FERREIRA RISSI</p><p class="cargo">Secretário Municipal de Administração</p><p></p>]]></Texto>
  </body>
  <Midias />
</article></xml>