﻿<xml><article id="46725383" name="EXTRATOS PARA PUBLICACAO - 27.11" idOficio="11441682" pubName="DO3" artType="Extrato de Contrato" pubDate="03/12/2025" artClass="00075:00026:00153:00002:00000:00000:00000:00000:00000:00000:00030:00000" artCategory="Prefeituras/Estado do Tocantins/Prefeitura Municipal de Santa Rosa do Tocantins/FUNDO MUNICIPAL DE ASSISTENCIA SOCIAL DE SANTA ROSA DO TOCANTINS" artSize="12" artNotes="" numberPage="306" pdfPage="http://pesquisa.in.gov.br/imprensa/jsp/visualiza/index.jsp?data=03/12/2025&amp;jornal=530&amp;pagina=306" editionNumber="230" highlightType="" highlightPriority="" highlight="" highlightimage="" highlightimagename="" idMateria="23374191">
  <body>
    <Identifica><![CDATA[ EXTRATO DE CONTRATO]]></Identifica>
    <Data><![CDATA[]]></Data>
    <Ementa />
    <Titulo />
    <SubTitulo />
    <Texto><![CDATA[<p class="identifica">EXTRATO DE CONTRATO</p><p>Contrato: Nº 36/2025. Licitação: Concorrência Eletrônica n° 001/2025, Processo Administrativo nº 498/2025. Objeto: Contratação de Empresa Especializada Para Execução de Obra de Construção de 25 (Vinte e Cinco) Casas Populares Habitacionais, Referente Ao Programa 5600020240048 - Novo Pac - Fnhis Sub-50 Portaria 1310/2024 - nº do Instrumento Mcidades nº 970877/Mcidades/Caixa - Operação nº 1099264-26, Através do Programa Moradia Digna, Pac 56000005723/2024 Sob A Portaria 1310/2024, Localizado No Setor São Jerônimo, Para atender a demanda da Secretaria Municipal de Assistência Social de Santa Rosa do Tocantins. Valor: R$ 3.266.429,00 (três milhões, duzentos e sessenta e seis mil, quatrocentos e vinte e nove reais).</p><p>CONTRATANTE: FUNDO MUNICIPAL ASSITÊNCIA SOCIAL DE SANTA ROSA DO TOCANTINS,</p><p>CNPJ: Nº 18.013.542/0001-64.</p><p>CONTRATADA: empresa K L CONSTRUTORA LTDA,</p><p>CNPJ: Nº 27.331.448/0001-44.</p><p>Prazo de Execução: 19 de novembro de 2025 a 18 de novembro de 2026.</p><p>Santa Rosa do Tocantins - TO, 19 de novembro de 2025. Selma Regina de Oliveira Teixeira Gestora do Fundo Municipal de Saúde</p>]]></Texto>
  </body>
  <Midias />
</article></xml>