﻿<xml><article id="46737562" name="AVISO DE LICITACAO-LC-90006-2025" idOficio="11442831" pubName="DO3" artType="Aviso" pubDate="03/12/2025" artClass="00041:00024:00000:00000:00000:00000:00000:00000:00000:00000:00106:00000" artCategory="Ministério de Portos e Aeroportos/Companhia das Docas do Estado da Bahia" artSize="12" artNotes="" numberPage="147" pdfPage="http://pesquisa.in.gov.br/imprensa/jsp/visualiza/index.jsp?data=03/12/2025&amp;jornal=530&amp;pagina=147" editionNumber="230" highlightType="" highlightPriority="" highlight="" highlightimage="" highlightimagename="" idMateria="23375724">
  <body>
    <Identifica><![CDATA[ AVISO DE LICITAÇÃO ]]></Identifica>
    <Data><![CDATA[]]></Data>
    <Ementa />
    <Titulo />
    <SubTitulo />
    <Texto><![CDATA[<p class="identifica">AVISO DE LICITAÇÃO</p><p class="identifica">LICITAÇÃO CODEBA Nº 90006/2025</p><p>Objeto: Contratação de empresa para a execução da obra de embrechamento da estrutura do cais e recuperação do enrocamento de contenção do aterro hidráulico, e readequação da pavimentação e drenagem da retroárea do Porto Organizado de Ilhéus. Processo-SEI: 50903.002927/2024-64. Valor Estimado Sigiloso. Critério de Julgamento: Técnica e Preço. Disponibilização do Edital e Entrega dos Envelopes: a partir de 02/12/2025, às 8h. Limite para entrega de envelopes: 04/02/2026, às 9h45. Sessão pública presencial para abertura dos Envelopes de Proposta Técnica: 04/02/2026, às 10h (HORÁRIO DE BRASÍLIA), na Sala de licitações da Sede da CODEBA, localizada à Avenida da França, nº 1551, Estação Marítima Visconde de Cayru, Comércio, Salvador - Bahia. Informações pelo telefone (71) 3320-1278, no horário das 8h às 12h e das 13h às 17h, ou pelo endereço eletrônico copel@codeba.gov.br</p><p class="assina">Bruno Rocha</p><p class="cargo">Presidente COPEL</p>]]></Texto>
  </body>
  <Midias />
</article></xml>