﻿<xml><article id="46732073" name="publicDouPraca" idOficio="11439156" pubName="DO3" artType="Aviso de Licitação" pubDate="03/12/2025" artClass="00075:00012:00386:00000:00000:00000:00000:00000:00000:00000:00079:00000" artCategory="Prefeituras/Estado de Minas Gerais/Prefeitura Municipal de Divino" artSize="12" artNotes="" numberPage="251" pdfPage="http://pesquisa.in.gov.br/imprensa/jsp/visualiza/index.jsp?data=03/12/2025&amp;jornal=530&amp;pagina=251" editionNumber="230" highlightType="" highlightPriority="" highlight="" highlightimage="" highlightimagename="" idMateria="23370118">
  <body>
    <Identifica><![CDATA[AVISO DE LICITAÇÃO]]></Identifica>
    <Data><![CDATA[]]></Data>
    <Ementa />
    <Titulo />
    <SubTitulo />
    <Texto><![CDATA[<p class="identifica">AVISO DE LICITAÇÃO</p><p class="identifica">CONCORRÊNCIA ELETRÔNICA Nº 13/2025</p><p>PAL nº 113/2025 - Concorrência Eletrônica nº 13/2025 - Tipo Menor Preço Global.</p><p>O Município de Divino-MG, com sede na Rua Marinho Carlos de Souza, 05, Centro, nesta cidade de Divino, CEP 36.820-000, CNPJ n. 18.114.272/0001-88, nos termos da Lei Federal n° 14.133/2021, torna público a Seleção e contratação de empresa para Execução de Serviços de revitalização da Praça Genserico Nunes de Oliveira e praça da matriz, no município de Divino-MG.</p><p>A sessão será realizada através do Portal Eletrônico LICITANET no dia 15 de dezembro de 2025 às 09:00 horas. A cópia do edital está disponibilizada no site da prefeitura municipal de Divino, através do sítio eletrônico www.divino.mg.gov.br, assim como no Portal Nacional de Contratações Públicas - "PNCP", podendo também ser requerida pelo e-mail: licitacao@divino.mg.gov.br. Os esclarecimentos necessários serão obtidos no Setor de Licitações da Prefeitura Municipal de Divino, situado na Rua Marinho Carlos de Souza, N <sup>o</sup> 05, Centro, CEP 36.820-000, Divino - MG, Tel (032) 3743 0606.</p><p class="assina">GABRIEL DOS SANTOS ALVES</p><p class="cargo">Agente de Contratação</p>]]></Texto>
  </body>
  <Midias />
</article></xml>