﻿<xml><article id="46729961" name="Concorrencia nA 010-25" idOficio="11439834" pubName="DO3" artType="Aviso de Licitação-Concorrência" pubDate="03/12/2025" artClass="00075:00024:00245:00000:00000:00000:00000:00000:00000:00000:00159:00000" artCategory="Prefeituras/Estado de São Paulo/Prefeitura Municipal da Estância Balneária de Praia Grande" artSize="12" artNotes="" numberPage="297" pdfPage="http://pesquisa.in.gov.br/imprensa/jsp/visualiza/index.jsp?data=03/12/2025&amp;jornal=530&amp;pagina=297" editionNumber="230" highlightType="" highlightPriority="" highlight="" highlightimage="" highlightimagename="" idMateria="23371324">
  <body>
    <Identifica><![CDATA[ AVISO DE LICITAÇÃO]]></Identifica>
    <Data><![CDATA[ Praia Grande, 28 de novembro de 2025.]]></Data>
    <Ementa />
    <Titulo />
    <SubTitulo />
    <Texto><![CDATA[<p class="identifica">AVISO DE LICITAÇÃO</p><p class="identifica">CONCORRÊNCIA ELETRÔNICA Nº 10/2025</p><p>Objeto: "EXECUÇÃO DA TROCA DO REVESTIMENTO DO PAVIMENTO EM SEXTAVADO DE CONCRETO COM REFORMULAÇÃO DA MICRODRENAGEM DA RUA CARLOS GOMES E RUA PAULA NEY, NO BAIRRO OCIAN"</p><p>Processo Administrativo: 105/2025</p><p>Data e Hora da Concorrência: 22/12/2025 às 09h30min (Horário Oficial de Brasília - DF)</p><p>Sessão Pública: www.compras.gov.br</p><p>Critério de Julgamento: Menor preço</p><p>Modo de Disputa: Aberto e Fechado</p><p>Regime de execução: Empreitada por preços unitários.</p><p>Preferência ME/EPP/Equiparadas: Não</p><p>UASG de atuação: 986921 - Prefeitura Municipal de Praia Grande - SP</p><p>A Prefeitura da Estância Balneária de Praia Grande, através da Secretaria de Obras Públicas, torna público que, na data, horário e endereço eletrônico acima assinalados, fará realizar licitação na modalidade Concorrência Eletrônica.</p><p>O Edital e seus Anexos poderão ser obtidos GRATUITAMENTE, na íntegra, através dos sites www.praiagrande.sp.gov.br, www.pncp.gov.br e www.compras.gov.br para ciência, consulta e/ou download de todos os interessados.</p><p class="data">Praia Grande, 28 de novembro de 2025.</p><p class="assina">ELAINE FERREIRA LOUZANO</p><p class="cargo">Secretária Municipal Substituta de Obras Públicas</p>]]></Texto>
  </body>
  <Midias />
</article></xml>