﻿<xml><article id="46729655" name="CONTRATO ADESAO 008 FMS" idOficio="11441517" pubName="DO3" artType="Extrato de Contrato" pubDate="03/12/2025" artClass="00075:00013:00203:00002:00000:00000:00000:00000:00000:00000:00030:00000" artCategory="Prefeituras/Estado do Pará/Prefeitura Municipal de Rondon do Pará/FUNDO MUNICIPAL DE SAÚDE DE RONDON DO PARÁ" artSize="12" artNotes="" numberPage="267" pdfPage="http://pesquisa.in.gov.br/imprensa/jsp/visualiza/index.jsp?data=03/12/2025&amp;jornal=530&amp;pagina=267" editionNumber="230" highlightType="" highlightPriority="" highlight="" highlightimage="" highlightimagename="" idMateria="23373985">
  <body>
    <Identifica><![CDATA[ EXTRATOS DE CONTRATOS]]></Identifica>
    <Data><![CDATA[]]></Data>
    <Ementa />
    <Titulo />
    <SubTitulo />
    <Texto><![CDATA[<p class="identifica">EXTRATOS DE CONTRATOS</p><p>Adesão de Ata de Registro de Preços (Carona) nº 008/2025 FMS Objeto: Aquisição de ambulância tipo "A" simples remoção através de Adesão a Ata de Registro de Preços nº 002/2025 do Fundo Municipal de Saúde de Brejinho de Nazaré/TO para atender as necessidades do Fundo Municipal de Saúde de Rondon do Pará. Data de assinatura: 25/11/2025. Contratado(a): Prime Comercio de Automoveis Ltda Contrato nº 20250540 Valor total R$ 145.600,00 PROGRAMA DE TRABALHO: Exercício 2025 Projeto 1001.101220111.1.058 Aquisição de Veículos - FMS, Classificação econômica 4.4.90.52.00 Equipamentos e material permanente, Subelemento 4.4.90.52.48</p>]]></Texto>
  </body>
  <Midias />
</article></xml>