﻿<xml><article id="46728275" name="Termo aditivo 161.2024" idOficio="11442981" pubName="DO3" artType="Extrato de Termo Aditivo" pubDate="03/12/2025" artClass="00075:00024:00668:00000:00000:00000:00000:00000:00000:00000:00053:00000" artCategory="Prefeituras/Estado de São Paulo/Prefeitura Municipal de Santa Rita do Passa Quatro" artSize="12" artNotes="" numberPage="302" pdfPage="http://pesquisa.in.gov.br/imprensa/jsp/visualiza/index.jsp?data=03/12/2025&amp;jornal=530&amp;pagina=302" editionNumber="230" highlightType="" highlightPriority="" highlight="" highlightimage="" highlightimagename="" idMateria="23375957">
  <body>
    <Identifica><![CDATA[ EXTRATO DE TERMO ADITIVO]]></Identifica>
    <Data><![CDATA[]]></Data>
    <Ementa />
    <Titulo />
    <SubTitulo />
    <Texto><![CDATA[<p class="identifica">EXTRATO DE TERMO ADITIVO</p><p>Termo Aditivo ao Contrato n.° 161/2024. Locatário: Prefeitura Municipal de Santa Rita do Passa Quatro. Contratada: Marianna Girotto. Objeto: Prorrogação do prazo de execução do contrato por mais 12 meses, mantendo as condições anteriormente acordadas, e encontra amparo legal no artigo 107, da Lei n.º 14.133/21. Data: 01/12/2025.</p>]]></Texto>
  </body>
  <Midias />
</article></xml>