﻿<xml><article id="46726661" name="Edital - A L SERVICOS DE TRANSPO" idOficio="11443205" pubName="DO3" artType="Edital de Notificação" pubDate="03/12/2025" artClass="00070:00018:00000:00000:00000:00000:00000:00000:00000:00000:00063:00000" artCategory="Poder Judiciário/Tribunal Regional Eleitoral da Bahia" artSize="12" artNotes="" numberPage="196" pdfPage="http://pesquisa.in.gov.br/imprensa/jsp/visualiza/index.jsp?data=03/12/2025&amp;jornal=530&amp;pagina=196" editionNumber="230" highlightType="" highlightPriority="" highlight="" highlightimage="" highlightimagename="" idMateria="23376238">
  <body>
    <Identifica><![CDATA[ EDITAL DE NOTIFICAÇÃO]]></Identifica>
    <Data><![CDATA[ Salvador-BA, 2 de dezembro de 2025.]]></Data>
    <Ementa />
    <Titulo />
    <SubTitulo />
    <Texto><![CDATA[<p class="identifica">EDITAL DE NOTIFICAÇÃO</p><p>O Tribunal Regional Eleitoral da Bahia NOTIFICA a empresa A&amp;L SERVIÇOS DE TRANSPORTES LTDA, CNPJ nº 26.988.168/0001-40, por meio de seu representante legal, que se encontra em lugar incerto e ignorado, para efetuar pagamento de multa contratual no prazo de 30 (trinta) dias, a contar da publicação do presente edital, no valor de R$ 3.157,00 (três mil e cento e cinquenta e sete reais), conforme previsto no item 8.1, "e", do Termo de Referência anexo à Ata de Registro de Preços nº 20/2023. Processo principal: SEI nº 0008135-10.2023.6.05.8000, conforme Decisão ID 3112550, cujo acesso externo é franqueado para consulta através do endereço eletrônico seconta@tre-ba.jus.br. O inadimplemento da multa aplicada implicará na inclusão da empresa no Cadastro da Dívida Ativa da União (CADIN), via Sistema Inscreve Fácil da Procuradoria-Geral da Fazenda Nacional (PGFN), para fins de apuração, inscrição em dívida ativa e consequente ajuizamento de Execução Judicial, nos termos da Lei nº 10.522, de 19 de julho de 2002.</p><p class="data">Salvador-BA, 2 de dezembro de 2025.</p><p class="assina">Anaquele Sena de São Pedro</p><p class="cargo">Coordenadora de Finanças e Contabilidade do TRE-BA</p>]]></Texto>
  </body>
  <Midias />
</article></xml>