﻿<xml><article id="46726451" name="Aviso PE 001-2025 - DOU" idOficio="11438533" pubName="DO3" artType="Aviso de Licitação-Pregão" pubDate="03/12/2025" artClass="00074:00006:00023:00001:00001:00000:00000:00000:00000:00000:00162:00000" artCategory="Governo do Estado/Governo do Estado da Bahia/Secretaria do Desenvolvimento e Integração Regional/Companhia de Desenvolvimento e Ação Regional/Companhia de Desenvolvimento e Ação Regional" artSize="12" artNotes="" numberPage="214" pdfPage="http://pesquisa.in.gov.br/imprensa/jsp/visualiza/index.jsp?data=03/12/2025&amp;jornal=530&amp;pagina=214" editionNumber="230" highlightType="" highlightPriority="" highlight="" highlightimage="" highlightimagename="" idMateria="23369182">
  <body>
    <Identifica><![CDATA[ AVISO DE LICITAÇÃO]]></Identifica>
    <Data><![CDATA[ Salvador, 28 de novembro de 2025.]]></Data>
    <Ementa />
    <Titulo />
    <SubTitulo />
    <Texto><![CDATA[<p class="identifica">AVISO DE LICITAÇÃO</p><p class="identifica">PREGÃO ELETRÔNICO Nº 1/2025</p><p>Processo SEI nº 077.14944.2025.0001396-94 SECRETARIA DE DESENVOLVIMENTO RURAL/SUAF Abertura: 12/12/2025 às 11:00h (horário de Brasília) - BB: 1083967 Objeto: Aquisição de 3.973 (três mil, novecentos e setenta e três) Kit-reservatório de água, contendo (caixa d'água com capacidade para 1000 litros, tubos de PVC com classe de PN 75 mca e conexões para ligação hidráulica). O edital e seus anexos poderão ser obtidos através dos sites www.comprasnet.ba.gov.br e/ou https://licitacoes-e2.bb.com.br, ou pelo site: http://www.sdr.ba.gov.br/ ou através do e-mail: licitação@sdr.ba.gov.br.</p><p class="data">Salvador, 28 de novembro de 2025.</p><p class="assina">Marcia Rejane Matos da Mota</p><p class="cargo">Pregoeira Oficial</p>]]></Texto>
  </body>
  <Midias />
</article></xml>