﻿<xml><article id="46742459" name="2025-11-28/11439757/COMPRASNETWS" idOficio="11439757" pubName="DO3" artType="Extrato de Apostilamento" pubDate="03/12/2025" artClass="00034:00062:00000:00000:00000:00000:00000:00000:00000:00000:00141:00001" artCategory="Ministério do Meio Ambiente e Mudança do Clima/Instituto Brasileiro do Meio Ambiente e dos Recursos Naturais Renováveis" artSize="12" artNotes="" numberPage="138" pdfPage="http://pesquisa.in.gov.br/imprensa/jsp/visualiza/index.jsp?data=03/12/2025&amp;jornal=530&amp;pagina=138" editionNumber="230" highlightType="" highlightPriority="" highlight="" highlightimage="" highlightimagename="" idMateria="23371272">
  <body>
    <Identifica><![CDATA[ EXTRATO DE APOSTILAMENTO Nº 121/2025 - UASG 193099]]></Identifica>
    <Data><![CDATA[]]></Data>
    <Ementa />
    <Titulo />
    <SubTitulo />
    <Texto><![CDATA[<p class="identifica">EXTRATO DE APOSTILAMENTO Nº 121/2025 - UASG 193099</p><p>Número do Contrato: 4/2020.</p><p>Nº Processo: 02008.000839/2019-11.</p><p>Contratante: IBAMA-INST.BRAS.DO MEIO AMB.E DOS REC.NAT.REN. Contratado: 11.523.806/0001-80 - HEBROM SERVICES LTDA. Objeto: O presente termo de apostilamento tem por finalidade registrar, para fins de atualização cadastral e manutenção da regularidade contratual, a alteração da razão social da empresa zk serviços ltda, que passa a adotar a nova denominação social hebrom services ltda.. Vigência: 04/02/2020 a 04/02/2026. Valor Total Atualizado do Contrato: R$ 184.615,98. Data de Assinatura: 27/11/2025.</p><p>(COMPRASNET 4.0 - 27/11/2025).</p>]]></Texto>
  </body>
  <Midias />
</article></xml>