﻿<xml><article id="46726697" name="PREGAO ELETRONICO NA 064-2025 - " idOficio="11432033" pubName="DO3" artType="Aviso de Licitação" pubDate="03/12/2025" artClass="00075:00013:00151:00001:00000:00000:00000:00000:00000:00000:00079:00000" artCategory="Prefeituras/Estado do Pará/Prefeitura Municipal de Itaituba/FUNDO MUNICIPAL DE SAÚDE DE ITAITUBA" artSize="12" artNotes="" numberPage="262" pdfPage="http://pesquisa.in.gov.br/imprensa/jsp/visualiza/index.jsp?data=03/12/2025&amp;jornal=530&amp;pagina=262" editionNumber="230" highlightType="" highlightPriority="" highlight="" highlightimage="" highlightimagename="" idMateria="23359918">
  <body>
    <Identifica><![CDATA[ aviso de licitação ]]></Identifica>
    <Data><![CDATA[]]></Data>
    <Ementa />
    <Titulo />
    <SubTitulo />
    <Texto><![CDATA[<p class="identifica">aviso de licitação</p><p class="identifica">PREGÃO ELETRÔNICO Nº 64/2025-PE</p><p>PROCESSO ADMINISTRATIVO Nº 113/2025. Objeto: Aquisição de materiais permanentes destinados ao Centro de Atenção Psicossocial II (CAPS II), vinculado ao Fundo Municipal de Saúde de Itaituba-PA. Tipo: Menor preço por item. Data de Abertura: 16/12/2025, as 09:00 hora local. Acesso ao edital:www.portaldecompraspublicas.com.br, www.tcm.pa.gov.br, www.itaituba.pa.gov.br e PNCP; informações: Centro Administrativo Municipal, localizado na Rod. Transamazônica nº1525, Bairro: Floresta - Itaituba-PA.</p><p class="assina">Ronison Aguiar Holanda</p><p class="cargo">Pregoeiro</p>]]></Texto>
  </body>
  <Midias />
</article></xml>