﻿<xml><article id="46725037" name="ce06 Diario da uniao" idOficio="11438917" pubName="DO3" artType="Aviso de Licitação-Concorrência" pubDate="03/12/2025" artClass="00075:00019:00085:00000:00000:00000:00000:00000:00000:00000:00159:00000" artCategory="Prefeituras/Estado do Rio Grande do Sul/Prefeitura Municipal de Butia" artSize="12" artNotes="" numberPage="285" pdfPage="http://pesquisa.in.gov.br/imprensa/jsp/visualiza/index.jsp?data=03/12/2025&amp;jornal=530&amp;pagina=285" editionNumber="230" highlightType="" highlightPriority="" highlight="" highlightimage="" highlightimagename="" idMateria="23369827">
  <body>
    <Identifica><![CDATA[AVISO DE LICITAÇÃO]]></Identifica>
    <Data><![CDATA[ Butiá-RS, 2 de dezembro de 2025.]]></Data>
    <Ementa />
    <Titulo />
    <SubTitulo />
    <Texto><![CDATA[<p class="identifica">AVISO DE LICITAÇÃO</p><p class="identifica">CONCORRÊNCIA ELETRÔNICA Nº 6/2025</p><p>OBJETO: Construção da creche Cenira Paz, na cidade de Butiá/RS, com fornecimento de materiais e mão-de-obra pela Contratada. Recebimento de propostas até: 19/12/2025, às 13:59h. Abertura das propostas/disputa: 19/12/2025 às 14:00h. Maiores informações pelo fone (51) 99590-2953 ou no e-mail: cplbutia@yahoo.com.br e download do edital: www.portaldecompraspublicas.com.br ou www.butia.rs.gov.br;</p><p class="data">Butiá-RS, 2 de dezembro de 2025.</p><p class="assina">Jefferson Salatiel da Silva Vieira</p><p class="cargo">Prefeito</p>]]></Texto>
  </body>
  <Midias />
</article></xml>