﻿<xml><article id="46728893" name="extratoinexigibilidade" idOficio="11441463" pubName="DO3" artType="Extrato de Inexigibilidade de Licitação" pubDate="03/12/2025" artClass="00073:04862:08093:00000:00000:00000:00000:00000:00000:00000:00040:00000" artCategory="Ineditoriais/Fundação de Apoio à Pesquisa" artSize="12" artNotes="" numberPage="210" pdfPage="http://pesquisa.in.gov.br/imprensa/jsp/visualiza/index.jsp?data=03/12/2025&amp;jornal=530&amp;pagina=210" editionNumber="230" highlightType="" highlightPriority="" highlight="" highlightimage="" highlightimagename="" idMateria="23373934">
  <body>
    <Identifica><![CDATA[ EXTRATO DE INEXIGIBILIDADE DE LICITAÇÃO Nº 72/2025]]></Identifica>
    <Data><![CDATA[]]></Data>
    <Ementa />
    <Titulo />
    <SubTitulo />
    <Texto><![CDATA[<p class="identifica">EXTRATO DE INEXIGIBILIDADE DE LICITAÇÃO Nº 72/2025</p><p>Objeto: aquisição de reagentes. Contratada: NOVA ANALITICA IMPORTAÇÃO E EXPORTAÇÃO LTDA CNPJ: 67.774.679/0001-47,no valor R 8.821,00 (oito mil oitocentos e vinte e um reais), Justificativa: Representante exclusivo em todo território brasileiro. Ratificação em 01/12/2025 pela Superintende Prof.ª Dr.ª Sandramara Matias Chaves. Fundamento Legal: Lei nº. art. 74 da Lei 14.133/21. Recurso: FINEP. Convênio: 52.114. Goiânia, 3 de dezembro de 2025. Profª Drª Sandramara Matias Chaves Diretora Executiva</p>]]></Texto>
  </body>
  <Midias />
</article></xml>