﻿<xml><article id="46726118" name="Aviso de Licitacao PE 191-25 - D" idOficio="11435038" pubName="DO3" artType="Aviso" pubDate="03/12/2025" artClass="00075:00015:00416:00000:00000:00000:00000:00000:00000:00000:00106:00000" artCategory="Prefeituras/Estado do Paraná/Prefeitura Municipal de São José dos Pinhais" artSize="12" artNotes="" numberPage="277" pdfPage="http://pesquisa.in.gov.br/imprensa/jsp/visualiza/index.jsp?data=03/12/2025&amp;jornal=530&amp;pagina=277" editionNumber="230" highlightType="" highlightPriority="" highlight="" highlightimage="" highlightimagename="" idMateria="23364244">
  <body>
    <Identifica><![CDATA[ Aviso de Licitação]]></Identifica>
    <Data><![CDATA[ São José dos Pinhais, 27 de novembro de 2025]]></Data>
    <Ementa />
    <Titulo />
    <SubTitulo />
    <Texto><![CDATA[<p class="identifica">Aviso de Licitação</p><p class="identifica">Pregão Eletrônico Nº 191/2025</p><p>Objeto: Registro de Preços para aquisição de materiais para as Salas de Estimulação Sensorial. ABERTURA DAS PROPOSTAS: 17 de dezembro de 2025 às 09h00min. INFORMAÇÕES COMPLEMENTARES: O edital completo poderá ser conferido através do endereço eletrônico https://cnetmobile.estaleiro.serpro.gov.br/comprasnet-web/ public/compras, informando o código do Município - UASG 987885 e o Pregão Eletrônico nº 90191/2025. Outras informações poderão ser obtidas na Divisão de Licitação da Prefeitura Municipal de São José dos Pinhais, sito na Rua Passos Oliveira n° 1101 - Centro, no horário compreendido das 08h00min às 12h00min e das 13h00min às 17h00min, ou pelos telefones (41) 3381-6690 e/ou 3381-6670.</p><p class="data">São José dos Pinhais, 27 de novembro de 2025</p><p class="assina">Andre Gabardo</p><p class="cargo">Secretario</p>]]></Texto>
  </body>
  <Midias />
</article></xml>