﻿<xml><article id="46725911" name="Extrato 07.067.2025 - DOU" idOficio="11438465" pubName="DO3" artType="Aviso de Licitação" pubDate="03/12/2025" artClass="00075:00023:00154:00000:00000:00000:00000:00000:00000:00000:00078:00000" artCategory="Prefeituras/Estado de Santa Catarina/Prefeitura Municipal de Itapema" artSize="12" artNotes="" numberPage="295" pdfPage="http://pesquisa.in.gov.br/imprensa/jsp/visualiza/index.jsp?data=03/12/2025&amp;jornal=530&amp;pagina=295" editionNumber="230" highlightType="" highlightPriority="" highlight="" highlightimage="" highlightimagename="" idMateria="23369093">
  <body>
    <Identifica><![CDATA[aviso DE LICITAÇÃO]]></Identifica>
    <Data><![CDATA[ Itapema, 26 de novembro 2025.]]></Data>
    <Ementa />
    <Titulo />
    <SubTitulo />
    <Texto><![CDATA[<p class="identifica">aviso DE LICITAÇÃO</p><p class="identifica">Pregão Eletrônico nº 7.067.2025</p><p>O Município de Itapema, torna público a abertura do: Pregão Eletrônico nº. 07.067.2025. Objeto:Registro de Preços para eventual Contratação de empresa especializada para execução, de forma parcelada, de manutenção e reforma de coberturas e afins para atender as necessidades da Secretaria Municipal de Educação e demais Secretarias Municipais, conforme especificações e quantitativos estimados constantes no anexo I do edital nº 07.067.2025. Data de inicío do recebimento das propostas de preço e documentos de habilitação: A partir das 12:00 (doze horas) do dia 28 (vinte e oito) de novembro de 2025. Data final para recebimento das propostas de preço e documentos de habilitação: Até às 13:00 (treze horas) do dia 15 (quinze) de dezembro de 2025. Data de Abertura das Propostas e etapa de lances: às 13:15 (treze horas e quinze minuto) do dia 15 (quinze) de dezembro de 2025. Endereço para retirada do edital: O edital poderá ser baixado pelo sítio https://licitar.digital/ ou www.itapema.sc.gov.br, no ícone "licitações - pregão eletrônico: 07.067.2025" ou pessoalmente, Avenida Nereu Ramos, 134, Bairro Centro. Dúvidas, entrar em contato pelo telefone (047) 3268-8010.</p><p class="data">Itapema, 26 de novembro 2025.</p><p class="assina">Valdir Nesi Filho</p><p class="cargo">Secretário Municipal de Educação de Itapema-SC</p><p class="assina">Raphael Sargilo Saramento Voltolini</p><p class="cargo">Secretário Municipal de Administração de Itapema-SC</p>]]></Texto>
  </body>
  <Midias />
</article></xml>