﻿<xml><article id="46725113" name="AVISO DE LICITACAO P. E. NA 056-" idOficio="11439879" pubName="DO3" artType="Aviso de Licitação" pubDate="03/12/2025" artClass="00075:00010:00022:00000:00000:00000:00000:00000:00000:00000:00079:00000" artCategory="Prefeituras/Estado de Mato Grosso/Prefeitura Municipal de Araputanga" artSize="12" artNotes="" numberPage="244" pdfPage="http://pesquisa.in.gov.br/imprensa/jsp/visualiza/index.jsp?data=03/12/2025&amp;jornal=530&amp;pagina=244" editionNumber="230" highlightType="" highlightPriority="" highlight="" highlightimage="" highlightimagename="" idMateria="23371457">
  <body>
    <Identifica><![CDATA[ AVISO DE LICITAÇÃO]]></Identifica>
    <Data><![CDATA[ Araputanga/ MT, 28 de novembro de 2025. ]]></Data>
    <Ementa />
    <Titulo />
    <SubTitulo />
    <Texto><![CDATA[<p class="identifica">AVISO DE LICITAÇÃO</p><p class="identifica">PREGÃO ELETRÔNICO Nº 56/2025</p><p>O MUNICÍPIO DE ARAPUTANGA/MT torna público aos interessados que realizará licitação cujo objeto é o Registro de Preços para Futura e Eventual Serviço de Material de Serralheira e o fornecimento estruturas metálicas em geral, em atendimento a demanda das Secretarias Municipais. Modalidade: Pregão. Forma: Eletrônica. Tipo: Menor Preço por Item. Data de Abertura: 06 de janeiro de 2026, às 09h00min (horário de Brasília). O Edital, na íntegra, está disponível em: http://www.araputanga.mt.gov.br/categoria/pregao-eletronico; https://www.licitanet.com.br; seplan3@araputanga.mt.gov.br.</p><p class="data">Araputanga/ MT, 28 de novembro de 2025.</p><p class="assina">Dalvan Nonato Alves</p><p class="cargo">Secretário Municipal de Administração</p>]]></Texto>
  </body>
  <Midias />
</article></xml>