﻿<xml><article id="46725701" name="AVISO DE LICITACAO PREGAO 28" idOficio="11437810" pubName="DO3" artType="Aviso de Licitação-Pregão" pubDate="03/12/2025" artClass="00075:00014:00136:00000:00000:00000:00000:00000:00000:00000:00162:00000" artCategory="Prefeituras/Estado da Paraíba/Prefeitura Municipal de Manaíra" artSize="12" artNotes="" numberPage="273" pdfPage="http://pesquisa.in.gov.br/imprensa/jsp/visualiza/index.jsp?data=03/12/2025&amp;jornal=530&amp;pagina=273" editionNumber="230" highlightType="" highlightPriority="" highlight="" highlightimage="" highlightimagename="" idMateria="23368330">
  <body>
    <Identifica><![CDATA[ AVISO DE LICITAÇÃO]]></Identifica>
    <Data><![CDATA[ Manaíra - PB, 28 de Novembro de 2025.]]></Data>
    <Ementa />
    <Titulo />
    <SubTitulo />
    <Texto><![CDATA[<p class="identifica">AVISO DE LICITAÇÃO</p><p class="identifica">PREGÃO ELETRÔNICO Nº 28/2025</p><p>A Prefeitura Municipal de Manaíra - PB, torna público a licitação sob modalidade Pregão Eletrônico, do tipo menor preço por item, para Aquisição de Gêneros Alimentícios para Merenda dos Alunos da Rede Municipal de Ensino e Secretarias deste Municipio. Data e horário do início da disputa: 09:30hs/mim do dia 17/12/2025. Fundamento legal: Lei 14.133/21 e subsidiárias. LOCAL: Portal de Compras Públicas - www.portaldecompras publicas.com.br. Modo de Disputa: Aberto. Edital: https://www.gov.br/pncp/pt-br, Portal Compras Públicas e TCE/PB, Esclarecimentos: na sede da Prefeitura Municipal, das 08:00 às 13:00hs, através do Setor de Licitação, na Rua José Rosas, s/n - Centro - Manaíra/PB e e-mail: licitacaooprefeiturademanaira @gmail.com.</p><p class="data">Manaíra - PB, 28 de Novembro de 2025.</p><p class="assina">Zilvanete Beserra da Silva</p><p class="cargo">Secretária de Educação</p>]]></Texto>
  </body>
  <Midias />
</article></xml>