﻿<xml><article id="46725347" name="CAPIMGROSSODISPENSA" idOficio="11442390" pubName="DO3" artType="Aviso" pubDate="03/12/2025" artClass="00075:00005:00146:00000:00000:00000:00000:00000:00000:00000:00106:00000" artCategory="Prefeituras/Estado da Bahia/Prefeitura Municipal de Capim Grosso" artSize="12" artNotes="" numberPage="224" pdfPage="http://pesquisa.in.gov.br/imprensa/jsp/visualiza/index.jsp?data=03/12/2025&amp;jornal=530&amp;pagina=224" editionNumber="230" highlightType="" highlightPriority="" highlight="" highlightimage="" highlightimagename="" idMateria="23375105">
  <body>
    <Identifica><![CDATA[ AVISO DE DISPENSA DE LICITAÇÃO ELETRÔNICA Nº 28/2025]]></Identifica>
    <Data><![CDATA[Capim Grosso-BA, 1º de dezembro de 2025.  ]]></Data>
    <Ementa />
    <Titulo />
    <SubTitulo />
    <Texto><![CDATA[<p class="identifica">AVISO DE DISPENSA DE LICITAÇÃO ELETRÔNICA Nº 28/2025</p><p>A PMCG-BA, torna público o recebimento de proposta para a Dispensa Eletrônica N° 028/2025, no período das 08:00h do dia 03/12/2025 até às 07:59h do dia 09/12/2025. Objeto: Contratação de Empresa Especializada Na Locação de Veículo Automotivo Recreativo Tipo Trenzinho da Alegria Com Motorista Para Atender As Necessidades das Secretarias do Município de Capim Grosso/Ba. O edital estará disponível em: https://transparencia.capimgrosso.ba.gov.br/editais/. licitacg@gmail.com.</p><p class="data">Capim Grosso-BA, 1º de dezembro de 2025.</p><p class="assina">Ariane Vieira Rios da Silva</p><p class="cargo">Agente Contratação</p>]]></Texto>
  </body>
  <Midias />
</article></xml>