﻿<xml><article id="46736080" name="MATERIA 27-11" idOficio="11436449" pubName="DO3" artType="Aviso" pubDate="03/12/2025" artClass="00075:00009:00262:00000:00000:00000:00000:00000:00000:00000:00106:00000" artCategory="Prefeituras/Estado do Maranhão/Prefeitura Municipal de Zé Doca" artSize="12" artNotes="" numberPage="244" pdfPage="http://pesquisa.in.gov.br/imprensa/jsp/visualiza/index.jsp?data=03/12/2025&amp;jornal=530&amp;pagina=244" editionNumber="230" highlightType="" highlightPriority="" highlight="" highlightimage="" highlightimagename="" idMateria="23366134">
  <body>
    <Identifica><![CDATA[EXTRATO DE TERMO ADITIVO]]></Identifica>
    <Data><![CDATA[]]></Data>
    <Ementa />
    <Titulo />
    <SubTitulo />
    <Texto><![CDATA[<p class="identifica">EXTRATO DE TERMO ADITIVO</p><p>TERCEIRO TERMO ADITIVO AO CONTRATO Nº 001.027/2024. CONCORRÊNCIA ELETRÔNICA Nº 017/2024, PROCESSO ADMINISTRATIVO Nº 027/2024, PARTES: PREFEITURA MUNICIPAL DE ZÉ DOCA-MA CNPJ Nº 12.122.065/0001-99, E DE OUTRO LADO A EMPRESA: PENTAGONO COMERCIO E ENGENHARIA LTDA, CNPJ. n.º 00.480.281/0001-27, OBJETO: Prorrogar por mais 150 (cento e cinquenta) Dias, período de 21/11/2025 à 20/04/2026, OBJETIVANDO a contratação de empresa para a execução de recuperação e manutenção de estradas vicinais - estrada da conquista 3,70km no município de Zé Doca -MA -CONVÊNIO/MAPA Nº 951382/2023 - PLATAFORMA TRANSFEREGOV Nº 069066/2023, conforme especificações constantes neste edital, no termo de referência, na planilha, cronograma, memorial descritivo e projeto. AMPARO LEGAL: Art. 132, da Lei Federal Nº 14.133/21, e suas alterações posteriores. ZÉ DOCA/MA, 21 de novembro de 2025. ASSINATURA: Sr. Alexandre Magno de Aguiar Barroso Portaria nº 164/2025, Secretário Municipal de Infraestrutura, Sr. Franklin Dionísio de Oliveira -- Representante Legal.</p>]]></Texto>
  </body>
  <Midias />
</article></xml>