﻿<xml><article id="46726430" name="SENHORDOBONFIMHOM" idOficio="11442390" pubName="DO3" artType="Aviso" pubDate="03/12/2025" artClass="00075:00005:00466:00000:00000:00000:00000:00000:00000:00000:00106:00000" artCategory="Prefeituras/Estado da Bahia/Prefeitura Municipal de Senhor do Bonfim" artSize="12" artNotes="" numberPage="229" pdfPage="http://pesquisa.in.gov.br/imprensa/jsp/visualiza/index.jsp?data=03/12/2025&amp;jornal=530&amp;pagina=229" editionNumber="230" highlightType="" highlightPriority="" highlight="" highlightimage="" highlightimagename="" idMateria="23375104">
  <body>
    <Identifica><![CDATA[AVISO DE ADJUDICAÇÃO E HOMOLOGAÇÃO]]></Identifica>
    <Data><![CDATA[ Senhor do Bonfim-BA, 28 de novembro de 2025. ]]></Data>
    <Ementa />
    <Titulo />
    <SubTitulo />
    <Texto><![CDATA[<p class="identifica">AVISO DE ADJUDICAÇÃO E HOMOLOGAÇÃO</p><p class="identifica">PREGÃO Nº 54/2025</p><p>PA 0196/25</p><p>A Prefeitura Municipal de Senhor do Bonfim/BA, resolve ADJUDICAR/HOMOLOGAR a Licitação em epígrafe. EMPRESAS: AMS COMERCIO, IMPORTACAO E EXPORTACAO LTDA - CNPJ Nº: 52.171.660/0001-39 - Valor: R$ 39.600,00; SERESTA LTDA - CNPJ Nº: 45.557.614/0001-07 - Valor: R$ 9.400,00; N S S DE OLIVEIRA JUNIOR LTDA - CNPJ Nº46.173.921/0001-57- Valor: R$ 4.700,00. Valor total licitado: R$ 53.700,00 (cinquenta e três mil e setecentos reais). Aquisição de instrumentos musicais, destinados ao atendimento das Bandas Marciais e/ou Fanfarras das unidades escolares, bem como à implantação do Projeto Sala Musical na Rede Municipal de Ensino de Senhor do Bonfim-BA. (Itens fracassados) Base Legal: Lei Federal 14.133/21.</p><p class="data">Senhor do Bonfim-BA, 28 de novembro de 2025.</p><p class="assina">Laércio Muniz de Azevedo Júnior</p><p class="cargo">Prefeito</p>]]></Texto>
  </body>
  <Midias />
</article></xml>