﻿<xml><article id="46726817" name="PUBLICACAO PE 33 -2025" idOficio="11441443" pubName="DO3" artType="Aviso de Licitação-Pregão" pubDate="03/12/2025" artClass="00075:00019:00134:00000:00000:00000:00000:00000:00000:00000:00162:00000" artCategory="Prefeituras/Estado do Rio Grande do Sul/PREFEITURA MUNICIPAL DE CERRO GRANDE DO SUL" artSize="12" artNotes="" numberPage="286" pdfPage="http://pesquisa.in.gov.br/imprensa/jsp/visualiza/index.jsp?data=03/12/2025&amp;jornal=530&amp;pagina=286" editionNumber="230" highlightType="" highlightPriority="" highlight="" highlightimage="" highlightimagename="" idMateria="23373898">
  <body>
    <Identifica><![CDATA[ aviso de licitação ]]></Identifica>
    <Data><![CDATA[ Cerro Grande do Sul, 1º de dezembro de 2025.]]></Data>
    <Ementa />
    <Titulo />
    <SubTitulo />
    <Texto><![CDATA[<p class="identifica">aviso de licitação</p><p class="identifica">PREGÃO ELETRÔNICO nº 33/2025</p><p>O Município de Cerro Grande do Sul/RS torna público, para conhecimento dos interessados: 1) REPUBLICA PREGÃO ELETRONICO 33/2025 registro de preços para aquisição material ambulatorial. Abertura: 09:00 h do dia 16/12/2025.Os fornecedores deverão fazer o seu cadastramento, no site: www.portaldecompraspublicas.com.br. Edital no site: www.cerrograndedosul.rs.gov.br. Maiores informações na Prefeitura Municipal ou pelo fone (51) 998808513.</p><p class="data">Cerro Grande do Sul, 1º de dezembro de 2025.</p><p class="assina">Vilmar Wolfle Schwalm</p><p class="cargo">Prefeito</p>]]></Texto>
  </body>
  <Midias />
</article></xml>