﻿<xml><article id="46729193" name="EXTRATO DE REGISTRO DE DIPLOMAS_" idOficio="11441814" pubName="DO3" artType="Aviso" pubDate="03/12/2025" artClass="00073:02137:00000:00000:00000:00000:00000:00000:00000:00000:00106:00000" artCategory="Ineditoriais/CENTRO UNIVERSITÁRIO UNIVEL" artSize="12" artNotes="" numberPage="208" pdfPage="http://pesquisa.in.gov.br/imprensa/jsp/visualiza/index.jsp?data=03/12/2025&amp;jornal=530&amp;pagina=208" editionNumber="230" highlightType="" highlightPriority="" highlight="" highlightimage="" highlightimagename="" idMateria="23374376">
  <body>
    <Identifica><![CDATA[ AVISO DE REGISTRO DE DIPLOMAS]]></Identifica>
    <Data><![CDATA[Cascavel-PR, 1º de dezembro de 2025.]]></Data>
    <Ementa />
    <Titulo />
    <SubTitulo />
    <Texto><![CDATA[<p class="identifica">AVISO DE REGISTRO DE DIPLOMAS</p><p>CENTRO UNIVERSITÁRIO UNIVEL</p><p>Mantenedora: União Educacional de Cascavel - UNIVEL Ltda.</p><p>CNPJ da Mantenedora: 80.882.772/0001-33</p><p>O Centro Universitário Univel, mantido pela União Educacional de Cascavel - UNIVEL Ltda., sob CNPJ nº 80.882.772/0001-33, para fins do disposto no art. 21 da Portaria MEC n° 1.095, de 25 de outubro de 2018, informa que foram registrados 12 (doze) diplomas no período de 03/11/2025 a 01/12/2025, no seguinte livro de registro e sequências numéricas: livro 00008 - registros nº 007304 a nº 007315. A relação dos diplomas registrados poderá ser consultada em até quinze dias, no endereço http://univel.br/diploma.</p><p class="data">Cascavel-PR, 1º de dezembro de 2025.</p><p class="assina">VIVIANE DA SILVA</p><p class="cargo">Reitora</p>]]></Texto>
  </body>
  <Midias />
</article></xml>