﻿<xml><article id="46735423" name="Publicacao - CT 56.2022 SINGULAR" idOficio="11441460" pubName="DO3" artType="Extrato de Termo Aditivo" pubDate="03/12/2025" artClass="00047:00050:00000:00000:00000:00000:00000:00000:00000:00000:00053:00000" artCategory="Ministério da Saúde/Empresa Brasileira de Hemoderivados e Biotecnologia" artSize="12" artNotes="" numberPage="153" pdfPage="http://pesquisa.in.gov.br/imprensa/jsp/visualiza/index.jsp?data=03/12/2025&amp;jornal=530&amp;pagina=153" editionNumber="230" highlightType="" highlightPriority="" highlight="" highlightimage="" highlightimagename="" idMateria="23373955">
  <body>
    <Identifica><![CDATA[ EXTRATO DE TERMO ADITIVO]]></Identifica>
    <Data><![CDATA[]]></Data>
    <Ementa />
    <Titulo />
    <SubTitulo />
    <Texto><![CDATA[<p class="identifica">EXTRATO DE TERMO ADITIVO</p><p>a)Espécie: Terceiro Termo Aditivo ao Contrato nº 56/2022, celebrado em 19/11/2023, entre a HEMOBRÁS e a SINGULAR SERVIÇOS DE SAÚDE LTDA., CNPJ 07.901.268/0001-43; b)Objeto: Prorrogar a vigência contratual por mais um período de 12 (doze) meses - de 15/12/2025 a 15/12/2026; c)Fundamento Legal: Lei 13.303/16; d)Valor: R$ 305.775,58 (trezentos e cinco mil setecentos e setenta e cinco reais e cinquenta e oito centavos), coberto pelo saldo constante na conta orçamentária nº 2.205.900.000; e) Signatários: Contratante: Ana Paula do Rego Menezes - Presidente da HEMOBRAS; Contratada: Guilherme Viana de Souza - Representante Legal; f)Processo n° 25800.000268/2022.</p>]]></Texto>
  </body>
  <Midias />
</article></xml>