﻿<xml><article id="46725479" name="AVISO DE LICITACAO 52-2025 DOU" idOficio="11441963" pubName="DO3" artType="Aviso de Licitação-Pregão" pubDate="03/12/2025" artClass="00075:00015:00275:00000:00000:00000:00000:00000:00000:00000:00162:00000" artCategory="Prefeituras/Estado do Paraná/Prefeitura Municipal de Nossa Senhora das Graças" artSize="12" artNotes="" numberPage="277" pdfPage="http://pesquisa.in.gov.br/imprensa/jsp/visualiza/index.jsp?data=03/12/2025&amp;jornal=530&amp;pagina=277" editionNumber="230" highlightType="" highlightPriority="" highlight="" highlightimage="" highlightimagename="" idMateria="23374501">
  <body>
    <Identifica><![CDATA[ AVISO DE licitaçãoPREGÃO ELETRÔNICO nº 52/2025]]></Identifica>
    <Data><![CDATA[Nossa Senhora das Graças, 1º de dezembro de 2025.]]></Data>
    <Ementa />
    <Titulo />
    <SubTitulo />
    <Texto><![CDATA[<p class="identifica">AVISO DE licitaçãoPREGÃO ELETRÔNICO nº 52/2025</p><p>O Município de Nossa Senhora das Graças informa a realização de Pregão Eletrônico, tipo Menor Preço, visando a contratação visa adquirir materiais esportivos incluindo uniformes, bolas, redes, chuteiras, tênis de futsal, calibrador, bomba de ar, faixa de capitão e cintos de tração para atender às necessidades da Secretaria Municipal de Esportes e Lazer de Nossa Senhora das Graças (PR). Valor estimado: R$ 52.672,06. Envio das propostas: das 08h30 de 04/12/2025 até as 08h30 de 15/12/2025. Abertura: às 09h00 de 15/12/2025 em: www.bnc.org.br. e www.nossasenhoradasgracas.pr.gov.br. Informações: (44) 9 9137-8221.</p><p class="data">Nossa Senhora das Graças, 1º de dezembro de 2025.</p><p class="assina">Clodoaldo Aparecido Rigieri</p><p class="cargo">Prefeito</p>]]></Texto>
  </body>
  <Midias />
</article></xml>