﻿<xml><article id="46732841" name="Extrato Dezembro_25 - 02 - JOA0 " idOficio="11441810" pubName="DO3" artType="Extrato de Registro de Preços" pubDate="03/12/2025" artClass="00017:00032:00000:00000:00000:00000:00000:00000:00000:00000:00047:00000" artCategory="Ministério do Desenvolvimento Agrário e Agricultura Familiar/Companhia de Entrepostos e Armazéns Gerais de São Paulo" artSize="12" artNotes="" numberPage="44" pdfPage="http://pesquisa.in.gov.br/imprensa/jsp/visualiza/index.jsp?data=03/12/2025&amp;jornal=530&amp;pagina=44" editionNumber="230" highlightType="" highlightPriority="" highlight="" highlightimage="" highlightimagename="" idMateria="23374368">
  <body>
    <Identifica><![CDATA[ EXTRATO DE REGISTRO DE PREÇOS]]></Identifica>
    <Data><![CDATA[]]></Data>
    <Ementa />
    <Titulo />
    <SubTitulo />
    <Texto><![CDATA[<p class="identifica">EXTRATO DE REGISTRO DE PREÇOS</p><p>Espécie: Comunicamos o Registro de Preços para Aquisição de Materiais - Acoplamento e grades - item 4, através do Sistema de Registro de Preços, nº 078/24-2514-2511-24-010-10-1. Decorrente do Pregão Eletrônico nº 90030/2025. Processo CEAGESP nº 078/2024. Compromissária: JOÃO JOSÉ CAMARGO ACOPLAMENTOS, CNPJ nº 40.981.661/0001-60. Valor Total: R$ 47.500,00 (Quarenta e sete mil e quinhentos reais) nos termos do item 1. Vigência: 01 (um) ano a partir da data de sua assinatura, nos termos da Cláusula Terceira. Data de Assinatura: 18/11/2025.</p>]]></Texto>
  </body>
  <Midias />
</article></xml>