﻿<xml><article id="46730336" name="7004538843 - PUBLICACAO Fredson" idOficio="11442667" pubName="DO3" artType="Aviso de Licitação" pubDate="03/12/2025" artClass="00035:00056:00001:00000:00000:00000:00000:00000:00000:00000:00078:00000" artCategory="Ministério de Minas e Energia/Petróleo Brasileiro S.A./Petrobrás" artSize="12" artNotes="" numberPage="141" pdfPage="http://pesquisa.in.gov.br/imprensa/jsp/visualiza/index.jsp?data=03/12/2025&amp;jornal=530&amp;pagina=141" editionNumber="230" highlightType="" highlightPriority="" highlight="" highlightimage="" highlightimagename="" idMateria="23375478">
  <body>
    <Identifica><![CDATA[ AVISO DE LICITAÇÃO nº 7004538843]]></Identifica>
    <Data><![CDATA[]]></Data>
    <Ementa />
    <Titulo />
    <SubTitulo />
    <Texto><![CDATA[<p class="identifica">AVISO DE LICITAÇÃO nº 7004538843</p><p>Objeto: Licenciamento de uso, na modalidade subscrição em nuvem, de Solução de Acesso a Tribunais com Gerenciamento de Certificados Digitais</p><p>Abertura das propostas: 26/12/2025 às 12 horas.</p><p>Obs.: A consulta ao edital e o processamento da licitação será realizada no portal www.petronect.com.br</p><p class="assina">Comissão de Licitação</p>]]></Texto>
  </body>
  <Midias />
</article></xml>