﻿<xml><article id="46740467" name="AVISO DE SUSPENSAO PE SRP NA 101" idOficio="11442570" pubName="DO3" artType="Aviso" pubDate="03/12/2025" artClass="00075:00001:00019:00000:00000:00000:00000:00000:00000:00000:00106:00000" artCategory="Prefeituras/Estado do Acre/Prefeitura Municipal de Rio Branco" artSize="12" artNotes="" numberPage="217" pdfPage="http://pesquisa.in.gov.br/imprensa/jsp/visualiza/index.jsp?data=03/12/2025&amp;jornal=530&amp;pagina=217" editionNumber="230" highlightType="" highlightPriority="" highlight="" highlightimage="" highlightimagename="" idMateria="23375326">
  <body>
    <Identifica><![CDATA[ AVISO DE SUSPENSÃO]]></Identifica>
    <Data><![CDATA[ Rio Branco - Acre, 2 de dezembro de 2025.]]></Data>
    <Ementa />
    <Titulo />
    <SubTitulo />
    <Texto><![CDATA[<p></p><p class="identifica">AVISO DE SUSPENSÃO</p><p class="identifica">PREGÃO ELETRÔNICO SRP Nº 101/2025 - SEME</p><p>A Pregoeira da CPL 02 da Prefeitura Municipal de Rio Branco - Acre, torna público a SUSPENSÃO do PREGÃO ELETRÔNICO SRP Nº 101/2025, cujo objeto é Contratação de empresa especializada para a prestação de serviços contínuos, com dedicação exclusiva de mão de obra, para limpeza, conservação e higienização de áreas internas e externas de prédios, mobiliários e equipamentos, com o objetivo de garantir condições adequadas de salubridade e higiene, incluindo a disponibilização de pessoal, bem como o fornecimento de todos os produtos, materiais e equipamentos necessários à execução dos serviços, a fim de atender às demandas das Unidades de Ensino e Prédios Administrativos da Secretaria Municipal de Educação de Rio Branco/AC, que ocorreria no dia 04/12/2025, através UASG nº 980139, ID nº 90101/2025 no Sistema de Compras do Governo Federal (www.gov.br/compras), em virtude de alerta emitido pela Equipe DAFO/LICON do Tribunal de Contas do Estado do Acre.</p><p class="data">Rio Branco - Acre, 2 de dezembro de 2025.</p><p class="assina">Erick Silva de Oliveira</p><p class="cargo">Secretário Adjunto de Gestão Administrativa</p>]]></Texto>
  </body>
  <Midias />
</article></xml>