﻿<xml><article id="46730171" name="Extrato de Termo Aditivo - 2" idOficio="11440570" pubName="DO3" artType="Extrato de Termo Aditivo" pubDate="03/12/2025" artClass="00075:00013:00164:00000:00000:00000:00000:00000:00000:00000:00053:00000" artCategory="Prefeituras/Estado do Pará/Prefeitura Municipal de Medicilândia" artSize="12" artNotes="" numberPage="265" pdfPage="http://pesquisa.in.gov.br/imprensa/jsp/visualiza/index.jsp?data=03/12/2025&amp;jornal=530&amp;pagina=265" editionNumber="230" highlightType="" highlightPriority="" highlight="" highlightimage="" highlightimagename="" idMateria="23372702">
  <body>
    <Identifica><![CDATA[ EXTRATO DE TERMO ADITIVO AO CONTRATO Nº 20250118]]></Identifica>
    <Data><![CDATA[]]></Data>
    <Ementa />
    <Titulo />
    <SubTitulo />
    <Texto><![CDATA[<p class="identifica">EXTRATO DE TERMO ADITIVO AO CONTRATO Nº 20250118</p><p>Espécie: 1º Termo Aditivo ao Contrato nº 20250118. CONCORRÊNCIA Nº 001/2025 CR. Objeto: O presente Termo Aditivo tem por objeto a modificação do projeto, incluindo serviços que não se encontram contemplados na</p><p>planilha inicial do projeto, nos termos do art. 124, inciso I, alínea 'a' e art. 125 da Lei nº 14.133/21, aumentando o valor do contrato em R$ 38.260,46 (trinta e oito mil, duzentos e sessenta reais e quarenta e seis centavos), passando o Contrato a ter o valor total de R$ 418.260,46 (quatrocentos e dezoito mil, duzentos e sessenta reais e quarenta e seis centavos). Contratante: SECRETARIA MUNICIPAL DE EDUCAÇÃO. Contratada: DANIEL SOUSA DE ALMEIDA.</p><p class="identifica">EXTRATO DE TERMO ADITIVO AO CONTRATO Nº 20240346/02</p><p>Espécie: 1º Termo Aditivo ao Contrato nº 20240346/02. INEXIGIBILIDADE Nº 015/2024 INEX. Objeto: O presente Termo Aditivo objetiva a prorrogação do prazo de vigência do contrato de 15 de Outubro de 2025 até 14 de Outubro de 2026, nos termos do art. 107 - Contratos de serviços e fornecimentos contínuos., da Lei Federal nº 14.133, de 1º de abril de 2021. Contratante: SECRETARIA MUNICIPAL DE ASSISTÊNCIA SOCIAL. Contratada: ELIEZIRA ANDRE GOMES.</p>]]></Texto>
  </body>
  <Midias />
</article></xml>