﻿<xml><article id="46726067" name="AVISO_PREGAO 14" idOficio="11442753" pubName="DO3" artType="Aviso de Licitação-Pregão" pubDate="03/12/2025" artClass="00075:00017:00273:00000:00000:00000:00000:00000:00000:00000:00162:00000" artCategory="Prefeituras/Estado do Piauí/Prefeitura Municipal de São Raimundo Nonato" artSize="12" artNotes="" numberPage="283" pdfPage="http://pesquisa.in.gov.br/imprensa/jsp/visualiza/index.jsp?data=03/12/2025&amp;jornal=530&amp;pagina=283" editionNumber="230" highlightType="" highlightPriority="" highlight="" highlightimage="" highlightimagename="" idMateria="23375595">
  <body>
    <Identifica><![CDATA[ AVISO DE licitação]]></Identifica>
    <Data><![CDATA[São Raimundo Nonato - PI, 1º de dezembro de 2025.]]></Data>
    <Ementa />
    <Titulo />
    <SubTitulo />
    <Texto><![CDATA[<p class="identifica">AVISO DE licitação</p><p class="identifica">PREGÃO ELETRÔNICO Nº 14/2025</p><p>PROCESSO ADMINISTRATIVO Nº 164/2025</p><p>OBJETO: A contratação futura e eventual, mediante a sistema de registro de preços, de empresa especializada no fornecimento de refeições prontas para consumo de funcionários públicos municipais e do serviço de Atendimento Móvel de Urgência - SAMU, (em regime especial), podendo variar para maior ou menor, conforme flutuação diária de serviço, sem prejuízos, em atendimento às necessidades das Secretarias municipais de Administração, Saúde e SEMTAS da Prefeitura Municipal de São Raimundo Nonato - PI, conforme condições, quantidades e exigências estabelecidas neste edital e seus anexos, especialmente Termo de Referência e Estudo Técnico Preliminar - ETP. Início de recebimento das propostas: 02/12/2025 às 09h00min; Fim do recebimento das propostas: 16/12/2025 às 09h00min; Início da Sessão Pública: 16/12/2025 às 09h01min; Endereço Eletrônico de Disputa: https://licitamaisbrasil.com.br/. Modo de disputa: Aberto; Critério de julgamento: Menor Preço por lote. Edital e seus anexos encontra-se à disposição dos interessados nos endereços eletrônicos: https://saoraimundononato.pi.gov.br/, https://sistemas.tce.pi.gov.br/muralic/ e https://licitamaisbrasil.com.br/.</p><p class="data">São Raimundo Nonato - PI, 1º de dezembro de 2025.</p><p class="assina">Edgard De Negreiros Araújo</p><p class="cargo">Secretário Municipal De Administração E Finanças</p>]]></Texto>
  </body>
  <Midias />
</article></xml>