﻿<xml><article id="46744950" name="2025-12-01/11442945/COMPRASNETWS" idOficio="11442945" pubName="DO3" artType="Extrato de Contrato" pubDate="03/12/2025" artClass="00011:00002:00006:00000:00000:00000:00000:00000:00000:00000:00030:00001" artCategory="Ministério das Cidades/Secretaria Executiva/Subsecretaria de Planejamento, Orçamento e Administração" artSize="12" artNotes="" numberPage="8" pdfPage="http://pesquisa.in.gov.br/imprensa/jsp/visualiza/index.jsp?data=03/12/2025&amp;jornal=530&amp;pagina=8" editionNumber="230" highlightType="" highlightPriority="" highlight="" highlightimage="" highlightimagename="" idMateria="23375827">
  <body>
    <Identifica><![CDATA[ EXTRATO DE CONTRATO Nº 19/2025 - UASG 560010]]></Identifica>
    <Data><![CDATA[]]></Data>
    <Ementa />
    <Titulo />
    <SubTitulo />
    <Texto><![CDATA[<p class="identifica">EXTRATO DE CONTRATO Nº 19/2025 - UASG 560010</p><p>Nº Processo: 80000.001870/2025-00.</p><p>Pregão Nº 90006/2025. Contratante: COORDENACAO-GERAL DE SUPORTE LOGISTICO-MCID.</p><p>Contratado: 12.941.636/0001-17 - SOLUCTION LOGISTICA E EVENTOS LTDA. Objeto: Contratação de serviços por escopo para a realização de eventos - 6ª conferência das cidades (6ª cnc) em brasília/df..</p><p>Fundamento Legal: LEI 14.133/2021. Vigência: 01/12/2025 a 01/12/2026. Valor Total: R$ 87.900,00. Data de Assinatura: 01/12/2025.</p><p>(COMPRASNET 4.0 - 01/12/2025).</p>]]></Texto>
  </body>
  <Midias />
</article></xml>