﻿<xml><article id="46734273" name="Extrato Inexigibilidade - NA 22_" idOficio="11441449" pubName="DO3" artType="Extrato de Inexigibilidade de Licitação" pubDate="03/12/2025" artClass="00071:00284:00000:00000:00000:00000:00000:00000:00000:00000:00040:00000" artCategory="Entidades de Fiscalização do Exercício das Profissões Liberais/Conselho Regional de Engenharia e Agronomia do Pará" artSize="12" artNotes="" numberPage="206" pdfPage="http://pesquisa.in.gov.br/imprensa/jsp/visualiza/index.jsp?data=03/12/2025&amp;jornal=530&amp;pagina=206" editionNumber="230" highlightType="" highlightPriority="" highlight="" highlightimage="" highlightimagename="" idMateria="23373904">
  <body>
    <Identifica><![CDATA[ EXTRATO DE INEXIGIBILIDADE DE LICITAÇÃO Nº 22/2025]]></Identifica>
    <Data><![CDATA[]]></Data>
    <Ementa />
    <Titulo />
    <SubTitulo />
    <Texto><![CDATA[<p></p><p class="identifica">EXTRATO DE INEXIGIBILIDADE DE LICITAÇÃO Nº 22/2025</p><p>Processo nº 643551/2025. Contratante: CREA-PA. Contratado: ESAFI- ESCOLA DE ADMINISTRAÇÃO E TREINAMENTO LTDA, CNPJ nº 35.963.479/0001-46. Objeto: Participação de 01 (um) agente integrante do quadro de colaboradores em exercício no Conselho Regional de Engenharia e Agronomia do Estado do Pará no no Curso Completo no Sistema Contratos.gov.br com prática no ambiente de treinamento incluindo os Módulos de Gestão de Contratos, Fiscalização, Execução Financeira, Administração e Gestão de Atas. Valor Total: R$ 3.890,00 (três mil,oitocentos e noventa reais). Termo de Inexigibilidade de Licitação em 28/11/2025. Ratificação em 28/11/2025. Ordenador Responsável: Adriana Falconeri Rebelo Boy, Engª. Civil, Presidente do CREA-PA.</p>]]></Texto>
  </body>
  <Midias />
</article></xml>