﻿<xml><article id="46741013" name="2025-11-28/11439516/siasgnet_233" idOficio="11439516" pubName="DO3" artType="Aviso de Licitação-Pregão" pubDate="03/12/2025" artClass="00047:00054:00044:00000:00000:00000:00000:00000:00000:00000:00162:00001" artCategory="Ministério da Saúde/Fundação Oswaldo Cruz/Instituto de Tecnologia em Imunobiológicos" artSize="12" artNotes="" numberPage="156" pdfPage="http://pesquisa.in.gov.br/imprensa/jsp/visualiza/index.jsp?data=03/12/2025&amp;jornal=530&amp;pagina=156" editionNumber="230" highlightType="" highlightPriority="" highlight="" highlightimage="" highlightimagename="" idMateria="23370948">
  <body>
    <Identifica><![CDATA[ AVISO DE LICITAÇÃO]]></Identifica>
    <Data><![CDATA[]]></Data>
    <Ementa />
    <Titulo />
    <SubTitulo />
    <Texto><![CDATA[<p class="identifica">AVISO DE LICITAÇÃO</p><p class="identifica">Pregão Eletrônico Nº 90261/2025 - UASG 254445</p><p>Nº Processo: 25386001674202531. Objeto: Aquisição de Materiais Eletricos Diversos. Total de Itens Licitados: 16. Edital: 03/12/2025 das 09h00 às 11h00 e das 13h00 às 16h00. Endereço: Avenida Brasil, 4365 - Manguinhos, - Rio de Janeiro/RJ ou https://www.gov.br/compras/edital/254445-5-90261-2025. Entrega das Propostas: a partir de 03/12/2025 às 09h00 no site www.gov.br/compras. Abertura das Propostas: 16/12/2025 às 09h00 no site www.gov.br/compras. Informações Gerais: .</p><p class="assina">JUNILTON BARBOSA SILVA</p><p class="cargo">Pregoeiro</p><p>(SIASGnet - 28/11/2025) 254445-25201-2025NE000034</p>]]></Texto>
  </body>
  <Midias />
</article></xml>