﻿<xml><article id="46729301" name="Aviso_Doacao SERPRO-PDO-2025_028" idOficio="11437559" pubName="DO3" artType="Extrato de Doação" pubDate="03/12/2025" artClass="00028:00050:00022:00000:00000:00000:00000:00000:00000:00000:00123:00000" artCategory="Ministério da Fazenda/Serviço Federal de Processamento de Dados/Regional Brasília" artSize="12" artNotes="" numberPage="120" pdfPage="http://pesquisa.in.gov.br/imprensa/jsp/visualiza/index.jsp?data=03/12/2025&amp;jornal=530&amp;pagina=120" editionNumber="230" highlightType="" highlightPriority="" highlight="" highlightimage="" highlightimagename="" idMateria="23367956">
  <body>
    <Identifica><![CDATA[ AVISO DE DOAÇÃO ]]></Identifica>
    <Data><![CDATA[ Brasília-DF, 26 de novembro de 2025.]]></Data>
    <Ementa />
    <Titulo />
    <SubTitulo />
    <Texto><![CDATA[<p class="identifica">AVISO DE DOAÇÃO</p><p>DOAÇÃO DE BENS MÓVEIS Nº SERPRO PDO-2025/000028.</p><p>O SERPRO Regional Brasília, torna pública a doação de 02 (dois) equipamentos de informática em favor da Instituição Conselho Nacional de Justiça - CNJ, inscrito no CNPJ/MF nº 07.421.906/0001-29. Relação de bens doados e demais informações constam no referido processo, disponível no site https://www.transparencia.serpro.gov.br/acesso-a-informacao/licitacoes-e-contratos/desfazimento-de-bens-moveis/publicacao-de-resultados-de-desfazimento-de-bens.</p><p class="data">Brasília-DF, 26 de novembro de 2025.</p><p class="assina">COMISSÃO PERMANENTE DE ALIENAÇÃO - COPEA</p>]]></Texto>
  </body>
  <Midias />
</article></xml>