﻿<xml><article id="46727648" name="Oficio" idOficio="11441069" pubName="DO3" artType="Ato" pubDate="03/12/2025" artClass="00073:12841:00000:00000:00000:00000:00000:00000:00000:00000:00171:00000" artCategory="Ineditoriais/CENTRO DE EDUCAÇÃO SUPERIOR LTDA - EPP" artSize="12" artNotes="" numberPage="212" pdfPage="http://pesquisa.in.gov.br/imprensa/jsp/visualiza/index.jsp?data=03/12/2025&amp;jornal=530&amp;pagina=212" editionNumber="230" highlightType="" highlightPriority="" highlight="" highlightimage="" highlightimagename="" idMateria="23373506">
  <body>
    <Identifica><![CDATA[ AVISO de REGISTRO DE DIPLOMAS]]></Identifica>
    <Data><![CDATA[ Aracaju, 29 de novembro 2025]]></Data>
    <Ementa />
    <Titulo />
    <SubTitulo />
    <Texto><![CDATA[<p class="identifica">AVISO de REGISTRO DE DIPLOMAS</p><p>FACULDADE JARDINS Mantenedora: CESUL -CENTRO DE EDUCAÇÃO SUPERIOR LTDA - EPP (Nº 14790) 1.814.649/0001-62, Para fins do disposto no art. 21 da Portaria MEC nº 439, de 28 de abril de 2020, esta Instituição de Educação Superior informa que foram registrados 35 trinta e cinco, no período de 30/10/2025 a 29/11/2025, nos seguintes livros de registro e sequências numéricas: [livro 5 - registros n 13825 a n 14067. A relação dos diplomas registrados poderá ser consultada em até quinze dias, no endereço, https://www.faculdadejardins.com.br/diplomas-registrados.</p><p class="data">Aracaju, 29 de novembro 2025</p><p class="assina">Valmir Farias Martins</p><p class="cargo">Diretor</p>]]></Texto>
  </body>
  <Midias />
</article></xml>