﻿<xml><article id="46725425" name="AVISO REPUB LICIT P.E 055-2025" idOficio="11442419" pubName="DO3" artType="Aviso" pubDate="03/12/2025" artClass="00075:00017:00119:00000:00000:00000:00000:00000:00000:00000:00106:00000" artCategory="Prefeituras/Estado do Piauí/Prefeitura Municipal de Floriano" artSize="12" artNotes="" numberPage="281" pdfPage="http://pesquisa.in.gov.br/imprensa/jsp/visualiza/index.jsp?data=03/12/2025&amp;jornal=530&amp;pagina=281" editionNumber="230" highlightType="" highlightPriority="" highlight="" highlightimage="" highlightimagename="" idMateria="23375179">
  <body>
    <Identifica><![CDATA[   AVISO DE LICITAÇÃO ]]></Identifica>
    <Data><![CDATA[ Floriano-PI, 1º de dezembro de 2025]]></Data>
    <Ementa />
    <Titulo />
    <SubTitulo />
    <Texto><![CDATA[<p class="identifica">AVISO DE LICITAÇÃO</p><p class="identifica">PREGÃO ELETRÔNICO Nº 55/2025</p><p>REPUBLICAÇÃO</p><p>O Agente de Contratação da PREFEITURA MUNICIPAL DE FLORIANO-PI, torna público a licitação na modalidade pregão eletrônico, Nº 055/2025, do tipo menor preço global, em conformidade com a Lei Federal nº 14.133/21, cujo objeto é a escolha da proposta mais vantajosa para contratação de pessoa jurídica especializado em serviços de engenharia para execução do projeto de construção da infraestrutura de acesso à ORLA DO RIO PARNAÍBA NO MUNICÍPIO DE FLORIANO-PI, COM A PAVIMENTAÇÃO DA AVENIDA ESMARAGDO DE FREITAS, conforme especificações contidas no projeto básico, memorial descritivo, planilhas orçamentárias e contrato de repasse nº 972172/2024/ministério do turismo anexos ao edital da contratação, através do site: https://portal.licitanet.com.br/, no dia 03 de dezembro de 2025 horário da abertura da proposta às 13h30min, e dia 17 de dezembro 2025 horário de abertura da disputa 09:00h.</p><p class="data">Floriano-PI, 1º de dezembro de 2025</p><p class="assina">JULIO CÉSAR VIEIRA REIS</p><p class="cargo">Pregoeiro CPL/PMF-PI</p>]]></Texto>
  </body>
  <Midias />
</article></xml>