﻿<xml><article id="46743205" name="2025-12-01/11442105/COMPRASNETWS" idOficio="11442105" pubName="DO3" artType="Extrato de Termo Aditivo" pubDate="03/12/2025" artClass="00025:00062:00031:00000:00000:00000:00000:00000:00000:00000:00053:00001" artCategory="Ministério da Educação/Instituto Federal de Educação, Ciência e Tecnologia do Ceará/Campus Juazeiro do Norte" artSize="12" artNotes="" numberPage="66" pdfPage="http://pesquisa.in.gov.br/imprensa/jsp/visualiza/index.jsp?data=03/12/2025&amp;jornal=530&amp;pagina=66" editionNumber="230" highlightType="" highlightPriority="" highlight="" highlightimage="" highlightimagename="" idMateria="23374697">
  <body>
    <Identifica><![CDATA[ EXTRATO DE TERMO ADITIVO Nº 1/2025 - UASG 158316]]></Identifica>
    <Data><![CDATA[]]></Data>
    <Ementa />
    <Titulo />
    <SubTitulo />
    <Texto><![CDATA[<p class="identifica">EXTRATO DE TERMO ADITIVO Nº 1/2025 - UASG 158316</p><p>Número do Contrato: 6/2024.</p><p>Nº Processo: 23261.001734/2024-16.</p><p>Dispensa. Nº 2/2024. Contratante: CAMPUS JUAZEIRO DO NORTE/IFCE. Contratado: 27.652.712/0001-41 - FUNDACAO DE APOIO AO ENSINO, A PESQUISA E A EXTENSAO DO INSTITUTO FEDERAL DE EDU. Objeto: Prorrogar o prazo de vigência e de execução do objeto contratual por mais 14 (quatorze) meses e 5 (cinco) dias, conforme o 3º Termo Aditivo ao TED 02/2022 e seguindo o cronograma do Plano de Trabalho do 3º Termo Aditivo ao TED 02/2022. Acréscimo quantitativo consistente em R$ 108.900,00, o que equivale a 137,78% do valor inicial atualizado do contrato, sob o amparo da Nota n° 00041/2025/gabproc/pfifceará/pgf/agu da Procuradoria Federal. Vigência: 02/12/2025 a 07/02/2027. Valor Total Atualizado do Contrato: R$ 187.938,32. Data de Assinatura: 01/12/2025.</p><p>(COMPRASNET 4.0 - 01/12/2025).</p>]]></Texto>
  </body>
  <Midias />
</article></xml>