﻿<xml><article id="46726610" name="Publicacao Extrato Termo de Cola" idOficio="11436410" pubName="DO3" artType="Extrato de Parceria" pubDate="03/12/2025" artClass="00071:00084:00000:00000:00000:00000:00000:00000:00000:00000:00132:00000" artCategory="Entidades de Fiscalização do Exercício das Profissões Liberais/Conselho Regional de Administração do Rio Grande do Sul" artSize="12" artNotes="" numberPage="204" pdfPage="http://pesquisa.in.gov.br/imprensa/jsp/visualiza/index.jsp?data=03/12/2025&amp;jornal=530&amp;pagina=204" editionNumber="230" highlightType="" highlightPriority="" highlight="" highlightimage="" highlightimagename="" idMateria="23366101">
  <body>
    <Identifica><![CDATA[ EXTRATO de acordo DE COLABORAÇÃO Nº 11/2025]]></Identifica>
    <Data><![CDATA[]]></Data>
    <Ementa />
    <Titulo />
    <SubTitulo />
    <Texto><![CDATA[<p class="identifica">EXTRATO de acordo DE COLABORAÇÃO Nº 11/2025</p><p>ESPÉCIE: TERMO DE COLABORAÇÃO Processo: 476910.000241/2023-31. Partícipes: CONSELHO REGIONAL DE ADMINISTRAÇÃO DO RIO GRANDE DO SUL - CRA-RS (CNPJ nº 92.913.318/0001-81) e FÓRUM DOS CONSELHOS REGIONAIS E ORDENS DAS PROFISSÕES REGULAMENTADAS DO ESTADO DO RIO GRANDE DO SUL - FORUM-RS CNPJ nº 53.464.437/0001-42. Objeto: transferência de recursos financeiros para o Fórum-RS, com o intuito de subsidiar a sua subsistência, bem como a execução das atividades regulamentadas em seu estatuto, em especial em seu art. 2º, e regimento interno, visando à consecução de finalidade de interesse público de seus membros. Vigência: 26/11/2025 a 25/11/2027.Valor total estimado: R$ 12.000,00 (doze mil reais), anuais. Dotação Orçamentária: 6.2.2.1.1.01.05.01.001 - Taxas Diversas. Assinam o FLÁVIO CARDOZO DE ABREU (Conselheiro Presidente CRA-RS) e LEONARDO LAMACHIA (Presidente FORUM-RS).</p>]]></Texto>
  </body>
  <Midias />
</article></xml>