﻿<xml><article id="46745238" name="2025-12-01/11442986/COMPRASNETWS" idOficio="11442986" pubName="DO3" artType="Extrato de Contrato" pubDate="03/12/2025" artClass="00034:00062:00073:00000:00000:00000:00000:00000:00000:00000:00030:00001" artCategory="Ministério do Meio Ambiente e Mudança do Clima/Instituto Brasileiro do Meio Ambiente e dos Recursos Naturais Renováveis/Superintendência no Piauí" artSize="12" artNotes="" numberPage="139" pdfPage="http://pesquisa.in.gov.br/imprensa/jsp/visualiza/index.jsp?data=03/12/2025&amp;jornal=530&amp;pagina=139" editionNumber="230" highlightType="" highlightPriority="" highlight="" highlightimage="" highlightimagename="" idMateria="23375931">
  <body>
    <Identifica><![CDATA[ EXTRATO DE CONTRATO Nº 8/2025 - UASG 193117]]></Identifica>
    <Data><![CDATA[]]></Data>
    <Ementa />
    <Titulo />
    <SubTitulo />
    <Texto><![CDATA[<p class="identifica">EXTRATO DE CONTRATO Nº 8/2025 - UASG 193117</p><p>Nº Processo: 02020.000740/2025-08.</p><p>Pregão Nº 90002/2025. Contratante: IBAMA - SUPERINTENDENCIA DO PIAUI/PI.</p><p>Contratado: 22.561.863/0001-70 - MULTPAR SERVICOS DE CONSTRUCAO LTDA. Objeto: Contratação de serviços comuns de engenharia inerentes à manutenção predial corretiva e preventiva das edificações da superintendência do ibama/pi e unidade técnica de 2° nível localizada no município de parnaíba/pi..</p><p>Fundamento Legal: LEI 14.133/2021. Vigência: 01/12/2025 a 01/12/2026. Valor Total: R$ 261.627,96. Data de Assinatura: 01/12/2025.</p><p>(COMPRASNET 4.0 - 01/12/2025).</p>]]></Texto>
  </body>
  <Midias />
</article></xml>