﻿<xml><article id="46727192" name="PE 62 -2025 - UNIAO" idOficio="11442238" pubName="DO3" artType="Aviso de Licitação" pubDate="03/12/2025" artClass="00075:00024:00376:00000:00000:00000:00000:00000:00000:00000:00079:00000" artCategory="Prefeituras/Estado de São Paulo/Prefeitura Municipal de Itápolis" artSize="12" artNotes="" numberPage="299" pdfPage="http://pesquisa.in.gov.br/imprensa/jsp/visualiza/index.jsp?data=03/12/2025&amp;jornal=530&amp;pagina=299" editionNumber="230" highlightType="" highlightPriority="" highlight="" highlightimage="" highlightimagename="" idMateria="23374975">
  <body>
    <Identifica><![CDATA[AVISO DE LICITAÇÃO]]></Identifica>
    <Data><![CDATA[]]></Data>
    <Ementa />
    <Titulo />
    <SubTitulo />
    <Texto><![CDATA[<p class="identifica">AVISO DE LICITAÇÃO</p><p class="identifica">PREGÃO ELETRÔNICO Nº 62/2025 - SRP</p><p>A Prefeitura do Município de Itápolis informa aos interessados a abertura da licitação em epígrafe que tem como objeto o Registro de Preço para futura e eventual aquisição de materiais de copa e cozinha (café, fósforo, coador de café/chás, açúcar e copos descartáveis. DATA DE ABERTURA DA SESSÃO PÚBLICA: 12 de dezembro de 2025 às 8 horas e 30 minutos no site: https://e-licita.itapolis.sp.gov.br:8095.</p><p>O edital e seus anexos poderão ser obtidos gratuitamente através dos sites www.itapolis.sp.gov.br, http://e-licita.itapolis.sp.gov.br:8096 e no Portal Nacional de Contratações Públicas. Maiores informações, através do telefone 16 3263 8000.</p><p class="assina">VLADIMIR DO CARMO REGGIANI</p><p class="cargo">Prefeito</p>]]></Texto>
  </body>
  <Midias />
</article></xml>