﻿<xml><article id="46726607" name="Aviso de Licitacao_2066598" idOficio="11435970" pubName="DO3" artType="Aviso de Licitação" pubDate="03/12/2025" artClass="00035:00056:00068:00085:00000:00000:00000:00000:00000:00000:00078:00000" artCategory="Ministério de Minas e Energia/Petróleo Brasileiro S.A./Petrobras Logística de Gás/Transportadora Brasileira Gasoduto Bolívia Brasil S.A" artSize="12" artNotes="" numberPage="142" pdfPage="http://pesquisa.in.gov.br/imprensa/jsp/visualiza/index.jsp?data=03/12/2025&amp;jornal=530&amp;pagina=142" editionNumber="230" highlightType="" highlightPriority="" highlight="" highlightimage="" highlightimagename="" idMateria="23365520">
  <body>
    <Identifica><![CDATA[ AVISO DE LICITAÇÃO nº 2066598]]></Identifica>
    <Data><![CDATA[]]></Data>
    <Ementa />
    <Titulo />
    <SubTitulo />
    <Texto><![CDATA[<p class="identifica">AVISO DE LICITAÇÃO nº 2066598</p><p>Objeto: AQUISIÇÃO DE SOBRESSALENTES WAUKESHA</p><p>Abertura da Proposta: 26/12/2025</p><p>Obs.: A consulta ao edital e o processamento da licitação serão realizados no portal https://comprastbg.com.br</p><p class="assina">COMISSÃO DE LICITAÇÃO</p>]]></Texto>
  </body>
  <Midias />
</article></xml>