﻿<xml><article id="46726238" name="DOU . PE. 126-2025-2" idOficio="11432997" pubName="DO3" artType="Aviso de Licitação" pubDate="03/12/2025" artClass="00075:00019:00024:00000:00000:00000:00000:00000:00000:00000:00078:00000" artCategory="Prefeituras/Estado do Rio Grande do Sul/Prefeitura Municipal de Alegrete" artSize="12" artNotes="" numberPage="285" pdfPage="http://pesquisa.in.gov.br/imprensa/jsp/visualiza/index.jsp?data=03/12/2025&amp;jornal=530&amp;pagina=285" editionNumber="230" highlightType="" highlightPriority="" highlight="" highlightimage="" highlightimagename="" idMateria="23361443">
  <body>
    <Identifica><![CDATA[ AVISO DE LICITAÇÃO ]]></Identifica>
    <Data><![CDATA[ Alegrete, 27 de novembro de 2025.]]></Data>
    <Ementa />
    <Titulo />
    <SubTitulo />
    <Texto><![CDATA[<p class="identifica">AVISO DE LICITAÇÃO</p><p class="identifica">PREGÃO ELETRÔNICO Nº 126/2025</p><p>PROCESSO DE COMPRA Nº 372-2025 Objeto : Contratação de Empresa Para A Revitalização da Praça Xv de Outubro- Bairro Vera Cruz- Bairro Piola, Referente A Emenda Parlamentar nº 202440730001 Plano de Ação nº 09032024-069714-2024. Abertura: 18 de dezembro de 2025 as 10horas.</p><p>Informações sobre o Edital pelo telefone 553120-1003 e pelo email: comprasalegreters@gmail.com e no Centro Administrativo Municipal, localizado na rua Major João Cezimbra Jaques-200. Editais no site www.alegrete.rs.gov.br e Jornal de Grande Circulação</p><p class="data">Alegrete, 27 de novembro de 2025.</p><p class="assina">Jesse Trindade dos Santos</p><p class="cargo">Prefeito</p>]]></Texto>
  </body>
  <Midias />
</article></xml>