﻿<xml><article id="46726271" name="AVISO DE LICITACAO - PREGAO ELET" idOficio="11438750" pubName="DO3" artType="Aviso de Licitação" pubDate="03/12/2025" artClass="00074:00023:00002:00000:00000:00000:00000:00000:00000:00000:00079:00000" artCategory="Governo do Estado/Governo do Estado de Roraima/SECRETARIA DE ESTADO DE LICITAÇÃO E CONTRATAÇÃO" artSize="12" artNotes="" numberPage="217" pdfPage="http://pesquisa.in.gov.br/imprensa/jsp/visualiza/index.jsp?data=03/12/2025&amp;jornal=530&amp;pagina=217" editionNumber="230" highlightType="" highlightPriority="" highlight="" highlightimage="" highlightimagename="" idMateria="23369484">
  <body>
    <Identifica><![CDATA[ AVISO DE LICITAÇÃO]]></Identifica>
    <Data><![CDATA[ Boa Vista - RR, 28 de novembro de 2025.]]></Data>
    <Ementa />
    <Titulo />
    <SubTitulo />
    <Texto><![CDATA[<p class="identifica">AVISO DE LICITAÇÃO</p><p class="identifica">PREGÃO ELETRÔNICO Nº 90049/2025</p><p>PROCESSO Nº 19103.019447/2025.99 - PMRR</p><p>Objeto: Aquisição de mochila de capacidade média.</p><p>DATA DE ABERTURA: 16/12/2025 HORA: 09h30 (horário de Brasília)</p><p>O edital se encontrará à disposição dos interessados nos sites: www.compras.gov.br e http://selc.rr.gov.br, bem como na Sede desta SELC/RR, localizada na Av. Nossa Senhora da Consolata, n° 472 - Centro; CEP: 69.301-011; Boa Vista/RR, em horário normal de expediente, a partir do dia 1º/12/2025. Código da UASG n° 930800.</p><p class="data">Boa Vista - RR, 28 de novembro de 2025.</p><p class="assina">TANCREMAR CARMO DA SILVA</p><p class="cargo">Agente de Contratação</p>]]></Texto>
  </body>
  <Midias />
</article></xml>