﻿<xml><article id="46725152" name="ATO EDITAL NA 083-Ed. 008_2025-D" idOficio="11442165" pubName="DO3" artType="Edital" pubDate="03/12/2025" artClass="00025:00160:00000:00000:00000:00000:00000:00000:00000:00000:00056:00083" artCategory="Ministério da Educação/Fundação Universidade Federal de Sergipe" artSize="12" artNotes="" numberPage="106" pdfPage="http://pesquisa.in.gov.br/imprensa/jsp/visualiza/index.jsp?data=03/12/2025&amp;jornal=530&amp;pagina=106" editionNumber="230" highlightType="" highlightPriority="" highlight="" highlightimage="" highlightimagename="" idMateria="23374819">
  <body>
    <Identifica><![CDATA[ EDITAL DE HOMOLOGAÇÃO Nº 83, DE 1º DE DEZEMBRO DE 2025]]></Identifica>
    <Data><![CDATA[]]></Data>
    <Ementa />
    <Titulo />
    <SubTitulo />
    <Texto><![CDATA[<p class="identifica">EDITAL DE HOMOLOGAÇÃO Nº 83, DE 1º DE DEZEMBRO DE 2025</p><p>A Universidade Federal de Sergipe torna público o resultado final do Processo Seletivo Simplificado para contratação de Professor Substituto, objeto do Edital nº 008/2025, com extrato publicado no D.O.U. em 15/09/2025, Edital Complementar nº 01, publicado na página do Edital em 08/10/2025, conforme informações que seguem:</p><p /><p></p><table><tr /><tr><td rowspan="1" colspan="5"><p>Departamento de Arquitetura e Urbanismo/Campus de Laranjeiras</p></td></tr><tr><td rowspan="1" colspan="1"><p>Processo</p></td><td rowspan="1" colspan="4"><p>23113.031768/2025-10</p></td></tr><tr><td rowspan="1" colspan="1"><p>Matérias de Ensino</p></td><td rowspan="1" colspan="4"><p>Planejamento I, II, III, IV, V, VI e VII; Projeto Paisagístico; Projeto Urbanístico I e II; Tópicos Especiais de Planejamento I e II</p></td></tr><tr><td rowspan="1" colspan="1"><p>Disciplinas</p></td><td rowspan="1" colspan="4"><p>Planejamento I, II, III, IV, V, VI e VII; Projeto Paisagístico; Projeto Urbanístico I e II; Tópicos Especiais de Planejamento I e II</p></td></tr><tr><td rowspan="1" colspan="5"><p>Resultado Final</p></td></tr><tr><td rowspan="1" colspan="1"><p>Categoria</p></td><td rowspan="1" colspan="1"><p>Classificação</p></td><td rowspan="1" colspan="1"><p>Nome</p></td><td rowspan="1" colspan="1"><p>CPF</p></td><td rowspan="1" colspan="1"><p>Nota</p></td></tr><tr><td rowspan="1" colspan="1"><p>Ampla Concorrência</p></td><td rowspan="1" colspan="1"><p>1º LUGAR</p></td><td rowspan="1" colspan="1"><p>LEONARDO RIBEIRO MAIA</p></td><td rowspan="1" colspan="1"><p>***.952.688-**</p></td><td rowspan="1" colspan="1"><p>72,60</p></td></tr><tr><td rowspan="1" colspan="1" /><td rowspan="1" colspan="1"><p>2º LUGAR</p></td><td rowspan="1" colspan="1"><p>LAYLA DANIELLE ARAUJO PINTO</p></td><td rowspan="1" colspan="1"><p>***.255.035-**</p></td><td rowspan="1" colspan="1"><p>56,00</p></td></tr><tr><td rowspan="1" colspan="1" /><td rowspan="1" colspan="1"><p>3º LUGAR</p></td><td rowspan="1" colspan="1"><p>CAROLINE ALMEIDA ARAGÃO CABRAL</p></td><td rowspan="1" colspan="1"><p>***.435.385-**</p></td><td rowspan="1" colspan="1"><p>53,96</p></td></tr><tr><td rowspan="1" colspan="1" /><td rowspan="1" colspan="1"><p>4º LUGAR</p></td><td rowspan="1" colspan="1"><p>ANA CAROLINE SANTOS DE OLIVEIRA</p></td><td rowspan="1" colspan="1"><p>***.093.285-**</p></td><td rowspan="1" colspan="1"><p>51,92</p></td></tr><tr><td rowspan="1" colspan="1"><p>Cotas (Lei nº 15.142/2025)</p></td><td rowspan="1" colspan="4"><p>Não houve candidatos aprovados</p></td></tr><tr><td rowspan="1" colspan="1"><p>Cotas (Decreto nº 9.508/2018)</p></td><td rowspan="1" colspan="4"><p>Não houve candidatos aprovados</p></td></tr></table><p class="assina">ANDRÉ MAURÍCIO CONCEIÇÃO DE SOUZA</p><p class="cargo">Reitor</p>]]></Texto>
  </body>
  <Midias />
</article></xml>