﻿<xml><article id="46725872" name="AVISO EDITAL CP 11-25" idOficio="11442650" pubName="DO3" artType="Aviso" pubDate="03/12/2025" artClass="00075:00019:00177:00000:00000:00000:00000:00000:00000:00000:00106:00000" artCategory="Prefeituras/Estado do Rio Grande do Sul/Prefeitura Municipal de Dom Pedrito" artSize="12" artNotes="" numberPage="286" pdfPage="http://pesquisa.in.gov.br/imprensa/jsp/visualiza/index.jsp?data=03/12/2025&amp;jornal=530&amp;pagina=286" editionNumber="230" highlightType="" highlightPriority="" highlight="" highlightimage="" highlightimagename="" idMateria="23375461">
  <body>
    <Identifica><![CDATA[   AVISO DE licitação]]></Identifica>
    <Data><![CDATA[ Em 1º de dezembro de 2025.]]></Data>
    <Ementa />
    <Titulo />
    <SubTitulo />
    <Texto><![CDATA[<p class="identifica">AVISO DE licitação</p><p class="identifica">Concorrência Eletrônica</p><p>O Prefeito de Dom Pedrito no uso de suas atribuições legais torna público o edital de Concorrência Eletrônica:</p><p /><p></p><table><tr /><tr><td rowspan="1" colspan="1"><p>PROCESSO</p></td><td rowspan="1" colspan="1"><p>OBJETO</p></td><td rowspan="1" colspan="1"><p>SESSÃO PÚBLICA</p></td></tr><tr><td rowspan="1" colspan="1"><p>CP 11/25</p></td><td rowspan="1" colspan="1"><p>CONTRATAÇÃO DE EMPRESA PARA SERVIÇOS ESPECIALIZADOS PARA EXECUÇÃO DE REFORMA - PRAÇA DO LARGO ISIDORO DIAS LOPES (ATUALMENTE PRAÇA RUI FAVALLE BASTIDE) REGIME DE EMPREITADA GLOBAL</p></td><td rowspan="1" colspan="1"><p>13/01/2026 às 9h</p></td></tr></table><p>Demais informações pelo site http://www.dompedrito.rs.gov.br ou também pelo Portal de Compras Públicas, através do endereço eletrônico: https://www.portaldecompraspublicas.com.br</p><p class="data">Em 1º de dezembro de 2025.</p><p class="assina">Diego da Rosa Cruz</p>]]></Texto>
  </body>
  <Midias />
</article></xml>