﻿<xml><article id="46734994" name="dou 54 pp.." idOficio="11432476" pubName="DO3" artType="Extrato de Termo Aditivo" pubDate="03/12/2025" artClass="00075:00012:01074:00000:00000:00000:00000:00000:00000:00000:00053:00000" artCategory="Prefeituras/Estado de Minas Gerais/Prefeitura Municipal de Três Corações" artSize="12" artNotes="" numberPage="258" pdfPage="http://pesquisa.in.gov.br/imprensa/jsp/visualiza/index.jsp?data=03/12/2025&amp;jornal=530&amp;pagina=258" editionNumber="230" highlightType="" highlightPriority="" highlight="" highlightimage="" highlightimagename="" idMateria="23360776">
  <body>
    <Identifica><![CDATA[extrato de termo aditivo]]></Identifica>
    <Data><![CDATA[]]></Data>
    <Ementa />
    <Titulo />
    <SubTitulo />
    <Texto><![CDATA[<p class="identifica">extrato de termo aditivo</p><p>1º termo aditivo ao contrato nº 129/2024 - Pregão eletronico nº 54/2024</p><p>Contratação de serviço de pessoa juridica para elaboração de relatórios/estudos/projetos/adequações complementares, como forma de avaliar o gerenciamento dos aspectos/impactos ambientais da fase de operação do aterro sanitário para manutenção da vigência ambiental. contratado: Ambimental Engenharia Ltda. cnpj: 26.720.882/0001-53. tipo: o prazo do contrato original fica prorrogado por 12 (doze) meses. autorização: cláusula 6.3 do contrato original, oriundo do pregão eletrônico nº 54/2024. início vigência: 20/09/2025 até 19/09/2026.</p>]]></Texto>
  </body>
  <Midias />
</article></xml>