﻿<xml><article id="46726190" name="extrato8__EALBS6" idOficio="11441555" pubName="DO3" artType="Extrato de Doação" pubDate="03/12/2025" artClass="00025:00111:00038:00001:00000:00000:00000:00000:00000:00000:00123:00000" artCategory="Ministério da Educação/Universidade Federal de Minas Gerais/Instituto de Ciências Exatas/Biblioteca do Departamento de Física" artSize="12" artNotes="" numberPage="89" pdfPage="http://pesquisa.in.gov.br/imprensa/jsp/visualiza/index.jsp?data=03/12/2025&amp;jornal=530&amp;pagina=89" editionNumber="230" highlightType="" highlightPriority="" highlight="" highlightimage="" highlightimagename="" idMateria="23374070">
  <body>
    <Identifica><![CDATA[ Extrato de doação]]></Identifica>
    <Data><![CDATA[]]></Data>
    <Ementa />
    <Titulo />
    <SubTitulo />
    <Texto><![CDATA[<p class="identifica">Extrato de doação</p><p>Termo de doação nº 08/2025. Doadora: Márcia Dias Diniz Costa. Donatário: Instituto de Ciências Exatas (ICEx/UFMG), CNPJ nº 17.217.985/0004-57. Objeto: doação de livro impresso. Quantidade: 01 item. Valor total: R$ 75,00 (setenta e cinco reais). Fundamento Legal: Decreto nº 9.764, de 11 de abril e Instrução Normativa SEGES/MP nº 06/2019, de 12 de agosto de 2019, e suas alterações. SIGNATÁRIOS: Márcia Dias Diniz Costa (Doadora) e Instituto de Ciências Exatas (ICEx/UFMG) (Donatário). DATA DE ASSINATURA: Belo Horizonte, 26 de novembro de 2025.</p>]]></Texto>
  </body>
  <Midias />
</article></xml>