﻿<xml><article id="46741187" name="2025-12-01/11442737/siasgnet_233" idOficio="11442737" pubName="DO3" artType="Aviso de Licitação-Pregão" pubDate="03/12/2025" artClass="00016:00011:00014:00001:00008:00000:00000:00000:00000:00000:00162:00001" artCategory="Ministério da Defesa/Comando do Exército/Comando Militar do Sudeste/Comando de Aviação do Exército/Base de Aviação de Taubaté" artSize="12" artNotes="" numberPage="34" pdfPage="http://pesquisa.in.gov.br/imprensa/jsp/visualiza/index.jsp?data=03/12/2025&amp;jornal=530&amp;pagina=34" editionNumber="230" highlightType="" highlightPriority="" highlight="" highlightimage="" highlightimagename="" idMateria="23375616">
  <body>
    <Identifica><![CDATA[ AVISO DE LICITAÇÃO]]></Identifica>
    <Data><![CDATA[]]></Data>
    <Ementa />
    <Titulo />
    <SubTitulo />
    <Texto><![CDATA[<p class="identifica">AVISO DE LICITAÇÃO</p><p class="identifica">Pregão Eletrônico Nº 90046/2025 - UASG 160518</p><p>Nº Processo: 64009016965202583. Objeto: Aquisição de material permanente de uso hospitalar em conformidade com o Planejamento Anual das Atividades do Sistema de Saúde do Exército (PAASSEx) para o ano de 2026. Total de Itens Licitados: 18. Edital: 03/12/2025 das 09h30 às 12h00 e das 13h30 às 17h00. Endereço: Estrada Dos Remedios 2135, Itai, - Taubaté/SP ou https://www.gov.br/compras/edital/160518-5-90046-2025. Entrega das Propostas: a partir de 03/12/2025 às 09h30 no site www.gov.br/compras. Abertura das Propostas: 15/12/2025 às 08h15 no site www.gov.br/compras. Informações Gerais: .</p><p class="assina">RADSON AMARAL MATOS</p><p class="cargo">Ordenador de Despesas</p><p>(SIASGnet - 01/12/2025) 160518-00001-2025NE000001</p>]]></Texto>
  </body>
  <Midias />
</article></xml>