﻿<xml><article id="46725013" name="I. OF. UNIAO PE 55 2025" idOficio="11439707" pubName="DO3" artType="Aviso de Licitação" pubDate="03/12/2025" artClass="00075:00024:00372:00000:00000:00000:00000:00000:00000:00000:00079:00000" artCategory="Prefeituras/Estado de São Paulo/Prefeitura Municipal de Itapeva" artSize="12" artNotes="" numberPage="299" pdfPage="http://pesquisa.in.gov.br/imprensa/jsp/visualiza/index.jsp?data=03/12/2025&amp;jornal=530&amp;pagina=299" editionNumber="230" highlightType="" highlightPriority="" highlight="" highlightimage="" highlightimagename="" idMateria="23371132">
  <body>
    <Identifica><![CDATA[ AVISO DE LICITAÇÃO]]></Identifica>
    <Data><![CDATA[]]></Data>
    <Ementa />
    <Titulo />
    <SubTitulo />
    <Texto><![CDATA[<p class="identifica">AVISO DE LICITAÇÃO</p><p class="identifica">PREGÃO ELETRÔNICO Nº 55/2025</p><p>Acha-se aberta nesta Prefeitura as seguintes licitações:</p><p>Pregão Eletrônico Nº 55/2025 - Processo Administrativo nº 3.478/2025 do tipo Menor Preço - Interessado: Secretaria Municipal de Saúde - Objeto: Serviço de locação de software PACS para UPA Itapeva. Recebimento das Propostas a partir do dia 03/12/2025. Abertura da SESSÃO DA DISPUTA DE PREÇOS às 09h00min do dia 17/12/2025. Disponibilidade do Edital: no portal eletrônico www.itapeva.sp.gov.br/licitacao.</p><p>Esclarecimentos adicionais com o pregoeiro João Gustavo Fonseca de Souza pelo telefone 0800 000 4673 (ramais 2003 / 2004 / 2005). Demais detalhes serão fornecidos no Departamento de Compras e Licitações, no horário normal de expediente à Praça Duque de Caxias, nº 22 - Centro - Itapeva/SP.</p><p class="assina">ADRIANA DUCH MACHADO</p><p class="cargo">Prefeita Municipal</p>]]></Texto>
  </body>
  <Midias />
</article></xml>