﻿<xml><article id="46725206" name="AVISO PE019_2025_DOU." idOficio="11441337" pubName="DO3" artType="Aviso de Licitação-Pregão" pubDate="03/12/2025" artClass="00075:00005:00233:00000:00000:00000:00000:00000:00000:00000:00162:00000" artCategory="Prefeituras/Estado da Bahia/Prefeitura Municipal de Ibotirama" artSize="12" artNotes="" numberPage="224" pdfPage="http://pesquisa.in.gov.br/imprensa/jsp/visualiza/index.jsp?data=03/12/2025&amp;jornal=530&amp;pagina=224" editionNumber="230" highlightType="" highlightPriority="" highlight="" highlightimage="" highlightimagename="" idMateria="23373811">
  <body>
    <Identifica><![CDATA[ AVISO DE LICITAÇÃO]]></Identifica>
    <Data><![CDATA[]]></Data>
    <Ementa />
    <Titulo />
    <SubTitulo />
    <Texto><![CDATA[<p>CNPJ: 13.798.152/0001-23</p><p class="identifica">AVISO DE LICITAÇÃO</p><p class="identifica">PREGÃO ELETRÔNICO N° 19/2025 - PMI/BA</p><p>A Prefeitura Mun. de Ibotirama-Ba, faz saber que realizará licitação na modalidade Pregão Eletrônico Nº 019/2025-PMI/BA. Objeto: Contratação de empresa especializada para o fornecimento parcelado de materiais de expediente, destinados ao atendimento das demandas administrativas e operacionais da Prefeitura Municipal, do Fundo Municipal de Saúde, do Fundo Municipal de Educação e do Fundo Municipal de Assistência Social, do município de Ibotirama-Ba. Data de início de acolhimento das propostas: 03/12/2025 às 10h. Data da sessão pública: 16/12/2025 às 09h (horário de Brasília). O Edital encontra-se disponível no site https://bll.org.br (BLL COMPRAS), Portal Nacional de Contratações Pública (PNCP) e https://www.ibotirama.ba.gov.br/site/diariooficial. Maiores informações pelo e-mail licitacao@ibotirama.ba.gov.br</p><p class="assina">Neylon Nichelle P. de Sá Teles</p><p class="cargo">Pregoeiro</p>]]></Texto>
  </body>
  <Midias />
</article></xml>