﻿<xml><article id="46725809" name="Aviso CE 017 - INFRAESTRUTURA GR" idOficio="11441494" pubName="DO3" artType="Aviso de Licitação-Concorrência" pubDate="03/12/2025" artClass="00075:00015:00101:00000:00000:00000:00000:00000:00000:00000:00159:00000" artCategory="Prefeituras/Estado do Paraná/Prefeitura Municipal de Colombo" artSize="12" artNotes="" numberPage="275" pdfPage="http://pesquisa.in.gov.br/imprensa/jsp/visualiza/index.jsp?data=03/12/2025&amp;jornal=530&amp;pagina=275" editionNumber="230" highlightType="" highlightPriority="" highlight="" highlightimage="" highlightimagename="" idMateria="23374009">
  <body>
    <Identifica><![CDATA[ AVISO DE LICITAÇÃO]]></Identifica>
    <Data><![CDATA[ Colombo, 1º de dezembro de 2025.]]></Data>
    <Ementa />
    <Titulo />
    <SubTitulo />
    <Texto><![CDATA[<p class="identifica">AVISO DE LICITAÇÃO</p><p class="identifica">CONCORRÊNCIA ELETRÔNICA Nº 17/2025</p><p>Objeto: Contratação de empresa de engenharia para execução de obra de Acessibilidade da Gruta do Bacaetava, localizada na Rodovia Antônio Gasparin, PR-417, KM 22, Bacaetava, Colombo - PR, com área de intervenção do Recorte 3 de 601,62 m², conforme planilha orçamentária e nos projetos constantes em anexo ao edital.</p><p>Recebimento das Propostas: das 08:00 horas do dia 03 de dezembro de 2025 até às 08:00 horas do dia 17 de dezembro de 2025.</p><p>Início da sessão de Disputa de Preços: às 09:00 horas do dia 17 de dezembro de 2025. (Horário de Brasília).</p><p>Local de Abertura: Bolsa de Licitações e Leilões do Brasil - Acesso Identificado no link bllcompras.org.br.</p><p>Preço Máximo: Constante no edital.</p><p>Critério de Julgamento: Menor Preço "empreitada por Preço Global"</p><p>Informações Complementares poderão ser obtidas na Secretaria Municipal da Administração, sito à Rua XV de Novembro, Nº 105, Centro, Colombo - Paraná, ou pelos fones: (41) 3656-8085 ou 3656-8002 ou pelo site: www.colombo.pr.gov.br</p><p class="data">Colombo, 1º de dezembro de 2025.</p><p class="assina">Helder Luiz Lazarotto</p><p class="cargo">Prefeito</p>]]></Texto>
  </body>
  <Midias />
</article></xml>