﻿<xml><article id="46727297" name="Extrato de contrato - BIT SOCIAL" idOficio="11432043" pubName="DO3" artType="Extrato de Contrato" pubDate="03/12/2025" artClass="00013:00063:00000:00000:00000:00000:00000:00000:00000:00000:00030:00000" artCategory="Ministério da Ciência, Tecnologia e Inovação/Financiadora de Estudos e Projetos" artSize="12" artNotes="" numberPage="10" pdfPage="http://pesquisa.in.gov.br/imprensa/jsp/visualiza/index.jsp?data=03/12/2025&amp;jornal=530&amp;pagina=10" editionNumber="230" highlightType="" highlightPriority="" highlight="" highlightimage="" highlightimagename="" idMateria="23360073">
  <body>
    <Identifica><![CDATA[ EXTRATO DE CONTRATO]]></Identifica>
    <Data><![CDATA[]]></Data>
    <Ementa />
    <Titulo />
    <SubTitulo />
    <Texto><![CDATA[<p></p><p class="identifica">EXTRATO DE CONTRATO</p><p>Processo FP-ADM-2024/02999; Espécie: Contrato nº 20.24.0350.00; Partes: Financiadora de Estudos e Projetos - FINEP, CNPJ nº. 33.749.086/0001-09 e BIT SOCIAL, CNPJ nº 10.355.613/0001-03. Objeto: concessão de patrocínio para a realização do projeto "Inova Tic 2024", a ser organizado pela CONTRATADA no período de 26/09/2024 a 26/09/2024. Valor: R$ 40.000,00 (quarenta mil reais). Prazo: 365 (trezentos e sessenta e cinco) dias a contar da data de sua assinatura. Assinatura em 23/09/2024.</p>]]></Texto>
  </body>
  <Midias />
</article></xml>