﻿<xml><article id="46727591" name="Retificacao Publicacao - Apostil" idOficio="11443502" pubName="DO3" artType="Retificação" pubDate="03/12/2025" artClass="00075:00010:00053:00000:00000:00000:00000:00000:00000:00000:00126:00000" artCategory="Prefeituras/Estado de Mato Grosso/Prefeitura Municipal de Colider" artSize="12" artNotes="" numberPage="244" pdfPage="http://pesquisa.in.gov.br/imprensa/jsp/visualiza/index.jsp?data=03/12/2025&amp;jornal=530&amp;pagina=244" editionNumber="230" highlightType="" highlightPriority="" highlight="" highlightimage="" highlightimagename="" idMateria="23376702">
  <body>
    <Identifica><![CDATA[ Aviso de retificação]]></Identifica>
    <Data><![CDATA[ Colider-MT, 1º de dezembro de 2025.]]></Data>
    <Ementa />
    <Titulo />
    <SubTitulo />
    <Texto><![CDATA[<p class="identifica">Aviso de retificação</p><p>RETIFICAÇÃO DA PUBLICAÇÃO DO PRIMEIRO TERMO DE APOSTILAMENTO A ATA DE REGISTRO DE PREÇOS N° 027/2025</p><p>A Prefeitura Municipal de Colíder/MT, através de sua Pregoeira e Equipe de Apoio, torna público para conhecimento dos interessados a RETIFICAÇÃO da publicação do "Primeiro Termo de Apostilamento a Ata de Registro de Preços n° 027/2025", referente a empresa CASA DE CARNE E MERCADO MARIPÁ ROMA LTDA EPP, publicada com sequencial incorretamente no Jornal Oficial Eletrônico dos Municípios do Estado de Mato Grosso, Ano XX | nº 4875, pág. 521, do dia 28/11/2025; no Diário Oficial do Estado de Mato Grosso nº 29.125, pág. 205, do dia 28/11/2025; e Diário Oficial da União - Seção 3 | ISSN 1677-7069 | Nº 227, pág. 262, do dia 28/11/2025. Retifica-se nos termos que segue: ONDE SE LÊ: "PRIMEIRO" TERMO DE APOSTILAMENTO A ATA DE REGISTRO DE PREÇOS N° 027/2025; LEIA-SE: "SEGUNDO" TERMO DE APOSTILAMENTO A ATA DE REGISTRO DE PREÇOS N° 027/2025. Ficam mantidas todas as demais informações publicadas anteriormente, que não conflitem com a presente retificação.</p><p class="data">Colider-MT, 1º de dezembro de 2025.</p><p class="assina">ANA PAULA ZAMONER</p><p class="cargo">Pregoeira Oficial</p>]]></Texto>
  </body>
  <Midias />
</article></xml>