﻿<xml><article id="46725848" name="00026 - [NOVA] IN DOU (FRT) (AVI" idOficio="11437483" pubName="DO3" artType="Aviso de Licitação" pubDate="03/12/2025" artClass="00071:00355:00000:00000:00000:00000:00000:00000:00000:00000:00079:00000" artCategory="Entidades de Fiscalização do Exercício das Profissões Liberais/Conselho Regional de Fonoaudiologia da 2ª Região" artSize="12" artNotes="" numberPage="206" pdfPage="http://pesquisa.in.gov.br/imprensa/jsp/visualiza/index.jsp?data=03/12/2025&amp;jornal=530&amp;pagina=206" editionNumber="230" highlightType="" highlightPriority="" highlight="" highlightimage="" highlightimagename="" idMateria="23367849">
  <body>
    <Identifica><![CDATA[ AVISO DE LICITAÇÃO]]></Identifica>
    <Data><![CDATA[Em 2 de dezembro de 2025.]]></Data>
    <Ementa />
    <Titulo />
    <SubTitulo />
    <Texto><![CDATA[<p class="identifica">AVISO DE LICITAÇÃO</p><p class="identifica">Pregão Eletrônico Nº 90.006/2025 - UASG 926618</p><p>Processo: LC-005/2025. Objeto: contratação de serviços para a realização de reforma completa das instalações da sede do Conselho Regional de Fonoaudiologia - 2ª Região, localizada no 7º e 10º andares, conjunto 101, na Rua Dr. Samuel Porto, 351 - Bairro Saúde, São Paulo - SP. A intervenção inclui, além dos serviços de reforma, o fornecimento dos materiais e equipamentos necessários para a execução dos trabalhos. Total de Itens Licitados: 01. Edital: 03/12/2025 das 08h00 às 12h00 e das 13h00 às 17h00. Endereço: R. Dr. Samuel Porto, 351 - 7º andar, CJ. 101, bairro Saúde no município de São Paulo ou https://www.gov.br/compras. Entrega das Propostas: a partir de 03/12/2025 às 08h00 no site www.gov.br/compras. Abertura das Propostas: 18/12/2025 às 09h00 no site www.gov.br/compras.</p><p class="data">Em 2 de dezembro de 2025.</p><p class="assina">DANIELA MARTINS GALLI</p><p class="cargo">Presidente do Conselho</p>]]></Texto>
  </body>
  <Midias />
</article></xml>