﻿<xml><article id="46734378" name="Publica 480 Extrato de Justifica" idOficio="11441748" pubName="DO3" artType="Aviso" pubDate="03/12/2025" artClass="00075:00012:00468:00000:00000:00000:00000:00000:00000:00000:00106:00000" artCategory="Prefeituras/Estado de Minas Gerais/Prefeitura Municipal de Governador Valadares" artSize="12" artNotes="" numberPage="251" pdfPage="http://pesquisa.in.gov.br/imprensa/jsp/visualiza/index.jsp?data=03/12/2025&amp;jornal=530&amp;pagina=251" editionNumber="230" highlightType="" highlightPriority="" highlight="" highlightimage="" highlightimagename="" idMateria="23374284">
  <body>
    <Identifica><![CDATA[            EXTRATO DE TERMO DE COLABORAÇÃO Nº 5/2025]]></Identifica>
    <Data><![CDATA[]]></Data>
    <Ementa />
    <Titulo />
    <SubTitulo />
    <Texto><![CDATA[<p class="identifica">EXTRATO DE TERMO DE COLABORAÇÃO Nº 5/2025</p><p></p><p>Extrato de Justificativa para a celebração de Termo de Colaboração 005/2025, por Inexigibilidade de Chamamento Público 067/2025, entre a Administração Pública Municipal e o Instituto Fraternidade Cristã. Objeto: Celebração de Termo de Colaboração entre o Município de Governador Valadares e o INSTITUTO FRATERNIDADE CRISTÃ, com o objetivo de ofertar o Serviço de convivência e fortalecimento de vínculos - Proteção Social Básica - EMENDA PARLAMENTAR - GND3. Valor: Cem mil reais. (R$ 100.000,00). Vigência: 12 (doze) meses, a partir da assinatura do Termo de Colaboração. Publique-se.</p><p></p>]]></Texto>
  </body>
  <Midias />
</article></xml>