﻿<xml><article id="46725233" name="PE GCONT.F 91136-2025" idOficio="11434779" pubName="DO3" artType="Aviso de Licitação" pubDate="03/12/2025" artClass="00035:00052:00000:00000:00000:00000:00000:00000:00000:00000:00079:00000" artCategory="Ministério de Minas e Energia/Indústrias Nucleares do Brasil S/A" artSize="12" artNotes="" numberPage="141" pdfPage="http://pesquisa.in.gov.br/imprensa/jsp/visualiza/index.jsp?data=03/12/2025&amp;jornal=530&amp;pagina=141" editionNumber="230" highlightType="" highlightPriority="" highlight="" highlightimage="" highlightimagename="" idMateria="23363896">
  <body>
    <Identifica><![CDATA[ AVISO DE LICITAÇÃO]]></Identifica>
    <Data><![CDATA[]]></Data>
    <Ementa />
    <Titulo />
    <SubTitulo />
    <Texto><![CDATA[<p class="identifica">AVISO DE LICITAÇÃO</p><p class="identifica">Nº PE GCONT.F 911362025</p><p>Aquisição do Vaso de recirculação de água Carbonatada (B6.05), conforme Termo de Referência.</p><p>https://www.gov.br/compras/edital/113206-5-91136-2025</p><p>Entrega das Propostas: a partir de 03/12/2025 às 08h00 no site www.gov.br/compras.</p><p>Abertura das Propostas: 17/12/2025 às 10h00 no site www.gov.br/compras.</p><p class="assina">LIVIA DIAS</p><p class="cargo">Pregoeira</p>]]></Texto>
  </body>
  <Midias />
</article></xml>