﻿<xml><article id="46745301" name="2025-12-01/11443404/COMPRASNETWS" idOficio="11443404" pubName="DO3" artType="Extrato de Apostilamento" pubDate="03/12/2025" artClass="00025:00090:00001:00000:00000:00000:00000:00000:00000:00000:00141:00001" artCategory="Ministério da Educação/Instituto Federal de Educação, Ciência e Tecnologia do Tocantins/Reitoria" artSize="12" artNotes="" numberPage="82" pdfPage="http://pesquisa.in.gov.br/imprensa/jsp/visualiza/index.jsp?data=03/12/2025&amp;jornal=530&amp;pagina=82" editionNumber="230" highlightType="" highlightPriority="" highlight="" highlightimage="" highlightimagename="" idMateria="23376503">
  <body>
    <Identifica><![CDATA[ EXTRATO DE APOSTILAMENTO Nº 1/2025 - UASG 158131]]></Identifica>
    <Data><![CDATA[]]></Data>
    <Ementa />
    <Titulo />
    <SubTitulo />
    <Texto><![CDATA[<p class="identifica">EXTRATO DE APOSTILAMENTO Nº 1/2025 - UASG 158131</p><p>Número do Contrato: 16/2025.</p><p>Nº Processo: 23235.023157/2024-31.</p><p>Contratante: INST.FED.DE EDUC.,CIENC.E TEC.DO TOCANTINS. Contratado: 41.759.790/0001-70 - TARUMA - ENGENHARIA E CONSTRUCAO LTDA. Objeto: Reajustar o valor do contrato administrativo nº 16/2025, com fundamento na cláusula sétima do instrumento contratual original, que prevê a possibilidade de reajuste dos preços inicialmente pactuados, mediante a aplicação do índice incc - índice nacional de construção civil. Aplica-se o percentual de 6,4507%, equivalente a r$ 83.145,03 (oitenta e três mil cento e quarenta e cinco reais e três centavos), correspondente à variação acumulada no período de 07/2024 a 06/2025, tomando como data-base o orçamento estimado em julho de 2024.. Vigência: 10/02/2025 a 10/04/2026. Valor Total Atualizado do Contrato: R$ 1.581.145,03. Data de Assinatura: 01/12/2025.</p><p>(COMPRASNET 4.0 - 01/12/2025).</p>]]></Texto>
  </body>
  <Midias />
</article></xml>