﻿<xml><article id="46726019" name="03.12 - Varjota - Aviso - Pregao" idOficio="11442054" pubName="DO3" artType="Aviso de Licitação-Pregão" pubDate="03/12/2025" artClass="00075:00006:00228:00000:00000:00000:00000:00000:00000:00000:00162:00000" artCategory="Prefeituras/Estado do Ceará/Prefeitura Municipal de Varjota" artSize="12" artNotes="" numberPage="234" pdfPage="http://pesquisa.in.gov.br/imprensa/jsp/visualiza/index.jsp?data=03/12/2025&amp;jornal=530&amp;pagina=234" editionNumber="230" highlightType="" highlightPriority="" highlight="" highlightimage="" highlightimagename="" idMateria="23374626">
  <body>
    <Identifica><![CDATA[ AVISO DE LICITAÇÃO]]></Identifica>
    <Data><![CDATA[ Varjota-CE, 1º de Dezembro de 2025.]]></Data>
    <Ementa />
    <Titulo />
    <SubTitulo />
    <Texto><![CDATA[<p class="identifica">AVISO DE LICITAÇÃO</p><p class="identifica">PREGÃO ELETRÔNICO Nº 24.25-PE-SEDUC</p><p>A Prefeitura Municipal de Varjota torna público que a partir do dia 03 de Dezembro de 2025, estará disponível o Cadastramento das Propostas de Preços no Site: https://compras.m2atecnologia.com.br/, referente ao Pregão Eletrônico Nº 024.25-PE-SEDUC, cujo Objeto é: Aquisição de 01 (um) veículo tipo caminhão baú, 0 (zero) km, para atender as necessidade da Secretaria de Educação e Tecnologia deste Município. Início da Sessão: dia 16 de Dezembro de 2025 às 08h. O referido Edital poderá ser adquirido no Site: https://municipios.tce.ce.gov.br/, no Site: https://compras.m2atecnologia.com.br/ ou ainda no horário de 08h as 14h na Sala da Comissão de Licitação, situada na Avenida Presidente Castelo Branco, Nº 1744, Acampamento.</p><p class="data">Varjota-CE, 1º de Dezembro de 2025.</p><p class="assina">Francisco César Farias de Aquino</p><p class="cargo">Agente de Contratação</p>]]></Texto>
  </body>
  <Midias />
</article></xml>