﻿<xml><article id="46741619" name="2025-12-01/11442768/siasgnet_233" idOficio="11442768" pubName="DO3" artType="Aviso de Licitação-Pregão" pubDate="03/12/2025" artClass="00016:00011:00015:00034:00006:00000:00000:00000:00000:00000:00162:00001" artCategory="Ministério da Defesa/Comando do Exército/Comando Militar do Sul/3ª Divisão de Exército/1º Batalhão de Comunicações" artSize="12" artNotes="" numberPage="35" pdfPage="http://pesquisa.in.gov.br/imprensa/jsp/visualiza/index.jsp?data=03/12/2025&amp;jornal=530&amp;pagina=35" editionNumber="230" highlightType="" highlightPriority="" highlight="" highlightimage="" highlightimagename="" idMateria="23375584">
  <body>
    <Identifica><![CDATA[ AVISO DE LICITAÇÃO]]></Identifica>
    <Data><![CDATA[]]></Data>
    <Ementa />
    <Titulo />
    <SubTitulo />
    <Texto><![CDATA[<p class="identifica">AVISO DE LICITAÇÃO</p><p class="identifica">Pregão Eletrônico Nº 90009/2025 - UASG 160250</p><p>Nº Processo: 64026007560202546. Objeto: Aquisição de materiais e equipamentos médico/hospitalar permanentes, conforme o Planejamento Anual das Atividades do Sistema de Saúde do Exército 2026 (PAASSEx), para o 1º BCOM e OMs integrantes da GCALC.. Total de Itens Licitados: 22. Edital: 04/12/2025 das 08h00 às 12h00 e das 13h30 às 17h00. Endereço: Av. Venancio Aires S/n - Centro, - Santo Ângelo/RS ou https://www.gov.br/compras/edital/160250-5-90009-2025. Entrega das Propostas: a partir de 04/12/2025 às 08h00 no site www.gov.br/compras. Abertura das Propostas: 16/12/2025 às 08h00 no site www.gov.br/compras. Informações Gerais: .</p><p class="assina">PLACIDO GARCIA TRAVASSOS DOS SANTOS</p><p class="cargo">Ordenador de Despesas do 1º Batalhão de Comunicações</p><p>(SIASGnet - 01/12/2025) 160250-00001-2025NE800001</p>]]></Texto>
  </body>
  <Midias />
</article></xml>