﻿<xml><article id="46729778" name="Extrato do 1A Aditivo - TERMO DE" idOficio="11422385" pubName="DO3" artType="Extrato de Termo Aditivo" pubDate="03/12/2025" artClass="00071:00269:00000:00000:00000:00000:00000:00000:00000:00000:00053:00000" artCategory="Entidades de Fiscalização do Exercício das Profissões Liberais/Conselho Regional de Engenharia e Agronomia de Alagoas" artSize="12" artNotes="" numberPage="205" pdfPage="http://pesquisa.in.gov.br/imprensa/jsp/visualiza/index.jsp?data=03/12/2025&amp;jornal=530&amp;pagina=205" editionNumber="230" highlightType="" highlightPriority="" highlight="" highlightimage="" highlightimagename="" idMateria="23341937">
  <body>
    <Identifica><![CDATA[ EXTRATO DE TERMO ADITIVO]]></Identifica>
    <Data><![CDATA[]]></Data>
    <Ementa />
    <Titulo />
    <SubTitulo />
    <Texto><![CDATA[<p class="identifica">EXTRATO DE TERMO ADITIVO</p><p>ACORDO DE COOPERAÇÃO TÉCNICA Nº 02/2022 - 1º TERMO Aditivo</p><p>Processo Administrativo nº 2232956/2021</p><p>PRIMEIRO PARTÍCIPE: CONSELHO REGIONAL DE ENGENHARIA E AGRONOMIA DE ALAGOAS-CREA-AL, CNPJ Nº 12.156.592/0001-14. SEGUNDA PARTÍCIPE: AGÊNCIA DE DEFESA AGROPECUÁRIA DE ALAGOAS-ADEAL, CNPJ Nº 07.944.061/0001-56 Objeto: O presente Termo Aditivo estabelece a prorrogação da vigência do Termo de Cooperação nº 02/2022. Vigência 14/11/2025 à 14/11/2028. Maceió, 14 de novembro de 2025.</p>]]></Texto>
  </body>
  <Midias />
</article></xml>