﻿<xml><article id="46734318" name="Extrato decisao CEP_Elton Cabral" idOficio="11431800" pubName="DO3" artType="Extrato" pubDate="03/12/2025" artClass="00071:00022:00000:00000:00000:00000:00000:00000:00000:00000:00170:00000" artCategory="Entidades de Fiscalização do Exercício das Profissões Liberais/Conselho de Arquitetura e Urbanismo do Rio de Janeiro" artSize="12" artNotes="" numberPage="202" pdfPage="http://pesquisa.in.gov.br/imprensa/jsp/visualiza/index.jsp?data=03/12/2025&amp;jornal=530&amp;pagina=202" editionNumber="230" highlightType="" highlightPriority="" highlight="" highlightimage="" highlightimagename="" idMateria="23359083">
  <body>
    <Identifica><![CDATA[ edital DECISÃO CEP]]></Identifica>
    <Data><![CDATA[ 26 de novembro de 2025.]]></Data>
    <Ementa />
    <Titulo />
    <SubTitulo />
    <Texto><![CDATA[<p class="identifica">edital DECISÃO CEP</p><p>Interessado: Elton Cabral Lima (CPF 955.***.***-04); Ofício nº 009/2025 - GFIS/CAU-RJ; processo 1962615/2024; infração: Ausência de responsável técnico para a Atividade; prazo de recurso: 10 (dez) dias a contar da data desta publicação. Caso contrário, o processo terá prosseguimento conforme legislação vigente; Fundamentação jurídica: art. 35 e 43, Res. CAU/BR n.22 e art. 7° Lei 12.378/2010.</p><p class="data">26 de novembro de 2025.</p><p class="assina">Sydnei Menezes</p><p class="cargo">Presidente</p>]]></Texto>
  </body>
  <Midias />
</article></xml>