﻿<xml><article id="46729676" name="PREGAO 033.2025 FMS- VEICULOS" idOficio="11441315" pubName="DO3" artType="Extrato de Contrato" pubDate="03/12/2025" artClass="00075:00013:00203:00002:00000:00000:00000:00000:00000:00000:00030:00000" artCategory="Prefeituras/Estado do Pará/Prefeitura Municipal de Rondon do Pará/FUNDO MUNICIPAL DE SAÚDE DE RONDON DO PARÁ" artSize="12" artNotes="" numberPage="267" pdfPage="http://pesquisa.in.gov.br/imprensa/jsp/visualiza/index.jsp?data=03/12/2025&amp;jornal=530&amp;pagina=267" editionNumber="230" highlightType="" highlightPriority="" highlight="" highlightimage="" highlightimagename="" idMateria="23373799">
  <body>
    <Identifica><![CDATA[ EXTRATOs DE CONTRATOs]]></Identifica>
    <Data><![CDATA[]]></Data>
    <Ementa />
    <Titulo />
    <SubTitulo />
    <Texto><![CDATA[<p class="identifica">EXTRATOs DE CONTRATOs</p><p>Pregão Eletrônico nº 033/2025 FMS Objeto Aquisição de veículos através de emenda parlamentar, Data de assinatura: 26/11/2025 Contratante Fundo Municipal de Saúde Contratada(o): REAVEL VEICULOS EIRELI Contrato nº 20250541 Valor total R$ 281.185,74, REAVEL VEICULOS EIRELI Contrato nº 20250542 Valor total R$ 281.185,74.</p>]]></Texto>
  </body>
  <Midias />
</article></xml>