﻿<xml><article id="46727060" name="ATO Edital de Convocacao Assembl" idOficio="11440428" pubName="DO3" artType="Edital de Convocação" pubDate="03/12/2025" artClass="00071:00486:00000:00000:00000:00000:00000:00000:00000:00000:00058:00000" artCategory="Entidades de Fiscalização do Exercício das Profissões Liberais/Conselho Regional de Psicologia da 15ª Região" artSize="12" artNotes="" numberPage="207" pdfPage="http://pesquisa.in.gov.br/imprensa/jsp/visualiza/index.jsp?data=03/12/2025&amp;jornal=530&amp;pagina=207" editionNumber="230" highlightType="" highlightPriority="" highlight="" highlightimage="" highlightimagename="" idMateria="23372398">
  <body>
    <Identifica><![CDATA[ Edital de Convocação   Assembleia Geral Extraordinária]]></Identifica>
    <Data><![CDATA[Maceió, 2 de dezembro de 2025.]]></Data>
    <Ementa />
    <Titulo />
    <SubTitulo />
    <Texto><![CDATA[<p class="identifica">Edital de Convocação Assembleia Geral Extraordinária</p><p>O Conselho Regional de Psicologia da 15ª Região convoca todas(os) as(os) psicólogas(os) inscritas(os), ativas(os) e adimplentes até a anuidade de 2024, para participarem da Assembleia Geral Extraordinária.</p><p>Data: 18 de dezembro de 2025 / Horário: 19h (1ª convocação) | 19h30 (2ª convocação, com qualquer número de presentes), na modalidade on line.</p><p>Pauta: Desfazimento de bens móveis inservíveis, classificados como ociosos, dispensáveis e antieconômicos, de propriedade do Conselho Regional de Psicologia 15ª Região, nos termos do edital.</p><p>Solicitar o link da assembleia no e-mail crp15@crp15.org.br / Interessados nos itens (entidades sem fins lucrativos que exerçam atividades de desenvolvimento da Psicologia enquanto campo científico e profissional, aos órgãos da Administração Pública Federal direita e indireta, do Distrito Federal, Estados e Municípios, às instituições filantrópicas qualificadas como Organizações da Sociedade Civil de Interesse Público e demais entidades previstas no art. 8º do Decreto 9.373/18), solicitar edital pelo e-mail compras@crp15.org.br</p><p class="data">Maceió, 2 de dezembro de 2025.</p><p class="assina">MANOEL VIEIRA DE CARVALHO ALENCAR</p><p class="cargo">Presidente do Conselho</p>]]></Texto>
  </body>
  <Midias />
</article></xml>