﻿<xml><article id="46736827" name="UNIAO. Pregao Eletronico 020.202" idOficio="11442643" pubName="DO3" artType="Aviso de Homologação" pubDate="03/12/2025" artClass="00075:00011:00068:00000:00000:00000:00000:00000:00000:00000:00075:00000" artCategory="Prefeituras/Estado do Mato Grosso do Sul/Prefeitura Municipal de Maracajú" artSize="12" artNotes="" numberPage="248" pdfPage="http://pesquisa.in.gov.br/imprensa/jsp/visualiza/index.jsp?data=03/12/2025&amp;jornal=530&amp;pagina=248" editionNumber="230" highlightType="" highlightPriority="" highlight="" highlightimage="" highlightimagename="" idMateria="23375454">
  <body>
    <Identifica><![CDATA[aviso DE HOMOLOGAÇÃO]]></Identifica>
    <Data><![CDATA[ Maracaju-MS, 1º de dezembro de 2025 ]]></Data>
    <Ementa />
    <Titulo />
    <SubTitulo />
    <Texto><![CDATA[<p class="identifica">aviso DE HOMOLOGAÇÃO</p><p class="identifica">Pregão Eletrônico nº 20/2025</p><p>Com base nas informações constantes no Processo Administrativo nº 4.245/2025, referente ao Pregão Eletrônico nº 020/2025, que versa sobre: AQUISIÇÃO DE MATERIAIS PERMANENTES PARA ATENDER O ESF JOSÉ ALVES MARCONDES E O ESF OLÍDIA ROCHA, CONFORME PORTARIA GM/MS Nº 4.281/2024 E PROPOSTAS DO MINISTÉRIO DA SAÚDE Nº 00282872000124001 E 00282872000124002 considerando que foram observadas as fases previstas no art. 17 da Lei Federal 14.133/2021, e exauridos os recursos administrativos do processo licitatório HOMOLOGO o procedimento licitatório e ADJUDICO o objeto em nome das licitantes: TOTAL SAÚDE PRODUTOS MEDICO HOSPITALARES LTDA - ME, item nº 16, no valor total de R$ 2.496,00; L FORASTIERI MACHADO LTDA - EPP, item nº 20, no valor total de R$ 2.442,00; LICITA MED LTDA - ME, itens nº 08, 09, 10, 11 e 29, no valor total de R$ 16.091,00; DAC MOVEIS LTDA - ME, itens nº 04 e 27, no valor total de R$ 20.570,00; TML COMÉRCIO E SERVIÇOS LTDA - ME, item nº 28, no valor total de R$ 28.720,00; PRIME DISTRIBUIDORA LTDA - ME, itens nº 07 e 15, no valor total de R$ 11.460,00; EQUIMED EQUIPAMENTOS MÉDICO HOSPITALARES LTDA - EPP, itens nº 22 e 31, no valor total de R$ 14.948,00; M. CARREGA COMÉRCIO DE PRODUTOS HOSPITALARES LTDA - EPP, itens nº 12, 24 e 30, no valor total de R$ 13.940,00; MICROFORT INFORMÁTICA LTDA - EPP, itens nº 01 e 18, no valor total de R$ 8.349,86; K.C.R. INDUSTRIA E COMÉRCIO DE EQUIPAMENTOS - EPP, itens nº 17, 23 e 26, no valor total de R$ 24.300,00; MF DE ALMEIDA &amp; CIA LTDA - ME, item nº 33, no valor total de R$ 20.364,94; e COMERCIAL K &amp; D LTDA - EPP, item nº 13, no valor total de R$ 697,50. Total geral da licitação R$ 164.379,30. No presente certame os itens nº 02, 03, 05, 06, 14, 19, 21, 25, 32 e 34 foram declarados fracassados, nos termos do art. 71 "IV" da Lei federal 14.133/2021. Para consulta detalhada de quantidades e valores unitários, link PNCP: https://pncp.gov.br/app/editais/03442597000112/2025/74.</p><p class="data">Maracaju-MS, 1º de dezembro de 2025</p><p class="assina">JOSÉ MARCOS CALDERAN</p><p class="cargo">Prefeito</p>]]></Texto>
  </body>
  <Midias />
</article></xml>