﻿<xml><article id="46733624" name="4A Termo Aditivo_Vila Marieta Es" idOficio="11442223" pubName="DO3" artType="Extrato de Contrato" pubDate="03/12/2025" artClass="00071:00317:00000:00000:00000:00000:00000:00000:00000:00000:00030:00000" artCategory="Entidades de Fiscalização do Exercício das Profissões Liberais/Conselho Regional de Farmácia do Estado de Minas Gerais" artSize="12" artNotes="" numberPage="206" pdfPage="http://pesquisa.in.gov.br/imprensa/jsp/visualiza/index.jsp?data=03/12/2025&amp;jornal=530&amp;pagina=206" editionNumber="230" highlightType="" highlightPriority="" highlight="" highlightimage="" highlightimagename="" idMateria="23374909">
  <body>
    <Identifica><![CDATA[ EXTRATO DE TERMO ADITIVO]]></Identifica>
    <Data><![CDATA[]]></Data>
    <Ementa />
    <Titulo />
    <SubTitulo />
    <Texto><![CDATA[<p class="identifica">EXTRATO DE TERMO ADITIVO</p><p>Contrato nº 952.4. Fundamento Legal: Lei Federal nº 14.133/21. Objeto: Serviço de coworking para Seção de Uberlândia do CRF/MG. Contratada: Vila Marieta Espaço Compartilhado Ltda. Conteúdo do aditivo: prorrogação e reajuste contratual. Valor: R$ 6.588,81. Vigência: 29/11/2025 a 01/03/2026.</p>]]></Texto>
  </body>
  <Midias />
</article></xml>