﻿<xml><article id="46726748" name="EXTRATO DE PUBLICACAO 178-25 DOU" idOficio="11440766" pubName="DO3" artType="Aviso de Licitação-Concorrência" pubDate="03/12/2025" artClass="00075:00023:00218:00000:00000:00000:00000:00000:00000:00000:00159:00000" artCategory="Prefeituras/Estado de Santa Catarina/PREFEITURA MUNICIPAL DE PARAÍSO" artSize="12" artNotes="" numberPage="296" pdfPage="http://pesquisa.in.gov.br/imprensa/jsp/visualiza/index.jsp?data=03/12/2025&amp;jornal=530&amp;pagina=296" editionNumber="230" highlightType="" highlightPriority="" highlight="" highlightimage="" highlightimagename="" idMateria="23372937">
  <body>
    <Identifica><![CDATA[aviso de licitação ]]></Identifica>
    <Data><![CDATA[ Paraiso - SC, 1º de dezembro de 2025]]></Data>
    <Ementa />
    <Titulo />
    <SubTitulo />
    <Texto><![CDATA[<p class="identifica">aviso de licitação</p><p class="identifica">CONCORRÊNCIA ELETRÔNIA Nº 178/2025</p><p>O MUNICÍPIO DE PARAÍSO usando de suas atribuições legais, em conformidade com a Lei nº 14.133, de 01 de abril de 2021, Lei Complementar nº 123, de 14 de dezembro de 2006 e Decreto Municipal nº 2.864/2023, promove Edital de Concorrência Eletrônica nº 178/2025 para CONTRATAÇÃO DE EMPRESA ESPECIALIZADA PARA A EXECUÇÃO DE OBRA DE PAVIMENTAÇÃO ASFÁLTICA EM CONCRETO BETUMINOSO USINADO A QUENTE (CBUQ), INCLUINDO SERVIÇOS DE TERRAPLANAGEM, DRENAGEM PLUVIAL, PAVIMENTAÇÃO, SINALIZAÇÃO VIÁRIA HORIZONTAL E VERTICAL, E DEMAIS SERVIÇOS CORRELATOS, NA AVENIDA PROFESSOR JOÃO LINDERMAYER, NO TRECHO COMPREENDIDO ENTRE A RUA JOÃO BATISTA GHENO E A RUA "A", COM EXTENSÃO TOTAL DE 534 METROS E ÁREA DE PAVIMENTAÇÃO DE 7.341,96 M², CONFORME PROJETO TÉCNICO, MEMORIAL DESCRITIVO, PLANILHAS DE QUANTITATIVOS E ORÇAMENTO ANEXOS. Limite para Recebimento de Propostas: as 08:00hrs do dia 18/12/2025 e abertura das Propostas 18/12/2025 as 08:01hrs, Local: www.portaldecompraspublicas.com.br , Edital e anexos disponíveis também em https://paraiso.atende.net/autoatendimento/servicos/consulta-de-licitacoes/detalhar/1. Maiores informações pelo e-mail licitacao@paraiso.sc.gov.br, no Depto de Compras, no horário de expediente da Prefeitura de Paraíso - SC.</p><p class="data">Paraiso - SC, 1º de dezembro de 2025</p><p class="assina">GILBERTO BELEGANTE</p><p class="cargo">Prefeito</p>]]></Texto>
  </body>
  <Midias />
</article></xml>