﻿<xml><article id="46725401" name="Ed Con de Ass Ger Ext" idOficio="11438033" pubName="DO3" artType="Edital de Convocação" pubDate="03/12/2025" artClass="00073:00665:01605:00000:00000:00000:00000:00000:00000:00000:00058:00000" artCategory="Ineditoriais/ASSOCIAÇÃO NACIONAL E INDEPENDENTE DE PARTICIPANTES DO POSTALIS" artSize="12" artNotes="" numberPage="208" pdfPage="http://pesquisa.in.gov.br/imprensa/jsp/visualiza/index.jsp?data=03/12/2025&amp;jornal=530&amp;pagina=208" editionNumber="230" highlightType="" highlightPriority="" highlight="" highlightimage="" highlightimagename="" idMateria="23368539">
  <body>
    <Identifica><![CDATA[ EDITAL DE CONVOCAÇÃO ]]></Identifica>
    <Data><![CDATA[ Brasília-DF, 27 de novembro de 2025.]]></Data>
    <Ementa />
    <Titulo />
    <SubTitulo />
    <Texto><![CDATA[<p class="identifica">EDITAL DE CONVOCAÇÃO</p><p class="identifica">ASSEMBLÉIA GERAL EXTRAORDINÁRIA</p><p>O Presidente da Associação Nacional e Independente de Participantes do Postalis - ANIPP, no uso de suas atribuições, respeitado o Estatuto vigente, convoca todos os associados, para participarem da ASSEMBLEIA GERAL EXTRAORDINÁRIA, a se realizar no dia 10 de dezembro de 2025, às 17:30 horas, em primeira convocação, e às 18:00 horas, em segunda e última convocação, com qualquer número de associados participantes.</p><p>A assembleia será realizada no modo híbrido, em ambiente presencial na sede da ANIPP, localizada no COWORKING OPTADESK - SCRN 702/703, Bloco B, Lojas 40/50, em Brasília/DF, e também em ambiente virtual pelo Google Meet.</p><p>A assembleia terá como pauta única a posse da Diretoria e dos integrantes dos Conselhos Deliberativo e Fiscal eleitos em 10 de outubro de 2025, para o exercício de mandato pelo período compreendido entre o dia 01 de janeiro de 2026 até o dia 31 de dezembro de 2027</p><p>Em face das disposições constantes do Art. 22 do Estatuto vigente, a verificação da presença será realizada por intermédio do software/aplicativo utilizado para a realização de reuniões virtuais via internet, destacando-se que excepcionalmente nesta AGE não será aberta a palavra aos associados, que caso desejem encaminhar alguma manifestação, poderão se dirigir ao Presidente da mesa, por intermédio do chat disponibilizado pelo software/aplicativo Google Meet, a ser utilizado para o evento.</p><p>A reunião da Assembleia, a ocorrer no dia 10 de dezembro de 2025, será gravada e o link de acesso disponibilizado para todos os associados.</p><p class="data">Brasília-DF, 27 de novembro de 2025.</p><p class="assina">Marcos da Mata Silveira</p>]]></Texto>
  </body>
  <Midias />
</article></xml>