﻿<xml><article id="46724959" name="EXTRATO DE COMPRA - PDC 18466 - " idOficio="11431689" pubName="DO3" artType="Extrato" pubDate="03/12/2025" artClass="00028:00048:00000:00000:00000:00000:00000:00000:00000:00000:00170:00000" artCategory="Ministério da Fazenda/Casa da Moeda do Brasil" artSize="12" artNotes="" numberPage="120" pdfPage="http://pesquisa.in.gov.br/imprensa/jsp/visualiza/index.jsp?data=03/12/2025&amp;jornal=530&amp;pagina=120" editionNumber="230" highlightType="" highlightPriority="" highlight="" highlightimage="" highlightimagename="" idMateria="23358858">
  <body>
    <Identifica><![CDATA[ EXTRATO DE PEDIDO DE COMPRA]]></Identifica>
    <Data><![CDATA[]]></Data>
    <Ementa />
    <Titulo />
    <SubTitulo />
    <Texto><![CDATA[<p class="identifica">EXTRATO DE PEDIDO DE COMPRA</p><p>Espécie: Pedido de Compra - PDC nº 00018466, celebrado entre a Casa da Moeda do Brasil e a empresa HALOGENN QUÍMICA CIENTÍFICA COMÉRCIO LTDA, inscrita no CNPJ sob o nº 49.506.242/0001-40; Valor: R$ 1.956,00; PDC nº 00018467, empresa ORBITAL PRODUTOS PARA LABORATÓRIOS LTDA, inscrita no CNPJ sob o nº 71.443.667/0001-07, Valor: R$ 500,00; PDC nº 00018468, empresa TECHNOIMPORT COMÉRCIO DE EQUIPAMENTOS INDÚSTRIAIS LTDA, inscrita no CNPJ sob o nº 25.227.914/0001-10; Valor: R$ 1.256,19; PDC n° 00018469, empresa OGCP COMERCIAL LTDA, inscrita no CNPJ sob o n° 56.340.616/0001-66, Valor: R$ 11.652,00, para aquisição de Produtos Químicos; modalidade de licitação: Pregão Eletrônico nº 90055/2025; Amparo Legal: Lei nº 13.303/2016 e Regulamento de Licitações e Contratos da CMB; Processo nº 18750.001382/2025-38; recurso orçamentário: "Materiais e Produtos", constante do orçamento de 2024; assina pela CMB: Wagner Fernando Bueno Coelho - Superintendente.</p>]]></Texto>
  </body>
  <Midias />
</article></xml>