﻿<xml><article id="46744419" name="2025-12-01/11443136/COMPRASNETWS" idOficio="11443136" pubName="DO3" artType="Extrato de Contrato" pubDate="03/12/2025" artClass="00050:00020:00096:00000:00000:00000:00000:00000:00000:00000:00030:00001" artCategory="Ministério dos Transportes/Departamento Nacional de Infraestrutura de Transportes/Superintendência Regional no Mato Grosso do Sul" artSize="12" artNotes="" numberPage="187" pdfPage="http://pesquisa.in.gov.br/imprensa/jsp/visualiza/index.jsp?data=03/12/2025&amp;jornal=530&amp;pagina=187" editionNumber="230" highlightType="" highlightPriority="" highlight="" highlightimage="" highlightimagename="" idMateria="23376117">
  <body>
    <Identifica><![CDATA[ EXTRATO DE CONTRATO Nº 770/2025 - UASG 393010]]></Identifica>
    <Data><![CDATA[]]></Data>
    <Ementa />
    <Titulo />
    <SubTitulo />
    <Texto><![CDATA[<p class="identifica">EXTRATO DE CONTRATO Nº 770/2025 - UASG 393010</p><p>Nº Processo: 50619.002425/2024-49.</p><p>Concorrência Nº 90126/2025. Contratante: SUPERINTENDENCIA REG. NO ESTADO MS - DNIT.</p><p>Contratado: 91.806.844/0001-80 - BECK DE SOUZA ENGENHARIA LTDA. Objeto: Elaboração de estudos, projetos básicos e executivos de engenharia para a duplicação da BR-060/MS, segmento Campo Grande/MS - Sidrolândia/MS, com extensão aproximada de 56,5 km, no Estado do Mato Grosso do Sul.</p><p>Fundamento Legal: LEI 14.133/2021 - Artigo: 28 - Inciso: II. Vigência: 01/12/2025 a 01/07/2027. Valor Total: R$ 4.965.813,48. Data de Assinatura: 01/12/2025.</p><p>(COMPRASNET 4.0 - 01/12/2025).</p>]]></Texto>
  </body>
  <Midias />
</article></xml>