﻿<xml><article id="46728176" name="1A TA CT NA. 055-2025" idOficio="11441820" pubName="DO3" artType="Aviso" pubDate="03/12/2025" artClass="00075:00024:00766:00000:00000:00000:00000:00000:00000:00000:00106:00000" artCategory="Prefeituras/Estado de São Paulo/Prefeitura Municipal de Uchoa" artSize="12" artNotes="" numberPage="303" pdfPage="http://pesquisa.in.gov.br/imprensa/jsp/visualiza/index.jsp?data=03/12/2025&amp;jornal=530&amp;pagina=303" editionNumber="230" highlightType="" highlightPriority="" highlight="" highlightimage="" highlightimagename="" idMateria="23374382">
  <body>
    <Identifica><![CDATA[ EXTRATO TERMO ADITIVO]]></Identifica>
    <Data><![CDATA[]]></Data>
    <Ementa />
    <Titulo />
    <SubTitulo />
    <Texto><![CDATA[<p class="identifica">EXTRATO TERMO ADITIVO</p><p>1º termo aditivo ao Contrato nº 055/2025 - Contratante: Prefeitura Municipal de Uchoa - Contratada: WM CAJOBI TERRAPLANAGEM E CONSTRUÇÕES LTDA, CNPJ n°. 39.652.072/0001-59. Objeto: contratação de empresa especializada para a execução de obras de infraestrutura urbana - recapeamento asfáltico em vias do município de Uchoa, compreendendo o fornecimento de todos os materiais empregados, equipamentos e mão de obra, de acordo com o Contrato de Repasse nº. 942347/2023/MIDR/CAIXA e Primeiro Termo Aditivo, celebrado entre a União Federal, por intermédio do Ministério da Integração e do Desenvolvimento Regional, representado pela Caixa Econômica Federal e o Município de Uchoa, tendo em vista a autorização da reprogramação dos recursos. Fica o contrato supra citado nos termos da Lei 14.133/21, consensualmente entre ambas as partes, acrescido em aproximadamente 71%, passando o contrato original de R$ 119.950,00 (cento e dezenove mil, novecentos e cinquenta reais), para R$ 205.367,65 (duzentos e cinco mil, trezentos e sessenta e sete reais e sessenta e cinco centavos), devido saldo remanescente do contrato de repasse, aprovação da utilização do mesmo pela área técnica da Caixa Econômica Federal e a necessidade de manutenção das vias públicas do município. Ficam mantidas as demais cláusulas e condições do contrato original. Data da Assinatura: 01/12/2025 - Modalidade: Concorrência nº. 002/2025. Prefeitura Municipal de Uchoa, em 3 de dezembro de 2025. JOSÉ CLÁUDIO MARTINS. Prefeito</p>]]></Texto>
  </body>
  <Midias />
</article></xml>