﻿<xml><article id="46726046" name="Pregao Eletronico nA 72-25 CESTA" idOficio="11440805" pubName="DO3" artType="Aviso de Licitação-Pregão" pubDate="03/12/2025" artClass="00075:00015:00246:00000:00000:00000:00000:00000:00000:00000:00162:00000" artCategory="Prefeituras/Estado do Paraná/Prefeitura Municipal de Marialva" artSize="12" artNotes="" numberPage="276" pdfPage="http://pesquisa.in.gov.br/imprensa/jsp/visualiza/index.jsp?data=03/12/2025&amp;jornal=530&amp;pagina=276" editionNumber="230" highlightType="" highlightPriority="" highlight="" highlightimage="" highlightimagename="" idMateria="23372984">
  <body>
    <Identifica><![CDATA[           AVISO DE LICITAÇÃO]]></Identifica>
    <Data><![CDATA[ Marialva-Pr, 1º de dezembro de 2025.]]></Data>
    <Ementa />
    <Titulo />
    <SubTitulo />
    <Texto><![CDATA[<p class="identifica">AVISO DE LICITAÇÃO</p><p class="identifica">PREGÃO ELETRÔNICO Nº 72/2025</p><p>PROCESSO ADMINISTRATIVO Nº 4.763/2025</p><p>Objeto: Aquisição de cestas básicas (cestas de alimentos e cestas de material de limpeza) destinadas a atender a demanda da Secretaria Municipal de Assistência Social e Cidadania (SASC), pelo Menor Preço por Lote. Obtenção do Edital: Através da Internet pelos endereços eletrônicos: www.bll.org.br e www.marialva.pr.gov.br. Recebimento das Propostas: até o dia 16 de dezembro de 2025 até às 08h30min. Abertura das Propostas: 16 de dezembro de 2025 às 09h00min. Informações: (44) 3232-8372 (voz) ou compras@marialva.pr.gov.br</p><p class="data">Marialva-Pr, 1º de dezembro de 2025.</p><p class="assina">FLAVIA CHERONI DA SILVA BRITA</p><p class="cargo">Prefeita</p>]]></Texto>
  </body>
  <Midias />
</article></xml>