﻿<xml><article id="46726163" name="EXTRATO CONTRATO 47.25 - C.E. 21" idOficio="11436820" pubName="DO3" artType="Extrato de Contrato" pubDate="03/12/2025" artClass="00075:00024:00711:00000:00000:00000:00000:00000:00000:00000:00030:00000" artCategory="Prefeituras/Estado de São Paulo/Prefeitura Municipal de São Vicente" artSize="12" artNotes="" numberPage="302" pdfPage="http://pesquisa.in.gov.br/imprensa/jsp/visualiza/index.jsp?data=03/12/2025&amp;jornal=530&amp;pagina=302" editionNumber="230" highlightType="" highlightPriority="" highlight="" highlightimage="" highlightimagename="" idMateria="23366719">
  <body>
    <Identifica><![CDATA[ EXTRATO DE CONTRATO ]]></Identifica>
    <Data><![CDATA[]]></Data>
    <Ementa />
    <Titulo />
    <SubTitulo />
    <Texto><![CDATA[<p class="identifica">EXTRATO DE CONTRATO</p><p>DE EXECUÇÃO DE OBRA Nº 47/2025 - CONCORRÊNCIA ELETRÔNICA N° 21/2025- PROCESSO ADMINISTRATIVO Nº 4315-2025 - Contratante: Prefeitura Municipal de São Vicente - Contratada: PRIMOR ENGENHARIA, CONSTRUÇÕES E SERVIÇOS LTDA</p><p>Objeto: Execução de "REFORMA DO CENTRO CULTURAL - PRAÇA 22 DE JANEIRO", no Município de São Vicente/SP, para atender à Secretaria de Desenvolvimento Urbano - SEDURB , no valor total de R$ 550.995,81 (Quinhentos e cinquenta mil, novecentos e noventa e cinco reais e oitenta e um centavos) - Vigência: 12 (doze) meses. Data da assinatura: 14/11/2025 - Justificativa: Lei Federal n° 14.133/21</p><p>São Vicente, 2 de dezembro de 2025</p><p>Alexsandro Ferreira</p><p>Secretário de Desenvolvimento Urbano - SEDURB</p>]]></Texto>
  </body>
  <Midias />
</article></xml>