﻿<xml><article id="46728296" name="1.. AVISO - UN.. - (03.12)" idOficio="11441474" pubName="DO3" artType="Comunicado" pubDate="03/12/2025" artClass="00075:00016:00180:00000:00000:00000:00000:00000:00000:00000:00113:00000" artCategory="Prefeituras/Estado de Pernambuco/Prefeitura Municipal de Sairé" artSize="12" artNotes="" numberPage="280" pdfPage="http://pesquisa.in.gov.br/imprensa/jsp/visualiza/index.jsp?data=03/12/2025&amp;jornal=530&amp;pagina=280" editionNumber="230" highlightType="" highlightPriority="" highlight="" highlightimage="" highlightimagename="" idMateria="23373945">
  <body>
    <Identifica><![CDATA[  aviso ]]></Identifica>
    <Data><![CDATA[ Sairé - PE, 1º de dezembro de 2025.]]></Data>
    <Ementa />
    <Titulo />
    <SubTitulo />
    <Texto><![CDATA[<p class="identifica">aviso</p><p class="identifica">Concorrência Eletrônica nº 6/2025</p><p>CONVOCAÇÃO DE LICITANTES REMANESCENTES prefeitura municipal de sairé-PE</p><p>Processo Licitatório nº 047/2025 - Concorrência Eletrônica nº 006/2025</p><p>Objeto Nat: Aquisição.</p><p>Objeto Descr: A Comissão de Contratação, no uso de suas atribuições legais e com fundamento no art. 90, § 4º, I da Lei nº 14.133/2021, CONVOCA os licitantes remanescentes: 3º MS PROJETOS E ASSESSORIA; 4º MD CONSTRUTORA E EMPREENDIMENTOS LTDA; 5º POLYEFE CONSTRUCOES, LIMPEZA E CONSERVACAO LTDA; 6º W3 ENGENHARIA E ESTRUTURAS LTDA; 7º LUAL ENGENHARIA E CONSTRUÇÃO; 8º ROBSON J G DE OLIVEIRA CONSTRUTORA EIRELI; 9º INJETEC CONSTRUCOES E SERVICOS LTDA, do certame referente ao Processo Licitatório nº 047/2025 - Concorrência Eletrônica nº 006/2025, cujo objeto consiste na Contratação de empresa de engenharia especializada para execução de serviços de reforma e ampliação de uma ponte no Distrito de Insurreição, Município de Sairé/PE, a ser custeada com Recurso de Transferências Especial de origem Federal, para manifestarem interesse na celebração do contrato em substituição à empresa inicialmente vencedora, cujo contrato foi rescindido unilateralmente em razão da inexecução do objeto, com vistas à obtenção de preço melhor, mesmo que acima do preço do adjudicatário; A presente convocação coletiva decorre da urgência na execução dos serviços, necessária para garantir a segurança e o bem-estar da coletividade, diante da essencialidade da obra para o tráfego local e para o atendimento da população. Os licitantes interessados deverão manifestar formalmente seu interesse no prazo de 3 (três) dias úteis, contado da publicação desta convocação, por meio do protocolo junto à Comissão de Contratação, situada na Av. Coronel José Pessoa, s/n, centro Sairé/PE, através da Plataforma BNC ou pelo e-mail: comissaodecontratacao@gmail.com. Fica consignado que, havendo mais de um interessado, será respeitada a ordem de classificação obtida no certame licitatório original.</p><p class="data">Sairé - PE, 1º de dezembro de 2025.</p><p class="assina">Valdiane Elaine Pontes de Vasconcelos Melo</p><p class="cargo">Agente de Contratação</p>]]></Texto>
  </body>
  <Midias />
</article></xml>