﻿<xml><article id="46726436" name="MIGUELCALMONPE__SRVECA" idOficio="11442390" pubName="DO3" artType="Aviso" pubDate="03/12/2025" artClass="00075:00005:00339:00000:00000:00000:00000:00000:00000:00000:00106:00000" artCategory="Prefeituras/Estado da Bahia/Prefeitura Municipal de Miguel Calmon" artSize="12" artNotes="" numberPage="226" pdfPage="http://pesquisa.in.gov.br/imprensa/jsp/visualiza/index.jsp?data=03/12/2025&amp;jornal=530&amp;pagina=226" editionNumber="230" highlightType="" highlightPriority="" highlight="" highlightimage="" highlightimagename="" idMateria="23375129">
  <body>
    <Identifica><![CDATA[AVISOs DE LICITAÇÃO ]]></Identifica>
    <Data><![CDATA[Miguel Calmon - BA, 1º de dezembro de 2025.]]></Data>
    <Ementa />
    <Titulo />
    <SubTitulo />
    <Texto><![CDATA[<p class="identifica">AVISOs DE LICITAÇÃO</p><p class="identifica">PREGÃO ELETRÔNICO SRP Nº 70/2025</p><p>A Prefeitura Municipal de Miguel Calmon - BA torna público para conhecimento dos interessados, que será realizado PREGÃO ELETRÔNICO SRP Nº070/2025, PROCESSO ADMNISTRATIVO Nº: 629/2025, que tem por OBJETO a Escolha das propostas mais vantajosa para Registro de Preços para aquisição de peças dos equipamentos odontológicos utilizados nas Unidades de Saúde da Família do município de Miguel Calmon Bahia. SESSÃO DE DISPUTA DE PREÇOS: 16/12/2025 às 08h00m. (HORÁRIO DE BRASÍLIA) O acesso ao edital será através do endereço eletrônico https://bnc.org.br/ Miguel Calmon - BA, 01 de dezembro de 2025. DELLEON ZACARIAS MONTENEGRO Agente de Contratação/Pregoeiro</p><p class="identifica">PREGÃO ELETRÔNICO SRP Nº 71/2025</p><p>A Prefeitura Municipal de Miguel Calmon - BA torna público para conhecimento dos interessados, que será realizado PREGÃO ELETRÔNICO SRP Nº071/2025, PROCESSO ADMNISTRATIVO Nº: 630/2025, que tem por OBJETO a Escolha das propostas mais vantajosa para Registro de Preços para aquisição de TABLETS EDUCACIONAIS, com caneta digital, para uso institucional e pedagógico da Secretaria Municipal de Educação. SESSÃO DE DISPUTA DE PREÇOS: 16/12/2025 às 10h00m. (HORÁRIO DE BRASÍLIA) O acesso ao edital será através do endereço eletrônico https://bnc.org.br/</p><p class="data">Miguel Calmon - BA, 1º de dezembro de 2025.</p><p class="assina">DELLEON ZACARIAS MONTENEGRO</p><p class="cargo">Agente de Contratação/Pregoeiro</p>]]></Texto>
  </body>
  <Midias />
</article></xml>