﻿<xml><article id="46724971" name="DOU Convocacao - Lauda Chamada 2" idOficio="11436372" pubName="DO3" artType="Edital de Convocação" pubDate="03/12/2025" artClass="00071:00025:00000:00000:00000:00000:00000:00000:00000:00000:00058:00000" artCategory="Entidades de Fiscalização do Exercício das Profissões Liberais/Conselho de Arquitetura e Urbanismo de Santa Catarina" artSize="12" artNotes="" numberPage="202" pdfPage="http://pesquisa.in.gov.br/imprensa/jsp/visualiza/index.jsp?data=03/12/2025&amp;jornal=530&amp;pagina=202" editionNumber="230" highlightType="" highlightPriority="" highlight="" highlightimage="" highlightimagename="" idMateria="23366054">
  <body>
    <Identifica><![CDATA[edital de CONVOCAÇÃO DE CANDIDATO]]></Identifica>
    <Data><![CDATA[]]></Data>
    <Ementa />
    <Titulo />
    <SubTitulo />
    <Texto><![CDATA[<p class="identifica">edital de CONVOCAÇÃO DE CANDIDATO</p><p>"O Conselho de Arquitetura e Urbanismo de Santa Catarina - CAU/SC, representado por seu presidente, Sr. Carlos Alberto Barbosa de Souza, no uso de suas atribuições, considerando o Concurso Público destinado ao provimento de vagas e cadastro de reserva do CAU/SC (Edital nº 01/2022), de homologação publicada em 21 de novembro de 2022 no Diário Oficial da União, CONVOCA o(a) candidato(a) GUSTAVO DAL TOE NOVELLI, nº de inscrição 585.02183524/6, aprovado(a) e classificado(a) para o cargo de ADVOGADO, para contratação conforme previsto no item 1.7 do Edital supracitado, para comparecer na Sede do CAU/SC para a entrega da documentação de admissão exigida no subitem 16.2 do Edital, no prazo de 10 (dez) dias corridos, a contar da publicação desta convocação, a fim de iniciar o processo para a assunção de suas atividades.".</p><p class="assina">CARLOS ALBERTO BARBOSA DE SOUZA</p><p class="cargo">Presidente do CAU/SC</p>]]></Texto>
  </body>
  <Midias />
</article></xml>