﻿<xml><article id="46726955" name="03.12 - Piquet Carneiro - ENVIO " idOficio="11442054" pubName="DO3" artType="Aviso" pubDate="03/12/2025" artClass="00075:00006:00183:00000:00000:00000:00000:00000:00000:00000:00106:00000" artCategory="Prefeituras/Estado do Ceará/PREFEITURA MUNICIPAL DE PIQUET CARNEIRO" artSize="12" artNotes="" numberPage="233" pdfPage="http://pesquisa.in.gov.br/imprensa/jsp/visualiza/index.jsp?data=03/12/2025&amp;jornal=530&amp;pagina=233" editionNumber="230" highlightType="" highlightPriority="" highlight="" highlightimage="" highlightimagename="" idMateria="23374625">
  <body>
    <Identifica><![CDATA[ AVISO]]></Identifica>
    <Data><![CDATA[ Piquet Carneiro-CE, 1º de Dezembro de 2025.  ]]></Data>
    <Ementa />
    <Titulo />
    <SubTitulo />
    <Texto><![CDATA[<p class="identifica">AVISO</p><p class="identifica">CONCORRÊNCIA ELETRÔNICA Nº 2024.05.03.01</p><p>Aviso de Convocação de Remanescente. Concorrência Eletrônica Nº 2024.05.03.01 - OBJETO: O objeto do presente instrumento é a Contratação de empresa para a execução dos serviços de revestimento primário de estradas vicinais em diversas localidades de acordo com o Convenio N° 947543/2023 - MDR, de interesse da Secretaria de Infraestrutura e Recursos Hídricos do município de Piquet Carneiro - CE, que será prestado nas condições estabelecidas no Projeto Básico e demais documentos técnicos que se encontram anexos ao Edital do processo na Modalidade Concorrência, de número 2024.05.03.01, que deu origem a este instrumento contratual. A Prefeitura Municipal de Piquet Carneiro-CE, inscrita no CNPJ Nº 07.738.057.0001-31, nos termos da Lei nº 14.133/2021, vem apresentar AVISO DE CONVOCAÇÃO DE LICITANTE REMANESCENTE, pelas considerações a seguir expostas: Considerando a realização da Concorrência Eletrônica Nº 2024.05.03.01, com início da sessão em 23/05/2024, no qual, sagrou-se Vencedora, entre outras, a empresa TF LOCAÇÕES E CONSTRUÇÕES LTDA, inscrita no CNPJ Nº 18.010.834/0001-43; Considerando que foi realizada a rescisão contratual de comum acordo, nos termos do artigo 137, inciso VIII e artigo 138, inciso II, da Lei 14.133/2024; Considerando o disposto no artigo 90, inciso I, da Lei 14.133/21; A Prefeitura Municipal de Piquet Carneiro-CE, através da sua Agente de Contratação, convoca as licitantes remanescentes, na ordem de classificação, para que retornem à Fase de Julgamento e Habilitação, a fim de darem continuidade à contratação referente ao saldo e período restante da contratação. Suas propostas serão analisadas e, posteriormente, a documentação referente à habilitação será verificada, com vistas a cumprir o disposto no § 4º, inciso II da Lei supracitada. No que se refere ao valor estimado atualizado da contratação, o saldo remanescente é de R$ 4.585.523,98 (Quatro Milhões e Quinhentos e Oitenta e Cinco Mil e Quinhentos e Vinte e Três Reais e Noventa e Oito Centavos), e o período de vigência contratual é até 31 de Dezembro de 2025, sem prejuízo da possibilidade de prorrogações sucessivas, respeitada a vigência máxima decenal. Ressalta-se que o procedimento será retomado a partir do momento posterior à etapa de lances, isto é, julgamento e habilitação. Vale salientar que para a assinatura do respectivo contratado, será considerada a ordem de classificação após a disputa de lances do procedimento licitatório disponível no https://compras.m2atecnologia.com.br. A reabertura ocorrerá de maneira eletrônica, nos moldes já estabelecidos no Edital já publicado, na mesma plataforma https://compras.m2atecnologia.com.br a partir das 10h do dia 04 de Dezembro de 2025. Reitera-se aos licitantes convocados que deverão cumprir todas as exigências do edital e seus anexos. Registre-se e publique-se.</p><p class="data">Piquet Carneiro-CE, 1º de Dezembro de 2025.</p><p class="assina">Francisca Vera Lúcia Barbosa Lima</p><p class="cargo">Agente de Contratação</p>]]></Texto>
  </body>
  <Midias />
</article></xml>