﻿<xml><article id="46733150" name="MG-008-ECT-00436061" idOficio="11442466" pubName="DO3" artType="Termo de Autorização" pubDate="03/12/2025" artClass="00014:00021:00049:00002:00000:00000:00000:00000:00000:00000:00129:00000" artCategory="Ministério das Comunicações/Empresa Brasileira de Correios e Telégrafos/Diretoria de Governança e Estratégia/Superintendência Estadual N1 MG" artSize="12" artNotes="" numberPage="17" pdfPage="http://pesquisa.in.gov.br/imprensa/jsp/visualiza/index.jsp?data=03/12/2025&amp;jornal=530&amp;pagina=17" editionNumber="230" highlightType="" highlightPriority="" highlight="" highlightimage="" highlightimagename="" idMateria="23375211">
  <body>
    <Identifica><![CDATA[ TERMO DE AUTORIZAÇÃO]]></Identifica>
    <Data><![CDATA[]]></Data>
    <Ementa />
    <Titulo />
    <SubTitulo />
    <Texto><![CDATA[<p class="identifica">TERMO DE AUTORIZAÇÃO</p><p>Autoriza a empresa Pontes Loyola LTDA, de CNPJ 86.529.443/0001-90, operadora da AGF Centro de Juiz de Fora, a operar Guichê de Atendimento Sazonal no endereço Rua José Lourenço Kelmer, 1416 - São Pedro, Juiz de Fora/MG. Vigência: 01/12/2025 a 30/11/2026. Data da assinatura: 24/11/2025.</p>]]></Texto>
  </body>
  <Midias />
</article></xml>