﻿<xml><article id="46726442" name="PAULOAFONSOPE__PSKPPC" idOficio="11442390" pubName="DO3" artType="Aviso" pubDate="03/12/2025" artClass="00075:00005:00380:00000:00000:00000:00000:00000:00000:00000:00106:00000" artCategory="Prefeituras/Estado da Bahia/Prefeitura Municipal de Paulo Afonso" artSize="12" artNotes="" numberPage="228" pdfPage="http://pesquisa.in.gov.br/imprensa/jsp/visualiza/index.jsp?data=03/12/2025&amp;jornal=530&amp;pagina=228" editionNumber="230" highlightType="" highlightPriority="" highlight="" highlightimage="" highlightimagename="" idMateria="23375130">
  <body>
    <Identifica><![CDATA[ AVISO licitação]]></Identifica>
    <Data><![CDATA[]]></Data>
    <Ementa />
    <Titulo />
    <SubTitulo />
    <Texto><![CDATA[<p class="identifica">AVISO licitação</p><p class="identifica">PREGÃO ELETRÔNICO SRP Nº 901192025</p><p>PROCESSO ADMINISTRATIVO Nº 008902/000130/2025. O MUNICÍPIO DE PAULO AFONSO - ESTADO DA BAHIA, através da SECRETARIA MUNICIPAL DE EDUCAÇÃO, vem por meio do setor de Licitações, conforme autorizações contidas no processo administrativo em espeque, tornar público e levar ao conhecimento dos interessados, que realizará licitação na modalidade Pregão Eletrônico, com critério de julgamento na forma Menor Preço por Lote, cujo objeto é a Contratação de empresa especializada para a prestação dos serviços de montagem, desmontagem, instalação e apoio técnico-operacional de estruturas diversas destinadas à realização dos eventos promovidos pela Secretaria Municipal de Educação, conforme especificações, quantidades estimadas e condições definidas no Termo de Referência, visando à formação de Ata de Registro de Preços para futuras e eventuais contratações pela Administração, com previsão da abertura de propostas em sessão pública na data 17/12/2025, às 08h00min. O Edital poderá ser consultado e adquirido através do Portal da Transparência do Município de Paulo Afonso/BA, ou pelo Portal de Compras do Governo Federal - COMPRASNET, https://www.comprasnet.gov.br/seguro/loginPortalUASG.asp - (UASG 983781), ou ainda através de solicitação no e-mail: licitacoes@pauloafonso.ba.gov.br.</p><p class="assina">Paulo César Marini Júnior</p><p class="cargo">Superintendência de licitações e contratos</p>]]></Texto>
  </body>
  <Midias />
</article></xml>