﻿<xml><article id="46729733" name="Douu PE38 extrat ct" idOficio="11441252" pubName="DO3" artType="Aviso" pubDate="03/12/2025" artClass="00075:00014:00015:00000:00000:00000:00000:00000:00000:00000:00106:00000" artCategory="Prefeituras/Estado da Paraíba/Prefeitura Municipal de Alcantil" artSize="12" artNotes="" numberPage="270" pdfPage="http://pesquisa.in.gov.br/imprensa/jsp/visualiza/index.jsp?data=03/12/2025&amp;jornal=530&amp;pagina=270" editionNumber="230" highlightType="" highlightPriority="" highlight="" highlightimage="" highlightimagename="" idMateria="23373724">
  <body>
    <Identifica><![CDATA[EXTRATOS DE CONTRATOS]]></Identifica>
    <Data><![CDATA[]]></Data>
    <Ementa />
    <Titulo />
    <SubTitulo />
    <Texto><![CDATA[<p></p><p class="identifica">EXTRATOS DE CONTRATOS</p><p>OBJETO: Contratação de empresa especializada em implantação e suporte de sistemas informatizados para atender as demandas do município de Alcantil-PB(itens remanescentes). FUNDAMENTO LEGAL: Pregão Eletrônico nº 00038/2025. DOTAÇÃO: Recursos não Vinculados de Impostos: 02002.04.122.1002.2003 - MANTER AS ATIVIDADES DO SETOR ADMINISTRATIVO 03003.04.123.1003.2005 - MANUTENÇÃO DO SETOR FINANCEIRO 3.3.90.39.00.00 OUTROS SERV.DE TERC.PESSOA JURIDICA 3.3.90.40.00.00 SERVIÇOS DE TECNOLOGIA DA INFORMAÇÃO E COMUNICAÇÃO FONTE: 500. VIGÊNCIA: até 19/11/2026. PARTES CONTRATANTES: Prefeitura Municipal de Alcantil e:</p><p>CT Nº 00153/2025 - 19.11.25 - RICARDO GUERRA INFORMATICA - R$ 11.400,00;</p><p>CT Nº 00154/2025 - 19.11.25 - ELMAR - PROCESSAMENTO DE DADOS EIRELI - R$ 12.000,00.</p>]]></Texto>
  </body>
  <Midias />
</article></xml>