﻿<xml><article id="46726754" name="COM0016594_2025" idOficio="11422411" pubName="DO3" artType="Aviso" pubDate="03/12/2025" artClass="00035:00056:00001:00000:00000:00000:00000:00000:00000:00000:00106:00000" artCategory="Ministério de Minas e Energia/Petróleo Brasileiro S.A./Petrobrás" artSize="12" artNotes="" numberPage="142" pdfPage="http://pesquisa.in.gov.br/imprensa/jsp/visualiza/index.jsp?data=03/12/2025&amp;jornal=530&amp;pagina=142" editionNumber="230" highlightType="" highlightPriority="" highlight="" highlightimage="" highlightimagename="" idMateria="23341998">
  <body>
    <Identifica><![CDATA[ AVISO DE EDITAL]]></Identifica>
    <Data><![CDATA[]]></Data>
    <Ementa />
    <Titulo />
    <SubTitulo />
    <Texto><![CDATA[<p class="identifica">AVISO DE EDITAL</p><p class="identifica">EDITAL Nº PEA0256601 POCOS</p><p>A PETRÓLEO BRASILEIRO S.A., por meio da Comissão de Alienação, torna público que realizará Licitação Eletrônica do tipo maior oferta de preço, para alienação de Tubos e outros materiais. A licitação eletrônica terá o 1º leilão com início previsto para 8h00 do dia 03/12/2025. Em caso de insucesso na venda, tornamos público, desde já, que poderão ocorrer novos eventos de leilão para os materiais ofertados, que ocorrerão no período entre: 16/12/2025 a 06/01/2026. Caberá aos interessados acompanhar através do PORTAL SUPERBID (www.superbid.net) os avisos de repetição do processo, estando atentos às suas datas e horários, conforme abaixo:2º leilão 16/12/2025 - 24/12/2025 3º leilão 29/12/2025 - 06/01/2026. As propostas deverão ser apresentadas no PORTAL SUPERBID. O Edital completo da licitação estará disponível no PORTAL SUPERBID (www.superbid.net) e no site da PETROBRAS (www.petrobras.com.br - Canais de Negócios).</p><p class="assina">Comissão de Alienação.</p>]]></Texto>
  </body>
  <Midias />
</article></xml>