﻿<xml><article id="46734798" name="PUB IL 023 1" idOficio="11441909" pubName="DO3" artType="Extrato de Inexigibilidade de Licitação" pubDate="03/12/2025" artClass="00041:00022:00011:00006:00237:00000:00000:00000:00000:00000:00040:00000" artCategory="Ministério de Portos e Aeroportos/Empresa Brasileira de Infraestrutura Aeroportuária/Diretoria de Administração/Superintendência de Administração/Gerência de Logística Administrativa" artSize="12" artNotes="" numberPage="146" pdfPage="http://pesquisa.in.gov.br/imprensa/jsp/visualiza/index.jsp?data=03/12/2025&amp;jornal=530&amp;pagina=146" editionNumber="230" highlightType="" highlightPriority="" highlight="" highlightimage="" highlightimagename="" idMateria="23374447">
  <body>
    <Identifica><![CDATA[ EXTRATO DE INEXIGIBILIDADE DE LICITAÇÃO]]></Identifica>
    <Data><![CDATA[]]></Data>
    <Ementa />
    <Titulo />
    <SubTitulo />
    <Texto><![CDATA[<p class="identifica">EXTRATO DE INEXIGIBILIDADE DE LICITAÇÃO</p><p>IL Nº 023/ADLI-1/SEDE/2025 - Credenciamento de operadora de plano de saúde para a prestação de serviços de assistência à saúde aos (às) empregados (as) da infraero, membros da diretoria executiva, contratado (a) para o exercício exclusivo de cargo em comissão, ex-empregados (as), aposentados (as), pensionistas e dependentes legais, com abrangência nacional, na modalidade coletivo empresarial, devidamente autorizada pela agência nacional de saúde suplementar (ANS). Contratada: NOTRE DAME INTERMEDICA SAUDE S.A, CNPJ: 44.649.812/0001-38. Prazo contratual: 12 (doze) meses, podendo ser prorrogado até o limite de 60 (sessenta) meses. Fund. Legal: caput art. 30, da Lei 13.303 de 30 de junho de 2016 c/c caput Artigo 87, do novo RLCI, artigo 8º c/c artigo 2º, ambos do Apêndice ao novo RILCI, instituído pelo ATO NORMATIVO Nº SEDE-ANO-2024/00139. Homologação em 01/12/2025 pela Superintedência DAGP.</p>]]></Texto>
  </body>
  <Midias />
</article></xml>