﻿<xml><article id="46726337" name="Quarto Termo aditivo - IMPLANTA " idOficio="11441259" pubName="DO3" artType="Extrato de Termo Aditivo" pubDate="03/12/2025" artClass="00071:00274:00000:00000:00000:00000:00000:00000:00000:00000:00053:00000" artCategory="Entidades de Fiscalização do Exercício das Profissões Liberais/Conselho Regional de Engenharia e Agronomia do Distrito Federal" artSize="12" artNotes="" numberPage="205" pdfPage="http://pesquisa.in.gov.br/imprensa/jsp/visualiza/index.jsp?data=03/12/2025&amp;jornal=530&amp;pagina=205" editionNumber="230" highlightType="" highlightPriority="" highlight="" highlightimage="" highlightimagename="" idMateria="23373751">
  <body>
    <Identifica><![CDATA[  EXTRATO DE CONTRATO ]]></Identifica>
    <Data><![CDATA[]]></Data>
    <Ementa />
    <Titulo />
    <SubTitulo />
    <Texto><![CDATA[<p class="identifica">EXTRATO DE CONTRATO</p><p>4º Termo Aditivo</p><p>Contratada: IMPLANTA INFORMÁTICA LTDA. Objeto: prorrogação de vigência do contrato para manutenção, suporte e hospedagem do Sistema Contábil - SISCONT.NET. Vigência: Prorroga-se o prazo de vigência do contrato em 12 (doze) meses, compreendendo o período de 01/01/2026 a 31/12/2026. Signatários: Adriana Resende Avelar de Oliveira, presidente, Argileu Francisco da Silva, Sócio-Diretor. 4º Termo Aditivo nº 040/2025-CREA-DF ao Contrato nº 01/2022-CREA-DF. Processo nº 214169/2021.</p>]]></Texto>
  </body>
  <Midias />
</article></xml>