﻿<xml><article id="46727138" name="Aviso PE 146-2025 PMC - republic" idOficio="11442903" pubName="DO3" artType="Aviso de Licitação" pubDate="03/12/2025" artClass="00075:00023:00094:00000:00000:00000:00000:00000:00000:00000:00079:00000" artCategory="Prefeituras/Estado de Santa Catarina/Prefeitura Municipal de Concórdia" artSize="12" artNotes="" numberPage="295" pdfPage="http://pesquisa.in.gov.br/imprensa/jsp/visualiza/index.jsp?data=03/12/2025&amp;jornal=530&amp;pagina=295" editionNumber="230" highlightType="" highlightPriority="" highlight="" highlightimage="" highlightimagename="" idMateria="23375801">
  <body>
    <Identifica><![CDATA[ AVISO DE LICITAÇÃO ]]></Identifica>
    <Data><![CDATA[ Concórdia, SC, 1º de dezembro de 2025.]]></Data>
    <Ementa />
    <Titulo />
    <SubTitulo />
    <Texto><![CDATA[<p class="identifica">AVISO DE LICITAÇÃO</p><p class="identifica">PREGÃO ELETRÔNICO Nº 146/2025</p><p>PMC Aquisição de bens - REPUBLICADO. Objeto: A Secretária Municipal de Educação informa a Republicação do Pregão Eletrônico nº 146-2025, cujo objeto é a aquisição de materiais didáticos impressos e digitais, ambiente virtual de aprendizagem e suporte pedagógico para a implementação de programa educacional integrado em educação financeira nas escolas da Rede Municipal de Concórdia/SC, conforme detalhado no Anexo "A" do Edital. Forma de Pregão: Eletrônico Tipo: Menor Preço Global Recebimento das propostas: até as 08 h e 15 min do dia 17/12/2025. Início da Sessão: dia 17/12/2025 às 08 h e 30 min, no endereço eletrônico www.portaldecompraspublicas.com.br, horário de Brasília - DF. Informações complementares: o Edital em inteiro teor estará à disposição dos interessados na home page www.concordia.sc.gov.br, link "Licitações". Quaisquer informações poderão ser obtidas na Diretoria de Compras da Prefeitura Municipal de Concórdia, situada na Rua Leonel Mosele, nº 62, 1º andar, Centro, de 2ª a 6ª feira, das 08h00min às 11h30min e das 13h30min às 17h00min, ou pelo telefone (49) 3441-2167. Registro TCE nº B0B6AB3D7223A0511DFB58698942C9028FF0BC0E</p><p class="data">Concórdia, SC, 1º de dezembro de 2025.</p><p class="assina">Cássia Bortoli Roncaglio</p><p class="cargo">Secretária Municipal de Educação</p>]]></Texto>
  </body>
  <Midias />
</article></xml>