﻿<xml><article id="46727708" name="DOU-TERMO ADITIVO AO CTT 047.202" idOficio="11441955" pubName="DO3" artType="Extrato de Termo Aditivo" pubDate="03/12/2025" artClass="00075:00013:00113:00000:00000:00000:00000:00000:00000:00000:00053:00000" artCategory="Prefeituras/Estado do Pará/Prefeitura Municipal de Brasil Novo" artSize="12" artNotes="" numberPage="261" pdfPage="http://pesquisa.in.gov.br/imprensa/jsp/visualiza/index.jsp?data=03/12/2025&amp;jornal=530&amp;pagina=261" editionNumber="230" highlightType="" highlightPriority="" highlight="" highlightimage="" highlightimagename="" idMateria="23374524">
  <body>
    <Identifica><![CDATA[extrato de TERMO ADITIVO]]></Identifica>
    <Data><![CDATA[]]></Data>
    <Ementa />
    <Titulo />
    <SubTitulo />
    <Texto><![CDATA[<p class="identifica">extrato de TERMO ADITIVO</p><p>CONTRATO 047/2025 - PREGÃO ELETRÔNICO SRP N° 007/2025. Primeiro Termo Aditivo ao Contrato 047/2025 - Processo Licitatório PREGÃO ELETRÔNICO SRP 007/2025. Objeto: AQUISIÇÃO DE PEÇAS E LÂMINAS PARA MÁQUINAS PESADAS. Empresa: WF PEÇAS E SERVIÇOS AUTOMOTIVOS LTDA - CNPJ nº 57.962.917/0001-94. VALOR: R$ 29.534,50. Assinatura em 13/11/2025. WEDER MAKES CARNEIRO. Prefeito.</p>]]></Texto>
  </body>
  <Midias />
</article></xml>