﻿<xml><article id="46742312" name="2025-12-01/11441421/COMPRASNETWS" idOficio="11441421" pubName="DO3" artType="Extrato de Contrato" pubDate="03/12/2025" artClass="00025:00074:00006:00000:00000:00000:00000:00000:00000:00000:00030:00001" artCategory="Ministério da Educação/Instituto Federal de Educação, Ciência e Tecnologia da Paraíba/Campus Monteiro" artSize="12" artNotes="" numberPage="70" pdfPage="http://pesquisa.in.gov.br/imprensa/jsp/visualiza/index.jsp?data=03/12/2025&amp;jornal=530&amp;pagina=70" editionNumber="230" highlightType="" highlightPriority="" highlight="" highlightimage="" highlightimagename="" idMateria="23373896">
  <body>
    <Identifica><![CDATA[ EXTRATO DE CONTRATO Nº 9/2025 - UASG 158472]]></Identifica>
    <Data><![CDATA[]]></Data>
    <Ementa />
    <Titulo />
    <SubTitulo />
    <Texto><![CDATA[<p class="identifica">EXTRATO DE CONTRATO Nº 9/2025 - UASG 158472</p><p>Nº Processo: 23171.000635/2025-15.</p><p>Dispensa Nº 31/2025. Contratante: IFPB - CAMPUS MONTEIRO.</p><p>Contratado: 14.303.303/0001-98 - ROBERTO WAGNER DA COSTA FILHO. Objeto: Contratação para aquisicao de generos alimenticios (paes, bolos de saia, tapiocas e canjicas), destinados aos alunos da educacao basica do ifpb - campus monteiro, atraves do programa nacional de alimentacao escolar - pnae. Dispensa de licitacao nº 31/2025 - uasg 158472.</p><p>Fundamento Legal: LEI 14.133/2021 - Artigo: 75 - Inciso: II. Vigência: 28/11/2025 a 28/11/2026. Valor Total: R$ 60.266,00. Data de Assinatura: 28/11/2025.</p><p>(COMPRASNET 4.0 - 01/12/2025).</p>]]></Texto>
  </body>
  <Midias />
</article></xml>