﻿<xml><article id="46732853" name="EXTRATO CONTRATO 669" idOficio="11436716" pubName="DO3" artType="Extrato de Contrato" pubDate="03/12/2025" artClass="00075:00015:00268:00000:00000:00000:00000:00000:00000:00000:00030:00000" artCategory="Prefeituras/Estado do Paraná/PREFEITURA MUNICIPAL DE MISSAL" artSize="12" artNotes="" numberPage="277" pdfPage="http://pesquisa.in.gov.br/imprensa/jsp/visualiza/index.jsp?data=03/12/2025&amp;jornal=530&amp;pagina=277" editionNumber="230" highlightType="" highlightPriority="" highlight="" highlightimage="" highlightimagename="" idMateria="23366558">
  <body>
    <Identifica><![CDATA[ EXTRATO DE CONTRATO DE FORNECIMENTO]]></Identifica>
    <Data><![CDATA[]]></Data>
    <Ementa />
    <Titulo />
    <SubTitulo />
    <Texto><![CDATA[<p class="identifica">EXTRATO DE CONTRATO DE FORNECIMENTO</p><p>LICITAÇÃO: PREGÃO ELETRÔNICO Nº 101/2025</p><p>OBJETO: Aquisição De Uma Colhedora De Forragens Nova, Conforme Convênio Mapa Nº 927380/2022 - Transferegov.Br Nº 057396/2022</p><p>FORNECEDOR - CNPJ - CONTRATO - VALOR TOTAL</p><p>PRIMUM COMERCIO DE IMPLEMENTOS LTDA - 59.632.632/0001-01 - 669 - R$ 35.672,00</p><p>Duração: 60 (Sessenta) Dias</p><p>Dotações: 06. Secretaria De Agricultura - 20.606.0010.1023 Reequipar A Secretaria E O Fumdamam - 4.4.90.52.00.00 Equipamentos E Material Permanente - 00923 E 01834 - Convênio Mapa 927380/2022 - Equip Agrícolas - Emendas De Bancadas</p><p>Missal - PR, 25 de novembro de 2025</p>]]></Texto>
  </body>
  <Midias />
</article></xml>