﻿<xml><article id="46725662" name="Aditamento a Contrato - CHESTNUT" idOficio="11442236" pubName="DO3" artType="Extrato de Termo Aditivo" pubDate="03/12/2025" artClass="00071:00286:00000:00000:00000:00000:00000:00000:00000:00000:00053:00000" artCategory="Entidades de Fiscalização do Exercício das Profissões Liberais/Conselho Regional de Engenharia e Agronomia do Paraná" artSize="12" artNotes="" numberPage="206" pdfPage="http://pesquisa.in.gov.br/imprensa/jsp/visualiza/index.jsp?data=03/12/2025&amp;jornal=530&amp;pagina=206" editionNumber="230" highlightType="" highlightPriority="" highlight="" highlightimage="" highlightimagename="" idMateria="23374973">
  <body>
    <Identifica><![CDATA[ EXTRATO DE TERMO ADITIVO]]></Identifica>
    <Data><![CDATA[]]></Data>
    <Ementa />
    <Titulo />
    <SubTitulo />
    <Texto><![CDATA[<p></p><p class="identifica">EXTRATO DE TERMO ADITIVO</p><p>PROCESSO Nº: 017.001159/2025-29 CONTRATADA: Chestnut Global Partners do Brasil Ltda. CNPJ: 07.843.950/0001-27. OBJETO: Prestação de serviços de assistência psicossocial. VALOR DO ADITAMENTO: R$ 10,99 por empregado inscrito para o eventual atendimento. BASE LEGAL: Lei nº 8.666/93. Vigência: 07/12/2025 a 06/12/2026. Signatários: Angelo Bernardo Zarro Heckmann e Rita Laert Cotrim Passos.</p>]]></Texto>
  </body>
  <Midias />
</article></xml>