﻿<xml><article id="46734831" name="EXTRATO DL 110" idOficio="11443000" pubName="DO3" artType="Extrato de Ordem de Compra" pubDate="03/12/2025" artClass="00041:00022:00016:00192:00000:00000:00000:00000:00000:00000:00135:00000" artCategory="Ministério de Portos e Aeroportos/Empresa Brasileira de Infraestrutura Aeroportuária/Diretoria Executiva/Diretoria de Administração" artSize="12" artNotes="" numberPage="146" pdfPage="http://pesquisa.in.gov.br/imprensa/jsp/visualiza/index.jsp?data=03/12/2025&amp;jornal=530&amp;pagina=146" editionNumber="230" highlightType="" highlightPriority="" highlight="" highlightimage="" highlightimagename="" idMateria="23375946">
  <body>
    <Identifica><![CDATA[ EXTRATO DE ORDEM DE COMPRA]]></Identifica>
    <Data><![CDATA[]]></Data>
    <Ementa />
    <Titulo />
    <SubTitulo />
    <Texto><![CDATA[<p class="identifica">EXTRATO DE ORDEM DE COMPRA</p><p>DLS Nº 110/DACD/2025 - SMS Nº SEDE-SMS-2025/00345. Obj.: 06 (SEIS) inscrições no CURSO - PILOTAGEM &amp; MAPEAMENTO - DRONE VERSO, na modalidade presencial. Contratada EMPRESA JUNIOR DE ENGENHARIA AEROESPACIAL DA UNIVERSIDADE DE BRASÍLIA - ZENIT AEROSPACE. Valor global: R$ 5.700,00. Fund. Legal: inciso II do artigo 55 do RILCI c/c inciso II do artigo 29 da Lei 13.303/2016. Fonte de recurso: 001.311.03.012-3 201150. Autorização: em 01/12/2025, RENATA MARTINS TEIXEIRA - Gerente de Capacitação e Desenvolvimento.</p>]]></Texto>
  </body>
  <Midias />
</article></xml>