﻿<xml><article id="46729328" name="Contrato - 260179-Pregao-SPO 202" idOficio="11442258" pubName="DO3" artType="Extrato de Contrato" pubDate="03/12/2025" artClass="00028:00050:00030:00000:00000:00000:00000:00000:00000:00000:00030:00000" artCategory="Ministério da Fazenda/Serviço Federal de Processamento de Dados/Regional São Paulo" artSize="12" artNotes="" numberPage="120" pdfPage="http://pesquisa.in.gov.br/imprensa/jsp/visualiza/index.jsp?data=03/12/2025&amp;jornal=530&amp;pagina=120" editionNumber="230" highlightType="" highlightPriority="" highlight="" highlightimage="" highlightimagename="" idMateria="23374942">
  <body>
    <Identifica><![CDATA[ EXTRATO DE CONTRATO Nº 260179/2025 - UASG 803080]]></Identifica>
    <Data><![CDATA[]]></Data>
    <Ementa />
    <Titulo />
    <SubTitulo />
    <Texto><![CDATA[<p class="identifica">EXTRATO DE CONTRATO Nº 260179/2025 - UASG 803080</p><p>Processo Nº SERPRO-PSI-2024/00099. Pregão Nº: 00475/2025. Contratante: SERVIÇO FEDERAL DE PROCESSAMENTO DE DADOS (SERPRO). CNPJ da Contratada: 01.707.536/0001-04 - ISH TECNOLOGIA S/A. Objeto: ARP RG212780 Contratação de appliances e componentes adicionais com garantia técnica, para a Solução de Balanceamento de Aplicações com funcionalidades de segurança e WAF (Web Application. Data da Assinatura: 01/12/2025. Vigência: 03/12/2025 a 02/12/2030. Valor total estimado: R$ 23.841.763,36. Valor anual estimado:R$ 4.768.352,68.</p>]]></Texto>
  </body>
  <Midias />
</article></xml>