﻿<xml><article id="46728194" name="Aviso de Alteracao de Licitacao " idOficio="11420170" pubName="DO3" artType="Aviso de Alteração" pubDate="03/12/2025" artClass="00075:00020:00066:00001:00001:00000:00000:00000:00000:00000:00068:00000" artCategory="Prefeituras/Estado do Rio de Janeiro/Prefeitura Municipal de Nova Friburgo/Secretaria-Geral/Secretaria de Comunicação Social" artSize="12" artNotes="" numberPage="290" pdfPage="http://pesquisa.in.gov.br/imprensa/jsp/visualiza/index.jsp?data=03/12/2025&amp;jornal=530&amp;pagina=290" editionNumber="230" highlightType="" highlightPriority="" highlight="" highlightimage="" highlightimagename="" idMateria="23338420">
  <body>
    <Identifica><![CDATA[ AVISO DE ALTERAÇÃO ]]></Identifica>
    <Data><![CDATA[]]></Data>
    <Ementa />
    <Titulo />
    <SubTitulo />
    <Texto><![CDATA[<p class="identifica">AVISO DE ALTERAÇÃO</p><p class="identifica">PREGÃO ELETRÔNICO Nº 90.115/2025</p><p>AMPLA CONCORRÊNCIA E EXCLUSIVIDADE PARA ME E EPP UASG: 985867 PREGÃO ELETRÔNICO Nº 90.115/2025 Unidade Requisitante: Secretaria Municipal de Saúde</p><p>O Município de Nova Friburgo, através de sua Comissão Permanente de Pregão II, torna público que realizará licitação, sob a modalidade de PREGÃO ELETRÔNICO, do tipo MENOR PREÇO POR ITEM, que tem por objeto a AQUISIÇÃO DE EQUIPAMENTOS E MOBILIÁRIOS, para atender as necessidades da Unidade Básica de Saúde Waldir Costa. A NOVA DATA DE ABERTURA da sessão pública será no dia 06/01/2026, às 10:00 horas. Esta publicação ocorre pela alteração nos itens do Edital. A licitação será realizada no endereço eletrônico: www.gov.br/compras/pt-br. Data: 06/01/2026 Horário: 10h Estimativa: R$ 672.528,58 Processo nº 5.626/2025 Local de retirada do edital na íntegra: www.gov.br/compras e www.novafriburgo.rj.gov.br/licitacao Telefones para contato: (22) 2525-9100 / 2525-9101 - Ramal 289 E-mail: pregao2.novafriburgo@gmail.com</p><p class="assina">Karla Braga Machado</p><p class="cargo">Pregoeira</p>]]></Texto>
  </body>
  <Midias />
</article></xml>