﻿<xml><article id="46741313" name="2025-12-01/11442788/COMPRASNETWS" idOficio="11442788" pubName="DO3" artType="Extrato de Contrato" pubDate="03/12/2025" artClass="00016:00011:00015:00013:00004:01593:00000:00000:00000:00000:00030:00001" artCategory="Ministério da Defesa/Comando do Exército/Comando Militar do Sul/5ª Divisão de Exército/15ª Brigada de Infantaria Mecanizada/15º Batalhão Logístico" artSize="12" artNotes="" numberPage="35" pdfPage="http://pesquisa.in.gov.br/imprensa/jsp/visualiza/index.jsp?data=03/12/2025&amp;jornal=530&amp;pagina=35" editionNumber="230" highlightType="" highlightPriority="" highlight="" highlightimage="" highlightimagename="" idMateria="23375674">
  <body>
    <Identifica><![CDATA[ EXTRATO DE CONTRATO Nº 56/2025 - UASG 160524]]></Identifica>
    <Data><![CDATA[]]></Data>
    <Ementa />
    <Titulo />
    <SubTitulo />
    <Texto><![CDATA[<p class="identifica">EXTRATO DE CONTRATO Nº 56/2025 - UASG 160524</p><p>Nº Processo: 64133.009647/2025-31.</p><p>Pregão Nº 90283/2024. Contratante: 15 BATALHAO LOGISTICO.</p><p>Contratado: 36.519.422/0001-15 - IVG BRASIL LTDA. Objeto: Prestação de serviços de manutenção de veículos e equipamentos, bem como aquisição de peças, ferramentas, suprimentos e acessórios genuínos novos, com as mesmas especificações técnicas e padrões de qualidade daqueles produzidos pelos respectivos fabricantes (sem uso anterior e sem recondicionamento).</p><p>Fundamento Legal: LEI 14.133/2021 - Artigo: 28 - Inciso: I. Vigência: 27/11/2025 a 26/11/2026. Valor Total: R$ 21.119,28. Data de Assinatura: 27/11/2025.</p><p>(COMPRASNET 4.0 - 01/12/2025).</p>]]></Texto>
  </body>
  <Midias />
</article></xml>