﻿<xml><article id="46725341" name="PETROLINAPE112" idOficio="11442390" pubName="DO3" artType="Aviso" pubDate="03/12/2025" artClass="00075:00016:00170:00000:00000:00000:00000:00000:00000:00000:00106:00000" artCategory="Prefeituras/Estado de Pernambuco/Prefeitura Municipal de Petrolina" artSize="12" artNotes="" numberPage="280" pdfPage="http://pesquisa.in.gov.br/imprensa/jsp/visualiza/index.jsp?data=03/12/2025&amp;jornal=530&amp;pagina=280" editionNumber="230" highlightType="" highlightPriority="" highlight="" highlightimage="" highlightimagename="" idMateria="23375101">
  <body>
    <Identifica><![CDATA[AVISO DE LICITAÇÃO]]></Identifica>
    <Data><![CDATA[Petrolina/PE,  2 de dezembro de 2025. ]]></Data>
    <Ementa />
    <Titulo />
    <SubTitulo />
    <Texto><![CDATA[<p class="identifica">AVISO DE LICITAÇÃO</p><p class="identifica">PREGÃO ELETRÔNICO N° 112/2025</p><p>PA nº 377/2025. Objeto: Contratação de empresa para PRESTAÇÃO DE SERVIÇOS DE CONSULTORIA E ASSESSORIA, conforme especificações técnicas do Anexo I deste Termo de Referência, para atender às necessidades da Secretaria de Assistência Social e Combate à Fome, conforme solicitação expressa da mesma. Total de Item: 01. Edital disponível em: 03/12/2025, na Secretaria de Licitações e Contratos, no seguinte endereço: Av. Guararapes, 2114, 2º Andar, Centro, Petrolina-PE, Tel.: (87)3983-6419. Será disponibilizado na página Oficial da Prefeitura M. de Petrolina: www.petrolina.pe.gov.br, no Portal Nacional de Contratações Públicas - PNCP: https://www.gov.br/pncp/pt-br e no Portal de Compras Públicas, no site: www.portaldecompraspublicas.com.br. Entrega das propostas a partir do dia 04/12/2025, iniciando a partir das 09h no site: www.portaldecompraspublicas.com.br. Valor Global Estimado: R$ 218.405,01. Abertura das propostas/sessão: 18/12/2025 às 9h (nove horas), no site www.portaldecompraspublicas.com.br.</p><p class="data">Petrolina/PE, 2 de dezembro de 2025.</p><p class="assina">Ivanilda Rodrigues Teixeira</p><p class="cargo">Agente de Contratação</p>]]></Texto>
  </body>
  <Midias />
</article></xml>