﻿<xml><article id="46726007" name="Extrato 23.2025" idOficio="11432271" pubName="DO3" artType="Extrato" pubDate="03/12/2025" artClass="00073:04862:08551:00000:00000:00000:00000:00000:00000:00000:00170:00000" artCategory="Ineditoriais/Fundação Instituto Nacional de Telecomunicações" artSize="12" artNotes="" numberPage="210" pdfPage="http://pesquisa.in.gov.br/imprensa/jsp/visualiza/index.jsp?data=03/12/2025&amp;jornal=530&amp;pagina=210" editionNumber="230" highlightType="" highlightPriority="" highlight="" highlightimage="" highlightimagename="" idMateria="23360368">
  <body>
    <Identifica><![CDATA[ extrato de convênio]]></Identifica>
    <Data><![CDATA[]]></Data>
    <Ementa />
    <Titulo />
    <SubTitulo />
    <Texto><![CDATA[<p class="identifica">extrato de convênio</p><p>Extrato Processo Licitatório Nº. 23/2025 Convênio: EMBRAPII Cisco EDGE 5G Objeto: Aquisição de material de consumo com a utilização de verba vinculada ao Convênio supracitado. Total de itens solicitados: 107. Valor R$ 1.605,36 (hum mil, seiscentos e cinco reais e trinta e seis centavos) Empresas Contratadas: Mercado Livre CNPJ: 38.058.379/0001-63 Fotolux do Brasil Ltda CNPJ: 18.601.527/0001-37 MakerHero Ltda CNPJ: 12.672.380/0001-90 Marcelo de Oliveira Marques Presidente da Finatel</p>]]></Texto>
  </body>
  <Midias />
</article></xml>