﻿<xml><article id="46734924" name="DOU - 2025 -AVISO DE LICITACAO -" idOficio="11442661" pubName="DO3" artType="Aviso de Licitação-Pregão" pubDate="03/12/2025" artClass="00075:00020:00020:00000:00000:00000:00000:00000:00000:00000:00162:00000" artCategory="Prefeituras/Estado do Rio de Janeiro/Prefeitura Municipal de Bom Jesus do Itabapoana" artSize="12" artNotes="" numberPage="290" pdfPage="http://pesquisa.in.gov.br/imprensa/jsp/visualiza/index.jsp?data=03/12/2025&amp;jornal=530&amp;pagina=290" editionNumber="230" highlightType="" highlightPriority="" highlight="" highlightimage="" highlightimagename="" idMateria="23375514">
  <body>
    <Identifica><![CDATA[AVISO DE LICITAÇÃO]]></Identifica>
    <Data><![CDATA[]]></Data>
    <Ementa />
    <Titulo />
    <SubTitulo />
    <Texto><![CDATA[<p class="identifica">AVISO DE LICITAÇÃO</p><p class="identifica">PREGÃO ELETRÔNICO Nº 80/2025-FMS</p><p>PROCESSO Nº 17392/2025</p><p>O MUNICÍPIO DE BOM JESUS DO ITABAPOANA-RJ, através do Fundo Municipal de Saúde, CNPJ: 11959800/0001-50, sediado à Rua Philomena Cyrillo, 50, Centro - Bom Jesus do Itabapoana-RJ, Telefone nº (22) 3833-4503, torna público para conhecimento dos interessados que será realizado Registro de Preço Visando Futura e Eventual Aquisição de Medicamentos Componentes da Remume, A Pedido do Fundo Municipal de Saúde do Município de Bom Jesus do Itabapoana-RJ, conforme abaixo: abertura da sessão do Pregão Eletrônico: dia 17/12/2025 às 09:00 (nove horas). SITE PARA REALIZAÇÃO DO PREGÃO: Portal de Compras do Governo Federal - www.comprasgovernamentais.gov.br Código UASG 985811 A abertura da Sessão do Pregão Eletrônico nº 080/2025-FMS, será realizada no dia 17/12/2025, às 9 horas. O Edital e seus anexos, na íntegra, está disponível para download através do site oficial da PMBJI, a saber, www.bomjesus.rj.gov.br/licitacoes, bem como através do site www.comprasgovernamentais.gov.br e Portal Nacional de Contratações Públicas (PNCP). Maiores informações no endereço acima ou através dos seguintes contatos: (22) 3833-9208 ou e-mail licitacao@bomjesus.rj.gov.br.</p><p class="assina">Eleandra Gonçalves de Souza</p><p class="cargo">Pregoeira</p>]]></Texto>
  </body>
  <Midias />
</article></xml>