﻿<xml><article id="46726571" name="Licitacao Petrobras 7004538684" idOficio="11441458" pubName="DO3" artType="Aviso de Licitação" pubDate="03/12/2025" artClass="00035:00056:00001:00000:00000:00000:00000:00000:00000:00000:00079:00000" artCategory="Ministério de Minas e Energia/Petróleo Brasileiro S.A./Petrobrás" artSize="12" artNotes="" numberPage="142" pdfPage="http://pesquisa.in.gov.br/imprensa/jsp/visualiza/index.jsp?data=03/12/2025&amp;jornal=530&amp;pagina=142" editionNumber="230" highlightType="" highlightPriority="" highlight="" highlightimage="" highlightimagename="" idMateria="23373953">
  <body>
    <Identifica><![CDATA[ AVISO DE LICITAÇÃO Nº 7004538684]]></Identifica>
    <Data><![CDATA[]]></Data>
    <Ementa />
    <Titulo />
    <SubTitulo />
    <Texto><![CDATA[<p class="identifica">AVISO DE LICITAÇÃO Nº 7004538684</p><p>Objeto: Fornecimento de n-Parafina Hidrogenada por contrato global</p><p>Abertura das propostas: 12/12/2025 às 17:00 horas.</p><p>Obs.: A consulta ao edital e o processamento da licitação serão realizados no portal www.petronect.com.br.</p><p class="assina">COMISSÃO DE LICITAÇÃO</p>]]></Texto>
  </body>
  <Midias />
</article></xml>