﻿<xml><article id="46734369" name="Extrato_4TA ao Contrato 26-2021" idOficio="11441670" pubName="DO3" artType="Extrato de Termo Aditivo" pubDate="03/12/2025" artClass="00071:00284:00000:00000:00000:00000:00000:00000:00000:00000:00053:00000" artCategory="Entidades de Fiscalização do Exercício das Profissões Liberais/Conselho Regional de Engenharia e Agronomia do Pará" artSize="12" artNotes="" numberPage="206" pdfPage="http://pesquisa.in.gov.br/imprensa/jsp/visualiza/index.jsp?data=03/12/2025&amp;jornal=530&amp;pagina=206" editionNumber="230" highlightType="" highlightPriority="" highlight="" highlightimage="" highlightimagename="" idMateria="23374162">
  <body>
    <Identifica><![CDATA[ EXTRATO DE TERMO ADITIVO]]></Identifica>
    <Data><![CDATA[]]></Data>
    <Ementa />
    <Titulo />
    <SubTitulo />
    <Texto><![CDATA[<p></p><p class="identifica">EXTRATO DE TERMO ADITIVO</p><p>Processo nº 644095/2025. Espécie: 4º Termo Aditivo ao Contrato nº 26/2021. Contratante: CREA-PA. Contratado: MMD MAILING INFORMAÇÕES CADASTRAIS LTDA - EPP - CNPJ: 02.788.106/0001-27. Objeto: Contratação da prestação de serviço de consulta de informações cadastrais de pessoas físicas e jurídicas, resultando no fornecimento do número de documento (CPF, CNPJ), nome completo, razão social, nome fantasia, endereço, telefone, endereço de correio eletrônico, participação societária dentre outros. Valor: O valor mensal do serviço contratado para o período de vigência do presente termo aditivo fica mantido em R$ 280,00 (duzentos e oitenta reais), totalizando no período de 12(doze) meses o valor de R$ 3.360 (três mil, trezentos e sessenta reais). Vigência: Fica prorrogada a vigência do contrato para o período de 26/11/2025 a 25/11/2026, limitado a sua duração de 60 (sessenta) meses, nos termos do artigo 57 da Lei nº 8.666/93, mediante Termo Aditivo. Ordenador Responsável: Adriana Falconeri Rebelo Boy, Engª Civil, Presidente do CREA-PA.</p>]]></Texto>
  </body>
  <Midias />
</article></xml>