﻿<xml><article id="46726472" name="13827 - Madalena - AVISO DE LICI" idOficio="11440978" pubName="DO3" artType="Aviso de Licitação-Pregão" pubDate="03/12/2025" artClass="00075:00006:00137:00000:00000:00000:00000:00000:00000:00000:00162:00000" artCategory="Prefeituras/Estado do Ceará/Prefeitura Municipal de Madalena" artSize="12" artNotes="" numberPage="232" pdfPage="http://pesquisa.in.gov.br/imprensa/jsp/visualiza/index.jsp?data=03/12/2025&amp;jornal=530&amp;pagina=232" editionNumber="230" highlightType="" highlightPriority="" highlight="" highlightimage="" highlightimagename="" idMateria="23373461">
  <body>
    <Identifica><![CDATA[ AVISO DE LICITAÇÃO]]></Identifica>
    <Data><![CDATA[ Madalena /CE, 1º de dezembro de 2025]]></Data>
    <Ementa />
    <Titulo />
    <SubTitulo />
    <Texto><![CDATA[<p class="identifica">AVISO DE LICITAÇÃO</p><p class="identifica">PREGÃO ELETRÔNICO Nº 112.02/2025 - PE - SRP - SMS</p><p>A Pregoeira da Prefeitura Municipal de Madalena comunica aos interessados a publicação do referido, com critério de julgamento MENOR PREÇO POR LOTE, tendo como objeto REGISTRO DE PREÇO PARA FUTURA E EVENTUAL CONTRATAÇÃO DE SERVIÇO DE RECARGA DE GÁS OXIGÊNIO MEDICINAL, COM FORNECIMENTO DE CILINDRO (EM REGIME DE COMODATO), DESTINADO A ATENDER AS NECESSIDADES DO HOSPITAL E MATERNIDADE MÃE TOTONHA, SOB RESPONSABILIDADE DA SECRETARIA DE SAÚDE DO MUNICÍPIO DE MADALENA - CE. Comissão de Pregão comunica aos interessados que a entrega das propostas comerciais será até as 08h00min do dia 17 de Dezembro de 2025. O edital e seus anexos estarão disponíveis através dos seguintes sites: www.tce.ce.gov.br e www.novobbmnet.com.br e o e-mail: licitamadalena2021@gmail.comou na sala da Comissão de Licitação, no horário de 07h30min às 13h30min.</p><p class="data">Madalena /CE, 1º de dezembro de 2025</p><p class="assina">SHEILA RAQUEL DOS SANTOS MAGALHÃES</p><p class="cargo">Pregoeira</p>]]></Texto>
  </body>
  <Midias />
</article></xml>