﻿<xml><article id="46729643" name="AVISO DE LICITACAO - P.E. 055-20" idOficio="11442405" pubName="DO3" artType="Aviso de Licitação" pubDate="03/12/2025" artClass="00075:00013:00203:00002:00000:00000:00000:00000:00000:00000:00079:00000" artCategory="Prefeituras/Estado do Pará/Prefeitura Municipal de Rondon do Pará/FUNDO MUNICIPAL DE SAÚDE DE RONDON DO PARÁ" artSize="12" artNotes="" numberPage="267" pdfPage="http://pesquisa.in.gov.br/imprensa/jsp/visualiza/index.jsp?data=03/12/2025&amp;jornal=530&amp;pagina=267" editionNumber="230" highlightType="" highlightPriority="" highlight="" highlightimage="" highlightimagename="" idMateria="23375125">
  <body>
    <Identifica><![CDATA[ AVISO DE LICITAÇÃO]]></Identifica>
    <Data><![CDATA[ Rondon do Pará, 1º de Dezembro de 2025]]></Data>
    <Ementa />
    <Titulo />
    <SubTitulo />
    <Texto><![CDATA[<p class="identifica">AVISO DE LICITAÇÃO</p><p class="identifica">PREGÃO ELETRÔNICO Nº 55/2025 FMS</p><p>Contratação de empresa para a aquisição de Equipamentos Laboratoriais para atender as necessidades do Fundo Municipal de Saúde de Rondon do Pará, conforme Emenda Parlamentar nº 44040008, Proposta nº 12826879000124008. Abertura: 15/12/2025 às 08:30 horas (horário de Brasília-DF). Local: https://www.portaldecompraspublicas.com.br recebimento das propostas até às 08:29 horas do dia 15/12/2025.</p><p>O edital e anexos estão à disposição no Setor de Licitação e Contratos no horário das 08:00 às 14:00, nos sítios: www.portaldecompraspublicas.com.br / www.rondondopara.pa.gov.br / www.gov.br/pncp/pt-br e www.tcm.pa.gov.br - Informações: 94-99205-6538 (WhatsApp) e cplrondondopara@yahoo.com.br</p><p class="data">Rondon do Pará, 1º de Dezembro de 2025</p><p class="assina">Alberto Abreu Araújo</p><p class="cargo">Agente de Contratação</p>]]></Texto>
  </body>
  <Midias />
</article></xml>