﻿<xml><article id="46725842" name="AVISO DOU 90279.2025" idOficio="11441916" pubName="DO3" artType="Aviso de Licitação-Pregão" pubDate="03/12/2025" artClass="00075:00016:00075:00000:00000:00000:00000:00000:00000:00000:00162:00000" artCategory="Prefeituras/Estado de Pernambuco/Prefeitura Municipal de Caruaru" artSize="12" artNotes="" numberPage="279" pdfPage="http://pesquisa.in.gov.br/imprensa/jsp/visualiza/index.jsp?data=03/12/2025&amp;jornal=530&amp;pagina=279" editionNumber="230" highlightType="" highlightPriority="" highlight="" highlightimage="" highlightimagename="" idMateria="23374494">
  <body>
    <Identifica><![CDATA[AVISO DE LICITAÇÃO ]]></Identifica>
    <Data><![CDATA[ Caruaru/PE, 2 de dezembro de 2025.]]></Data>
    <Ementa />
    <Titulo />
    <SubTitulo />
    <Texto><![CDATA[<p class="identifica">AVISO DE LICITAÇÃO</p><p class="identifica">PREGÃO ELETRÔNICO Nº 90279/2025</p><p>PROCESSO DE LICITAÇÃO Nº 285/2025 - PREGÃO ELETRÔNICO Nº 90279/2025 - UC/P. OBJETO: a AQUISIÇÃO DE UM TRATOR, seguindo as conformidades da reprogramação do Convênio nº 952234/2023, celebrado entre a Secretaria Municipal de Desenvolvimento Rural, Agricultura e Meio Ambiente-SDR e a Superintendência do Desenvolvimento do Nordeste-SUDENE, com fundamento na Lei nº 14.133/2021 e demais normas aplicáveis à execução de convênios federais. VALOR TOTAL ESTIMADO: 218.200,00 (duzentos e dezoito mil e duzentos reais). DATA E HORA DE ABERTURA: 16 (dezesseis) de dezembro de 2025 às 10 horas (horário de Brasília). Informações: Os interessados poderão acessar e fazer Download do texto integral do Edital nos sites: www.gov.br/compras/pt-br UASG: 982381 - (www.caruaru.pe.gov.br através do link: http://editais.caruaru.pe.gov.br. Outras informações na sala da UC/P, situada no CENTRO ADMINISTRATIVO I, localizado na Rua Professor Lourival Vilanova, nº 118 - 1º Andar, Bairro Universitário, Caruaru/PE, CEP: 55.016-745, Caixa Postal: 147 - no horário das 08h00 às 14h00min, ou pelo telefone: (81) 9.8384-6453 ou através do E-mail: ucp.caruaru@gmail.com.</p><p class="data">Caruaru/PE, 2 de dezembro de 2025.</p><p class="assina">Caroline Lima dos Santos</p><p class="cargo">Agente de Contratação/Pregoeira</p>]]></Texto>
  </body>
  <Midias />
</article></xml>