﻿<xml><article id="46726751" name="Minuta DOU. Rafael Siscaro de Ca" idOficio="11443276" pubName="DO3" artType="Extrato de Compromisso" pubDate="03/12/2025" artClass="00008:00029:00053:00000:00000:00000:00000:00000:00000:00000:00028:00000" artCategory="Ministério da Agricultura e Pecuária/Empresa Brasileira de Pesquisa Agropecuária/Embrapa Informática Agropecuária" artSize="12" artNotes="" numberPage="7" pdfPage="http://pesquisa.in.gov.br/imprensa/jsp/visualiza/index.jsp?data=03/12/2025&amp;jornal=530&amp;pagina=7" editionNumber="230" highlightType="" highlightPriority="" highlight="" highlightimage="" highlightimagename="" idMateria="23376355">
  <body>
    <Identifica><![CDATA[ EXTRATO DE TERMO DE COMPROMISSO DE CONFIDENCIALIDADE E OUTRAS AVENÇAS]]></Identifica>
    <Data><![CDATA[]]></Data>
    <Ementa />
    <Titulo />
    <SubTitulo />
    <Texto><![CDATA[<p class="identifica">EXTRATO DE TERMO DE COMPROMISSO DE CONFIDENCIALIDADE E OUTRAS AVENÇAS</p><p>Espécie: Termo de Compromisso de Confidencialidade e Outras Avenças; Partes: Empresa Brasileira de Pesquisa Agropecuária (Embrapa) CNPJ 00.348.003/0116-60 e Bolsista Rafael Siscaro de Carvalho, CPF XXX.753.XXX-25; Objeto: a Embrapa, atendidas as suas disponibilidades e sem prejuízo de suas atividades, compromete-se a permitir ao(à) Bolsista a utilização gratuita de sua infraestrutura, com a finalidade de apoiá-lo(a) na execução do seu Projeto; 1491 - FAPED/CNPTIA/BANCO MUNDIAL - Rastreabilidade das cadeias produtivas: Não aplicável; Fonte de recurso: Não aplicável; Valor global: R$ 0,00; Vigência: de 07/11/2025 a 30/06/2026; Data da assinatura: 07/11/2025; Signatários: Eduardo Caputi, Chefe-Adjunto de Administração, pela Embrapa, Luciana Guiherme Sacomani Zenerato, Supervisora do Setor de Gestão de Pessoas, pela Embrapa, Rafael Siscaro de Carvalho, Bolsista e Robert Eugene Schaffert, Diretor-Executivo, pela FAPED.</p>]]></Texto>
  </body>
  <Midias />
</article></xml>