﻿<xml><article id="46734339" name="Notificacao preventiva_Juliana S" idOficio="11431800" pubName="DO3" artType="Aviso" pubDate="03/12/2025" artClass="00071:00022:00000:00000:00000:00000:00000:00000:00000:00000:00106:00000" artCategory="Entidades de Fiscalização do Exercício das Profissões Liberais/Conselho de Arquitetura e Urbanismo do Rio de Janeiro" artSize="12" artNotes="" numberPage="202" pdfPage="http://pesquisa.in.gov.br/imprensa/jsp/visualiza/index.jsp?data=03/12/2025&amp;jornal=530&amp;pagina=202" editionNumber="230" highlightType="" highlightPriority="" highlight="" highlightimage="" highlightimagename="" idMateria="23359078">
  <body>
    <Identifica><![CDATA[edital DE NOTIFICAÇÃO PREVENTIVA]]></Identifica>
    <Data><![CDATA[Em 26 de novembro de 2025.]]></Data>
    <Ementa />
    <Titulo />
    <SubTitulo />
    <Texto><![CDATA[<p class="identifica">edital DE NOTIFICAÇÃO PREVENTIVA</p><p>Interessada: Juliana Farias Sarto (CPF: 096.***.***-07); Notificação Preventiva 1000225140-01A/2024; protocolo 1038958; infração: Ausência de Responsável Técnico para a Atividade; prazo de recurso: 10 (dez) dias a contar da data desta publicação. Caso contrário, o processo terá prosseguimento conforme legislação vigente; Fundamentação jurídica: art. 35 e43, Res. CAU/BR n.22 e art. 7° Lei 12.378/2010</p><p class="data">Em 26 de novembro de 2025.</p><p class="assina">Sydnei Menezes</p><p class="cargo">Presidente</p>]]></Texto>
  </body>
  <Midias />
</article></xml>