﻿<xml><article id="46726484" name="ATO Processo Administrativo SEI " idOficio="11435227" pubName="DO3" artType="Aviso" pubDate="03/12/2025" artClass="00074:00010:00024:00000:00000:00000:00000:00000:00000:00000:00106:00000" artCategory="Governo do Estado/Governo do Estado do Maranhão/SECRETARIA DE ESTADO DA COMUNICAÇÃO SOCIAL" artSize="12" artNotes="" numberPage="215" pdfPage="http://pesquisa.in.gov.br/imprensa/jsp/visualiza/index.jsp?data=03/12/2025&amp;jornal=530&amp;pagina=215" editionNumber="230" highlightType="" highlightPriority="" highlight="" highlightimage="" highlightimagename="" idMateria="23364492">
  <body>
    <Identifica><![CDATA[ AVISO DE LICITAÇÃO  PREGÃO ELETRÔNICO Nº 49/2025-SES]]></Identifica>
    <Data><![CDATA[ São Luís - MA, 27 de novembro de 2025.]]></Data>
    <Ementa />
    <Titulo />
    <SubTitulo />
    <Texto><![CDATA[<p class="identifica">AVISO DE LICITAÇÃO PREGÃO ELETRÔNICO Nº 49/2025-SES</p><p>Processo Administrativo SEI nº 2025.110222.45697</p><p>Processo SIGA: SES/00109/2025. PREGÃO ELETRÔNICO Nº 49/2025-SES.</p><p>A SECRETARIA DE ESTADO DA SAÚDE - SES, inscrita no CNPJ sob nº 02.973.240/0001-06, sediada na Av. Carlos Cunha, s/nº, Bairro do Calhau, São Luís - MA, torna público, para conhecimento dos interessados, que realizar-se-á no dia 18/12/2025 às 09h00min (horário de Brasília), a licitação na modalidade PREGÃO ELETRÔNICO, do tipo MENOR PREÇO POR ITEM, que tem por objeto a "Aquisição do medicamento BOSENTANA 125mg do Grupo 1B do Componente Especializado da Assistência Farmacêutica - CEAF, regulamentado pela Portaria de Consolidação nº 6, de 28 de setembro de 2017, Título V, capítulo II, visando atender às necessidades das demandas da Superintendência da Assistência Farmacêutica - SUAF, conforme as condições, especificações e quantitativos discriminados no Termo de Referência (ANEXO I) deste Edital, sendo presidida pelo Agente de Contratação/Pregoeiro desta SES e realizada através do Portal de Compras do Governo Federal: https://www.gov.br/compras/pt-br/. Informações: Comissão Permanente de Contratação - CPC (subsolo), no e-mail: licitases@saude.ma.gov.br e telefones: (98) 3198-5559 e 3198-5560.</p><p class="data">São Luís - MA, 27 de novembro de 2025.</p><p class="assina">Chrisane Oliveira Barros</p><p class="cargo">Presidente da CPC/SES</p>]]></Texto>
  </body>
  <Midias />
</article></xml>