﻿<xml><article id="46728929" name="EXTRATO DE TERMO ADITIVO AVOIP" idOficio="11441539" pubName="DO3" artType="Extrato de Termo Aditivo" pubDate="03/12/2025" artClass="00071:00338:00000:00000:00000:00000:00000:00000:00000:00000:00053:00000" artCategory="Entidades de Fiscalização do Exercício das Profissões Liberais/Conselho Regional de Fisioterapia e Terapia Ocupacional da 13ª Região" artSize="12" artNotes="" numberPage="206" pdfPage="http://pesquisa.in.gov.br/imprensa/jsp/visualiza/index.jsp?data=03/12/2025&amp;jornal=530&amp;pagina=206" editionNumber="230" highlightType="" highlightPriority="" highlight="" highlightimage="" highlightimagename="" idMateria="23374042">
  <body>
    <Identifica><![CDATA[  EXTRATO DE  TERMO ADITIVO]]></Identifica>
    <Data><![CDATA[]]></Data>
    <Ementa />
    <Titulo />
    <SubTitulo />
    <Texto><![CDATA[<p class="identifica">EXTRATO DE TERMO ADITIVO</p><p>EXTRATO DE 1º TERMO ADITIVO AO CONTRATO ADMINISTRATIVO Nº 16/2024</p><p>PARTE CONTRATANTE: Conselho Regional de Fisioterapia e Terapia Ocupacional da 13ª Região, CONTRATADA, AVOIP Telecomunicações LTDA, inscrita no CNPJ nº 53.109.113/0001-96.Objeto: Contratação de empresa especializada em serviços telefônicos PABX e internet, com fornecimento de aparelhos em regime de comodato, em atendimento às necessidades do Conselho Regional de Fisioterapia e Terapia Ocupacional da 13ª Região (CREFITO-13). Fundamento Legal: Art. 75, inciso II, da Lei nº 14.133/2021. Vigência: De 03/12/2025 a 02/12/2026. Valor Total Anual: R$ 6.280,80 (Seis mil duzentos e oitenta reais e oitenta centavos). Renato Silva Nacer, Presidente do CREFITO-13.</p>]]></Texto>
  </body>
  <Midias />
</article></xml>