﻿<xml><article id="46726961" name="6 AVISO DE LICITACAO-CR-006-2025" idOficio="11442056" pubName="DO3" artType="Aviso de Licitação-Concorrência" pubDate="03/12/2025" artClass="00075:00014:00153:00000:00000:00000:00000:00000:00000:00000:00159:00000" artCategory="Prefeituras/Estado da Paraíba/Prefeitura Municipal de Mulungu" artSize="12" artNotes="" numberPage="273" pdfPage="http://pesquisa.in.gov.br/imprensa/jsp/visualiza/index.jsp?data=03/12/2025&amp;jornal=530&amp;pagina=273" editionNumber="230" highlightType="" highlightPriority="" highlight="" highlightimage="" highlightimagename="" idMateria="23374688">
  <body>
    <Identifica><![CDATA[ AVISO DE LICITAÇÃO]]></Identifica>
    <Data><![CDATA[ Mulungu-PB, 1º de dezembro de 2025. ]]></Data>
    <Ementa />
    <Titulo />
    <SubTitulo />
    <Texto><![CDATA[<p class="identifica">AVISO DE LICITAÇÃO</p><p class="identifica">CONCORRÊNCIA ELETRÔNICA Nº 6/2025</p><p>A PREFEITURA MUNICIPAL DE MULUNGU torna público que fará realizar através da agente de contratação para conhecimento dos interessados nos termos da Lei n.º 14.133/2021, Decreto Municipal nº 012/2025, 013/2025 e demais normas inerentes a espécie, que realizará licitação na modalidade concorrência do tipo MAIOR DESCONTO. Objeto: Contratação de empresa de engenharia para execução obra de recuperação de estradas vicinais no município de Mulungu-PB, conforme descrito e especificado no edital e seus anexos. Endereço eletrônico onde será realizada a concorrência: www.portaldecompraspublicas.com.br; Abertura das propostas e sessão pública: 18/12/2025 às 09h01mim. O edital, seus anexos e informações poderão ser obtidos nos seguintes endereços: www.portaldecompraspublicas.com.br ou https://mulungu.pb.gov.br</p><p class="data">Mulungu-PB, 1º de dezembro de 2025.</p><p class="assina">ROBERTO CARLOS DE OLIVEIRA BORGES</p><p class="cargo">Agente de Contratação</p>]]></Texto>
  </body>
  <Midias />
</article></xml>