﻿<xml><article id="46725725" name="pe 114 2025 in 2" idOficio="11438264" pubName="DO3" artType="Aviso" pubDate="03/12/2025" artClass="00075:00020:00016:00000:00000:00000:00000:00000:00000:00000:00106:00000" artCategory="Prefeituras/Estado do Rio de Janeiro/Prefeitura Municipal de Barra Mansa" artSize="12" artNotes="" numberPage="289" pdfPage="http://pesquisa.in.gov.br/imprensa/jsp/visualiza/index.jsp?data=03/12/2025&amp;jornal=530&amp;pagina=289" editionNumber="230" highlightType="" highlightPriority="" highlight="" highlightimage="" highlightimagename="" idMateria="23368846">
  <body>
    <Identifica><![CDATA[ AVISO DE LICITAÇÃO]]></Identifica>
    <Data><![CDATA[]]></Data>
    <Ementa />
    <Titulo />
    <SubTitulo />
    <Texto><![CDATA[<p class="identifica">AVISO DE LICITAÇÃO</p><p class="identifica">PREGÃO ELETRÔNICO Nº 114/2025</p><p>Objeto: Aquisição de Equipamentos e Materiais Permanentes (Recurso Emenda Parlamentar). Início do recebimento das propostas: 03/12/2025 às 08h30 - Encerramento de recebimento: 15/12/2025 às 09h00 - Abertura e Início do Pregão: 15/12/2025 às 09h01.</p><p>Os editais encontram-se disponíveis no Portal da Transparência (portaltransparencia.barramansa.rj.gov.br) e através dos e-mails subsecretarialicitacaobm@ gmail.com ou edital@barramansa.rj.gov.br</p><p class="assina">Mateus Correa Ramos Neto</p><p class="cargo">Agente Administrativo</p>]]></Texto>
  </body>
  <Midias />
</article></xml>