﻿<xml><article id="46726805" name="AVISO LICIT DE 034-25" idOficio="11442520" pubName="DO3" artType="Aviso de Licitação" pubDate="03/12/2025" artClass="00075:00024:00457:00000:00000:00000:00000:00000:00000:00000:00079:00000" artCategory="Prefeituras/Estado de São Paulo/Prefeitura Municipal de Mauá" artSize="12" artNotes="" numberPage="301" pdfPage="http://pesquisa.in.gov.br/imprensa/jsp/visualiza/index.jsp?data=03/12/2025&amp;jornal=530&amp;pagina=301" editionNumber="230" highlightType="" highlightPriority="" highlight="" highlightimage="" highlightimagename="" idMateria="23375314">
  <body>
    <Identifica><![CDATA[AVISO DE Dispensa eletrônica nº 34/25]]></Identifica>
    <Data><![CDATA[ Mauá SP 1º de Dezembro de 2025 ]]></Data>
    <Ementa />
    <Titulo />
    <SubTitulo />
    <Texto><![CDATA[<p class="identifica">AVISO DE Dispensa eletrônica nº 34/25</p><p>Dispensa eletrônica nº 034/25 pc 7627/2025. Objeto: Fornecimento de materiais para Acupuntura e Auriculoterapia. Abertura: 11/12/25 às 8:00. Inf: (11)4512-7821. Os editais encontram-se nos sites www.maua.sp.gov.br , www.comprasbr.com.br e www.pncp.gov.br.</p><p class="data">Mauá SP 1º de Dezembro de 2025</p><p class="assina">Eliene de Paula Pinto</p><p class="cargo">Secretária de Saúde</p>]]></Texto>
  </body>
  <Midias />
</article></xml>