﻿<xml><article id="46725935" name="Pregao - AVISO DE RESULTADO CCR " idOficio="11441774" pubName="DO3" artType="Resultado de Julgamento de Licitação" pubDate="03/12/2025" artClass="00075:00014:00093:00000:00000:00000:00000:00000:00000:00000:00158:00000" artCategory="Prefeituras/Estado da Paraíba/Prefeitura Municipal de Diamante" artSize="12" artNotes="" numberPage="272" pdfPage="http://pesquisa.in.gov.br/imprensa/jsp/visualiza/index.jsp?data=03/12/2025&amp;jornal=530&amp;pagina=272" editionNumber="230" highlightType="" highlightPriority="" highlight="" highlightimage="" highlightimagename="" idMateria="23374330">
  <body>
    <Identifica><![CDATA[  RESULTADO DE JULGAMENTOCONCORRÊNCIA ELETRÔNICA Nº 5/2025]]></Identifica>
    <Data><![CDATA[ Diamante - PB, 1º de dezembro de 2025.]]></Data>
    <Ementa />
    <Titulo />
    <SubTitulo />
    <Texto><![CDATA[<p></p><p class="identifica">RESULTADO DE JULGAMENTOCONCORRÊNCIA ELETRÔNICA Nº 5/2025</p><p>Resultado e Convocação para assinatura de Contrato da Concorrencia Eletrônico nº 5/2025. Concorrência nº 5/2025. Resultado e Convocação</p><p>A PREFEITURA MUNICIPAL DE DIAMANTE/PB - através do seu agente de contratação Oficial, COMUNICA a todos os interessados, referente ao processo licitatório, na modalidade CONCORRÊNCIA ELETRÔNICA Nº 005/2025, que tem como objetivo a contratação de empresa especializada para a pavimentação em diversas ruas do município de Diamante-PB, sob no número de repasse nº1094643-23, nº-Sincov - 9630373, que obedecerá às disposições, da Lei Federal nº 14.133 de 01 de abril de 2021, que foi declarada VENCEDORA: ABILIO FERREIRA LIMA NETO LTDA, CNPJ: 05.935.592/0001-57, situada na Rua São José, 67, Centro, Diamante - PB, com valor R$ 517.000,00 (quinhentos e dezessete mil), e por ter apresentada a proposta mais vantajosa para a administração e por terem atendido todos os requisitos do Edital e desde já CONVOCAMOS a referida empresa para devida assinatura dos respectivos termos de contrato em até 05 (cinco) dias úteis, a partir desta publicação, nos termos da Lei Federal nº 14.133 de 01 de abril de 2021.</p><p class="data">Diamante - PB, 1º de dezembro de 2025.</p><p class="assina">Francisco Jeanio Pereira Franco</p><p class="cargo">Agente de Contratação</p>]]></Texto>
  </body>
  <Midias />
</article></xml>