﻿<xml><article id="46729340" name="Contrato - 260210-Pregao-SPO 202" idOficio="11442916" pubName="DO3" artType="Extrato de Contrato" pubDate="03/12/2025" artClass="00028:00050:00030:00000:00000:00000:00000:00000:00000:00000:00030:00000" artCategory="Ministério da Fazenda/Serviço Federal de Processamento de Dados/Regional São Paulo" artSize="12" artNotes="" numberPage="120" pdfPage="http://pesquisa.in.gov.br/imprensa/jsp/visualiza/index.jsp?data=03/12/2025&amp;jornal=530&amp;pagina=120" editionNumber="230" highlightType="" highlightPriority="" highlight="" highlightimage="" highlightimagename="" idMateria="23375856">
  <body>
    <Identifica><![CDATA[ EXTRATO DE CONTRATO Nº 260210/2025 - UASG 803080]]></Identifica>
    <Data><![CDATA[]]></Data>
    <Ementa />
    <Titulo />
    <SubTitulo />
    <Texto><![CDATA[<p class="identifica">EXTRATO DE CONTRATO Nº 260210/2025 - UASG 803080</p><p>Processo Nº SERPRO-PSI-2025/00080. Pregão Nº: 01364/2025. Contratante: SERVIÇO FEDERAL DE PROCESSAMENTO DE DADOS (SERPRO). CNPJ da Contratada: 07.275.920/0001-61 - LENOVO TECNOLOGIA (BRASIL) LTDA. Objeto: Aquisição de servidores do tipo rack especializados para centro de dados, com garantia técnica. Data da Assinatura: 01/12/2025. Vigência: 03/12/2025 a 02/12/2032. Valor total estimado: R$ 389.000,00. Valor anual estimado: R$ 55.571,43.</p>]]></Texto>
  </body>
  <Midias />
</article></xml>