﻿<xml><article id="46725554" name="PUBLICACAO CE 03-2025 - homologa" idOficio="11438659" pubName="DO3" artType="Aviso de Homologação" pubDate="03/12/2025" artClass="00075:00019:00134:00000:00000:00000:00000:00000:00000:00000:00075:00000" artCategory="Prefeituras/Estado do Rio Grande do Sul/PREFEITURA MUNICIPAL DE CERRO GRANDE DO SUL" artSize="12" artNotes="" numberPage="286" pdfPage="http://pesquisa.in.gov.br/imprensa/jsp/visualiza/index.jsp?data=03/12/2025&amp;jornal=530&amp;pagina=286" editionNumber="230" highlightType="" highlightPriority="" highlight="" highlightimage="" highlightimagename="" idMateria="23369414">
  <body>
    <Identifica><![CDATA[ aviso de HOMOLOGAÇÃO ]]></Identifica>
    <Data><![CDATA[ Cerro Grande do Sul, 28 de novembro de 2025.]]></Data>
    <Ementa />
    <Titulo />
    <SubTitulo />
    <Texto><![CDATA[<p class="identifica">aviso de HOMOLOGAÇÃO</p><p class="identifica">Concorrência eletrônica nº 3/2025</p><p>O Município de Cerro Grande do Sul/RS torna público, para conhecimento dos interessados a Homologação da Concorrência eletrônica 03/2025, para implantação de poço artesiano e rede de distribuição de água, sendo vencedora a empresa a ATLÂNTICA HIDROSOLUÇOES LTDA. Contrato nº 101/2025, referente a concorrência eletrônica 03/2025 Contratante: Prefeitura Municipal de Cerro Grande do Sul/RS, CNPJ sob nº 92.324.748/0001-68. Contratada: ATLÂNTICA HIDROSOLUÇOES LTDA, CNPJ sob nº 32.598.168/0001-37. Objeto: contratação de empresa para perfuração e implantação de rede de distribuição de agua. Repasse nº 949704/2023. Valor do contrato: R$ 302.000,00 (trezentos e dois mil reais). Data da assinatura: 17/11/2025.</p><p class="data">Cerro Grande do Sul, 28 de novembro de 2025.</p><p class="assina">Vilmar Wolfle Schwalm</p><p class="cargo">Prefeito</p>]]></Texto>
  </body>
  <Midias />
</article></xml>