﻿<xml><article id="46726424" name="AVISO DOU__TNMVEU" idOficio="11441751" pubName="DO3" artType="Aviso de Licitação" pubDate="03/12/2025" artClass="00075:00016:00075:00000:00000:00000:00000:00000:00000:00000:00078:00000" artCategory="Prefeituras/Estado de Pernambuco/Prefeitura Municipal de Caruaru" artSize="12" artNotes="" numberPage="278" pdfPage="http://pesquisa.in.gov.br/imprensa/jsp/visualiza/index.jsp?data=03/12/2025&amp;jornal=530&amp;pagina=278" editionNumber="230" highlightType="" highlightPriority="" highlight="" highlightimage="" highlightimagename="" idMateria="23374309">
  <body>
    <Identifica><![CDATA[AVISO DE LICITAÇÃO ]]></Identifica>
    <Data><![CDATA[ Caruaru/PE, 2 de dezembro de 2025.]]></Data>
    <Ementa />
    <Titulo />
    <SubTitulo />
    <Texto><![CDATA[<p class="identifica">AVISO DE LICITAÇÃO</p><p class="identifica">PREGÃO ELETRÔNICO Nº 90276/2025</p><p>PROCESSO DE LICITAÇÃO Nº 282/2025 - PREGÃO ELETRÔNICO Nº 90276/2025 - UC/G. OBJETO: Contratação de empresa especializada visando a disponibilização de licença de software tipo Autodesk AutoCAD LT 2025, a serem utilizadas para o processamento dos dados e geração dos produtos técnicos pela equipe técnica responsável pela execução da REURB-S na Vila Padre Inácio, consoante Termo de Compromisso nº 966596/2024/MCIDADES, a fim de atender às necessidades da Autarquia de Urbanização e Meio Ambiente de Caruaru. Valor estimado: R$ 9.932,80. Data e hora de abertura: 18 de dezembro de 2025 às 9h (horário de Brasília). Informações: Os interessados poderão acessar e fazer Download do texto integral do Edital nos sites: www.gov.br/compras/pt-br UASG: 982381 - (www.caruaru.pe.gov.br), através do link: http://editais.caruaru.pe.gov.br. Outras informações na sala da UC/G situada no CENTRO ADMINISTRATIVO I, localizado na Rua Professor Lourival Vilanova, nº 118, 1º Andar, Bairro Universitário, Caruaru/PE, CEP: 55.016-745, no horário das 08h00 às 14h00min, pelo telefone: (81) 9.8384-5665 ou através do E-mail: ucg.caruaru@gmail.com.</p><p class="data">Caruaru/PE, 2 de dezembro de 2025.</p><p class="assina">Wellington Correia dos Santos</p><p class="cargo">Agente de Contratação/Pregoeiro</p>]]></Texto>
  </body>
  <Midias />
</article></xml>