﻿<xml><article id="46733123" name="MG-010-ECT-00436109" idOficio="11442466" pubName="DO3" artType="Aviso de Licitação" pubDate="03/12/2025" artClass="00014:00021:00049:00002:00000:00000:00000:00000:00000:00000:00078:00000" artCategory="Ministério das Comunicações/Empresa Brasileira de Correios e Telégrafos/Diretoria de Governança e Estratégia/Superintendência Estadual N1 MG" artSize="12" artNotes="" numberPage="17" pdfPage="http://pesquisa.in.gov.br/imprensa/jsp/visualiza/index.jsp?data=03/12/2025&amp;jornal=530&amp;pagina=17" editionNumber="230" highlightType="" highlightPriority="" highlight="" highlightimage="" highlightimagename="" idMateria="23375215">
  <body>
    <Identifica><![CDATA[ AVISO DE LICITAÇÃO]]></Identifica>
    <Data><![CDATA[]]></Data>
    <Ementa />
    <Titulo />
    <SubTitulo />
    <Texto><![CDATA[<p class="identifica">AVISO DE LICITAÇÃO</p><p class="identifica">PREGÃO ELETRÔNICO Nº 445/2025 SE/MG</p><p>Prestação de Serviços Comuns de Engenharia, sem cessão de mão de obra, para a Manutenção Preventiva e Corretiva em Equipamentos de Climatização, com provimento de módulos, partes, peças, componentes e insumos, nas unidades dos Correios/MG - ID 1083767. Recebimento das Propostas e obtenção do Edital: http://www.correios.com.br ou http:// www.licitacoes-e.com.br até 05/01/2026 às 09h e início da disputa às 10h. Informações pelo e-mail: mg-gelic@correios.com.br e telefone: (31) 3431-0631, no horário de 8h às 18h.</p><p class="assina">GIOVANI GRACIANO DOS SANTOS JUNIOR</p><p class="cargo">Gerente de Licitações SE/MG</p>]]></Texto>
  </body>
  <Midias />
</article></xml>