﻿<xml><article id="46725605" name="4 - Aviso Concorrencia uniao" idOficio="11439356" pubName="DO3" artType="Aviso de Licitação-Concorrência" pubDate="03/12/2025" artClass="00075:00011:00044:00000:00000:00000:00000:00000:00000:00000:00159:00000" artCategory="Prefeituras/Estado do Mato Grosso do Sul/Prefeitura Municipal de Deodápolis" artSize="12" artNotes="" numberPage="247" pdfPage="http://pesquisa.in.gov.br/imprensa/jsp/visualiza/index.jsp?data=03/12/2025&amp;jornal=530&amp;pagina=247" editionNumber="230" highlightType="" highlightPriority="" highlight="" highlightimage="" highlightimagename="" idMateria="23370697">
  <body>
    <Identifica><![CDATA[ AVISO DE LICITAÇÃO]]></Identifica>
    <Data><![CDATA[ Deodápolis - MS, 28 de novembro de 2025.]]></Data>
    <Ementa />
    <Titulo />
    <SubTitulo />
    <Texto><![CDATA[<p class="identifica">AVISO DE LICITAÇÃO</p><p class="identifica">CONCORRÊNCIA ELETRÔNICA N° 8/2025</p><p>PROCESSO Nº 164/2025</p><p>O MUNICÍPIO DE DEODÁPOLIS - MS, torna público a quem possa interessar, que se acha instaurado na Prefeitura Municipal de Deodápolis - MS, o Processo de Licitação Pública, na modalidade de CONCORRÊNCIA ELETRÔNICA N° 8/2025, com fundamento nos dispositivos da Lei FEDERAL nº 14.133, de 1 de abril de 2021, com a finalidade de selecionar empresa de Engenharia ou Arquitetura, pelo critério de menor preço na soma de todos os itens, com a finalidade da Contratação de empresa de Engenharia ou Arquitetura para Pavimentação Asfáltica e Drenagem de Águas Pluviais em parte do Jardim Santa Maria no município de Deodápolis-MS, com recursos do financiamento Avançar Cidades, de conformidade com as especificações e forma prevista no Edital e seus anexos.</p><p>A Concorrência Eletrônica será realizada em sessão pública, via Internet, mediante condições de segurança - criptografia e autenticação - em todas as suas fases. Os trabalhos serão conduzidos pelo Agente de Contratação, mediante a inserção e monitoramento constante da página eletrônica: https://www.licitanet.com.br/</p><p>Recebimento das propostas: 3/12/2025, às 08:30 horas, mediante sua inserção na página eletrônica https://www.licitanet.com.br/</p><p>Do encerramento do recebimento das propostas: 17/12/2025, às 09:00 horas (Horário de DF);</p><p>Início da disputa: 17/12/2025, às 09:15 horas (Horário de DF);</p><p>Modo de disputa adotado para o envio de lances na presente Concorrência: ABERTO Endereço eletrônico da disputa: https://www.licitanet.com.br/</p><p>Os interessados poderão adquirir o edital e seus anexos, mediante download no endereço eletrônico: www.deodapolis.ms.gov.br ou no site da plataforma: https://www.licitanet.com.br/</p><p>portal pncp.gov.br no e-mail editaisprefeituradeodapolis@gmail.com.</p><p>Código registro TCE: A2791EB1FDB748D81353BFD7969D6BBA2FB752F5</p><p class="data">Deodápolis - MS, 28 de novembro de 2025.</p><p class="assina">PAULO EDUARDO FIRMINO SIQUEIRA</p><p class="cargo">Secretário Municipal de Infraestrutura</p>]]></Texto>
  </body>
  <Midias />
</article></xml>