﻿<xml><article id="46742282" name="2025-12-01/11442898/COMPRASNETWS" idOficio="11442898" pubName="DO3" artType="Extrato de Contrato" pubDate="03/12/2025" artClass="00025:00084:00015:00000:00000:00000:00000:00000:00000:00000:00030:00001" artCategory="Ministério da Educação/Instituto Federal de Educação, Ciência e Tecnologia de São Paulo/Campus Guarulhos" artSize="12" artNotes="" numberPage="81" pdfPage="http://pesquisa.in.gov.br/imprensa/jsp/visualiza/index.jsp?data=03/12/2025&amp;jornal=530&amp;pagina=81" editionNumber="230" highlightType="" highlightPriority="" highlight="" highlightimage="" highlightimagename="" idMateria="23375820">
  <body>
    <Identifica><![CDATA[ EXTRATO DE CONTRATO Nº 15348/2025 - UASG 158348]]></Identifica>
    <Data><![CDATA[]]></Data>
    <Ementa />
    <Titulo />
    <SubTitulo />
    <Texto><![CDATA[<p class="identifica">EXTRATO DE CONTRATO Nº 15348/2025 - UASG 158348</p><p>Nº Processo: 23308.001524/2025-25.</p><p>Pregão Nº 90809/2025. Contratante: IFSP - CAMPUS GUARULHOS.</p><p>Contratado: 58.368.150/0001-32 - CIG EQUIPAMENTOS E ACESSORIOS PARA SOLDAS LTDA. Objeto: Aquisição de máquinas e equipamentos de solda.</p><p>Fundamento Legal: LEI 14.133/2021 - Artigo: 28 - Inciso: I. Vigência: 01/12/2025 a 30/05/2026. Valor Total: R$ 194.800,00. Data de Assinatura: 26/11/2025.</p><p>(COMPRASNET 4.0 - 01/12/2025).</p>]]></Texto>
  </body>
  <Midias />
</article></xml>