﻿<xml><article id="46737580" name="Extrato de termo aditivo__MN6LV1" idOficio="11435104" pubName="DO3" artType="Extrato de Termo Aditivo" pubDate="03/12/2025" artClass="00071:00505:00000:00000:00000:00000:00000:00000:00000:00000:00053:00000" artCategory="Entidades de Fiscalização do Exercício das Profissões Liberais/Conselho Regional de Psicologia da 8ª Região" artSize="12" artNotes="" numberPage="207" pdfPage="http://pesquisa.in.gov.br/imprensa/jsp/visualiza/index.jsp?data=03/12/2025&amp;jornal=530&amp;pagina=207" editionNumber="230" highlightType="" highlightPriority="" highlight="" highlightimage="" highlightimagename="" idMateria="23364331">
  <body>
    <Identifica><![CDATA[ EXTRATO DE TERMO ADITIVO]]></Identifica>
    <Data><![CDATA[]]></Data>
    <Ementa />
    <Titulo />
    <SubTitulo />
    <Texto><![CDATA[<p class="identifica">EXTRATO DE TERMO ADITIVO</p><p>Espécie: Termo Aditivo ao Contrato. Contratante: CONSELHO REGIONAL DE PSICOLOGIA 8ª REGIÃO. Contratada: IMPLANTA INFORMÁTICA LTDA- CNPJ 37.994.043/0001-40. Objeto: 1º termo aditivo ao contrato de prestação para os produtos SISCONT.NET e SISPAT. Valor aditivado: R$ 222,41.</p>]]></Texto>
  </body>
  <Midias />
</article></xml>