﻿<xml><article id="46739733" name="EXTRATO DE CONTRATO 20250845 INE" idOficio="11441299" pubName="DO3" artType="Extrato de Contrato" pubDate="03/12/2025" artClass="00075:00013:00188:00000:00000:00000:00000:00000:00000:00000:00030:00000" artCategory="Prefeituras/Estado do Pará/Prefeitura Municipal de Parauapebas" artSize="12" artNotes="" numberPage="266" pdfPage="http://pesquisa.in.gov.br/imprensa/jsp/visualiza/index.jsp?data=03/12/2025&amp;jornal=530&amp;pagina=266" editionNumber="230" highlightType="" highlightPriority="" highlight="" highlightimage="" highlightimagename="" idMateria="23373773">
  <body>
    <Identifica><![CDATA[ EXTRATO DE CONTRATO]]></Identifica>
    <Data><![CDATA[]]></Data>
    <Ementa />
    <Titulo />
    <SubTitulo />
    <Texto><![CDATA[<p></p><p class="identifica">EXTRATO DE CONTRATO</p><p>CONTRATO Nº: 20250845</p><p>ORIGEM: INEXIGIBILIDADE DE LICITAÇÃO Nº 6.2025-015SEMSA</p><p>CONTRATANTE: FUNDO MUNICIPAL DE SAÚDE</p><p>CONTRATADA(O): FARMAUSA PHARMACEUTICAL LTDA</p><p>OBJETO: Contratação de empresa para fornecimento de medicamento PURODIOL® 200mg/ml, para atender a solicitação da Diretoria de Assistência Farmacêutica, a fim de cumprir a ordem decorrente do processo judicial nº 0801107-27.2021.8.14.0040, em desfavor da Secretaria Municipal de Saúde, do município de Parauapebas, Estado do Pará.</p><p>VALOR TOTAL: R$ 172.800,00 (cento e setenta e dois mil, oitocentos reais)</p><p>VIGÊNCIA: 12 (doze) meses, iniciando-se a partir da assinatura das partes.</p><p>DATA DA EMISSÃO: 28 de novembro de 2025.</p>]]></Texto>
  </body>
  <Midias />
</article></xml>