﻿<xml><article id="46725500" name="AVISO LICIT P.E 192-2025" idOficio="11442424" pubName="DO3" artType="Aviso de Licitação" pubDate="03/12/2025" artClass="00075:00002:00065:00011:00000:00000:00000:00000:00000:00000:00079:00000" artCategory="Prefeituras/Estado de Alagoas/Prefeitura Municipal de Maceió/AGENCIA MUNICIPAL DE REGULAÇÃO DE SERVIÇOS DELEGADOS - ARSER" artSize="12" artNotes="" numberPage="218" pdfPage="http://pesquisa.in.gov.br/imprensa/jsp/visualiza/index.jsp?data=03/12/2025&amp;jornal=530&amp;pagina=218" editionNumber="230" highlightType="" highlightPriority="" highlight="" highlightimage="" highlightimagename="" idMateria="23375152">
  <body>
    <Identifica><![CDATA[AVISO DE LICITAÇÃO]]></Identifica>
    <Data><![CDATA[ Maceió/AL, 1º de dezembro de 2025.]]></Data>
    <Ementa />
    <Titulo />
    <SubTitulo />
    <Texto><![CDATA[<p class="identifica">AVISO DE LICITAÇÃO</p><p class="identifica">PREGÃO ELETRÔNICO CPL/ALICC Nº 192/2025 (90192/2025) - UASG Nº 926703</p><p>Processo nº: 12500.106962/2025.</p><p>Registro de preços para futura e eventual contratação de empresa especializada em locação de estações de hidratação "Bebedouros Inteligentes", incluindo instalação e manutenção dos equipamentos. Abertura das Propostas: 17/12/2025 às 08h30 (horário de Brasília) no site http://www.comprasnet.gov.br/</p><p class="data">Maceió/AL, 1º de dezembro de 2025.</p><p class="assina">Marília Peixoto Barbosa</p><p class="cargo">Diretor da Diretoria Especial de Licitações e Contratos ALICC-PMM</p>]]></Texto>
  </body>
  <Midias />
</article></xml>