﻿<xml><article id="46725854" name="PORTOSEGUROPE" idOficio="11442390" pubName="DO3" artType="Aviso" pubDate="03/12/2025" artClass="00075:00005:00398:00000:00000:00000:00000:00000:00000:00000:00106:00000" artCategory="Prefeituras/Estado da Bahia/PREFEITURA MUNICIPAL DE PORTO SEGURO" artSize="12" artNotes="" numberPage="228" pdfPage="http://pesquisa.in.gov.br/imprensa/jsp/visualiza/index.jsp?data=03/12/2025&amp;jornal=530&amp;pagina=228" editionNumber="230" highlightType="" highlightPriority="" highlight="" highlightimage="" highlightimagename="" idMateria="23375103">
  <body>
    <Identifica><![CDATA[ AVISO DE LICITAÇÃO ]]></Identifica>
    <Data><![CDATA[Porto Seguro - BA, 2 de dezembro de 2025. ]]></Data>
    <Ementa />
    <Titulo />
    <SubTitulo />
    <Texto><![CDATA[<p class="identifica">AVISO DE LICITAÇÃO</p><p class="identifica">PREGÃO ELETRÔNICO Nº 32/2025-SRP</p><p>PROCESSO ADMINISTRATIVO Nº 6.083/2025 O PREGOEIRO DO MUNICÍPIO DE PORTO SEGURO/BA torna público aos interessados que realizará licitação na modalidade Pregão na forma Eletrônica, cujo objeto é: Registro de preços para Contratação de empresa especializada para o fornecimento de materiais e instalação de estruturas de madeira, incluindo decks, postes de eucalipto, cercas, quiosques e abrigos para pontos de ônibus, a serem implantados em diversas áreas públicas do município de Porto Seguro - BA, conforme especificações, quantidades, condições e exigências constantes no Termo de Referência, Edital e seus anexos. Data da disputa: 19/12/2025, às 08h00min (horário de Brasília). Tipo: Menor preço GLOBAL. Informações através do e-mail: editaispepmps@gmail.com. Aquisição do edital através do site: https://portal.licitanet.com.br/ e http://www.acessoinformacao.com.br/ba/portoseguro/editais.</p><p class="data">Porto Seguro - BA, 2 de dezembro de 2025.</p><p class="assina">João Pedro Ribeiro do Nascimento</p><p class="cargo">Pregoeiro</p>]]></Texto>
  </body>
  <Midias />
</article></xml>