﻿<xml><article id="46741634" name="2025-12-01/11443579/COMPRASNETWS" idOficio="11443579" pubName="DO3" artType="Extrato de Termo Aditivo" pubDate="03/12/2025" artClass="00033:00045:00033:00000:00000:00000:00000:00000:00000:00000:00053:00001" artCategory="Ministério da Justiça e Segurança Pública/Polícia Federal/Superintendência Regional no Pará" artSize="12" artNotes="" numberPage="130" pdfPage="http://pesquisa.in.gov.br/imprensa/jsp/visualiza/index.jsp?data=03/12/2025&amp;jornal=530&amp;pagina=130" editionNumber="230" highlightType="" highlightPriority="" highlight="" highlightimage="" highlightimagename="" idMateria="23376839">
  <body>
    <Identifica><![CDATA[ EXTRATO DE TERMO ADITIVO Nº 1/2025 - UASG 200386]]></Identifica>
    <Data><![CDATA[]]></Data>
    <Ementa />
    <Titulo />
    <SubTitulo />
    <Texto><![CDATA[<p class="identifica">EXTRATO DE TERMO ADITIVO Nº 1/2025 - UASG 200386</p><p>Número do Contrato: 7/2025.</p><p>Nº Processo: 08360.003081/2025-89.</p><p>Pregão. Nº 90001/2025. Contratante: SUPERINTENDENCIA REGIONAL NO ESTADO DO PA. Contratado: 17.094.543/0001-18 - PLANETA FOOD LTDA. Objeto: Acréscimo quantitativo no percentual de 25% em relação ao valor inicial atualizado do contrato, em acordo com o art. 124, inciso i, alínea b, e art. 125 da lei nº 14.133/2021. Resultando no acréscimo de r$ 23.715,00 (vinte e três mil, setecentos e quinze reais) ao valor global do contrato. Vigência: 28/11/2025 a 01/09/2026. Valor Total Atualizado do Contrato: R$ 118.560,00. Data de Assinatura: 28/11/2025.</p><p>(COMPRASNET 4.0 - 28/11/2025).</p>]]></Texto>
  </body>
  <Midias />
</article></xml>