﻿<xml><article id="46726625" name="1.. AVISO - UNIAO - (03.12)" idOficio="11440704" pubName="DO3" artType="Aviso de Licitação" pubDate="03/12/2025" artClass="00075:00016:00180:00000:00000:00000:00000:00000:00000:00000:00079:00000" artCategory="Prefeituras/Estado de Pernambuco/Prefeitura Municipal de Sairé" artSize="12" artNotes="" numberPage="280" pdfPage="http://pesquisa.in.gov.br/imprensa/jsp/visualiza/index.jsp?data=03/12/2025&amp;jornal=530&amp;pagina=280" editionNumber="230" highlightType="" highlightPriority="" highlight="" highlightimage="" highlightimagename="" idMateria="23372874">
  <body>
    <Identifica><![CDATA[ AVISO DE LICITAÇÃO ]]></Identifica>
    <Data><![CDATA[ Sairé - PE, 2 de dezembro de 2025.]]></Data>
    <Ementa />
    <Titulo />
    <SubTitulo />
    <Texto><![CDATA[<p class="identifica">AVISO DE LICITAÇÃO</p><p class="identifica">PREGÃO ELETRÔNICO Nº 20/2025</p><p>Processo Licitatório nº 082/2025. Objeto Nat: Aquisição. Objeto Descr: Aquisição de 01 (um) veículo Tipo Caminhão Basculante 0km para atender as necessidades da Secretaria de Infraestrutura e Urbanismo do Município de Sairé/PE, a ser custeada com recurso oriundo do CONVENIO SPOA/SE/MAPA Nº 978734/2025 - TRANSFEREGOV.BR Nº 047160/2025, celebrado entre o Município de Sairé e o Ministério da Agricultura e Pecuária. VALOR MÁXIMO ACEITÁVEL: R$ 716.333,33 (setecentos e dezesseis mil trezentos e trinta e três reais e trinta e três centavos). Recebimento das Propostas até o dia: 16/12/2025 às 08h00min (horário de Brasília). Início da Sessão de Disputa de Preços: 16/12/2025 às 09h00min (horário de Brasília). LOCAL: Plataforma eletrônica da Bolsa Nacional de Compras - BNC (https://bnccompras.com/Home/Login). INFORMAÇÕES E EDITAL: Na plataforma da BNC, no Portal da Transparência(https://saire.pe.gov.br/) e/ou na sala da CC sito na Av. Coronel José Pessoa, nº 226, centro, nesta cidade, no horário das 08:00 às 13:00hs, sendo facultada a solicitação através do e-mail: comissaodecontratacao@gmail.com.</p><p class="data">Sairé - PE, 2 de dezembro de 2025.</p><p class="assina">Valdiane Elaine Pontes de Vasconcelos Melo</p><p class="cargo">Pregoeira</p>]]></Texto>
  </body>
  <Midias />
</article></xml>