﻿<xml><article id="46739727" name="EXTRATO DE INEXIGIBILIDADE DE LI" idOficio="11441248" pubName="DO3" artType="Extrato de Inexigibilidade de Licitação" pubDate="03/12/2025" artClass="00075:00013:00188:00000:00000:00000:00000:00000:00000:00000:00040:00000" artCategory="Prefeituras/Estado do Pará/Prefeitura Municipal de Parauapebas" artSize="12" artNotes="" numberPage="266" pdfPage="http://pesquisa.in.gov.br/imprensa/jsp/visualiza/index.jsp?data=03/12/2025&amp;jornal=530&amp;pagina=266" editionNumber="230" highlightType="" highlightPriority="" highlight="" highlightimage="" highlightimagename="" idMateria="23373719">
  <body>
    <Identifica><![CDATA[ EXTRATO DE INEXIGIBILIDADE DE LICITAÇÃO]]></Identifica>
    <Data><![CDATA[]]></Data>
    <Ementa />
    <Titulo />
    <SubTitulo />
    <Texto><![CDATA[<p></p><p class="identifica">EXTRATO DE INEXIGIBILIDADE DE LICITAÇÃO</p><p>INEXIGIBILIDADE Nº 6.2025-015SEMSA</p><p>A Secretaria Municipal de Saúde do Município de Parauapebas/PA, por meio do Fundo Municipal de Saúde, através do Sr. LUIZ ANTONIO MENDES VELOSO, Secretário Municipal de Saúde, em cumprimento à ratificação procedida, faz publicar o extrato resumido do processo de INEXIGIBILIDADE DE LICITAÇÃO a seguir:</p><p>OBJETO: Contratação de empresa para fornecimento do medicamento PURODIOL© 200MG/ML para a Diretoria de Assistência Farmacêutica, a fim de cumprir a ordem decorrente do processo judicial nº 0801107-27.2021.8.14.0040, em desfavor da Secretaria Municipal de Saúde, do Município de Parauapebas, Estado do Pará</p><p>FAVORECIDO: FARMAUSA PHARMACEUTICAL LTDA</p><p>VALOR: R$ 172.800,00 (cento e setenta e dois mil e oitocentos reais).</p><p>FUNDAMENTAÇÃO LEGAL: art. 74, inciso I da Lei 14.133/2021 e demais legislações aplicáveis.</p><p>DECLARAÇÃO DE INEXIGIBILIDADE.: emitida pela Gerência de Contratações Públicas e ratificada pelo Sr. LUIZ ANTONIO MENDES VELOSO, na qualidade de ordenador de despesas.</p><p>Este Processo Inexigibilidade entra em vigor na data de sua publicação, retroagindo os seus efeitos ao dia 28 de novembro de 2025. PARAUAPEBAS - PA, 28 de novembro de 2025</p>]]></Texto>
  </body>
  <Midias />
</article></xml>