﻿<xml><article id="46727000" name="Extrato do Termo de Colaboracao " idOficio="11439237" pubName="DO3" artType="Extrato de Termo de Parceria" pubDate="03/12/2025" artClass="00075:00015:00061:00000:00000:00000:00000:00000:00000:00000:00144:00000" artCategory="Prefeituras/Estado do Paraná/Prefeitura Municipal de Borrazópolis" artSize="12" artNotes="" numberPage="275" pdfPage="http://pesquisa.in.gov.br/imprensa/jsp/visualiza/index.jsp?data=03/12/2025&amp;jornal=530&amp;pagina=275" editionNumber="230" highlightType="" highlightPriority="" highlight="" highlightimage="" highlightimagename="" idMateria="23370257">
  <body>
    <Identifica><![CDATA[ EXTRATO DE acordo]]></Identifica>
    <Data><![CDATA[]]></Data>
    <Ementa />
    <Titulo />
    <SubTitulo />
    <Texto><![CDATA[<p class="identifica">EXTRATO DE acordo</p><p>TERMO DE COLABORAÇÃO N.º 007/2025</p><p>Processo Administrativo n.º 100/2025 - Inexigibilidade de Chamamento Público n.º 025/2025 - Objeto: Apoio financeiro à APAE de Borrazópolis, através de repasse de recursos por meio de transferência voluntária, para executar serviços, programas, projetos e benefícios assistenciais, promover e facilitar a vida em família das pessoas com deficiência intelectual e múltiplas deficiências, apoiando e/ou gerenciando casas-lares para as pessoas em situação de risco social ou abandono.</p><p>Ente Público: PREFEITURA DO MUNICÍPIO DE BORRAZÓPOLIS, pessoa jurídica de direito público interno, inscrita no CNPJ sob o n.º 75.740.829/0001-20, sediada na praça da república, n.º 28, Centro, CEP 86.925-000, Município de Borrazópolis - Estado do Paraná.</p><p>OSC: ASSOCIAÇÃO DE PAIS E AMIGOS DOS EXCEPCIONAIS DE BORRAZOPÓLIS, organização da sociedade civil, inscrita no CNPJ/MF sob o n.º 80.894.660/0001-00, portadora do endereço eletrônico e-mail: apaeborrazopolis@hotmail.com, telefone: (43) 3452-1187, com sede na Rua São Paulo, n.º 419, bairro: centro, CEP 86.925-000, cidade de Borrazópolis - Estado do Paraná.</p><p>Valor do repasse: R$ 100.000,00 (cem mil reais).</p><p>Prazo de vigência: 03 (três) meses a partir da data de sua assinatura, podendo ser prorrogado.</p>]]></Texto>
  </body>
  <Midias />
</article></xml>