﻿<xml><article id="46725146" name="EMATER - AVISO DE LICITACAO PREG" idOficio="11440618" pubName="DO3" artType="Aviso de Licitação" pubDate="03/12/2025" artClass="00074:00001:00008:00001:00000:00000:00000:00000:00000:00000:00078:00000" artCategory="Governo do Estado/Governo do Distrito Federal/SECRETARIA DE ESTADO DE AGRICULTURA, ABASTECIMENTO E DESENVOLVIMENTO RURAL/EMPRESA DE ASSISTÊNCIA TÉCNICA E EXTENSÃO RURAL DO DISTRITO FEDERAL" artSize="12" artNotes="" numberPage="213" pdfPage="http://pesquisa.in.gov.br/imprensa/jsp/visualiza/index.jsp?data=03/12/2025&amp;jornal=530&amp;pagina=213" editionNumber="230" highlightType="" highlightPriority="" highlight="" highlightimage="" highlightimagename="" idMateria="23372743">
  <body>
    <Identifica><![CDATA[ AVISO DE LICITAÇÃO]]></Identifica>
    <Data><![CDATA[ Brasília DF, 28 de novembro de 2025]]></Data>
    <Ementa />
    <Titulo />
    <SubTitulo />
    <Texto><![CDATA[<p class="identifica">AVISO DE LICITAÇÃO</p><p class="identifica">Pregão Eletrônico nº 90026/2025</p><p>UASG 926241</p><p>Objeto: A Pregoeira comunica a data de abertura do pregão acima citado, conforme autorização contida na Decisão nº 314/2025-TCDF, cujo objeto é o Registro de Preços para a eventual aquisição de insumos, do tipo sementes, ferramentas, adubos e outros,, conforme condições e especificações estabelecidas no Edital e seus anexos. Valor Estimado: Sigiloso nos termos do art. 34 da Lei Federal nº 13.303/2016. Tipo de Licitação: Menor preço. Elemento de Despesa: 33.90.30. Vigência da Ata de Registro de Preços: 12 (doze) meses, podendo ser prorrogada por igual período. Vigência do Contrato: Substituído pela Nota de Empenho. Abertura das Propostas dia 15/12/2025 às 09h00. Comunica ainda, que o presente Pregão foi renumerado, sendo anteriormente o Pregão Eletrônico nº 90015/2025, objeto de análise pelo TCDF, processo nº 00600- 00010830/2025-33-e. O respectivo edital poderá ser retirado no endereço eletrônico site www.compras.gov.br. Processo: 00072-00000682/2025-18. Informações através do e-mail licitacoes@emater.df.gov.br.</p><p class="data">Brasília DF, 28 de novembro de 2025</p><p class="assina">Gerarda da Silva Carvalho</p><p class="cargo">Pregoeira</p>]]></Texto>
  </body>
  <Midias />
</article></xml>