﻿<xml><article id="46736665" name="REPUBLICACAO_PE036" idOficio="11443639" pubName="DO3" artType="Aviso de Licitação-Pregão" pubDate="03/12/2025" artClass="00075:00005:00238:00000:00000:00000:00000:00000:00000:00000:00162:00000" artCategory="Prefeituras/Estado da Bahia/Prefeitura Municipal de Ilhéus" artSize="12" artNotes="" numberPage="225" pdfPage="http://pesquisa.in.gov.br/imprensa/jsp/visualiza/index.jsp?data=03/12/2025&amp;jornal=530&amp;pagina=225" editionNumber="230" highlightType="" highlightPriority="" highlight="" highlightimage="" highlightimagename="" idMateria="23376921">
  <body>
    <Identifica><![CDATA[ AVISO DE LICITAÇÃO]]></Identifica>
    <Data><![CDATA[ Ilhéus - Bahia,  1º de dezembro de 2025.]]></Data>
    <Ementa />
    <Titulo />
    <SubTitulo />
    <Texto><![CDATA[<p class="identifica">AVISO DE LICITAÇÃO</p><p class="identifica">PREGÃO ELETRÔNICO Nº 36/2025</p><p>REPUBLICAÇÃO</p><p>PREGÃO ELETRÔNICO Nº. 036/2025, objetivando REGISTRO DE PREÇO PARA EVENTUAL E FUTURA CONTRATAÇÃO DE EMPRESA ESPECIALIZADA NO FORNECIMENTO DE MOVEIS PARA ATENDIMENTO DAS NECESSIDADES DAS SECRETARIAS MUNICIPAIS. Por meio do site: https://licitanet.com.br/, Tipo: Menor Preço Global - LEGISLAÇÃO: 14.133/21 Decreto Municipal 269/2025, Sessão de Abertura das propostas: 15 de dezembro de 2025, às 10:30 horas. O edital se encontra à disposição para retirada no site www.ilhéus.ba.gov.br e https://licitanet.com.br/ e https://pncp.gov.br/app/editais?q=&amp;status=recebendo_proposta&amp;pagina=1. As divulgações dos outros atos poderão ser vistas no Diário Oficial do Município, através do site https://transparencia.ilheus.ba.gov.br/licitacoes. Maiores informações através do e-mail: licitacoes@ilheus.ba.gov.br ou no Setor de Licitações e Contratos.</p><p class="data">Ilhéus - Bahia, 1º de dezembro de 2025.</p><p class="assina">Cristiano Tavares de Souza Carvalho</p><p class="cargo">Secretário Municipal de Gestão</p>]]></Texto>
  </body>
  <Midias />
</article></xml>