﻿<xml><article id="46734252" name="DOU_aviso_de_homologacao_conc 90" idOficio="11442449" pubName="DO3" artType="Aviso de Homologação e Adjudicação" pubDate="03/12/2025" artClass="00075:00014:00068:00002:00000:00000:00000:00000:00000:00000:00076:00000" artCategory="Prefeituras/Estado da Paraíba/Prefeitura Municipal de Campina Grande/Secretaria de Administração" artSize="12" artNotes="" numberPage="271" pdfPage="http://pesquisa.in.gov.br/imprensa/jsp/visualiza/index.jsp?data=03/12/2025&amp;jornal=530&amp;pagina=271" editionNumber="230" highlightType="" highlightPriority="" highlight="" highlightimage="" highlightimagename="" idMateria="23375191">
  <body>
    <Identifica><![CDATA[ AVISO DE HOMOLOGAÇÃO E ADJUDICAÇÃO - UASG 981981 CONCORRÊNCIA Nº 9.06.01/2025]]></Identifica>
    <Data><![CDATA[ Campina Grande, 27 de novembro de 2025. ]]></Data>
    <Ementa />
    <Titulo />
    <SubTitulo />
    <Texto><![CDATA[<p class="identifica">AVISO DE HOMOLOGAÇÃO E ADJUDICAÇÃO - UASG 981981 CONCORRÊNCIA Nº 9.06.01/2025</p><p>PROCESSO ADMINISTRATIVO Nº 1.304/2024</p><p></p><p>O Secretário de Educação da Prefeitura Municipal de Campina Grande informa aos interessados que, de acordo com os atos do Agente de Contratação e Parecer de Conformidade do Controle Interno, HOMOLOGA e ADJUDICA a CONCORRÊNCIA Nº 9.06.01/2025, cujo objeto é a Contratação de Empresa para Reforma e Ampliação da Escola Municipal de Ensino Fundamental Frei Dagoberto Stucker, no Município de Campina Grande, Estado da Paraíba, em favor da Empresa VALE ENGENHARIA CONSULTORIA &amp; CONSTRUÇÃO LTDA, inscrita no CNPJ sob o Nº 49.971.003/0001-61, que apresentou PROPOSTA no valor de R$ 1.394.250,93 (Um milhão, trezentos e noventa e quatro mil, duzentos e cinquenta reais e noventa e três centavos).</p><p class="data">Campina Grande, 27 de novembro de 2025.</p><p class="assina">RAYMUNDO ASFORA NETO</p><p class="cargo">Secretário de Educação</p>]]></Texto>
  </body>
  <Midias />
</article></xml>