﻿<xml><article id="46743160" name="2025-11-28/11440178/COMPRASNETWS" idOficio="11440178" pubName="DO3" artType="Extrato de Termo Aditivo" pubDate="03/12/2025" artClass="00025:00062:00031:00000:00000:00000:00000:00000:00000:00000:00053:00001" artCategory="Ministério da Educação/Instituto Federal de Educação, Ciência e Tecnologia do Ceará/Campus Juazeiro do Norte" artSize="12" artNotes="" numberPage="66" pdfPage="http://pesquisa.in.gov.br/imprensa/jsp/visualiza/index.jsp?data=03/12/2025&amp;jornal=530&amp;pagina=66" editionNumber="230" highlightType="" highlightPriority="" highlight="" highlightimage="" highlightimagename="" idMateria="23371911">
  <body>
    <Identifica><![CDATA[ EXTRATO DE TERMO ADITIVO Nº 4/2025 - UASG 158316]]></Identifica>
    <Data><![CDATA[]]></Data>
    <Ementa />
    <Titulo />
    <SubTitulo />
    <Texto><![CDATA[<p class="identifica">EXTRATO DE TERMO ADITIVO Nº 4/2025 - UASG 158316</p><p>Número do Contrato: 13/2022.</p><p>Nº Processo: 23261.003898/2022-16.</p><p>Pregão. Nº 10/2021. Contratante: CAMPUS JUAZEIRO DO NORTE/IFCE. Contratado: 23.070.991/0001-84 - INOVAR REFRIGERACAO LTDA. Objeto: Prorrogar o prazo da vigência do contrato por 12 (doze) meses. Reajustar o valor do termo contratual, aplicando-se o incc exclusivamente para as obrigações iniciadas e concluídas após a ocorrência da anualidade. alterar a razão social da empresa contratada no contrato nº 12/2021, tendo em vista a transformação de empresário individual em sociedade empresária limitada.. Vigência: 05/12/2025 a 05/12/2026. Valor Total Atualizado do Contrato: R$ 225.221,52. Data de Assinatura: 27/11/2025.</p><p>(COMPRASNET 4.0 - 27/11/2025).</p>]]></Texto>
  </body>
  <Midias />
</article></xml>