﻿<xml><article id="46726331" name="AVISO DE LICITACAO -PE NA 049-SR" idOficio="11441053" pubName="DO3" artType="Aviso de Licitação" pubDate="03/12/2025" artClass="00075:00004:00063:00000:00000:00000:00000:00000:00000:00000:00078:00000" artCategory="Prefeituras/Estado do Amazonas/Prefeitura Municipal de Parintins" artSize="12" artNotes="" numberPage="221" pdfPage="http://pesquisa.in.gov.br/imprensa/jsp/visualiza/index.jsp?data=03/12/2025&amp;jornal=530&amp;pagina=221" editionNumber="230" highlightType="" highlightPriority="" highlight="" highlightimage="" highlightimagename="" idMateria="23373511">
  <body>
    <Identifica><![CDATA[AVISO DE LICITAÇÃO]]></Identifica>
    <Data><![CDATA[Parintins/AM, 1º de dezembro de 2025.]]></Data>
    <Ementa />
    <Titulo />
    <SubTitulo />
    <Texto><![CDATA[<p class="identifica">AVISO DE LICITAÇÃO</p><p class="identifica">Pregão Eletrônico Nº 50/2025 - SRP Nº 35/2025</p><p>A Prefeitura do Município de Parintins-Am, torna pública a realização de Licitação na modalidade Pregão Eletrônico Nº 50/2025 - SRP Nº 35/2025 com critério de julgamento menor preço por item, nos termos da Lei n.º 14.133, de 1º de abril de 2021, Decreto Municipal nº 72/2023, Decreto Municipal Nº 042/2023, Lei Complementar 123/2006, e demais normas aplicáveis. Objeto: Eventual e futura aquisição de gêneros alimentícios para atender a administração municipal. Abertura do certame: 16/12/2025, às 10h00min - horário de Brasília. O Edital completo poderá ser obtido pelos interessados no site www.licitanet.com.br.</p><p class="data">Parintins/AM, 1º de dezembro de 2025.</p><p class="assina">AMAURI MARINHO FARIAS</p><p class="cargo">Presidente da Comissão Municipal de Contratação</p>]]></Texto>
  </body>
  <Midias />
</article></xml>