﻿<xml><article id="46726064" name="Aviso_Licitacao_DOU__PE_08.2024_" idOficio="11437580" pubName="DO3" artType="Aviso de Licitação" pubDate="03/12/2025" artClass="00074:00018:00059:00000:00000:00000:00000:00000:00000:00000:00079:00000" artCategory="Governo do Estado/Governo do Estado do Piauí/Universidade Estadual do Piauí" artSize="12" artNotes="" numberPage="216" pdfPage="http://pesquisa.in.gov.br/imprensa/jsp/visualiza/index.jsp?data=03/12/2025&amp;jornal=530&amp;pagina=216" editionNumber="230" highlightType="" highlightPriority="" highlight="" highlightimage="" highlightimagename="" idMateria="23367921">
  <body>
    <Identifica><![CDATA[ EXTRATO AVISO DE LICITAÇÃO]]></Identifica>
    <Data><![CDATA[]]></Data>
    <Ementa />
    <Titulo />
    <SubTitulo />
    <Texto><![CDATA[<p class="identifica">EXTRATO AVISO DE LICITAÇÃO</p><p class="identifica">PREGÃO ELETRÔNICO Nº 8/2024</p><p>Processo Administrativo Nº. 00089.016977/2024-00 - FUESPI.</p><p>PREGÃO ELETRÔNICO Nº 08/2024/FUESPI.</p><p>Objeto: Aquisição de mobiliários, equipamentos e refrigeração, visando atender às necessidades da FUESPI, conforme especificações, quantidades, condições, características e exigências contidas no Termo de Referência.</p><p>Fundamentação Legal: Lei nº 14.133/2021, Decreto Estadual nº 21.872/2023, Decreto Estadual nº 21.938/2023</p><p>Valor Total Estimado R$ 96.795,42.</p><p>Tipo: Menor Preço.</p><p>Início do acolhimento das propostas: 12/12/2025 às 08:00h.</p><p>Abertura das propostas: 29/12/2025 às 09:00h.</p><p>Disputa de lances: 29/12/2025 às 09:30h. (Horário de Brasília)</p><p>Local: www.comprasnet.gov.br</p><p>Informações: Rua João Cabral, 2231, Bairro Pirajá. e-mail: cpl@uespi.br.</p><p>O Edital e anexos serão disponibilizados nos portais eletrônicos: www.comprasnet.gov.br</p><p>https://uespi.br/cpl / https://sistemas.tce.pi.gov.br/licitacoesweb/mural/</p><p>Teresina (PI): 26 de Novembro de 2025</p><p>Pregoeiro/FUESPI</p><p class="assina">Francisco Bruno da Silva Bezerra</p><p class="cargo">Pregoeiro/FUESPI</p><p class="assina">Evandro Roberto Sousa</p><p class="cargo">Reitor da FUESPI</p>]]></Texto>
  </body>
  <Midias />
</article></xml>