﻿<xml><article id="46742558" name="2025-12-01/11443453/COMPRASNETWS" idOficio="11443453" pubName="DO3" artType="Extrato de Contrato" pubDate="03/12/2025" artClass="00033:00045:00044:00000:00000:00000:00000:00000:00000:00000:00030:00001" artCategory="Ministério da Justiça e Segurança Pública/Polícia Federal/Superintendência Regional em São Paulo" artSize="12" artNotes="" numberPage="130" pdfPage="http://pesquisa.in.gov.br/imprensa/jsp/visualiza/index.jsp?data=03/12/2025&amp;jornal=530&amp;pagina=130" editionNumber="230" highlightType="" highlightPriority="" highlight="" highlightimage="" highlightimagename="" idMateria="23376642">
  <body>
    <Identifica><![CDATA[ EXTRATO DE CONTRATO Nº 18/2025 - UASG 200360]]></Identifica>
    <Data><![CDATA[]]></Data>
    <Ementa />
    <Titulo />
    <SubTitulo />
    <Texto><![CDATA[<p class="identifica">EXTRATO DE CONTRATO Nº 18/2025 - UASG 200360</p><p>Nº Processo: 08504.002012/2024-95.</p><p>Pregão Nº 90011/2025. Contratante: SUPERINTENDENCIA REGIONAL NO ESTADO DE SP.</p><p>Contratado: 35.147.368/0001-61 - MINERVA ENGENHARIA LTDA. Objeto: O objeto do presente instrumento é a contratação de serviços de engenharia para instalação de equipamentos destinados à adequação do sistema de combate a incêndio do edifício da delegacia de polícia federal na cidade de santos/sp, localizada na rua riachuelo,27 - centro, santos-sp, 11010-020 — à legislação aplicável e às exigências mínimas do corpo de bombeiros militar, com o intuito de obtenção do documento denominado auto de vistoria do corpo de bombeiros — avcb, nos termos do edital e de seus anexos..</p><p>Fundamento Legal: LEI 14.133/2021. Vigência: 27/11/2025 a 27/11/2026. Valor Total: R$ 17.219,62. Data de Assinatura: 27/11/2025.</p><p>(COMPRASNET 4.0 - 01/12/2025).</p>]]></Texto>
  </body>
  <Midias />
</article></xml>