﻿<xml><article id="46726088" name="DOU - PE 121-AVISO DE LICITACAO-" idOficio="11441482" pubName="DO3" artType="Aviso de Licitação" pubDate="03/12/2025" artClass="00075:00021:00060:00000:00000:00000:00000:00000:00000:00000:00078:00000" artCategory="Prefeituras/Estado de Rondônia/Prefeitura Municipal de Vilhena" artSize="12" artNotes="" numberPage="292" pdfPage="http://pesquisa.in.gov.br/imprensa/jsp/visualiza/index.jsp?data=03/12/2025&amp;jornal=530&amp;pagina=292" editionNumber="230" highlightType="" highlightPriority="" highlight="" highlightimage="" highlightimagename="" idMateria="23373957">
  <body>
    <Identifica><![CDATA[ Aviso de licitação ]]></Identifica>
    <Data><![CDATA[ Publique-se Vilhena-RO, 1º de dezembro de 2025.]]></Data>
    <Ementa />
    <Titulo />
    <SubTitulo />
    <Texto><![CDATA[<p class="identifica">Aviso de licitação</p><p class="identifica">Pregão eletrônico nº 121/2025/PMV/EXCLUSIVO</p><p>O município de Vilhena, através da CL e de seu Pregoeiro (Decreto nº 65.615/2025), torna público para conhecimento dos interessados que se encontra instaurada a licitação, na modalidade Pregão Eletrônico sob o nº 121/2025/PMV, do tipo menor valor total por ITEM. Requisitante: Secretaria Municipal de Assistência Social - SEMAS. Objeto: Aquisição de Projetor, Subwoofer, caixa de som, mesa de som, microfone, tripé, gerador de energia, notebook, refletor, televisor, painel eletrônico, cadeira plástica, cama, carrinho de bebê, cadeira de alimentação, guarda roupas, espremedor de frutas, tablet, portão eletrônico, impressora, kit Starlink, cadeira para automóvel dentre outros para atender as necessidades da Secretaria Municipal de Assistência Social - SEMAS. Valor total estimado: R$ 321.987,19 (trezentos e vinte um mil, novecentos e oitenta e sete reais e dezenove centavos). Data de abertura: 17/12/2025, a partir das 09h30min (horário de Brasília - DF). Endereços eletrônicos: licitanet.com.br, no site oficial vilhena.ro.gov.br. Para todas as referências de tempo será observado o horário de Brasília (DF). Edital: O Edital encontra-se disponível nos endereços eletrônicos acima mencionados. e-mail: cl@vilhena.ro.gov.br (das 07h00 às 13h00 - horário local).</p><p class="data">Publique-se Vilhena-RO, 1º de dezembro de 2025.</p><p class="assina">CLEIMAR RODRIGUES DE LIMA</p><p class="cargo">Pregoeiro</p>]]></Texto>
  </body>
  <Midias />
</article></xml>