﻿<xml><article id="46725227" name="EXTRATO DE TERMO DE COMPROMISSO " idOficio="11434657" pubName="DO3" artType="Extrato de Compromisso" pubDate="03/12/2025" artClass="00075:00019:00433:00000:00000:00000:00000:00000:00000:00000:00028:00000" artCategory="Prefeituras/Estado do Rio Grande do Sul/Prefeitura Municipal de Roque Gonzales" artSize="12" artNotes="" numberPage="288" pdfPage="http://pesquisa.in.gov.br/imprensa/jsp/visualiza/index.jsp?data=03/12/2025&amp;jornal=530&amp;pagina=288" editionNumber="230" highlightType="" highlightPriority="" highlight="" highlightimage="" highlightimagename="" idMateria="23363789">
  <body>
    <Identifica><![CDATA[ Extrato  de Compromisso]]></Identifica>
    <Data><![CDATA[]]></Data>
    <Ementa />
    <Titulo />
    <SubTitulo />
    <Texto><![CDATA[<p class="identifica">Extrato de Compromisso</p><p>Termo de Compromisso que entre si fazem a Caixa Econômica Federal, CNPJ nº: 00.360.305/0001-04 e o Município de Roque Gonzales, CNPJ nº: 87.612.982/0001-50, para viabilizar a linha de atendimento voltada à provisão subsidiada de 14 unidades relativas à produção habitacional, em áreas rurais, no valor de R$ 1.292.972,94 (um milhão, duzentos e noventa e dois mil, novecentos e setenta e dois reais e noventa e quatro centavos). Empreendimento: Roque Gonzales 2 produção 16 UH PM - APF 636469-31 no âmbito do Minha Casa Minha Vida Rural - MCMV RURAL, com recursos do orçamento geral da união (OGU), conforme disposto na Portaria MCID de Seleção de Propostas nº 743/2023, de 20 de junho de 2023. Data de assinatura: 17 de novembro de 2025. Prefeito Municipal Fernando Mattes Machry</p>]]></Texto>
  </body>
  <Midias />
</article></xml>