﻿<xml><article id="46725272" name="emcfp0229(Edital CFP NA13 de 202" idOficio="11436992" pubName="DO3" artType="Edital de Convocação" pubDate="03/12/2025" artClass="00071:00054:00000:00000:00000:00000:00000:00000:00000:00000:00058:00000" artCategory="Entidades de Fiscalização do Exercício das Profissões Liberais/Conselho Federal de Psicologia" artSize="12" artNotes="" numberPage="203" pdfPage="http://pesquisa.in.gov.br/imprensa/jsp/visualiza/index.jsp?data=03/12/2025&amp;jornal=530&amp;pagina=203" editionNumber="230" highlightType="" highlightPriority="" highlight="" highlightimage="" highlightimagename="" idMateria="23366843">
  <body>
    <Identifica><![CDATA[ EDITAL Nº 13, de 3 de dezembro de 2025]]></Identifica>
    <Data><![CDATA[]]></Data>
    <Ementa />
    <Titulo />
    <SubTitulo />
    <Texto><![CDATA[<p class="identifica">EDITAL Nº 13, de 3 de dezembro de 2025</p><p class="identifica">CONCURSO PÚBLICO CFP Nº 1/2024</p><p>4º EDITAL DE CONVOCAÇÃO DE APROVADOS</p><p>Em virtude do Concurso Público CFP nº 1/2024, o Conselho Federal de Psicologia convoca o candidato listado abaixo a comparecer na sede desta Autarquia para entrega da documentação pessoal, conforme disposto no Anexo VII do Edital nº1, até 09/12/2025.</p><p>O convocado deverá se apresentar no endereço SAF Sul, Quadra 2, Bloco "B", Sala 104, Ed. Via Office, Brasília/DF, no período das 9h às 15h, portando toda a documentação exigida, conforme lista prevista no edital e encaminhada por e-mail. O não comparecimento ou o não atendimento aos pré-requisitos estabelecidos implicará na eliminação do candidato do certame.</p><p>LISTAS DE CONVOCAÇÕES</p><p /><p></p><table><tr><td rowspan="1" colspan="7"><p>Cargo 200 - Técnico Administrativo/Administrativa</p></td></tr><tr><td rowspan="1" colspan="1"><p>VAGA</p></td><td rowspan="1" colspan="1"><p>AC</p></td><td rowspan="1" colspan="1"><p>PPP</p></td><td rowspan="1" colspan="1"><p>PCD</p></td><td rowspan="1" colspan="1"><p>CANDIDATO</p></td><td rowspan="1" colspan="1"><p>INSCRIÇÃO</p></td><td rowspan="1" colspan="1"><p>OBSERVAÇÃO</p></td></tr><tr><td rowspan="1" colspan="1"><p>1</p></td><td rowspan="1" colspan="1"><p>13º</p></td><td rowspan="1" colspan="1"><p></p></td><td rowspan="1" colspan="1"><p></p></td><td rowspan="1" colspan="1"><p>Luiz Carlos Tomaz</p></td><td rowspan="1" colspan="1"><p>696.02658525/1</p></td><td rowspan="1" colspan="1"><p></p></td></tr></table><p>AC = Ampla Concorrência</p><p>PPP = Pessoa Preta ou Parda</p><p>PCD = Pessoa com Deficiência</p><p>Esta Convocação tem efeito a partir da data de sua publicação.</p><p class="assina">ALESSANDRA SANTOS DE ALMEIDA</p><p class="cargo">Conselheira-Presidenta</p>]]></Texto>
  </body>
  <Midias />
</article></xml>