﻿<xml><article id="46726553" name="09 Prefeitura Municipal de CASIN" idOficio="11443089" pubName="DO3" artType="Aviso" pubDate="03/12/2025" artClass="00075:00016:00076:00000:00000:00000:00000:00000:00000:00000:00106:00000" artCategory="Prefeituras/Estado de Pernambuco/Prefeitura Municipal de Casinhas" artSize="12" artNotes="" numberPage="279" pdfPage="http://pesquisa.in.gov.br/imprensa/jsp/visualiza/index.jsp?data=03/12/2025&amp;jornal=530&amp;pagina=279" editionNumber="230" highlightType="" highlightPriority="" highlight="" highlightimage="" highlightimagename="" idMateria="23376024">
  <body>
    <Identifica><![CDATA[AVISO DE LICITAÇÃO]]></Identifica>
    <Data><![CDATA[Casinhas, 27 de novembro de 2025.]]></Data>
    <Ementa />
    <Titulo />
    <SubTitulo />
    <Texto><![CDATA[<p class="identifica">AVISO DE LICITAÇÃO</p><p class="identifica">PREGÃO ELETRÔNICO Nº 18/2025</p><p>Processo Nº: 00041/2025. PRG. Compra. Tipo menor preço. Restrita à participação de Microempresas, Empresas de Pequeno Porte e Equiparados. Contratação de empresa para fornecimento integral de equipamentos de uso hospitalar, para atender as necessidades do Fundo Municipal de Saúde de Casinhas, com recursos advindos do governo federal através da emenda parlamentar de proposta de nº 07622498000125002. Valor: R$266.460,65. Abertura da sessão pública: 10:00 horas do dia 15 de dezembro de 2025. Início da fase de lances: para ocorrer nessa mesma sessão pública. No site www.portaldecompraspublicas.com.br. Recursos: previstos no orçamento vigente. Fundamento legal: Lei Federal nº 14.133/21; Lei Complementar nº 123/06; Decreto Municipal nº 73/23; e legislação pertinente, consideradas as alterações posteriores das referidas normas. Edital, anexos e outras informações podem ser obtidos no mesmo endereço eletrônico da sessão de abertura; pelos endereços eletrônicos: http://www.prefeituracasinhas.pe.gov.br/; www.gov.br/pncp ou através do Fone: (81) 3634-9156, no horário das 08:00 as 13:00 horas dos dias úteis.</p><p class="data">Casinhas, 27 de novembro de 2025.</p><p class="assina">Fabiano de Andrade Barbosa Oliveira</p><p class="cargo">Pregoeiro Oficial</p>]]></Texto>
  </body>
  <Midias />
</article></xml>