﻿<xml><article id="46728935" name="homologacao CASAS - DOU" idOficio="11440394" pubName="DO3" artType="Aviso de Homologação e Adjudicação" pubDate="03/12/2025" artClass="00075:00004:00068:00000:00000:00000:00000:00000:00000:00000:00076:00000" artCategory="Prefeituras/Estado do Amazonas/Prefeitura Municipal de Santa Isabel do Rio Negro" artSize="12" artNotes="" numberPage="221" pdfPage="http://pesquisa.in.gov.br/imprensa/jsp/visualiza/index.jsp?data=03/12/2025&amp;jornal=530&amp;pagina=221" editionNumber="230" highlightType="" highlightPriority="" highlight="" highlightimage="" highlightimagename="" idMateria="23372377">
  <body>
    <Identifica><![CDATA[ aviso DE ADJUDICAÇÃO E HOMOLOGAÇÃO]]></Identifica>
    <Data><![CDATA[ Santa Isabel do Rio Negro/AM, 19 de novembro de 2025]]></Data>
    <Ementa />
    <Titulo />
    <SubTitulo />
    <Texto><![CDATA[<p class="identifica">aviso DE ADJUDICAÇÃO E HOMOLOGAÇÃO</p><p class="identifica">CONCORRENCIA ELETRONICA Nº 12/2025/SIRN</p><p>O PREFEITO MUNICIPAL DE SANTA ISABEL DO RIO NEGRO, ESTADO DO AMAZONAS, no uso de suas atribuições legais e em conformidade com o que dispõe o Inciso IV, do Art. 71, da Lei no 14.133 de 21. HOMOLOGAR em todos os seus termos a deliberação da Comissão Permanente de Licitação para o objeto construção de 25 (vinte e cinco) unidades habitacionais de interesse social no Município de Santa Isabel do Rio Negro/AM, vinculadas ao Termo de Compromisso nº 974210, conforme Projeto Básico, Memorial Descritivo, Cronograma Físico-Financeiro, Planilha Orçamentária, Composição de Preços Unitários e BDI. DETERMINAR que a empresa ACO LTDA, registrado no CNPJ 51.180.387/0001-46, situada a R ARQUITETO RENATO BRAGA 69 QDC 4 LTS 61 E 62 C, Bairro PARQUE 10 DE NOVEMBRO- CEP 69.055-699 Manaus foi vencedora do certame tipo Concorrência Eletrônica nº 08/2025/SIRN, adjudicado no valor final de Total R$ 3.257.775,57 (três milhões e duzentos e cinquenta e sete mil e setecentos e setenta e cinco reais e cinquenta e sete centavos). Encaminhe-se para as devidas providencias e futuras contratações. PUBLIQUE-SE o presente despacho na forma da Lei.</p><p class="data">Santa Isabel do Rio Negro/AM, 19 de novembro de 2025</p><p class="assina">ALICE ISABEL DA CUNHA BELEZA</p><p class="cargo">Prefeita Em Exercício</p>]]></Texto>
  </body>
  <Midias />
</article></xml>