﻿<xml><article id="46725329" name="AVISO DE LICITACAO - CONC ELTR N" idOficio="11442028" pubName="DO3" artType="Aviso de Licitação" pubDate="03/12/2025" artClass="00074:00002:00009:00000:00000:00000:00000:00000:00000:00000:00079:00000" artCategory="Governo do Estado/Governo do Estado do Acre/Secretaria de Estado da Gestão Administrativa" artSize="12" artNotes="" numberPage="214" pdfPage="http://pesquisa.in.gov.br/imprensa/jsp/visualiza/index.jsp?data=03/12/2025&amp;jornal=530&amp;pagina=214" editionNumber="230" highlightType="" highlightPriority="" highlight="" highlightimage="" highlightimagename="" idMateria="23374591">
  <body>
    <Identifica><![CDATA[AVISO DE LICITAÇÃO]]></Identifica>
    <Data><![CDATA[ Rio Branco-AC, 1º de Dezembro de 2025.]]></Data>
    <Ementa />
    <Titulo />
    <SubTitulo />
    <Texto><![CDATA[<p class="identifica">AVISO DE LICITAÇÃO</p><p class="identifica">CONCORRÊNCIA ELETRÔNICA Nº 120/2025</p><p>COMPRASGOV Nº 90120/2025 - SEE - SEI Nº 14.018968.00106/2025-11</p><p>Objeto: Contratação de empresa de engenharia para Revitalização do Ginásio Poliesportivo José Augusto Marques localizado no município de Feijó - Acre.</p><p>Edital e Informações: O edital estará à disposição dos interessados a partir do dia 02/12/2025, com o recebimento das propostas até às 09h15min (horário de Brasília) do dia 22/12/2025, por meio dos sites www.licitacao.ac.gov.br e www.comprasnet.gov.br, UASG: 927996.</p><p class="data">Rio Branco-AC, 1º de Dezembro de 2025.</p><p class="assina">Maria Dulcenir Linhares de Souza</p><p class="cargo">Presidente da Comissão</p>]]></Texto>
  </body>
  <Midias />
</article></xml>