﻿<xml><article id="46727309" name="Extrato de contrato - RENATO DE " idOficio="11440875" pubName="DO3" artType="Extrato de Contrato" pubDate="03/12/2025" artClass="00013:00063:00000:00000:00000:00000:00000:00000:00000:00000:00030:00000" artCategory="Ministério da Ciência, Tecnologia e Inovação/Financiadora de Estudos e Projetos" artSize="12" artNotes="" numberPage="10" pdfPage="http://pesquisa.in.gov.br/imprensa/jsp/visualiza/index.jsp?data=03/12/2025&amp;jornal=530&amp;pagina=10" editionNumber="230" highlightType="" highlightPriority="" highlight="" highlightimage="" highlightimagename="" idMateria="23373058">
  <body>
    <Identifica><![CDATA[ EXTRATO DE CONTRATO]]></Identifica>
    <Data><![CDATA[]]></Data>
    <Ementa />
    <Titulo />
    <SubTitulo />
    <Texto><![CDATA[<p></p><p class="identifica">EXTRATO DE CONTRATO</p><p>Processo FP-ADM-2025/02132; Espécie: Contrato nº 20.25.0786.00; Partes: Financiadora de Estudos e Projetos - FINEP, CNPJ nº. 33.749.086/0001-09 e RENATO DE SOUZA ("SETSECURITY"), CNPJ nº 33.353.867/0001-80. Objeto: Prestação de serviços de Conscientização em Segurança da Informação (SI) para colaboradores de empresas. Valor: até R$ 10.000,00 (dez mil reais). Prazo: 3 (três) meses a contar da data de sua assinatura. Assinatura em 26/11/2024.</p>]]></Texto>
  </body>
  <Midias />
</article></xml>