﻿<xml><article id="46734843" name="Aviso de Publicacao - 1A TA Gree" idOficio="11441228" pubName="DO3" artType="Extrato de Termo Aditivo" pubDate="03/12/2025" artClass="00041:00022:00011:00006:00246:00004:00000:00000:00000:00000:00053:00000" artCategory="Ministério de Portos e Aeroportos/Empresa Brasileira de Infraestrutura Aeroportuária/Diretoria de Administração/Superintendência de Administração/Gerência de Processos Administrativos de Contratos Contínuos/Coordenação de Formação e Cadastro de Contratos Contínuos" artSize="12" artNotes="" numberPage="146" pdfPage="http://pesquisa.in.gov.br/imprensa/jsp/visualiza/index.jsp?data=03/12/2025&amp;jornal=530&amp;pagina=146" editionNumber="230" highlightType="" highlightPriority="" highlight="" highlightimage="" highlightimagename="" idMateria="23373688">
  <body>
    <Identifica><![CDATA[ EXTRATO DE TERMO ADITIVO Nº 58-PS/2025/0001]]></Identifica>
    <Data><![CDATA[]]></Data>
    <Ementa />
    <Titulo />
    <SubTitulo />
    <Texto><![CDATA[<p class="identifica">EXTRATO DE TERMO ADITIVO Nº 58-PS/2025/0001</p><p>1º TA ao TC nº 0053-PS/2025/0001. Contratada: GREEN HOUSE SERVIÇOS DE LOCAÇÃO DE MÃO DE OBRA LTDA. Objeto: Acréscimo de aproximadamente 23,24%, conforme detalhado na cláusula 1ª do TA. Valor do TA: R$ 330.358,01.</p><p>Autoridade Competente: Paulo Andre de Carvalho Ferreira Braga, Gerente de Logística Administrativa. Disponível em http://licitacao.infraero.gov.br/portal_licitacao/servlet/DetalheLicitacao?idLicitacao=176505</p>]]></Texto>
  </body>
  <Midias />
</article></xml>