﻿<xml><article id="46745340" name="2025-12-01/11440645/COMPRASNETWS" idOficio="11440645" pubName="DO3" artType="Extrato de Contrato" pubDate="03/12/2025" artClass="00016:00010:00012:00008:00201:00000:00000:00000:00000:00000:00030:00001" artCategory="Ministério da Defesa/Comando da Aeronáutica/Comando-Geral do Pessoal/Diretoria de Ensino/Academia da Força Aérea" artSize="12" artNotes="" numberPage="27" pdfPage="http://pesquisa.in.gov.br/imprensa/jsp/visualiza/index.jsp?data=03/12/2025&amp;jornal=530&amp;pagina=27" editionNumber="230" highlightType="" highlightPriority="" highlight="" highlightimage="" highlightimagename="" idMateria="23372784">
  <body>
    <Identifica><![CDATA[ EXTRATO DE CONTRATO Nº 43/2025 - UASG 120060]]></Identifica>
    <Data><![CDATA[]]></Data>
    <Ementa />
    <Titulo />
    <SubTitulo />
    <Texto><![CDATA[<p class="identifica">EXTRATO DE CONTRATO Nº 43/2025 - UASG 120060</p><p>Nº Processo: 67510.012797/2025-75.</p><p>Pregão Nº 90097/2025. Contratante: ACADEMIA DA FORCA AEREA.</p><p>Contratado: 22.634.889/0001-00 - TRANSFORMES SOLUTIONS COMERCIO E MANUTENCAO DE MAQUINAS E ACESSORIOS INDUSTRIAIS. Objeto: Contratação de serviços comuns de empresa especializada em prestação de serviços de manutenção de bombas centrífugas de recalque com fornecimento de peças, para atender as necessidades da Subseção de Tratamento de Água e Esgoto da AFA.. Fundamento Legal: LEI 14.133/2021 - Artigo: 28 - Inciso: I. Vigência: 30/11/2025 a 01/03/2026. Valor Total: R$ 70.999,99. Data de Assinatura: 07/11/2025.</p><p>(COMPRASNET 4.0 - 03/12/2025).</p>]]></Texto>
  </body>
  <Midias />
</article></xml>