﻿<xml><article id="46726670" name="AVISO DE LICITACAO - CONCORRENCI" idOficio="11435939" pubName="DO3" artType="Aviso de Licitação" pubDate="03/12/2025" artClass="00074:00023:00002:00000:00000:00000:00000:00000:00000:00000:00079:00000" artCategory="Governo do Estado/Governo do Estado de Roraima/SECRETARIA DE ESTADO DE LICITAÇÃO E CONTRATAÇÃO" artSize="12" artNotes="" numberPage="217" pdfPage="http://pesquisa.in.gov.br/imprensa/jsp/visualiza/index.jsp?data=03/12/2025&amp;jornal=530&amp;pagina=217" editionNumber="230" highlightType="" highlightPriority="" highlight="" highlightimage="" highlightimagename="" idMateria="23365506">
  <body>
    <Identifica><![CDATA[ Aviso de Licitação ]]></Identifica>
    <Data><![CDATA[]]></Data>
    <Ementa />
    <Titulo />
    <SubTitulo />
    <Texto><![CDATA[<p class="identifica">Aviso de Licitação</p><p class="identifica">CONCORRÊNCIA Nº 62/2025</p><p>EDITAL NO PNCP Nº 26/2026 - Código da UASG nº 930800</p><p>ID CONTRATAÇÃO PNCP: 53212344000120-1-000024/2026</p><p>PROCESSO Nº 221101.001661/2025.51, INTERESSADO: SEINF</p><p>A Secretaria de Estado de Licitação e Contratação - SELC, através do Agente de Contratação, nomeado pelo DECRETO Nº 1359-P, de 1º de agosto de 2023, designado pela PORTARIA Nº 247/SELC/SEC/GABEXEC (19976852) e Despacho 2488/2025/SELC/SEC/COELIC (19978438); para conduzir o presente procedimento; torna público aos interessados que, realizará licitação na Modalidade Concorrência, na forma Presencial, do tipo Menor Preço, com Inversão de Fases, pelo regime de execução por Empreitada por Preço Unitário, sob a forma de execução indireta, regida pela Lei nº 14.133, de 1º de abril de 2021, e demais normas regulamentares, da Instrução Normativa nº 73, de 2022 (art. 1º, §2º c/c art. 22, III); da Instrução Normativa Nº 5, de 2017; da Lei Nº 12.846, de 1º de agosto de 2013; da Lei Complementar Nº 123, de 2006; e aplicam-se ainda, as disposições da Portaria Interministerial nº 424, de 30 de dezembro de 2016 e da Portaria Conjunta MGI/MF/CGU Nº 33, de 30 de Agosto de 2023; conforme especificações técnicas, e as condições e exigências constantes no Edital de Concorrência Presencial nº 062/2025 e seus anexos, partes integrantes desta licitação.</p><p>OBJETO: Contratação de Empresa Especializada em Engenharia para Execução das Obras de Reforma e Ampliação de Prédio Público destinado à Produção de Mel, localizado no bairro Distrito Industrial Governador Aquilino Mota Duarte, no Município de Boa Vista - RR, (Contrato de Repasse nº 948754/2023/MAP/CAIXA).</p><p>PERÍODO E LOCAL PARA RECEBIMENTO DE PROPOSTA/DOCUMENTAÇÃO: 16 de janeiro de 2026, às 09:00h (horário local), na Av. Nossa Senhora da Consolata, nº 472 - Centro; CEP: 69.301-011; Boa Vista/RR.</p><p>O Edital poderá ser adquirido gratuitamente na Secretaria de Estado de Licitação e Contratação - SELC, no local supra referenciado, em horário de expediente, das 07:30 às 13:30, ou baixado pelo site www.selc.rr.gov.br, ou solicitado pelo e-mail "coelic@selc.rr.gov.br", a partir do dia 28/11/2025. Os interessados deverão disponibilizar seus endereços eletrônicos (e-mail) ou dispositivo de mídia removível para obter a cópia do Edital.</p><p class="assina">AIRTON PEREIRA DA SILVA</p><p class="cargo">Agente de Contratação - SELC</p>]]></Texto>
  </body>
  <Midias />
</article></xml>