﻿<xml><article id="46734426" name="EXTRATO GARAGEM" idOficio="11431532" pubName="DO3" artType="Aviso de Licitação-Concorrência" pubDate="03/12/2025" artClass="00075:00023:00015:00001:00000:00000:00000:00000:00000:00000:00159:00000" artCategory="Prefeituras/Estado de Santa Catarina/PREFEITURA MUNICIPAL DE ABDON BATISTA/FUNDO MUNICIPAL DE SAUDE" artSize="12" artNotes="" numberPage="295" pdfPage="http://pesquisa.in.gov.br/imprensa/jsp/visualiza/index.jsp?data=03/12/2025&amp;jornal=530&amp;pagina=295" editionNumber="230" highlightType="" highlightPriority="" highlight="" highlightimage="" highlightimagename="" idMateria="23358691">
  <body>
    <Identifica><![CDATA[ AVISO DE LICITAÇÃO]]></Identifica>
    <Data><![CDATA[Abdon Batista, 26 de novembro de 2025.]]></Data>
    <Ementa />
    <Titulo />
    <SubTitulo />
    <Texto><![CDATA[<p class="identifica">AVISO DE LICITAÇÃO</p><p class="identifica">CONCORRENCIA ELETRONICA nº 10/2025</p><p>Objeto: CONSTRUÇÃO DE GARAGEM DA SAÚDE - CENTRO DE REABILITAÇÃO, COM RECURSOS DA EMENDA PARLAMENTAR ESTADUAL Nº 0847/2023 E DA EMENDA PARLAMENTAR FEDERAL Nº 202322100001, ESTA VINCULADA AO PLANO DE AÇÃO Nº 09032023-034408/2023 (PROGRAMA 09032023). Do cadastro da proposta e habilitação: até as 9h do dia 17 de dezembro de 2025; da abertura e julgamento das propostas: às 10h do dia 17 de dezembro de 2025; início da sessão/disputa de lances: após a análise das propostas; plataforma eletrônica: www.portaldecompraspublicas.com.br O edital em sua íntegra, poderá ser no endereço eletrônico: www.abdonbatista.sc.gov.br Maiores informações pelo telefone (49) 35451133.</p><p class="data">Abdon Batista, 26 de novembro de 2025.</p><p class="assina">Lucimar Antonio Salmoria</p><p class="cargo">Prefeito</p>]]></Texto>
  </body>
  <Midias />
</article></xml>