﻿<xml><article id="46725815" name="Edital - D L Servicos de Apoio A" idOficio="11443039" pubName="DO3" artType="Edital de Notificação" pubDate="03/12/2025" artClass="00070:00018:00000:00000:00000:00000:00000:00000:00000:00000:00063:00000" artCategory="Poder Judiciário/Tribunal Regional Eleitoral da Bahia" artSize="12" artNotes="" numberPage="196" pdfPage="http://pesquisa.in.gov.br/imprensa/jsp/visualiza/index.jsp?data=03/12/2025&amp;jornal=530&amp;pagina=196" editionNumber="230" highlightType="" highlightPriority="" highlight="" highlightimage="" highlightimagename="" idMateria="23376009">
  <body>
    <Identifica><![CDATA[EDITAL DE NOTIFICAÇÃO]]></Identifica>
    <Data><![CDATA[Em 2 de dezembro de 2025.]]></Data>
    <Ementa />
    <Titulo />
    <SubTitulo />
    <Texto><![CDATA[<p class="identifica">EDITAL DE NOTIFICAÇÃO</p><p>O Tribunal Regional Eleitoral da Bahia NOTIFICA a empresa D&amp;L SERVIÇOS DE APOIO ADMINISTRATIVO LTDA, CNPJ Nº 09.172.237/0001-24, por meio de seu representante legal, que se encontra em lugar incerto e ignorado, para efetuar pagamento de multa contratual no valor de R$ 58.919,90 (cinquenta e oito mil novecentos e dezenove reais e noventa centavos), via GRU, no prazo de 30 (trinta) dias, a contar da publicação do presente edital, em razão do descumprimento de obrigações contratuais - Lei nº 14.133/21, ARP/NE/Contrato nº 59/2022-, conforme Decisão ID 2993337, publicada nos autos do Processo SEI nº 0004462-72.2024.6.05.8000, acesso externo franqueado para consulta através do endereço eletrônico seconta@tre-ba.jus.br. O inadimplemento da multa aplicada implicará na inclusão da empresa no Cadastro da Dívida Ativa da União (CADIN), via Sistema Inscreve Fácil da Procuradoria-Geral da Fazenda Nacional (PGFN), para fins de apuração, inscrição em dívida ativa e consequente ajuizamento de Execução Judicial, nos termos da Lei nº 10.522, de 19 de julho de 2002.</p><p class="data">Em 2 de dezembro de 2025.</p><p class="assina">Anaquele Sena de São Pedro</p><p class="cargo">Coordenadora de Finanças e Contabilidade do TRE-BA</p>]]></Texto>
  </body>
  <Midias />
</article></xml>