﻿<xml><article id="46726343" name="Edital - CETRO RM SERVICOS LTDA" idOficio="11443313" pubName="DO3" artType="Edital de Notificação" pubDate="03/12/2025" artClass="00070:00018:00000:00000:00000:00000:00000:00000:00000:00000:00063:00000" artCategory="Poder Judiciário/Tribunal Regional Eleitoral da Bahia" artSize="12" artNotes="" numberPage="196" pdfPage="http://pesquisa.in.gov.br/imprensa/jsp/visualiza/index.jsp?data=03/12/2025&amp;jornal=530&amp;pagina=196" editionNumber="230" highlightType="" highlightPriority="" highlight="" highlightimage="" highlightimagename="" idMateria="23376449">
  <body>
    <Identifica><![CDATA[EDITAL DE NOTIFICAÇÃO]]></Identifica>
    <Data><![CDATA[ Salvador-BA, 2 de dezembro de 2025.]]></Data>
    <Ementa />
    <Titulo />
    <SubTitulo />
    <Texto><![CDATA[<p class="identifica">EDITAL DE NOTIFICAÇÃO</p><p>O Tribunal Regional Eleitoral da Bahia NOTIFICA a empresa CETRO RM SERVIÇOS LTDA, CNPJ nº 08.307.120/0001-48, por meio de seu representante legal, que se encontra em lugar incerto e ignorado, para efetuar pagamento de multa contratual no prazo de 30 (trinta) dias, a contar da publicação do presente edital, no valor de R$ R$ 1.513,18 (mil quinhentos e treze reais e dezoito centavos), com esteio no art. 86 da Lei 8.666/93, c/c os tópicos 12.1.3 e 12.1.6 do Termo de Referência, anexo I do CT nº 25/2023, conforme decisão ID 3427247, Processo: SEI nº 0024084-40.2024.6.05.8000, cujo acesso externo é franqueado para consulta através do endereço eletrônico seconta@tre-ba.jus.br. O inadimplemento da multa aplicada implicará na inclusão da empresa no Cadastro da Dívida Ativa da União (CADIN), via Sistema Inscreve Fácil da Procuradoria-Geral da Fazenda Nacional (PGFN), para fins de apuração, inscrição em dívida ativa e consequente ajuizamento de Execução Judicial, nos termos da Lei nº 10.522, de 19 de julho de 2002.</p><p class="data">Salvador-BA, 2 de dezembro de 2025.</p><p class="assina">Anaquele Sena de São Pedro</p><p class="cargo">Coordenadora de Finanças e Contabilidade do TRE-BA</p>]]></Texto>
  </body>
  <Midias />
</article></xml>