﻿<xml><article id="46733516" name="EXTRATO DO CONTRATO 182-2025 - D" idOficio="11440940" pubName="DO3" artType="Extrato de Contrato" pubDate="03/12/2025" artClass="00075:00018:00076:00000:00000:00000:00000:00000:00000:00000:00030:00000" artCategory="Prefeituras/Estado do Rio Grande do Norte/Prefeitura Municipal de Jucurutu" artSize="12" artNotes="" numberPage="284" pdfPage="http://pesquisa.in.gov.br/imprensa/jsp/visualiza/index.jsp?data=03/12/2025&amp;jornal=530&amp;pagina=284" editionNumber="230" highlightType="" highlightPriority="" highlight="" highlightimage="" highlightimagename="" idMateria="23373349">
  <body>
    <Identifica><![CDATA[ EXTRATO DO CONTRATO ADMINISTRATIVO Nº 182/2025 ]]></Identifica>
    <Data><![CDATA[]]></Data>
    <Ementa />
    <Titulo />
    <SubTitulo />
    <Texto><![CDATA[<p class="identifica">EXTRATO DO CONTRATO ADMINISTRATIVO Nº 182/2025</p><p>PROCESSO ADMINISTRATIVO Nº 8080001/2025 CONCORRÊNCIA Nº 4/2025</p><p>CONTRATANTE: CONTRATANTE: MUNICÍPIO DE JUCURUTU/RN; CONTRATADA: RENASCENCA EMPREENDIMENTOS LTDA, inscrito(a) no CNPJ/MF sob o nº 08.487.196/0001-00; OBJETO: Contratação de empresa especializada para a execução de pavimentação da Av. Teresinha Lula de Queiroz Santos na Zona Urbana do Município de Jucurutu/RN; VIGÊNCIA: O prazo de vigência da contratação é de 06 (seis) meses contados da sua assinatura, na forma do artigo 105 da Lei n° 14.133, de 2021. VALOR: O valor total da contratação é de R$ 1.265.407,08 (um milhão, duzentos e sessenta e cinco mil, quatrocentos e sete reais e oito centavos). UNIDADE ORÇAMENTÁRIA: I - UNIDADE: 06.006 - SEC. MUN. DE OBRAS E SERVIÇOS URBANOS; II - FONTE: 15000000 - Recursos não Vinculados de Impostos, 17010000 - Outras Transferências de Convênios ou Instrumentos Congêneres dos Estados - CONVÊNIO Nº 001/2025 - SIN celebrado com o Estado do Rio Grande do Norte; III - PROGRAMA: 0015 - Desenvolvimento infra-estrutura urbana; IV - ELEMENTO: 4.4.90.51 Obras e instalações; V - PLANO: 1139 CONST.MANUT.MODERN.URBAN.PAVIM.DRENAG.DE VIAS, CANTEIROS, PRAÇAS E DEMAIS PRÉDIOS PUBLICOS; FUNDAMENTAÇÃO LEGAL: Lei Federal 14.133/2021. SUBSCRITORES: Iogo Nielson de Queiroz e Silva - Pelo Contratante e Evilacio Freire da Silva Bezerra - Pela Contratada. Jucurutu/RN, 27 de novembro de 2025. Iogo Nielson de Queiroz e Silva. Prefeito</p>]]></Texto>
  </body>
  <Midias />
</article></xml>