﻿<xml><article id="46726121" name="Publicacao Reabertura com prazo " idOficio="11433273" pubName="DO3" artType="Aviso de Reabertura de Prazo" pubDate="03/12/2025" artClass="00071:00084:00000:00000:00000:00000:00000:00000:00000:00000:00189:00000" artCategory="Entidades de Fiscalização do Exercício das Profissões Liberais/Conselho Regional de Administração do Rio Grande do Sul" artSize="12" artNotes="" numberPage="204" pdfPage="http://pesquisa.in.gov.br/imprensa/jsp/visualiza/index.jsp?data=03/12/2025&amp;jornal=530&amp;pagina=204" editionNumber="230" highlightType="" highlightPriority="" highlight="" highlightimage="" highlightimagename="" idMateria="23361855">
  <body>
    <Identifica><![CDATA[ AVISO DE REABERTURA DE PRAZO]]></Identifica>
    <Data><![CDATA[Porto Alegre, 2 de dezembro de 2025.]]></Data>
    <Ementa />
    <Titulo />
    <SubTitulo />
    <Texto><![CDATA[<p class="identifica">AVISO DE REABERTURA DE PRAZO</p><p class="identifica">PREGÃO ELETRÔNICO Nº 90011/2025</p><p>Processo SEI Nº 476910.002609/2025-67</p><p>Comunicamos a reabertura de prazo da licitação supracitada, publicada no D.O.U de 22/10/2025. OBJETO: Contratação de empresa jornalística ou agência de publicidade, para prestação de serviços de publicação legal (veiculação dos extratos de editais e demais atos públicos) e anúncio institucional, sob demanda, em Jornal Diário de Grande Circulação no estado do Rio Grande do Sul, nos formatos impresso e digital, para suprir as necessidades do Conselho Regional de Administração do Rio Grande do Sul - CRA-RS, conforme especificações constantes no Edital e seus anexos. Novo Edital e anexos: 03/12/2025 às 08h30min. Endereço: Rua Marcílio Dias, 1030, Menino Deus - Porto Alegre/RS. Abertura das Propostas: 17/12/2025 às 09h no site: www.gov.br/compras. CÓDIGO DA UASG: 389150</p><p class="data">Porto Alegre, 2 de dezembro de 2025.</p><p class="assina">FLÁVIO CARDOZO DE ABREU</p><p class="cargo">Conselheiro Presidente</p>]]></Texto>
  </body>
  <Midias />
</article></xml>