﻿<xml><article id="46732097" name="Extrato de Contrato 128-2025 - i" idOficio="11442420" pubName="DO3" artType="Extrato de Contrato" pubDate="03/12/2025" artClass="00075:00023:00239:00000:00000:00000:00000:00000:00000:00000:00030:00000" artCategory="Prefeituras/Estado de Santa Catarina/Prefeitura Municipal de Porto União" artSize="12" artNotes="" numberPage="296" pdfPage="http://pesquisa.in.gov.br/imprensa/jsp/visualiza/index.jsp?data=03/12/2025&amp;jornal=530&amp;pagina=296" editionNumber="230" highlightType="" highlightPriority="" highlight="" highlightimage="" highlightimagename="" idMateria="23375181">
  <body>
    <Identifica><![CDATA[ Extrato de Contrato]]></Identifica>
    <Data><![CDATA[]]></Data>
    <Ementa />
    <Titulo />
    <SubTitulo />
    <Texto><![CDATA[<p class="identifica">Extrato de Contrato</p><p>EXTRATO DE TERMO DE CONTRATO Nº 128/2025</p><p>Partes: Município de Porto União e Centro Guiar Clínica de Psicologia LTDA.</p><p>Objeto: Credenciamento de empresa especializada para a prestação de serviços de saúde, abrangendo: realização de avaliação neuropsicológica completa, com emissão de laudo.</p><p>Vigência: O prazo de vigência da contratação será de 12 (doze) meses, podendo ser prorrogado, na forma da Lei 14.133/2021, se houver interesse entre as partes.</p><p>Valor: O credenciamento obedecerá a um limite orçamentário - financeiro para o item 2 de R$ 86.400,00 (oitenta e seis mil e quatrocentos reais) para o período de um ano, em que será obedecido o limite mensal de 7.200,00 (sete mil e duzentos reais).</p><p>Inexigibilidade de Licitação 025/2025, Lei 14.133/2021.</p><p>Código registro TCE: 1AA4D2E75662B177EF01AC9AF8A6FB3931512A5E Porto União SC, 26 de novembro de 2025. Juliano Hassan. Prefeito Municipal.</p>]]></Texto>
  </body>
  <Midias />
</article></xml>