﻿<xml><article id="46735564" name="PE 87-2025=Resultado-Rich Text" idOficio="11440635" pubName="DO3" artType="Resultado de Julgamento de Licitação" pubDate="03/12/2025" artClass="00075:00008:00208:00000:00000:00000:00000:00000:00000:00000:00158:00000" artCategory="Prefeituras/Estado de Goiás/Prefeitura Municipal de Morrinhos" artSize="12" artNotes="" numberPage="238" pdfPage="http://pesquisa.in.gov.br/imprensa/jsp/visualiza/index.jsp?data=03/12/2025&amp;jornal=530&amp;pagina=238" editionNumber="230" highlightType="" highlightPriority="" highlight="" highlightimage="" highlightimagename="" idMateria="23372805">
  <body>
    <Identifica><![CDATA[ RESULTADO DE JULGAMENTO ]]></Identifica>
    <Data><![CDATA[ Morrinhos, 2 de dezembro de 2025]]></Data>
    <Ementa />
    <Titulo />
    <SubTitulo />
    <Texto><![CDATA[<p class="identifica">RESULTADO DE JULGAMENTO</p><p class="identifica">Pregão Eletrônico nº 87/2025</p><p>A Prefeitura Municipal de Morrinhos torna público o resultado do Pregão Eletrônico N° 87/2025. Sendo vencedora a empresa: Retifica Mottor 1000 Ltda.</p><p class="data">Morrinhos, 2 de dezembro de 2025</p><p class="assina">Natalia da Silva Cordeiro Vinhal</p><p class="cargo">Agente de Contratação</p>]]></Texto>
  </body>
  <Midias />
</article></xml>