﻿<xml><article id="46732844" name="Extrato Dezembro_25 - 04 - BRL L" idOficio="11441810" pubName="DO3" artType="Extrato de Registro de Preços" pubDate="03/12/2025" artClass="00017:00032:00000:00000:00000:00000:00000:00000:00000:00000:00047:00000" artCategory="Ministério do Desenvolvimento Agrário e Agricultura Familiar/Companhia de Entrepostos e Armazéns Gerais de São Paulo" artSize="12" artNotes="" numberPage="44" pdfPage="http://pesquisa.in.gov.br/imprensa/jsp/visualiza/index.jsp?data=03/12/2025&amp;jornal=530&amp;pagina=44" editionNumber="230" highlightType="" highlightPriority="" highlight="" highlightimage="" highlightimagename="" idMateria="23374370">
  <body>
    <Identifica><![CDATA[ EXTRATO DE REGISTRO DE PREÇOS]]></Identifica>
    <Data><![CDATA[]]></Data>
    <Ementa />
    <Titulo />
    <SubTitulo />
    <Texto><![CDATA[<p class="identifica">EXTRATO DE REGISTRO DE PREÇOS</p><p>Espécie: Comunicamos o Registro de Preços para Aquisição de materiais - Elétricos diversos lote 01 e Refletores de led - Lote 02 - Item 6, através do Sistema de Registro de Preços, nº 058/24-2515-2511-24-010-10-1. Decorrente do Pregão Eletrônico nº 90024/2025. Processo CEAGESP nº 058/2024. Compromissária: BRL LIGHT COMÉRCIO E REPRESENTAÇÕES LTDA, CNPJ nº 44.301.795/0001-43. Valor Total R$ 57.980,00 (cinquenta e sete mil, novecentos e oitenta reais) nos termos do item 1. Vigência: 01 (um) ano a partir da data de sua assinatura, nos termos da Cláusula Terceira. Data de Assinatura: 19/11/2025.</p>]]></Texto>
  </body>
  <Midias />
</article></xml>