﻿<xml><article id="46732019" name="AVISO CE N. 028-2025 - DOU" idOficio="11435187" pubName="DO3" artType="Aviso de Licitação" pubDate="03/12/2025" artClass="00075:00012:00340:00000:00000:00000:00000:00000:00000:00000:00079:00000" artCategory="Prefeituras/Estado de Minas Gerais/Prefeitura Municipal de Contagem" artSize="12" artNotes="" numberPage="251" pdfPage="http://pesquisa.in.gov.br/imprensa/jsp/visualiza/index.jsp?data=03/12/2025&amp;jornal=530&amp;pagina=251" editionNumber="230" highlightType="" highlightPriority="" highlight="" highlightimage="" highlightimagename="" idMateria="23364430">
  <body>
    <Identifica><![CDATA[Aviso de Licitação]]></Identifica>
    <Data><![CDATA[Contagem, 26 de novembro de 2025.]]></Data>
    <Ementa />
    <Titulo />
    <SubTitulo />
    <Texto><![CDATA[<p class="identifica">Aviso de Licitação</p><p class="identifica">Concorrência Eletrônica Nº 28/2025</p><p>A Prefeitura do Município de Contagem - MG, torna público para conhecimento dos interessados, que fará realizar licitação na modalidade Concorrência Eletrônica Nº. 028/2025 - Processo Nº. 212/2025 - Edital Nº. 114/2025 - Objeto: Contratação de empresa para execução dos serviços reforma do telhado do centro de referência de assistência social (CRAS), no bairro Parque São João, município de Contagem/MG, marcado para as 10:00hs do dia 19/12/2025, no site www.portaldecompraspublicas.com.br</p><p>O Edital e seus Anexos, estarão disponíveis a partir do dia 04 (quatro) de dezembro de 2025, através dos sites www.contagem.mg.gov.br e www.portaldecompraspublicas.com.br Informações: (31) 3391-7556 ou 3391-9352.</p><p class="data">Contagem, 26 de novembro de 2025.</p><p class="assina">Romulo Thomaz Perilli</p><p class="cargo">Secretário Municipal de Obras</p>]]></Texto>
  </body>
  <Midias />
</article></xml>