﻿<xml><article id="46732049" name="16_RESULTADO CHAMAMENTO 002 - DO" idOficio="11442130" pubName="DO3" artType="Resultado de Chamamento Público" pubDate="03/12/2025" artClass="00075:00012:00929:00000:00000:00000:00000:00000:00000:00000:00206:00000" artCategory="Prefeituras/Estado de Minas Gerais/Prefeitura Municipal de Santana do Paraiso" artSize="12" artNotes="" numberPage="258" pdfPage="http://pesquisa.in.gov.br/imprensa/jsp/visualiza/index.jsp?data=03/12/2025&amp;jornal=530&amp;pagina=258" editionNumber="230" highlightType="" highlightPriority="" highlight="" highlightimage="" highlightimagename="" idMateria="23374776">
  <body>
    <Identifica><![CDATA[ RESULTADO de CHAMAMENTO PÚBLICO Nº 2/2025]]></Identifica>
    <Data><![CDATA[Em 1º de dezembro de 2025]]></Data>
    <Ementa />
    <Titulo />
    <SubTitulo />
    <Texto><![CDATA[<p class="identifica">RESULTADO de CHAMAMENTO PÚBLICO Nº 2/2025</p><p>Objeto: Chamamento Público para a seleção de empresa do ramo de construção civil apta a celebrar contrato com a Caixa Econômica Federal - CEF, interessada na edificação de 192 unidades de interesse social, através da apresentação de projeto e construção no âmbito do Programa MCMV Faixa 2 - FAR, com vistas a atender famílias de baixa renda do Município de Santana do Paraíso/MG. Venceu o certame a SPE PAVLIX MORRO VERDE LTDA, composto pelas empresas PAVLIX ENGENHARIA E CONSTRUÇÕES LTDA e MORRO VERDE EMPREENDIMENTOS LTDA, com a proposta de R$220.000,00 (duzentos e vinte mil reais) por unidade habitacional, sendo R$42.240.000,00 (quarenta e dois milhões duzentos e quarenta mil reais) o valor total do empreendimento.</p><p class="data">Em 1º de dezembro de 2025</p><p class="assina">Daniel Amorim Reggiani Costa</p><p class="cargo">Membro da Comissão</p><p class="assina">Luís Gustavo Andrade Duarte</p><p class="cargo">Membro da Comissão</p><p class="assina">Maria Aparecida de Oliveira</p><p class="cargo">Membro da Comissão</p><p class="assina">Carlito Francisco da Silva</p><p class="cargo">Membro da Comissão</p><p class="assina">Thalles Henrique Brandão Barcelos</p><p class="cargo">Membro da Comissão</p><p class="assina">Juliana de Amorim Lima</p><p class="cargo">Membro da Comissão</p>]]></Texto>
  </body>
  <Midias />
</article></xml>