﻿<xml><article id="46728938" name="EXTRATO DO CONTRATO - DOU__4W7G1" idOficio="11440380" pubName="DO3" artType="Extrato de Contrato" pubDate="03/12/2025" artClass="00075:00004:00068:00000:00000:00000:00000:00000:00000:00000:00030:00000" artCategory="Prefeituras/Estado do Amazonas/Prefeitura Municipal de Santa Isabel do Rio Negro" artSize="12" artNotes="" numberPage="221" pdfPage="http://pesquisa.in.gov.br/imprensa/jsp/visualiza/index.jsp?data=03/12/2025&amp;jornal=530&amp;pagina=221" editionNumber="230" highlightType="" highlightPriority="" highlight="" highlightimage="" highlightimagename="" idMateria="23372356">
  <body>
    <Identifica><![CDATA[  EXTRATO DO CONTRATO Nº 78/2025 ]]></Identifica>
    <Data><![CDATA[]]></Data>
    <Ementa />
    <Titulo />
    <SubTitulo />
    <Texto><![CDATA[<p class="identifica">EXTRATO DO CONTRATO Nº 78/2025</p><p>CE Nº 013/2025</p><p>CONTRATANTE: Prefeitura Municipal de Santa Isabel do Rio Negro/AM, CNPJ nº 04.194.239/0001-09. CONTRATADA: ACO LTDA, inscrita no CNPJ sob o nº 51.180.387/0001-46. OBJETO: CONTRATAÇÃO DE EMPRESA ESPECIALIZADA EM OBRAS E SERVIÇOS DE ENGENHARIA, PELO CRITÉRIO DE MENOR PREÇO, PARA A CONSTRUÇÃO DA SEGUNDA ETAPA DO ESTÁDIO MUNICIPAL DE SANTA ISABEL DO RIO NEGRO/AM QUE INTEGRAM ESTE EDITAL. VALOR GLOBAL: R$ 962.752,15 (novecentos e sessenta e dois mil e setecentos e cinquenta e dois reais e quinze centavos).VIGÊNCIA: 365 (trezentos e sessenta e cinco) dias podendo ser prorrogado conforme legislação vigente.</p><p></p>]]></Texto>
  </body>
  <Midias />
</article></xml>