﻿<xml><article id="46728494" name="2A ADITIVO - 002-2023" idOficio="11441633" pubName="DO3" artType="Aviso" pubDate="03/12/2025" artClass="00075:00009:00093:00000:00000:00000:00000:00000:00000:00000:00106:00000" artCategory="Prefeituras/Estado do Maranhão/Prefeitura Municipal de Esperantinópolis" artSize="12" artNotes="" numberPage="242" pdfPage="http://pesquisa.in.gov.br/imprensa/jsp/visualiza/index.jsp?data=03/12/2025&amp;jornal=530&amp;pagina=242" editionNumber="230" highlightType="" highlightPriority="" highlight="" highlightimage="" highlightimagename="" idMateria="23374134">
  <body>
    <Identifica><![CDATA[ EXTRATO De TERMO  ADITIVO]]></Identifica>
    <Data><![CDATA[]]></Data>
    <Ementa />
    <Titulo />
    <SubTitulo />
    <Texto><![CDATA[<p class="identifica">EXTRATO De TERMO ADITIVO</p><p>EXTRATO DO 2º TERMO DE ADITIVO do CONTRATO Nº 010111002/2023; AD/2010111002/2023; CONCORRÊNCIA Nº. 002/2023; CONTRATANTE: PREFEITURA MUNICIPAL DE ESPERANTINOPOLIS - MA, através da Secretaria Municipal de Educação neste ato representada pela Sra. Leiliana de Sousa Carneiro, CONTRATADO: D.P DE SOUZA LOCAÇÃO E CONSTRUÇÃO, CNPJ: 23.256.509/0001-03, sediada na Av. Principal, nº 1000- Bairro Renascença. Cep. 65.690-000, Colinas-MA. Clausula segunda - DA ALTERAÇÃO: De acordo com o art 57, paragrafo 1, inciso III e VI da lei 8666/93, fica prorrogado o contrato n° 010111002/2023 de prestação de serviço, resultante da CONCORRÊNCIA Nº. 002/2023, por mais 12 meses. PRAZO: BASE LEGAL: art. 57, paragrafo 1, inciso III e VI da Lei nº 8.666, de 1993 e suas alterações. DATA DE ASSINATURA: 28/11/2025. Leiliana de Sousa Carneiro, Secretária Municipal de Educação. Esperantinópolis - MA, em 28 de novembro de 2025</p><p>Leiliana de Sousa Carneiro, Secretária Municipal de Educação, Portaria 141/2024, Responsável legal da CONTRATANTE.</p>]]></Texto>
  </body>
  <Midias />
</article></xml>