﻿<xml><article id="46728422" name="Pregao Eletronico 148.2025 - RP " idOficio="11441669" pubName="DO3" artType="Aviso" pubDate="03/12/2025" artClass="00075:00015:00028:00000:00000:00000:00000:00000:00000:00000:00106:00000" artCategory="Prefeituras/Estado do Paraná/Prefeitura Municipal de Arapongas" artSize="12" artNotes="" numberPage="275" pdfPage="http://pesquisa.in.gov.br/imprensa/jsp/visualiza/index.jsp?data=03/12/2025&amp;jornal=530&amp;pagina=275" editionNumber="230" highlightType="" highlightPriority="" highlight="" highlightimage="" highlightimagename="" idMateria="23374161">
  <body>
    <Identifica><![CDATA[ AVISO DE LICITAÇÃO ]]></Identifica>
    <Data><![CDATA[ Arapongas, 1º de dezembro de 2025.]]></Data>
    <Ementa />
    <Titulo />
    <SubTitulo />
    <Texto><![CDATA[<p class="identifica">AVISO DE LICITAÇÃO</p><p class="identifica">PREGÃO ELETRÔNICO Nº 148/2025</p><p>UASG 987427 - PMA</p><p>A Prefeitura Municipal de Arapongas/PR, avisa aos interessados que fará abertura da licitação na modalidade Pregão Eletrônico, do tipo MENOR PREÇO, que tem por objeto Registro de Preços para aquisição de insumos odontológicos em atendimento a Secretaria Municipal de Saúde referente a aquisição de insumos para atendimento na atenção básica e especializada. Abertura das propostas e recebimento dos lances: a partir das 09h:00min do dia 14 de janeiro de 2026. Edital na íntegra: à disposição dos interessados na Gerência de Licitações e Contratos, Rua Garças, 750, Centro, Arapongas, Paraná e no site https://arapongas.atende.net/subportal/licitacao ou através do site endereço eletrônico www.comprasnet.gov.br/consultalicitacoes/ConsLicitacao_Filtro.asp , informando Nº do Pregão e o código UASG 987427. Informações complementares através do e-mail licitacao.pregao@arapongas.pr.gov.br .</p><p class="data">Arapongas, 1º de dezembro de 2025.</p><p class="assina">Josiane Cristina Cipola Pagan</p><p class="cargo">Pregoeira</p>]]></Texto>
  </body>
  <Midias />
</article></xml>