﻿<xml><article id="46726547" name="08 PREFEITURA MUNICIPAL DE CURUC" idOficio="11443089" pubName="DO3" artType="Aviso" pubDate="03/12/2025" artClass="00075:00013:00137:00000:00000:00000:00000:00000:00000:00000:00106:00000" artCategory="Prefeituras/Estado do Pará/Prefeitura Municipal de Curuçá" artSize="12" artNotes="" numberPage="262" pdfPage="http://pesquisa.in.gov.br/imprensa/jsp/visualiza/index.jsp?data=03/12/2025&amp;jornal=530&amp;pagina=262" editionNumber="230" highlightType="" highlightPriority="" highlight="" highlightimage="" highlightimagename="" idMateria="23376023">
  <body>
    <Identifica><![CDATA[AVISO DE LICITAÇÃO]]></Identifica>
    <Data><![CDATA[Em 1º de dezembro de 2025]]></Data>
    <Ementa />
    <Titulo />
    <SubTitulo />
    <Texto><![CDATA[<p class="identifica">AVISO DE LICITAÇÃO</p><p class="identifica">PREGÃO ELETRÔNICO SRP Nº 24/2025</p><p>A Prefeitura de Curuçá, torna público a realização do PREGÃO ELETRÔNICO SRP Nº024/2025 - PMC. Objeto: registro de preços para eventual e futura contratação de empresa para fornecimento de água mineral e gás liquefeito de petróleo-glp, para atender as demandas da prefeitura de curuça e seus respectivos fundos municipais. Do tipo Menor Preço por item. DATA DE ABERTURA: 15/12/2025, às 09:30h. integra do edital e seus anexos estarão disponíveis aos interessados no endereço: https://licitanet.com.br, Mural dos Jurisdicionados e no site https://curuca.pa.gov.br/.</p><p class="data">Em 1º de dezembro de 2025</p><p class="assina">Hamilton Brito dos Santos Alves</p><p class="cargo">Prefeito</p>]]></Texto>
  </body>
  <Midias />
</article></xml>