﻿<xml><article id="46734819" name="Of. 017 TA0057-PS_2025_0001 - ZI" idOficio="11440844" pubName="DO3" artType="Extrato de Termo Aditivo" pubDate="03/12/2025" artClass="00041:00022:00016:00000:00000:00000:00000:00000:00000:00000:00053:00000" artCategory="Ministério de Portos e Aeroportos/Empresa Brasileira de Infraestrutura Aeroportuária/Diretoria Executiva" artSize="12" artNotes="" numberPage="146" pdfPage="http://pesquisa.in.gov.br/imprensa/jsp/visualiza/index.jsp?data=03/12/2025&amp;jornal=530&amp;pagina=146" editionNumber="230" highlightType="" highlightPriority="" highlight="" highlightimage="" highlightimagename="" idMateria="23373003">
  <body>
    <Identifica><![CDATA[ EXTRATO DE TERMO ADITIVO Nº  TA0057-PS/2025/0001]]></Identifica>
    <Data><![CDATA[]]></Data>
    <Ementa />
    <Titulo />
    <SubTitulo />
    <Texto><![CDATA[<p class="identifica">EXTRATO DE TERMO ADITIVO Nº TA0057-PS/2025/0001</p><p>1º TA ao TC n. 0129-PS/2025/0001. Contratada: ZIVASEC TECNOLOGIA E SOLUÇÕES LTDA - Objeto: Alteração contratual, a partir de 01/12/2025, constituída pelo acréscimo de atendimento técnico presencial para o Escritório de São Paulo/SP - PRSP-1 e alteração contratual, a partir de 01/12/2025, constituída pela supressão do atendimento técnico no Aeroporto de Paulo Afonso/BA (SBUF). Valor do TA: R$ 192.900,00. Autoridade competente: Ana Cláudia Habbema Revoredo - Superintendente I. Disponível em: http://licitacao.infraero.gov.br/portal_licitacao/servlet/DetalheLicitacao?idLicitacao=176846</p>]]></Texto>
  </body>
  <Midias />
</article></xml>