﻿<xml><article id="46726205" name="MODELO - Publicacao INCOM Reconh" idOficio="11442906" pubName="DO3" artType="Extrato" pubDate="03/12/2025" artClass="00025:00137:00025:00000:00000:00000:00000:00000:00000:00000:00170:00000" artCategory="Ministério da Educação/Empresa Brasileira de Serviços Hospitalares/Filial Hospital de Ensino Dr. Washington Antônio de Barros" artSize="12" artNotes="" numberPage="98" pdfPage="http://pesquisa.in.gov.br/imprensa/jsp/visualiza/index.jsp?data=03/12/2025&amp;jornal=530&amp;pagina=98" editionNumber="230" highlightType="" highlightPriority="" highlight="" highlightimage="" highlightimagename="" idMateria="23375804">
  <body>
    <Identifica><![CDATA[ EXTRATO DE RECONHECIMENTO DE DÍVIDA]]></Identifica>
    <Data><![CDATA[]]></Data>
    <Ementa />
    <Titulo />
    <SubTitulo />
    <Texto><![CDATA[<p class="identifica">EXTRATO DE RECONHECIMENTO DE DÍVIDA</p><p>UASG 155180. Em 03/12/2025. Contratante HOSP DE ENSINO DR WASHINGTON ANTONIO DE BARRO. Contratado 27.049.306/0001-99 - INSTITUTO MEMORIAL DO VALE. Objeto: Prestação de serviços contínuos complementares de imagem para o diagnóstico e terapia nas especialidades de neurologia e vascular. Valor reconhecido: R$ 4.583,44. Processo 23542.013538/2025-19. LEANDRO ALEXANDRINO PEREIRA CAMPOS CHEFE DA UNIDADE DE CONTRATOS.</p>]]></Texto>
  </body>
  <Midias />
</article></xml>