﻿<xml><article id="46727051" name="PUBLICACAO PRIMEIRO ADITIVO" idOficio="11436010" pubName="DO3" artType="Extrato de Termo Aditivo" pubDate="03/12/2025" artClass="00071:00554:00000:00000:00000:00000:00000:00000:00000:00000:00053:00000" artCategory="Entidades de Fiscalização do Exercício das Profissões Liberais/CONSELHO REGIONAL DOS REPRESENTANTES COMERCIAIS DO ESTADO DE SÃO PAULO" artSize="12" artNotes="" numberPage="207" pdfPage="http://pesquisa.in.gov.br/imprensa/jsp/visualiza/index.jsp?data=03/12/2025&amp;jornal=530&amp;pagina=207" editionNumber="230" highlightType="" highlightPriority="" highlight="" highlightimage="" highlightimagename="" idMateria="23365583">
  <body>
    <Identifica><![CDATA[  EXTRATO DE TERMO ADITIVO]]></Identifica>
    <Data><![CDATA[]]></Data>
    <Ementa />
    <Titulo />
    <SubTitulo />
    <Texto><![CDATA[<p class="identifica">EXTRATO DE TERMO ADITIVO</p><p>Espécie: PRIMEIRO TERMO ADITIVO AO CONTRATO</p><p>PARTES: NETWORK SECURE SEGURANÇA DA INFORMAÇÃO LTDA, CNPJ nº 05.250.796/0001-54 e CONSELHO REGIONAL DOS REPRESENTANTES COMERCIAIS NO ESTADO DE SÃO PAULO - CORE-SP, CNPJ nº 60.746.179/0001-52. OBJETO: prorrogação do prazo de vigência dos itens 02,03,07,13 do contrato de solução de tecnologia da informação e comunicação, solução de firewall de aplicação, endpoint fortinet, subscrição de licenças e suporte técnico; FUNDAMENTO LEGAL: Artigo 57, II da Lei nº 8.666/93. VIGÊNCIA: 18 de novembro de 2025 a 17 de novembro de 2026, em relação aos itens 02, 07 e 13, e de 18 de novembro de 2025 a 18 de maio de 2026, quanto ao item 03; DO VALOR: o valor total estimado para o período de vigência do contrato será de R$ 148.317,08 (cento e quarenta e oito mil, trezentos e dezessete reais e oito centavos).</p><p>São Paulo, 3 de dezembro de 2025.</p>]]></Texto>
  </body>
  <Midias />
</article></xml>