﻿<xml><article id="46728911" name="EXTRATO - VITORIA DA CONQUISTA 9" idOficio="11424098" pubName="DO3" artType="Extrato" pubDate="03/12/2025" artClass="00073:04617:01196:00000:00000:00000:00000:00000:00000:00000:00170:00000" artCategory="Ineditoriais/FACULDADE UNINASSAU VITÓRIA DA CONQUISTA" artSize="12" artNotes="" numberPage="209" pdfPage="http://pesquisa.in.gov.br/imprensa/jsp/visualiza/index.jsp?data=03/12/2025&amp;jornal=530&amp;pagina=209" editionNumber="230" highlightType="" highlightPriority="" highlight="" highlightimage="" highlightimagename="" idMateria="23346348">
  <body>
    <Identifica><![CDATA[ aviso DE REGISTRO DE DIPLOMAS]]></Identifica>
    <Data><![CDATA[ Vitória da Conquista-BA, 14 de novembro de 2025.]]></Data>
    <Ementa />
    <Titulo />
    <SubTitulo />
    <Texto><![CDATA[<p class="identifica">aviso DE REGISTRO DE DIPLOMAS</p><p>FACULDADE UNINASSAU VITORIA DA CONQUISTA</p><p>INSTITUTO DE ENSINO SUPERIOR JUVÊNCIO TERRA Ltda. - ME</p><p>CNPJ: 63.182.539/0001-29</p><p>Para fins do disposto no art. 21 da Portaria MEC nº 1.095, de 25 de outubro de 2018, esta instituição de Educação Superior informa que foram registrados 4 (QUATRO) diplomas no período de 15/10/2025 a 12/11/2025, no seguinte livro de registro e sequências numéricas: [livro 8 - registro 427147 a 428367] e [livro 9 - registro 427232]. A relação dos diplomas registrados poderá ser consultada em até quinze dias, no endereço http://www.uninassau.edu.br/</p><p class="data">Vitória da Conquista-BA, 14 de novembro de 2025.</p><p class="assina">CAROLINA TAVARES DE OLIVEIRA</p><p class="cargo">Diretora</p>]]></Texto>
  </body>
  <Midias />
</article></xml>