﻿<xml><article id="46725335" name="CAMPOFORMOSOHOM" idOficio="11442334" pubName="DO3" artType="Aviso" pubDate="03/12/2025" artClass="00075:00005:00133:00000:00000:00000:00000:00000:00000:00000:00106:00000" artCategory="Prefeituras/Estado da Bahia/PREFEITURA MUNICIPAL DE CAMPO FORMOSO" artSize="12" artNotes="" numberPage="223" pdfPage="http://pesquisa.in.gov.br/imprensa/jsp/visualiza/index.jsp?data=03/12/2025&amp;jornal=530&amp;pagina=223" editionNumber="230" highlightType="" highlightPriority="" highlight="" highlightimage="" highlightimagename="" idMateria="23375059">
  <body>
    <Identifica><![CDATA[ avisos de ADJUDICAÇÃO e  HOMOLOGAÇÃO ]]></Identifica>
    <Data><![CDATA[Em 1º de dezembro de 2025. ]]></Data>
    <Ementa />
    <Titulo />
    <SubTitulo />
    <Texto><![CDATA[<p class="identifica">avisos de ADJUDICAÇÃO e HOMOLOGAÇÃO</p><p class="identifica">CONCORRÊNCIA PÚBLICA ELETRÔNICA Nº 9/25</p><p>PROC. ADMINISTRATIVO Nº 0850//2025.</p><p>O Prefeito Municipal de Campo Formoso, Bahia, ADJUDICA e HOMOLOGA o resultado do certame com o objeto: Contratação de Empresa Especializada Para Execução de Obras e Serviços de Engenharia Voltados à Construção do Centro de Comercialização de Produtos Associados Ao Turismo, (Shopping do Garimpeiro), No Município de Campo Formoso-Ba, de Acordo Contrato de Repasse Ogu nº 953396/2023 - Operação 1091787 - 45 Programa A Hora do Turismo - Caixa Econômica Federal, reconhecendo como vitoriosa a empresas CONSTRUSETE CONSTRUTORA LTDA - CNPJ: 13.438.063/0001-76, valor total de R$ 9.382.171,24. Campo Formoso - Bahia, 1º/12/25. Elmo Aluízio Vieira Nascimento-Prefeito Municipal.</p><p class="identifica">PREGÃO ELETRÔNICO Nº 45/2025-SRP</p><p>PROC. ADMINISTRATIVO Nº1006/25</p><p>O Prefeito Municipal de Campo Formoso, BA., ADJUDICA E HOMOLOGA o processo em epígrafe. Objeto: Contratação de empresa especializada para eventual e futura Confecção e Fornecimento de Fardamento Escolar Infantil, para atender aos alunos da Educação Infantil da Rede Municipal de Ensino, do Município de Campo Formoso/BA. Vencedoras: MC BARROS COMERCIO E SERVICOS LTDA - CNPJ: 36.074.101/0001-54, item 1, valor: R$ 67.660,00; VISUAL GRAFICA E CONFECÇÕES LTDA - CNPJ: 09.558.093/0001-49, item 2, valor: R$ 85.000,00. Valor total homologado: R$ 152.660,00.</p><p class="data">Em 1º de dezembro de 2025.</p><p class="assina">Elmo Aluízio Vieira Nascimento</p>]]></Texto>
  </body>
  <Midias />
</article></xml>