﻿<xml><article id="46725818" name="Texto para gerar boleto 1" idOficio="11438115" pubName="DO3" artType="Aviso de Licitação" pubDate="03/12/2025" artClass="00035:00052:00000:00000:00000:00000:00000:00000:00000:00000:00079:00000" artCategory="Ministério de Minas e Energia/Indústrias Nucleares do Brasil S/A" artSize="12" artNotes="" numberPage="141" pdfPage="http://pesquisa.in.gov.br/imprensa/jsp/visualiza/index.jsp?data=03/12/2025&amp;jornal=530&amp;pagina=141" editionNumber="230" highlightType="" highlightPriority="" highlight="" highlightimage="" highlightimagename="" idMateria="23368681">
  <body>
    <Identifica><![CDATA[ AVISO DE LICITAÇÃO]]></Identifica>
    <Data><![CDATA[]]></Data>
    <Ementa />
    <Titulo />
    <SubTitulo />
    <Texto><![CDATA[<p class="identifica">AVISO DE LICITAÇÃO</p><p class="identifica">Nº PE GESUPF Nº 911422025</p><p>Prestação do(s) serviço(s) de manutenção periódica preventiva, e fornecimento e instalação de sistema de automatização dos piezômetros tipo Casagrande instalados nas Barragens de Águas Claras, de Rejeitos e D4 da UDC da Indústrias Nucleares do Brasil conforme Termo de Referência.</p><p>https://www.gov.br/compras/edital/113206-5-91142-2025</p><p>Entrega das Propostas: a partir de 03/12/2025 às 08h00 no site www.gov.br/compras.</p><p>Abertura das Propostas: 18/12/2025 às 10h00 no site www.gov.br/compras.</p><p class="assina">RAPHAEL MARINHO</p><p class="cargo">Pregoeiro</p>]]></Texto>
  </body>
  <Midias />
</article></xml>