﻿<xml><article id="46733954" name="25 11 25 Avisos de Licitacao LC " idOficio="11429901" pubName="DO3" artType="Aviso de Licitação" pubDate="03/12/2025" artClass="00074:00017:00034:00001:00000:00000:00000:00000:00000:00000:00079:00000" artCategory="Governo do Estado/Governo do Estado de Pernambuco/SECRETARIA DE RECURSOS HIDRICOS E DE SANEAMENTO/Companhia Pernambucana de Saneamento-COMPESA" artSize="12" artNotes="" numberPage="216" pdfPage="http://pesquisa.in.gov.br/imprensa/jsp/visualiza/index.jsp?data=03/12/2025&amp;jornal=530&amp;pagina=216" editionNumber="230" highlightType="" highlightPriority="" highlight="" highlightimage="" highlightimagename="" idMateria="23356155">
  <body>
    <Identifica><![CDATA[ AVISOS DE LICITAÇÃO]]></Identifica>
    <Data><![CDATA[ Recife, 25 de novembro de 2025]]></Data>
    <Ementa />
    <Titulo />
    <SubTitulo />
    <Texto><![CDATA[<p class="identifica">AVISOS DE LICITAÇÃO</p><p class="identifica">LICITAÇÃO.COMPESA Nº 272/2025 CEL1</p><p>PROCESSO Nº 3786/2025</p><p>REGISTRO DE PREÇOS PARA AQUISIÇÃO DE VÁLVULAS DIVERSAS. Abertura: 12/12/2025 às 09:00h. Disputa: 12/12/2025 às 10:00h. Edital disponível 03/12/2025. Regrada pela Lei nº 13.303/2016. Informações: Av. Dr. Jayme da Fonte, s/nº - 1º andar - Sto Amaro - Recife/PE - CEP: 50.040-905, das 13h às 16h, fone: 081-3412.9051 ou através do site www.compesa.com.br</p><p class="data">Recife, 25 de novembro de 2025</p><p class="assina">Eduardo Grego Meira de Oliveira</p><p class="cargo">Agente de Licitação</p><p class="identifica">LICITAÇÃO.COMPESA Nº 273/2025 CPL</p><p>PROCESSO Nº 3784/2025</p><p>CONCLUSÃO DAS OBRAS E SERVIÇOS DA ADUTORA DO AGRESTE - LOTE 3B - TRECHOS BUÍQUE A IATI. Abertura: 05/01/2026 às 14:00h. Disputa: 05/01/2026 às 15:00h. Edital disponível 03/12/2025. Regrada pela Lei nº 13.303/2016. Informações: Av. Dr. Jayme da Fonte, s/nº - 1º andar - Sto Amaro - Recife/PE - CEP: 50.040-905, das 13h às 16h, fone: 081-3412.9051 ou através do site www.compesa.com.br</p><p class="data">Recife, 25 de novembro de 2025</p><p class="assina">Sheyla Cristine de Lima Costa</p><p class="cargo">Presidente da CPL</p><p class="identifica">LICITAÇÃO.COMPESA Nº 279/2025 CSL</p><p>PROCESSO Nº 3848/2025</p><p>REGISTRO DE PREÇOS PARA AQUISIÇÃO DE TRANSFORMADORES DE FORÇA. Abertura: 11/12/2025 às 09:00h. Disputa: 11/12/2025 às 10:00h. Edital disponível 03/12/2025. Regrada pela Lei nº 13.303/2016. Informações: Av. Dr. Jayme da Fonte, s/nº - 1º andar - Sto Amaro - Recife/PE - CEP: 50.040-905, das 13h às 16h, fone: 081-3412.9051 ou através do site www.compesa.com.br</p><p class="data">Recife, 25 de novembro de 2025</p><p class="assina">Flávia Soares Lacerda</p><p class="cargo">Agente de Licitação</p>]]></Texto>
  </body>
  <Midias />
</article></xml>