﻿<xml><article id="46732100" name="Extrato de Contrato 126-2025 - i" idOficio="11442420" pubName="DO3" artType="Extrato de Contrato" pubDate="03/12/2025" artClass="00075:00023:00239:00000:00000:00000:00000:00000:00000:00000:00030:00000" artCategory="Prefeituras/Estado de Santa Catarina/Prefeitura Municipal de Porto União" artSize="12" artNotes="" numberPage="296" pdfPage="http://pesquisa.in.gov.br/imprensa/jsp/visualiza/index.jsp?data=03/12/2025&amp;jornal=530&amp;pagina=296" editionNumber="230" highlightType="" highlightPriority="" highlight="" highlightimage="" highlightimagename="" idMateria="23375180">
  <body>
    <Identifica><![CDATA[ Extrato de Contrato]]></Identifica>
    <Data><![CDATA[]]></Data>
    <Ementa />
    <Titulo />
    <SubTitulo />
    <Texto><![CDATA[<p class="identifica">Extrato de Contrato</p><p>EXTRATO DE TERMO DE CONTRATO Nº 126/2025</p><p>Partes: Município de Porto União e Associação Casa do Adalto apoio às Crianças e Adolescentes em Tratamento de Neoplasia.</p><p>Objeto: Contratação de empresa para prestação de serviços de acolhimento e hospedagem aos pacientes da Secretaria Municipal de Saúde de Porto União/SC.</p><p>Vigência: A vigência da contratação será de 12 (doze) meses, podendo ser prorrogado na forma da Lei 14.133/2021, se houver interesse entre as partes.</p><p>Valor: O preço a ser pago pelo fornecimento do objeto do presente contrato é de R$ 62.720,00 (sessenta e dois mil, setecentos e vinte reais).</p><p>Base legal: Inexigibilidade de Licitação 025/2025, Lei 14.133/2021.</p><p>Código registro TCE: D6286614F45E15A3C337FA37F6E1A330D4D30285 Porto União SC, 4 de novembro de 2025. Juliano Hassan. Prefeito Municipal.</p>]]></Texto>
  </body>
  <Midias />
</article></xml>