﻿<xml><article id="46742276" name="2025-12-01/11442799/siasgnet_233" idOficio="11442799" pubName="DO3" artType="Aviso de Licitação-Pregão" pubDate="03/12/2025" artClass="00016:00011:00015:00013:00004:01601:00000:00000:00000:00000:00162:00001" artCategory="Ministério da Defesa/Comando do Exército/Comando Militar do Sul/5ª Divisão de Exército/15ª Brigada de Infantaria Mecanizada/34º Batalhão de Infantaria Mecanizado" artSize="12" artNotes="" numberPage="35" pdfPage="http://pesquisa.in.gov.br/imprensa/jsp/visualiza/index.jsp?data=03/12/2025&amp;jornal=530&amp;pagina=35" editionNumber="230" highlightType="" highlightPriority="" highlight="" highlightimage="" highlightimagename="" idMateria="23375732">
  <body>
    <Identifica><![CDATA[ AVISO DE LICITAÇÃO]]></Identifica>
    <Data><![CDATA[]]></Data>
    <Ementa />
    <Titulo />
    <SubTitulo />
    <Texto><![CDATA[<p class="identifica">AVISO DE LICITAÇÃO</p><p class="identifica">Pregão Eletrônico Nº 90006/2025 - UASG 160226</p><p>Nº Processo: 65314004878202592. Objeto: Aquisição de Gêneros Alimentícios visando atender as demandas do 34º Batalhão de Infantaria Mecanizada. . Total de Itens Licitados: 118. Edital: 03/12/2025 das 08h00 às 12h00 e das 13h30 às 17h00. Endereço: Av Republica Argentina, 593 - América_- Cx Postal 681, - Foz do Iguaçu/PR ou https://www.gov.br/compras/edital/160226-5-90006-2025. Entrega das Propostas: a partir de 03/12/2025 às 08h00 no site www.gov.br/compras. Abertura das Propostas: 19/12/2025 às 10h30 no site www.gov.br/compras. Informações Gerais: .</p><p class="assina">VICTOR BERNARDES DE FARIA</p><p class="cargo">Ordenador de Despesas</p><p>(SIASGnet - 01/12/2025) 160226-00001-2025NE000001</p>]]></Texto>
  </body>
  <Midias />
</article></xml>