﻿<xml><article id="46725692" name="EXTRATO DE CONTRATO NOVEMBRO" idOficio="11434668" pubName="DO3" artType="Extrato de Contrato" pubDate="03/12/2025" artClass="00071:00143:00000:00000:00000:00000:00000:00000:00000:00000:00030:00000" artCategory="Entidades de Fiscalização do Exercício das Profissões Liberais/CONSELHO REGIONAL DE CONTABILIDADE EM PERNAMBUCO" artSize="12" artNotes="" numberPage="204" pdfPage="http://pesquisa.in.gov.br/imprensa/jsp/visualiza/index.jsp?data=03/12/2025&amp;jornal=530&amp;pagina=204" editionNumber="230" highlightType="" highlightPriority="" highlight="" highlightimage="" highlightimagename="" idMateria="23363705">
  <body>
    <Identifica><![CDATA[ EXTRATO DE CONTRATO]]></Identifica>
    <Data><![CDATA[]]></Data>
    <Ementa />
    <Titulo />
    <SubTitulo />
    <Texto><![CDATA[<p class="identifica">EXTRATO DE CONTRATO</p><p>RENOVAÇÕES: Proc. Adm. nº 2025/054 Dispensa nº 021/2022. Objeto: 3ª Renovação do Contrato com a Empresa PROTECTSAT Serviços de Monitoramento de Veículos LTDA, para Prestação de Serviço de Rastreamento e Monitoramento Veicular pelo período de 12 (doze) meses ininterruptamente para os 4 (quatro) Veículos da Sede deste CRC-PE. CNPJ: 09.575.197/0001-61, Valor: R$ 2.400,00, Vigência: 03/11/2025 A 02/11/2026. Proc. Adm. nº 2025/052 Dispensa de Licitação nº 022/2022. Objeto: 3ª Renovação Contratual com a Empresa Ronso Informática e Telecomunicações LTDA, para Prestação de Serviço de Backup em Nuvem para um Volume de Dados de 03 TB (Três Terabytes) com Solução de Backup Integrada, incluindo Garantia de Funcionamento e Suporte Técnico. CNPJ: 05.943.583/0001-08, Valor: R$ 17.580,00, Vigência: 10/11/2025 A 09/11/2026. Proc. Adm. nº 2025/053 Inexigibilidade nº 001/2022. Objeto: 3ª Renovação Contratual com a Empresa TK Elevadores Brasil LTDA, Especializada na Prestação de Serviços de Manutenção para o Elevador do Prédio da atual sede do CRC/PE. CNPJ: 90.347.840/0008-94, Valor: R$ 12.966,72 Vigência: 18/11/2025 A 17/11/2026. Em tempo, Proc. Adm. nº 2025/015 Dispensa de Licitação nº 008/2024. 1ª Renovação Contratual com a Empresa C&amp;C Comércio e Serviços de Materiais Contra Incêndio LTDA, Especializada em Recarga e Manutenção de Todos os Extintores Contra Incêndio da atual sede do CRC/PE. CNPJ 19.264.511/0001-49, Valor: R$ 1.136,00, Vigência: 01/08/2025 A 31/07/2026. Contratante: Conselho Regional de Contabilidade em Pernambuco - CRC/PE. Roberto Vieira do Nascimento - Presidente.</p>]]></Texto>
  </body>
  <Midias />
</article></xml>