﻿<xml><article id="46743163" name="2025-12-01/11443632/siasgnet_233" idOficio="11443632" pubName="DO3" artType="Aviso de Licitação-Pregão" pubDate="03/12/2025" artClass="00070:00022:00000:00000:00000:00000:00000:00000:00000:00000:00162:00001" artCategory="Poder Judiciário/Tribunal Regional Eleitoral de Goiás" artSize="12" artNotes="" numberPage="197" pdfPage="http://pesquisa.in.gov.br/imprensa/jsp/visualiza/index.jsp?data=03/12/2025&amp;jornal=530&amp;pagina=197" editionNumber="230" highlightType="" highlightPriority="" highlight="" highlightimage="" highlightimagename="" idMateria="23376912">
  <body>
    <Identifica><![CDATA[ AVISO DE LICITAÇÃO]]></Identifica>
    <Data><![CDATA[]]></Data>
    <Ementa />
    <Titulo />
    <SubTitulo />
    <Texto><![CDATA[<p class="identifica">AVISO DE LICITAÇÃO</p><p class="identifica">Pregão Eletrônico Nº 90046/2025 - UASG 70023</p><p>Nº Processo: 25.0.000008989-6. Objeto: Contratação de serviços consistentes na execução de reforma, pintura feita no local e instalação de guarda-corpo e gaiola nos reservatórios situados nos prédios dos cartórios eleitorais de Anápolis, Aparecida de Goiânia, Caldas Novas, Campos Belos, Formosa, Goiás, Itumbiara, Jataí, Luziânia, Mozarlândia, Palmeiras de Goiás, Pires do Rio, Rio Verde, Trindade, Uruaçu e Valparaíso de Goiás, conforme condições, especificações, quantidades e exigências estabelecidas no Edital. Total de Itens Licitados: 1. Edital: 03/12/2025 das 09h00 às 17h59. Endereço: Praca Civica, 300 - Centro, - Goiânia/GO ou https://www.gov.br/compras/edital/70023-5-90046-2025. Entrega das Propostas: a partir de 03/12/2025 às 09h00 no site www.gov.br/compras. Abertura das Propostas: 18/12/2025 às 09h00 no site www.gov.br/compras.</p><p class="assina">BENEDITO DA COSTA VELOSO FILHO</p><p class="cargo">Assessor de Licitações</p><p>(SIASGnet - 01/12/2025) 70023-00001-2025NE000039</p>]]></Texto>
  </body>
  <Midias />
</article></xml>