﻿<xml><article id="46729319" name="Termo de Rescisao Unilateral - 2" idOficio="11439266" pubName="DO3" artType="Extrato de Rescisão" pubDate="03/12/2025" artClass="00028:00050:00027:00000:00000:00000:00000:00000:00000:00000:00105:00000" artCategory="Ministério da Fazenda/Serviço Federal de Processamento de Dados/Regional Recife" artSize="12" artNotes="" numberPage="120" pdfPage="http://pesquisa.in.gov.br/imprensa/jsp/visualiza/index.jsp?data=03/12/2025&amp;jornal=530&amp;pagina=120" editionNumber="230" highlightType="" highlightPriority="" highlight="" highlightimage="" highlightimagename="" idMateria="23370229">
  <body>
    <Identifica><![CDATA[ EXTRATO DE RESCISÃO]]></Identifica>
    <Data><![CDATA[]]></Data>
    <Ementa />
    <Titulo />
    <SubTitulo />
    <Texto><![CDATA[<p class="identifica">EXTRATO DE RESCISÃO</p><p>EXTRATO DE TERMO DE RESCISÃO UNILATERAL Nº 260029/2025 - UASG 803040</p><p>Processo Nº 01922/2018. Pregão: Nº 1922/2018. Contratante: SERVIÇO FEDERAL DE PROCESSAMENTO DE DADOS (SERPRO). CNPJ da Contratada: 22.698.394/0001-36 - ALVO TERCEIRIZAÇÃO EM SERVIÇOS ESPECIALIZADOS EIRELI. Objeto: Termo de Rescisão Unilateral. Data da Assinatura: 28/11/2025.</p>]]></Texto>
  </body>
  <Midias />
</article></xml>