﻿<xml><article id="46733159" name="MT-003-ECT-00430790" idOficio="11442466" pubName="DO3" artType="Aviso de Alteração" pubDate="03/12/2025" artClass="00014:00021:00049:00022:00000:00000:00000:00000:00000:00000:00068:00000" artCategory="Ministério das Comunicações/Empresa Brasileira de Correios e Telégrafos/Diretoria de Governança e Estratégia/Superintendência Estadual N4 MT" artSize="12" artNotes="" numberPage="17" pdfPage="http://pesquisa.in.gov.br/imprensa/jsp/visualiza/index.jsp?data=03/12/2025&amp;jornal=530&amp;pagina=17" editionNumber="230" highlightType="" highlightPriority="" highlight="" highlightimage="" highlightimagename="" idMateria="23375216">
  <body>
    <Identifica><![CDATA[ AVISO DE ALTERAÇÃO]]></Identifica>
    <Data><![CDATA[]]></Data>
    <Ementa />
    <Titulo />
    <SubTitulo />
    <Texto><![CDATA[<p class="identifica">AVISO DE ALTERAÇÃO</p><p>Chamamento Público nº 01/2024 - SE/MT. Com a finalidade de ampliar as regiões de interesse para instalação do Canal Ponto de Coleta, comunicamos a alteração do Anexo 3 (Localidades) do Edital. O inteiro teor dos documentos poderá ser consultado no site dos Correios: https://editais.correios.com.br/app/consultar/licitacoes/. Informações pelo e-mail pontodecoletamt@correios.com.br</p><p class="assina">LAURELINE FERREIRA ASSIS</p><p class="cargo">Coordenador da Comissão de Análise e Habilitação SE/MT</p>]]></Texto>
  </body>
  <Midias />
</article></xml>