﻿<xml><article id="46732061" name="19_EXTRATO HOMOLOGACAO - DOU__O3" idOficio="11442130" pubName="DO3" artType="Aviso de Homologação" pubDate="03/12/2025" artClass="00075:00012:00929:00000:00000:00000:00000:00000:00000:00000:00075:00000" artCategory="Prefeituras/Estado de Minas Gerais/Prefeitura Municipal de Santana do Paraiso" artSize="12" artNotes="" numberPage="257" pdfPage="http://pesquisa.in.gov.br/imprensa/jsp/visualiza/index.jsp?data=03/12/2025&amp;jornal=530&amp;pagina=257" editionNumber="230" highlightType="" highlightPriority="" highlight="" highlightimage="" highlightimagename="" idMateria="23374777">
  <body>
    <Identifica><![CDATA[AVISO DE HOMOLOGAÇÃO]]></Identifica>
    <Data><![CDATA[Em 1º de dezembro de 2025]]></Data>
    <Ementa />
    <Titulo />
    <SubTitulo />
    <Texto><![CDATA[<p class="identifica">AVISO DE HOMOLOGAÇÃO</p><p class="identifica">CHAMAMENTO PÚBLICO Nº 2/2025</p><p>A Secretária Municipal de Governo, Planejamento, Desenvolvimento Econômico, Tu-rismo e Cultura, nos termos da legislação vigente, e com vistas às justificativas técni-cas e jurídicas, HOMOLOGA o Processo Administrativo de Compras nº. 067/2025, Chamamento Público para a seleção de empresa do ramo de construção civil apta a celebrar contrato com a Caixa Econômica Federal - CEF, interessada na edificação de 192 unidades de interesse social, através da apresentação de projeto e construção no âmbito do Programa MCMV Faixa 2 - FAR, com vistas a atender famílias de baixa ren-da do Município de Santana do Paraíso/MG. Venceu o certame a SPE PAVLIX MOR-RO VERDE LTDA, composto pelas empresas PAVLIX ENGENHARIA E CONSTRU-ÇÕES LTDA e MORRO VERDE EMPREENDIMENTOS LTDA, com a proposta de R$220.000,00 (duzentos e vinte mil reais) por unidade habitacional, sendo R$42.240.000,00 (quarenta e dois milhões duzentos e quarenta mil reais) o valor total do empreendimento.</p><p class="data">Em 1º de dezembro de 2025</p><p class="assina">Paula Silva Araújo Cunha</p><p class="cargo">Secretária Municipal de Governo, Planejamento, Desenvolvimento Econômico, Turismo e Cultura</p>]]></Texto>
  </body>
  <Midias />
</article></xml>