﻿<xml><article id="46733675" name="23. Adiamento - PE SRP NA 13-202" idOficio="11420684" pubName="DO3" artType="Aviso de Adiamento" pubDate="03/12/2025" artClass="00074:00009:00049:00000:00000:00000:00000:00000:00000:00000:00064:00000" artCategory="Governo do Estado/Governo do Estado de Goiás/CORPO DE BOMBEIROS DO ESTADO DE GOIÁS" artSize="12" artNotes="" numberPage="215" pdfPage="http://pesquisa.in.gov.br/imprensa/jsp/visualiza/index.jsp?data=03/12/2025&amp;jornal=530&amp;pagina=215" editionNumber="230" highlightType="" highlightPriority="" highlight="" highlightimage="" highlightimagename="" idMateria="23339315">
  <body>
    <Identifica><![CDATA[AVISO DE ADIAMENTO PREGÃO ELETRÔNICO SRP Nº 13/2025 - CBMGO]]></Identifica>
    <Data><![CDATA[]]></Data>
    <Ementa />
    <Titulo />
    <SubTitulo />
    <Texto><![CDATA[<p class="identifica">AVISO DE ADIAMENTO PREGÃO ELETRÔNICO SRP Nº 13/2025 - CBMGO</p><p>Modalidade: Pregão Eletrônico SRP nº 13/2025. Processo SEI/GO: 202500005020103. Contratação SISLOG nº: 115107. Objeto: Sistema de Registro de Preços (SRP) para eventual aquisição de conjunto de combate a incêndio estrutural, para atender as necessidades do Corpo de Bombeiros Militar do Estado de Goiás. Comunicamos que a sessão pública definida para o dia 19/11/2025 às 09h00 FOI ADIADA "SINE DIE", em virtude da necessidade de revisão nas especificações do objeto, constantes do Termo de Referência - Anexo I do Edital. A nova data do certame, juntamente com o novo Termo de Referência e/ou demais documentos, se houver, serão publicados e estarão disponíveis em momento oportuno no PNCP, SISLOG, DOU, DOE, Jornal de Grande Circulação e Site do CBMGO.</p><p class="assina">WASHINGTON LUIZ VAZ JÚNIOR - CEL QOC</p><p class="cargo">Comandante-Geral do CBMGO</p>]]></Texto>
  </body>
  <Midias />
</article></xml>