﻿<xml><article id="46726535" name="AVISO LICIT P.E 47-2025" idOficio="11442494" pubName="DO3" artType="Aviso de Licitação" pubDate="03/12/2025" artClass="00075:00016:00027:00000:00000:00000:00000:00000:00000:00000:00078:00000" artCategory="Prefeituras/Estado de Pernambuco/Prefeitura Municipal de Afrânio" artSize="12" artNotes="" numberPage="278" pdfPage="http://pesquisa.in.gov.br/imprensa/jsp/visualiza/index.jsp?data=03/12/2025&amp;jornal=530&amp;pagina=278" editionNumber="230" highlightType="" highlightPriority="" highlight="" highlightimage="" highlightimagename="" idMateria="23375248">
  <body>
    <Identifica><![CDATA[AVISO DE LICITAÇÃO]]></Identifica>
    <Data><![CDATA[]]></Data>
    <Ementa />
    <Titulo />
    <SubTitulo />
    <Texto><![CDATA[<p class="identifica">AVISO DE LICITAÇÃO</p><p class="identifica">PE/SRP n° 47/2025</p><p>PL n° 156/2025.Obj: Registro de Preços para eventual contratação de empresa especializada para aquisição de medicamentos, com base na listagem de "a" a "z" da última edição atualizada do órgão oficial da Associação Brasileira do Comércio Farmacêutico - ABCFARMA. Abert: 15.12.25 às 13h. EDITAL: http://www.portaldecompraspublicas.com.br/</p><p class="assina">Vandelmar Nogueira</p><p class="cargo">Pregoeiro</p>]]></Texto>
  </body>
  <Midias />
</article></xml>