﻿<xml><article id="46727033" name="AVISO DE LICITACAO - Conc 010-20" idOficio="11443286" pubName="DO3" artType="Aviso de Licitação" pubDate="03/12/2025" artClass="00075:00013:00093:00000:00000:00000:00000:00000:00000:00000:00078:00000" artCategory="Prefeituras/Estado do Pará/Prefeitura Municipal de Almeirim" artSize="12" artNotes="" numberPage="260" pdfPage="http://pesquisa.in.gov.br/imprensa/jsp/visualiza/index.jsp?data=03/12/2025&amp;jornal=530&amp;pagina=260" editionNumber="230" highlightType="" highlightPriority="" highlight="" highlightimage="" highlightimagename="" idMateria="23376366">
  <body>
    <Identifica><![CDATA[ AVISO DE LICITAÇÃO]]></Identifica>
    <Data><![CDATA[ Almeirim - PA, 2 de dezembro de 2025.]]></Data>
    <Ementa />
    <Titulo />
    <SubTitulo />
    <Texto><![CDATA[<p class="identifica">AVISO DE LICITAÇÃO</p><p class="identifica">CONCORRÊNCIA Nº 10/2025 -PMA</p><p>O Município de ALMEIRIM, através do PREFEITURA MUNICIPAL DE ALMEIRIM, por intermédio da Ordenadora de Despesas, torna público que realizará às 09:00 horas do dia 14 de janeiro de 2026, a Licitação na modalidade Concorrência Eletrônica, do tipo Menor Preço Global, com Objeto: Contratação de Pessoa Jurídica para Execução dos Serviços de Pavimentação Asfáltica em Vias Públicas no Município de Almeirim-PA, conforme Convênio n°. 954970/TRANSFEREGOV/CAIXA, conforme projeto e especificações diversas, para atender as necessidades da Secretaria Executiva de Infraestrutura de Almeirim-PA, de acordo com o que determina a legislação vigente, a realizar-se na página eletrônica: www.licitanet.com.br. O procedimento Licitatório obedecerá ao disposto na Lei Federal 14.133/21, e suas alterações posteriores.</p><p>O Edital e seus anexos encontram-se à disposição dos interessados na sala da Comissão de Licitação no horário de expediente, na Rodovia Almeirim Panaicá Nº 510 - Centro, no Mural do TCM, e na página eletrônica www.licitanet.com.br a partir da publicação deste Aviso.</p><p class="data">Almeirim - PA, 2 de dezembro de 2025.</p><p class="assina">Maria Lucidalva Bezerra de Carvalho</p><p class="cargo">Prefeita</p>]]></Texto>
  </body>
  <Midias />
</article></xml>