﻿<xml><article id="46730933" name="MODELO DE EXTRATO DE ADITIVO DE " idOficio="11442784" pubName="DO3" artType="Extrato de Termo Aditivo" pubDate="03/12/2025" artClass="00075:00003:00017:00000:00000:00000:00000:00000:00000:00000:00053:00000" artCategory="Prefeituras/Estado do Amapá/Prefeitura Municipal de Tartarugalzinho" artSize="12" artNotes="" numberPage="219" pdfPage="http://pesquisa.in.gov.br/imprensa/jsp/visualiza/index.jsp?data=03/12/2025&amp;jornal=530&amp;pagina=219" editionNumber="230" highlightType="" highlightPriority="" highlight="" highlightimage="" highlightimagename="" idMateria="23375668">
  <body>
    <Identifica><![CDATA[EXTRATO DE TERMO ADITIVO]]></Identifica>
    <Data><![CDATA[]]></Data>
    <Ementa />
    <Titulo />
    <SubTitulo />
    <Texto><![CDATA[<p class="identifica">EXTRATO DE TERMO ADITIVO</p><p>EXTRATO PRIMEIRO DE TERMO ADITIVO DE SERVIÇO E VALOR AO CONTRATO Nº 7/2024-SEMIOS /PMT. SICOV Nº 93866/2022</p><p>Extrato de Termo de Aditivo de Serviço E Valor ao contrato Nº 007/2024 SEMIOS/PMT, que entre si celebram a PREFEITURA MUNICIPAL DE TARTARUGALZINHO por intermédio da Secretaria Municipal de Infraestrutura Obras e Serviços -SEMIOS/PMT, representado pelo Secretário de Obras o Sr. MIGUEL DA SILVA DUARTE JUNIOR e a empresa EUCAPINO CONSTRUÇÕES E SERVIÇOS-LTDA, inscrita no CNPJ (MF) nº 34.931.002/0001-97. Fundamentação Legal: A Lei Nº 8.666/1993, regula de forma impositiva ao contratado as alterações contratuais, seja para acréscimo ou supressão e desde que observado o patamar limite de 25% a depender do objeto e permite, com anuência do contrato, alterações qualitativas sem regular qualquer limitação. CLÁSULA PRIMEIRA - DO OBJETO: Fica aditado o contrato nº 007/2024/PMT atendendo aos limites prescritos pelo artigo 124, inciso I do artigo da Lei 14.133/21, em 24,33% do valor de R$ 4.026.267,36 (Quatro milhões e vinte e seis mil e duzentos e sessenta e sete e trinta e seis centavos) acrescentando o valor de R$ 979.732,64 ( novecentos e setenta e nove mil e setecentos e trinta e dois reais e sessenta e quatro centavos), totalizando o valor do presente aditivo de R$ 5.006.000,00 ( cinco milhões, seis mil reais).</p><p></p>]]></Texto>
  </body>
  <Midias />
</article></xml>