﻿<xml><article id="46744311" name="2025-01-02/10787777/COMPRASNETWS" idOficio="10787777" pubName="DO3" artType="Extrato de Rescisão" pubDate="03/12/2025" artClass="00025:00072:00006:00000:00000:00000:00000:00000:00000:00000:00105:00001" artCategory="Ministério da Educação/Instituto Federal de Educação, Ciência e Tecnologia do Norte de Minas Gerais/Campus Araçuaí" artSize="12" artNotes="" numberPage="70" pdfPage="http://pesquisa.in.gov.br/imprensa/jsp/visualiza/index.jsp?data=03/12/2025&amp;jornal=530&amp;pagina=70" editionNumber="230" highlightType="" highlightPriority="" highlight="" highlightimage="" highlightimagename="" idMateria="22279736">
  <body>
    <Identifica><![CDATA[ EXTRATO DE RESCISÃO DO CONTRATO Nº 4/2015 - UASG 158441]]></Identifica>
    <Data><![CDATA[]]></Data>
    <Ementa />
    <Titulo />
    <SubTitulo />
    <Texto><![CDATA[<p class="identifica">EXTRATO DE RESCISÃO DO CONTRATO Nº 4/2015 - UASG 158441</p><p>Nº Processo: 23391.000273/2014-15. Contratante: INST.FED DO NORTE DE MG/CAMPUS ARACUAI. Contratado: 17.281.106/0001-03 - COMPANHIA DE SANEAMENTO DE MINAS GERAIS COPASA MG. Objeto: Rescisão do Contrato nº 04/2015 em atendimento ao art. 5º da Portaria SEGES/MGI n.º 1.769, de 25 de abril de 2023, que dispõe sobre o regime de transição de que trata o art. 191 da lei º 14.133, de 1º de abril de 2021, no âmbito da administração pública federal direta, autárquica e fundacional, o qual determina que os contratos celebrados com vigência por prazo indeterminado, como os serviços públicos essenciais de água e esgoto, conforme dispõe a Orientação Normativa AGU nº 36, de 13 de dezembro de 2011, deverão ser extintos até 31 de dezembro de 2024, e providenciadas as novas contratações de acordo com a lei nº 14.133, de 1º de abril de 2021.. Fundamento Legal: . Data de Rescisão: 31/12/2025.</p><p>(COMPRASNET 4.0 - 02/01/2025).</p>]]></Texto>
  </body>
  <Midias />
</article></xml>