﻿<xml><article id="46727054" name="Minuta DOU. Helena Fantin Gebler" idOficio="11443514" pubName="DO3" artType="Extrato de Distrato" pubDate="03/12/2025" artClass="00008:00029:00053:00000:00000:00000:00000:00000:00000:00000:00036:00000" artCategory="Ministério da Agricultura e Pecuária/Empresa Brasileira de Pesquisa Agropecuária/Embrapa Informática Agropecuária" artSize="12" artNotes="" numberPage="7" pdfPage="http://pesquisa.in.gov.br/imprensa/jsp/visualiza/index.jsp?data=03/12/2025&amp;jornal=530&amp;pagina=7" editionNumber="230" highlightType="" highlightPriority="" highlight="" highlightimage="" highlightimagename="" idMateria="23376760">
  <body>
    <Identifica><![CDATA[ EXTRATO DE TERMO DE DISTRATO]]></Identifica>
    <Data><![CDATA[]]></Data>
    <Ementa />
    <Titulo />
    <SubTitulo />
    <Texto><![CDATA[<p class="identifica">EXTRATO DE TERMO DE DISTRATO</p><p>Espécie: Termo de Distrato; Partes: Empresa Brasileira de Pesquisa Agropecuária (Embrapa) CNPJ 00.348.003/0116-60 e Bolsista Helena Fantin Gebler CPF/MF XXX.784.XXX-38; Objeto: Distrato do Termo de Compromisso de Confidencialidade e Outras Avenças assinado entre as partes em 01/03/2025; Data da assinatura: 29/09/2025; Signatários: Stanley Robson de Medeiros Oliveira - Chefe-Geral, pela Embrapa, Julio Cesar Dalla Mora Esquerdo - Chefe Adjunto de Pesquisa e Desenvolvimento, pela Embrapa e Helena Fantin Gebler, Bolsista.</p>]]></Texto>
  </body>
  <Midias />
</article></xml>