﻿<xml><article id="46727315" name="Extrato de contrato - INSTITUTO " idOficio="11432043" pubName="DO3" artType="Extrato de Contrato" pubDate="03/12/2025" artClass="00013:00063:00000:00000:00000:00000:00000:00000:00000:00000:00030:00000" artCategory="Ministério da Ciência, Tecnologia e Inovação/Financiadora de Estudos e Projetos" artSize="12" artNotes="" numberPage="10" pdfPage="http://pesquisa.in.gov.br/imprensa/jsp/visualiza/index.jsp?data=03/12/2025&amp;jornal=530&amp;pagina=10" editionNumber="230" highlightType="" highlightPriority="" highlight="" highlightimage="" highlightimagename="" idMateria="23360075">
  <body>
    <Identifica><![CDATA[  EXTRATO DE CONTRATO]]></Identifica>
    <Data><![CDATA[]]></Data>
    <Ementa />
    <Titulo />
    <SubTitulo />
    <Texto><![CDATA[<p></p><p class="identifica">EXTRATO DE CONTRATO</p><p>Processo FP-ADM-2024/03037; Espécie: Contrato nº 20.24.0360.00; Partes: Financiadora de Estudos e Projetos - FINEP, CNPJ nº. 33.749.086/0001-09 e INSTITUTO ABIT, CNPJ nº 31.353.936/0001-20. Objeto: concessão de patrocínio para a realização do projeto "Congresso Internacional da ABIT 2024 ", a ser organizado pela CONTRATADA no período de 30/10/2024 a 31/10/2024. Valor: R$ 60.000,00 (sessenta mil reais). Prazo: 365 (trezentos e sessenta e cinco) dias a contar da data de sua assinatura. Assinatura em 27/09/2024.</p>]]></Texto>
  </body>
  <Midias />
</article></xml>