﻿<xml><article id="46727918" name="uniao 01dez" idOficio="11441588" pubName="DO3" artType="Extrato" pubDate="03/12/2025" artClass="00075:00011:00007:00000:00000:00000:00000:00000:00000:00000:00170:00000" artCategory="Prefeituras/Estado do Mato Grosso do Sul/Prefeitura Municipal de Água Clara" artSize="12" artNotes="" numberPage="246" pdfPage="http://pesquisa.in.gov.br/imprensa/jsp/visualiza/index.jsp?data=03/12/2025&amp;jornal=530&amp;pagina=246" editionNumber="230" highlightType="" highlightPriority="" highlight="" highlightimage="" highlightimagename="" idMateria="23374084">
  <body>
    <Identifica><![CDATA[ Extrato de Termo Aditivo n° 1/2025 ]]></Identifica>
    <Data><![CDATA[]]></Data>
    <Ementa />
    <Titulo />
    <SubTitulo />
    <Texto><![CDATA[<p class="identifica">Extrato de Termo Aditivo n° 1/2025</p><p>Ao Contrato nº 165/2024</p><p>Processo Administrativo n° 198/2024. Concorrência nº 013/2024. TCE: FF497087B620D71C892F31F5239A098E269E4216. Partes: Município de Água Clara/MS e a empresa Vertice - Engenharia Indústria e Comercio Ltda. Objeto: Aditivo de prorrogação de prazo do contrato nº 165/2024. Aditamento: - Da Vigência: O prazo de vigência do Contrato fica prorrogado por mais 180 (cento e oitenta) dias, até 31 de maio de 2026, podendo ser prorrogado, mediante aditamento, nos termos da Lei n. 14.133/21 e suas alterações. Vigência Inicial: 03/12/2025. Vigência Final: 31/05/2026. Fundamento legal: A alteração contratual de que trata este instrumento é baseada no art.111, da Lei nº. 14.133/21. Data: 28/11/2025. Assinantes: Contratante: Município de Água Clara - MS - Gerolina da Silva Alves - Prefeita Municipal; Secretaria Municipal de Infraestrutura - Tarcísio Éder Vasquez de Souza. Contratada: Vertice - Engenharia Indústria e Comercio Ltda. - Augusto de Oliveira kroll.</p>]]></Texto>
  </body>
  <Midias />
</article></xml>