﻿<xml><article id="46726730" name="2A TA - Contrato 015.2024 - ATLA" idOficio="11434632" pubName="DO3" artType="Extrato de Termo Aditivo" pubDate="03/12/2025" artClass="00028:00046:00000:00000:00000:00000:00000:00000:00000:00000:00053:00000" artCategory="Ministério da Fazenda/Agência Brasileira Gestora de Fundos Garantidores e Garantias S.A." artSize="12" artNotes="" numberPage="114" pdfPage="http://pesquisa.in.gov.br/imprensa/jsp/visualiza/index.jsp?data=03/12/2025&amp;jornal=530&amp;pagina=114" editionNumber="230" highlightType="" highlightPriority="" highlight="" highlightimage="" highlightimagename="" idMateria="23363774">
  <body>
    <Identifica><![CDATA[ EXTRATO DE TERMO ADITIVO ]]></Identifica>
    <Data><![CDATA[]]></Data>
    <Ementa />
    <Titulo />
    <SubTitulo />
    <Texto><![CDATA[<p></p><p class="identifica">EXTRATO DE TERMO ADITIVO</p><p>Espécie: Segundo Termo Aditivo ao Contrato 15/2024. Processo nº: 17909.000196/2024-97; Objeto: Acréscimo de 21,36% ao valor atualizado do Contrato, referente a inclusão do Add-On Atlas AI Notetaker. Contratante: Agência Brasileira Gestora de Fundos Garantidores e Garantias S.A; Contratada: ATLAS GOVERNANCE TECNOLOGIA LTDA; Prazo de duração: 20/08/2025 a 20/08/2026; Valor total: R$ 6.736,50.</p>]]></Texto>
  </body>
  <Midias />
</article></xml>