﻿<xml><article id="46726739" name="PE 082-2025 - RETIFICADO" idOficio="11442670" pubName="DO3" artType="Aviso de Licitação" pubDate="03/12/2025" artClass="00075:00024:00742:00001:00000:00000:00000:00000:00000:00000:00079:00000" artCategory="Prefeituras/Estado de São Paulo/Prefeitura Municipal de Taquarituba/Secretaria Municipal da Administração Licitações" artSize="12" artNotes="" numberPage="302" pdfPage="http://pesquisa.in.gov.br/imprensa/jsp/visualiza/index.jsp?data=03/12/2025&amp;jornal=530&amp;pagina=302" editionNumber="230" highlightType="" highlightPriority="" highlight="" highlightimage="" highlightimagename="" idMateria="23375481">
  <body>
    <Identifica><![CDATA[ AVISO DE LICITAÇÃO]]></Identifica>
    <Data><![CDATA[ Taquarituba/SP, 1º de dezembro de 2025.]]></Data>
    <Ementa />
    <Titulo />
    <SubTitulo />
    <Texto><![CDATA[<p class="identifica">AVISO DE LICITAÇÃO</p><p class="identifica">PREGÃO ELETRÔNICO Nº 82/2025</p><p>PROC. ADM. LICI. N° 191/2025.</p><p>A Prefeitura Municipal de Taquarituba/SP torna público para conhecimento dos interessados que será realizada licitação na modalidade PREGÃO, na forma ELETRÔNICA, do tipo MENOR PREÇO POR ITEM, AMPLA CONCORRÊNCIA, objetivando: "Aquisição de um caminhão truck 6x4 com caçamba basculante de 12 m³, ano modelo 2025/2026, zero quilômetro e Aquisição de 01 (um) caminhão 4x2, ano modelo 2025/2026, cor branca, 0km, equipado com caçamba basculante de 6 m³, conforme solicitação das Coordenadorias de Obras Públicas e Limpeza Pública", que será regido pela L.F. n° 14.133/2021, Dec. Mun. n° 457/2023, e no que couber a L.C. nº 123/2006, com alterações pela L.C. nº 147/2014, e demais legislação aplicável e, ainda, de acordo com as condições estabelecidas neste Edital e seus anexos. A sessão pública de julgamento será realizada às 09h00min do dia 16 de dezembro de 2025, eletronicamente no site: www.bllcompras.org.br. O edital estará disponível a partir de 03 de dezembro de 2025, no site www.taquarituba.sp.gov.br/licitacao, www.bllcompras.org.br, ou https://pncp.gov.br/app/editais, poderá ser solicitado pelo e-mail: licitação@taquarituba.sp.gov.br, ou no Departamento de Licitações, sito a Av. Gov. Mario Covas n° 1915 - Novo Centro - Tel.: (14) 3762-9666, bem como qualquer esclarecimento adicional referente ao certame.</p><p class="data">Taquarituba/SP, 1º de dezembro de 2025.</p><p class="assina">DAVI MOREIRA CASTRO DA COSTA</p><p class="cargo">Coordenador Municipal de Compras</p>]]></Texto>
  </body>
  <Midias />
</article></xml>