﻿<xml><article id="46726565" name="11 Prefeitura Municipal de Alvor" idOficio="11443089" pubName="DO3" artType="Aviso" pubDate="03/12/2025" artClass="00075:00021:00006:00000:00000:00000:00000:00000:00000:00000:00106:00000" artCategory="Prefeituras/Estado de Rondônia/Prefeitura Municipal de Alvorada do Oeste" artSize="12" artNotes="" numberPage="291" pdfPage="http://pesquisa.in.gov.br/imprensa/jsp/visualiza/index.jsp?data=03/12/2025&amp;jornal=530&amp;pagina=291" editionNumber="230" highlightType="" highlightPriority="" highlight="" highlightimage="" highlightimagename="" idMateria="23376026">
  <body>
    <Identifica><![CDATA[AVISO DE LICITAÇÃO]]></Identifica>
    <Data><![CDATA[Alvorada d'Oeste - RO, 1º de dezembro de 2025.]]></Data>
    <Ementa />
    <Titulo />
    <SubTitulo />
    <Texto><![CDATA[<p class="identifica">AVISO DE LICITAÇÃO</p><p class="identifica">PREGÃO ELETRÔNICO Nº 30/2025/SUPEL/PMAO</p><p>PROCESSO Nº 1801.02.06-2025/SEMSAU - "MODO DE DISPUTA ABERTO" - LICITAÇÃO EXCLUSIVA PARA ME/EPP/MEI</p><p>A Prefeitura Municipal de Alvorada d'Oeste/RO, designado pelo Decreto Municipal nº 172 datado de 10 de outubro de 2025, através do Pregoeiro Oficial, Decreto Municipal nº 142/2024 (e ainda a designação do agente de contratação Art. 7º da Lei 14.133/21), torna público que realizará Licitação na Modalidade PREGÃO ELETRÔNICO COM PARTICIPAÇÃO EXCLUSIVA ME/EPP/MEI, fica estabelecido a preferência na contratação de empresas localizadas no município de ALVORADA D'OESTE, o procedimento obedecerá do tipo menor preço, e será julgado pelo menor preço por ITEM, nos termos da Lei Federal nº 14.133/2021, Decreto Federal nº 10.024, de 20 de setembro de 2019, à Lei nº 8.078, de 1990 - Código de Defesa do Consumidor, Decreto Federal nº 11.462/23, de 31 de março de 2023, Decreto Estadual nº 28.874, de 25 de janeiro de 2024, Decreto Municipal nº 27, de 30 de abril de 2007, Lei Municipal nº 878/2017, Lei Complementar Municipal nº 1182/2025, Decreto Municipal nº 143/2024, Decreto Municipal nº 147/2024 e, subsidiariamente pela Lei Federal nº 14.133/21 e suas alterações, Lei Complementar 123, de 14 de dezembro de 2006 e Lei Complementar nº 147 de 07 de agosto de 2014, para atender a SEMSAU. DO OBJETO: AQUISIÇÃO DE MATERIAL PERMANENTE PARA O hospital municipal do município de alvorada d' oeste, provenientes de recursos fundo a fundo - emenda parlamentar 39450002-2025, proposta 13008260000125012/2025, para atender as necessidades da Secretaria Municipal de Saúde - SEMSAU/FMS de Alvorada d'Oeste/RO, conforme condições, quantidades e exigências estabelecidas neste Edital e seus anexos, valor estimado: R$ 439.448,00 (quatrocentos e trinta e nove mil, quatrocentos e quarenta e oito reais), conforme especificações e condições complementares descritas nos Anexos deste Edital. b) Da sessão de abertura: Cadastramento de propostas até o dia: 12/12/2025 às 08:55 h. Abertura das propostas: 12/12/2025 às 09:00 h. Início do pregão: 12/12/2025 às 09:30 h. Para todas as referências de tempo será observado o horário de Brasília - DF. LOCAL: www.licitanet.com.br. c) Da Autorização: Processo Administrativo Nº 1801.02.06-2025/SEMSAU. d) Da Fonte de Recursos:</p><p /><p></p><table><tr /><tr><td rowspan="1" colspan="1"><p>Programação</p></td><td rowspan="1" colspan="1"><p>Categ. Econômica</p></td><td rowspan="1" colspan="1"><p>F. de Recursos</p></td><td rowspan="1" colspan="1"><p>Ficha</p></td></tr><tr><td rowspan="1" colspan="1"><p>10.3010013.2254</p></td><td rowspan="1" colspan="1"><p>4.4.90.52.00</p></td><td rowspan="1" colspan="1"><p>PROVENIENTES DE RECURSOS FUNDO A FUNDO - EMENDA PARLAMENTAR 39450002-2025, PROPOSTA 13008260000125012/2025</p></td><td rowspan="1" colspan="1"><p>538</p></td></tr></table><p>Maiores Informações serão fornecidas de segunda a sexta-feira, no horário das 08h00min às 13h00min, na sala de Compras e Licitação da Prefeitura Municipal de Alvorada d'Oeste, sito a Avenida Marechal Deodoro da Fonseca, nº 4695 - Bairro: três poderes, através do telefone nº (0xx69) 3412-2647/98414-9839 ou pelo site www.alvoradadooeste.ro.gov.br Onde Poderá ser adquirido o Edital completo e seus anexos.</p><p class="data">Alvorada d'Oeste - RO, 1º de dezembro de 2025.</p><p class="assina">OLDIGLEI ODAIR VERONEZ</p><p class="cargo">Pregoeiro</p>]]></Texto>
  </body>
  <Midias />
</article></xml>