﻿<xml><article id="46729772" name="Extrato Termo de Rescisao 03.202" idOficio="11436006" pubName="DO3" artType="Aviso de Rescisão" pubDate="03/12/2025" artClass="00071:00269:00000:00000:00000:00000:00000:00000:00000:00000:00146:00000" artCategory="Entidades de Fiscalização do Exercício das Profissões Liberais/Conselho Regional de Engenharia e Agronomia de Alagoas" artSize="12" artNotes="" numberPage="205" pdfPage="http://pesquisa.in.gov.br/imprensa/jsp/visualiza/index.jsp?data=03/12/2025&amp;jornal=530&amp;pagina=205" editionNumber="230" highlightType="" highlightPriority="" highlight="" highlightimage="" highlightimagename="" idMateria="23365579">
  <body>
    <Identifica><![CDATA[ EXTRATO   DE RESCISÃO]]></Identifica>
    <Data><![CDATA[]]></Data>
    <Ementa />
    <Titulo />
    <SubTitulo />
    <Texto><![CDATA[<p class="identifica">EXTRATO DE RESCISÃO</p><p>CONTRATO Nº 03/2025</p><p>Processo Administrativo nº 2272731/2025</p><p>Contratante: O CONSELHO REGIONAL DE ENGENHARIA E AGRONOMIA DE ALAGOAS-CREA-AL, CNPJ nº 12.156.592/0001-14. Contratada: GAMA VEÍCULOS LTDA, CNPJ 06.213.351/0001-45. Objeto: Rescisão unilateral ao Termo Aditivo n. 01 ao Contrato n. 14/2024. Data da Assinatura: 03 de novembro de 2025.</p>]]></Texto>
  </body>
  <Midias />
</article></xml>