﻿<xml><article id="46743503" name="2025-11-27/11435812/COMPRASNETWS" idOficio="11435812" pubName="DO3" artType="Extrato de Contrato" pubDate="03/12/2025" artClass="00025:00083:00000:00000:00000:00000:00000:00000:00000:00000:00030:00001" artCategory="Ministério da Educação/Instituto Federal de Educação, Ciência e Tecnologia de Santa Catarina" artSize="12" artNotes="" numberPage="80" pdfPage="http://pesquisa.in.gov.br/imprensa/jsp/visualiza/index.jsp?data=03/12/2025&amp;jornal=530&amp;pagina=80" editionNumber="230" highlightType="" highlightPriority="" highlight="" highlightimage="" highlightimagename="" idMateria="23365356">
  <body>
    <Identifica><![CDATA[ EXTRATO DE CONTRATO Nº 213/2025 - UASG 158516]]></Identifica>
    <Data><![CDATA[]]></Data>
    <Ementa />
    <Titulo />
    <SubTitulo />
    <Texto><![CDATA[<p class="identifica">EXTRATO DE CONTRATO Nº 213/2025 - UASG 158516</p><p>Nº Processo: 23292.006156/2024-47.</p><p>Pregão Nº 92005/2024. Contratante: INST.FED.DE EDUC.,CIENC.E TEC.DE STA.CAT/IFSC.</p><p>Contratado: 17.011.419/0001-41 - UHLIG &amp; KOROVSKY TECNOLOGIA LTDA.. Objeto: Contratação de aquisição de licenças de software nas suas diversas modalidades de fornecimento..</p><p>Fundamento Legal: LEI 14.133/2021. Vigência: 04/01/2026 a 04/01/2029. Valor Total: R$ 50.627,20. Data de Assinatura: 10/11/2025.</p><p>(COMPRASNET 4.0 - 27/11/2025).</p>]]></Texto>
  </body>
  <Midias />
</article></xml>