﻿<xml><article id="46726922" name="Termo de adesao - Stegia" idOficio="11434632" pubName="DO3" artType="Extrato de Contrato" pubDate="03/12/2025" artClass="00028:00046:00000:00000:00000:00000:00000:00000:00000:00000:00030:00000" artCategory="Ministério da Fazenda/Agência Brasileira Gestora de Fundos Garantidores e Garantias S.A." artSize="12" artNotes="" numberPage="114" pdfPage="http://pesquisa.in.gov.br/imprensa/jsp/visualiza/index.jsp?data=03/12/2025&amp;jornal=530&amp;pagina=114" editionNumber="230" highlightType="" highlightPriority="" highlight="" highlightimage="" highlightimagename="" idMateria="23363773">
  <body>
    <Identifica><![CDATA[ EXTRATO DE ADESÃO Nº 4/2025]]></Identifica>
    <Data><![CDATA[]]></Data>
    <Ementa />
    <Titulo />
    <SubTitulo />
    <Texto><![CDATA[<p></p><p class="identifica">EXTRATO DE ADESÃO Nº 4/2025</p><p></p><p>Espécie: Termo de adesão 04/2025. Processo nº: 17909.000575/2025-68; Objeto: Prestação de serviços de automação de processos e integração de sistemas, para implantação dos fluxos de Gestão de Relacionamento com Clientes (Customer Relationship Management - CRM); Contratante: Agência Brasileira Gestora de Fundos Garantidores e Garantias S.A; Contratada: STEGIA DO BRASIL LTDA; Duração do Contrato: 01/12/2025 a 01/12/2026; Valor total: R$ 34.676,00.</p>]]></Texto>
  </body>
  <Midias />
</article></xml>