﻿<xml><article id="46738051" name="AVISO DE LICITACAO UNIAO__JJCBG7" idOficio="11442434" pubName="DO3" artType="Aviso de Licitação" pubDate="03/12/2025" artClass="00075:00011:00056:00000:00000:00000:00000:00000:00000:00000:00079:00000" artCategory="Prefeituras/Estado do Mato Grosso do Sul/Prefeitura Municipal de Inocência" artSize="12" artNotes="" numberPage="247" pdfPage="http://pesquisa.in.gov.br/imprensa/jsp/visualiza/index.jsp?data=03/12/2025&amp;jornal=530&amp;pagina=247" editionNumber="230" highlightType="" highlightPriority="" highlight="" highlightimage="" highlightimagename="" idMateria="23375163">
  <body>
    <Identifica><![CDATA[ AVISO DE LICITAÇÃO]]></Identifica>
    <Data><![CDATA[ Inocência/MS, 1º de dezembro de 2025.]]></Data>
    <Ementa />
    <Titulo />
    <SubTitulo />
    <Texto><![CDATA[<p class="identifica">AVISO DE LICITAÇÃO</p><p class="identifica">PREGÃO ELETRÔNICO N° 87/2025</p><p>PROCESSO ADMINISTRATIVO N° 242/2025</p><p>EDITAL Nº 106/2025</p><p>O MUNICÍPIO DE INOCÊNCIA/MS, estado de Mato Grosso do Sul, através da Secretaria Municipal de Finanças, por intermédio da comissão e equipe de apoio designados através da Portaria 678/2025, torna público aos interessados, que promoverá licitação na modalidade "PREGÃO ELETRÔNICO", do tipo "MENOR PREÇO LOTE.</p><p>OBJETO: O objeto da presente licitação visa Contratação de empresa para aquisição de Equipamentos e Materiais Permanentes oriundos de Emenda Parlamentar Federal nº 38030018, Proposta nº 11095923000123014/2023, para equipar as Unidades Básica de Saúde - UBS dos itens fracassados ou desertos, bem como saldo remanescente, conforme edital e seus anexos.</p><p>CODIGO E-SFINGE: 24A3E85BE61EB95E580AD0C2C9953A3BE013FF3F</p><p>RECEBIMENTO DAS PROPOSTAS: Até às 09h00min do dia 15 de dezembro de 2025.</p><p>INÍCIO DA SESSÃO DE DISPUTA DE PREÇOS:09h30min do dia 15 de dezembro de 2025.</p><p>ENDEREÇO ELETRÔNICO: https://licitar.digital/</p><p>EDITAL NA ÍNTEGRA: Está à disposição dos interessados no Departamento de Licitação, na Prefeitura Municipal de Inocência, sito a Rua João Batista Parreira, 522 centro, no horário das 07:00 às 11:00 horas e das 13:00 as 17:00 horas, informações através do Telefone (067) 3574-1350, 3574-1040 E 3574-1041, na forma eletrônica, por meio digital através do sítio eletrônico e-mail licita@inocencia.ms.gov.br e http://www.inocencia.ms.gov.br (diário oficial) ou LOCAL: Na plataforma eletrônica no site: http://comprasbr.com.br todas as referências de tempo será observado o horário oficial de Brasília (DF).</p><p class="data">Inocência/MS, 1º de dezembro de 2025.</p><p class="assina">ROBERTO VIEIRA LEONEL</p><p class="cargo">PREGOEIRO</p>]]></Texto>
  </body>
  <Midias />
</article></xml>