﻿<xml><article id="46725176" name="AVISO LICIT CONC 9-2025" idOficio="11442484" pubName="DO3" artType="Aviso de Licitação" pubDate="03/12/2025" artClass="00075:00024:00322:00000:00000:00000:00000:00000:00000:00000:00079:00000" artCategory="Prefeituras/Estado de São Paulo/PREFEITURA MUNICIPAL DE GUARAREMA" artSize="12" artNotes="" numberPage="299" pdfPage="http://pesquisa.in.gov.br/imprensa/jsp/visualiza/index.jsp?data=03/12/2025&amp;jornal=530&amp;pagina=299" editionNumber="230" highlightType="" highlightPriority="" highlight="" highlightimage="" highlightimagename="" idMateria="23375233">
  <body>
    <Identifica><![CDATA[AVISO DE LICITAÇÃO]]></Identifica>
    <Data><![CDATA[ Guararema-SP, 1º de dezembro de 2025.]]></Data>
    <Ementa />
    <Titulo />
    <SubTitulo />
    <Texto><![CDATA[<p class="identifica">AVISO DE LICITAÇÃO</p><p class="identifica">CONCORRÊNCIA ELETRÔNICA Nº 9/2025</p><p>PROCESSO: 360/2025, OBJETO RESUMIDO: CONTRATAÇÃO DE EMPRESA PARA EXECUÇÃO DE OBRA PARA CONSTRUÇÃO DE ESCOLA DE ENSINO FUNDAMENTAL NO BAIRRO JARDIM DULCE; Recebimento das Propostas: até as 8 horas do dia 18/12/2025; Início da sessão de disputa: 9 horas do dia 18/12/2025; LOCAL: site www.bll.org.br ; Referência de Tempo: Para todas as referências de tempo será observado o horário de Brasília (DF).</p><p>Os interessados poderão obter o Edital por e-mail, enviando mensagem eletrônica para o endereço licitacao@guararema.sp.gov.br, informando os dados da empresa, a modalidade e o número da licitação, ou através do site www.guararema.sp.gov.br, ou ainda, no site www.bll.org.br. Outras informações podem ser obtidas pelo telefone (11) 4693-8000 Ramal 8087.</p><p class="data">Guararema-SP, 1º de dezembro de 2025.</p><p class="assina">JOSÉ LUIZ EROLES FREIRE</p><p class="cargo">Prefeito</p>]]></Texto>
  </body>
  <Midias />
</article></xml>