﻿<xml><article id="46741715" name="2025-12-01/11441797/siasgnet_233" idOficio="11441797" pubName="DO3" artType="Aviso de Licitação-Concorrência" pubDate="03/12/2025" artClass="00025:00075:00000:00000:00000:00000:00000:00000:00000:00000:00159:00001" artCategory="Ministério da Educação/Instituto Federal de Educação, Ciência e Tecnologia do Paraná" artSize="12" artNotes="" numberPage="70" pdfPage="http://pesquisa.in.gov.br/imprensa/jsp/visualiza/index.jsp?data=03/12/2025&amp;jornal=530&amp;pagina=70" editionNumber="230" highlightType="" highlightPriority="" highlight="" highlightimage="" highlightimagename="" idMateria="23374359">
  <body>
    <Identifica><![CDATA[ AVISO DE LICITAÇÃO]]></Identifica>
    <Data><![CDATA[]]></Data>
    <Ementa />
    <Titulo />
    <SubTitulo />
    <Texto><![CDATA[<p class="identifica">AVISO DE LICITAÇÃO</p><p class="identifica">Concorrência Nº 90013/2025 - UASG 158009</p><p>Nº Processo: 23411.012290/2025. Objeto: Contratação de empresa especializada para reforma do telhado do lado posterior e instalação de bancada, do quiosque do Campus Foz do Iguaçu, conforme condições, quantidades e exigências estabelecidas neste Edital e seus anexos. Total de Itens Licitados: 1. Edital: 03/12/2025 das 08h00 às 12h00 e das 13h00 às 17h00. Endereço: Av Araucária 780, Itaipu a - Foz do Iguaçu/PR ou https://www.gov.br/compras/edital/158009-3-90013-2025. Entrega das Propostas: a partir de 03/12/2025 às 08h00 no site www.gov.br/compras. Abertura das Propostas: 17/12/2025 às 09h00 no site www.gov.br/compras. Informações Gerais: .</p><p class="assina">MURILO ODILON NICHELE SCROCCARO</p><p class="cargo">Coordenador Administrativo do Campus Foz do Iguaçu</p><p>(SIASGnet - 01/12/2025) 158009-26432-2025NE800000</p>]]></Texto>
  </body>
  <Midias />
</article></xml>