﻿<xml><article id="46725857" name="CAPIMGROSSOSEMEFEITO" idOficio="11442390" pubName="DO3" artType="Aviso" pubDate="03/12/2025" artClass="00075:00005:00146:00000:00000:00000:00000:00000:00000:00000:00106:00000" artCategory="Prefeituras/Estado da Bahia/Prefeitura Municipal de Capim Grosso" artSize="12" artNotes="" numberPage="224" pdfPage="http://pesquisa.in.gov.br/imprensa/jsp/visualiza/index.jsp?data=03/12/2025&amp;jornal=530&amp;pagina=224" editionNumber="230" highlightType="" highlightPriority="" highlight="" highlightimage="" highlightimagename="" idMateria="23375106">
  <body>
    <Identifica><![CDATA[ aviso ]]></Identifica>
    <Data><![CDATA[Capim Grosso, 28 de novembro de 2025. ]]></Data>
    <Ementa />
    <Titulo />
    <SubTitulo />
    <Texto><![CDATA[<p class="identifica">aviso</p><p class="identifica">CREDENCIAMENTO Nº 32/2025</p><p>O Município de Capim Grosso - Bahia torna público para conhecimento dos interessados que decidiu tornar sem efeito a Publicação Aviso de Adjudicação e Homologação Credenciamento Nº 032/2025. Motivo: Erro de Publicação. publicado no DOEM, 26/11/2025, edição nº 8.181 - Ano 11 pag. 73; DOU - seção 3 nº 227, sexta-feira, 28/11/2025; A Tarde, Salvador terça-feira 28/11/2025.</p><p class="data">Capim Grosso, 28 de novembro de 2025.</p><p class="assina">José Sivaldo Rios de Carvalho</p><p class="cargo">Prefeito</p>]]></Texto>
  </body>
  <Midias />
</article></xml>