﻿<xml><article id="46731869" name="Edital_3383601_EDITAL_LED_01.202" idOficio="11439028" pubName="DO3" artType="Edital" pubDate="03/12/2025" artClass="00071:00374:00000:00000:00000:00000:00000:00000:00000:00000:00056:00000" artCategory="Entidades de Fiscalização do Exercício das Profissões Liberais/Conselho Regional de Medicina do Estado de Mato Grosso" artSize="12" artNotes="" numberPage="206" pdfPage="http://pesquisa.in.gov.br/imprensa/jsp/visualiza/index.jsp?data=03/12/2025&amp;jornal=530&amp;pagina=206" editionNumber="230" highlightType="" highlightPriority="" highlight="" highlightimage="" highlightimagename="" idMateria="23369926">
  <body>
    <Identifica><![CDATA[EDITAL DE CIÊNCIA DE ELIMINAÇÃO DE DOCUMENTOS N° SEI-1 - CRM-MT/COMISSÃO/GESTDOCUMENTAL]]></Identifica>
    <Data><![CDATA[]]></Data>
    <Ementa />
    <Titulo />
    <SubTitulo />
    <Texto><![CDATA[<p class="identifica">EDITAL DE CIÊNCIA DE ELIMINAÇÃO DE DOCUMENTOS N° SEI-1 - CRM-MT/COMISSÃO/GESTDOCUMENTAL</p><p>Os membros da Comissão Permanente de Avaliação de Documentos, designados pela Portaria nº 12/2022 de setembro de 2022, de acordo com a Listagem de Eliminação de Documentos (LED) 1/2025, autorizada pelo presidente do Conselho Regional de Medicina, faz saber a quem possa interessar que a partir do 30º (trigésimo) dia subsequente a data de publicação deste Edital no Diário Oficial da União, se não houver oposição, os membros da CPAD eliminarão 179 (conte e setenta e nove) caixas de documentos relativos aos códigos 061.1, 421, 031.11, 031.12, 035, 019.112, 032.1, 034, 039.12, 052.211, 212.1, 232, 991, 073.4, 311 (Código de Classificação, tabela de temporalidade e destinação de documentos de arquivos relativos às atividades-fim e meio dos conselhos de fiscalização profissional), do período de 2001 a 2022, do Conselho Regional de Medicina do Estado de Mato Grosso.</p><p>Os interessados, no prazo citado, poderão requerer às suas expensas e mediante petição dirigida à Comissão Permanente de Avaliação de Documentos do Conselho Regional de Medicina do Estado de Mato Grosso, a retirada ou cópias de documentos, avulsos ou processos, bem como o desentranhamento ou cópias de folhas de um processo.</p><p class="assina">Diogo Leite Sampaio</p><p class="cargo">Presidente do Conselho</p>]]></Texto>
  </body>
  <Midias />
</article></xml>