﻿<xml><article id="46741301" name="2025-12-01/11442426/siasgnet_233" idOficio="11442426" pubName="DO3" artType="Aviso de Licitação-Pregão" pubDate="03/12/2025" artClass="00025:00120:00000:00000:00000:00000:00000:00000:00000:00000:00162:00001" artCategory="Ministério da Educação/Universidade Federal do Rio Grande do Norte" artSize="12" artNotes="" numberPage="91" pdfPage="http://pesquisa.in.gov.br/imprensa/jsp/visualiza/index.jsp?data=03/12/2025&amp;jornal=530&amp;pagina=91" editionNumber="230" highlightType="" highlightPriority="" highlight="" highlightimage="" highlightimagename="" idMateria="23375155">
  <body>
    <Identifica><![CDATA[ AVISO DE LICITAÇÃO]]></Identifica>
    <Data><![CDATA[]]></Data>
    <Ementa />
    <Titulo />
    <SubTitulo />
    <Texto><![CDATA[<p class="identifica">AVISO DE LICITAÇÃO</p><p class="identifica">Pregão Eletrônico Nº 90025/2025 - UASG 153103</p><p>Nº Processo: 23077096154202567. Objeto: Pregão Eletrônico SISRP nº.: 90025/2025 - Contratação de empresa especializada para prestação de serviços de tradução/versão literária, na modalidade simples, de língua estrangeira para português, textos de língua estrangeira para o estrangeiro e versão de textos em português para língua estrangeira relacionados com a pesquisa científica e educacional e revisão, editoração e diagramação de artigos para revista científica de psicologia para atender demandas da UFRN pelo . Total de Itens Licitados: 9. Edital: 03/12/2025 das 08h00 às 12h00 e das 13h00 às 17h00. Endereço: Av.sen.salgado Filho, 3000-lagoa Nova-natal/rn - Prédio da Diretoria de Compras-ufrn, Lagoa Nova - Natal/RN ou https://www.gov.br/compras/edital/153103-5-90025-2025. Entrega das Propostas: a partir de 03/12/2025 às 08h00 no site www.gov.br/compras. Abertura das Propostas: 17/12/2025 às 09h00 no site www.gov.br/compras. Informações Gerais: .</p><p class="assina">BRAULIO CAIO FERREIRA DA COSTA</p><p class="cargo">Pregoeiro da Ufrn</p><p>(SIASGnet - 01/12/2025) 153103-15234-2024NE999999</p>]]></Texto>
  </body>
  <Midias />
</article></xml>