﻿<xml><article id="46740851" name="2025-12-01/11443544/COMPRASNETWS" idOficio="11443544" pubName="DO3" artType="Extrato de Termo Aditivo" pubDate="03/12/2025" artClass="00050:00020:00096:00000:00000:00000:00000:00000:00000:00000:00053:00001" artCategory="Ministério dos Transportes/Departamento Nacional de Infraestrutura de Transportes/Superintendência Regional no Mato Grosso do Sul" artSize="12" artNotes="" numberPage="187" pdfPage="http://pesquisa.in.gov.br/imprensa/jsp/visualiza/index.jsp?data=03/12/2025&amp;jornal=530&amp;pagina=187" editionNumber="230" highlightType="" highlightPriority="" highlight="" highlightimage="" highlightimagename="" idMateria="23376793">
  <body>
    <Identifica><![CDATA[ EXTRATO DE TERMO ADITIVO Nº 3/2025 - UASG 393010]]></Identifica>
    <Data><![CDATA[]]></Data>
    <Ementa />
    <Titulo />
    <SubTitulo />
    <Texto><![CDATA[<p class="identifica">EXTRATO DE TERMO ADITIVO Nº 3/2025 - UASG 393010</p><p>Número do Contrato: 324/2024.</p><p>Nº Processo: 50619.001534/2022-87.</p><p>Pregão. Nº 433/2023. Contratante: SUPERINTENDENCIA REG. NO ESTADO MS - DNIT. Contratado: 20.765.263/0001-07 - VIAFAUNA ESTUDOS AMBIENTAIS LTDA. Objeto: Prorrogação do prazo de execução e de vigência do contrato por mais 180 (cento e oitenta) dias. Vigência: 21/05/2024 a 07/09/2026. Valor Total Atualizado do Contrato: R$ 142.646,00. Data de Assinatura: 01/12/2025.</p><p>(COMPRASNET 4.0 - 01/12/2025).</p>]]></Texto>
  </body>
  <Midias />
</article></xml>