﻿<xml><article id="46735699" name="Resultado de Julgamento conc 007" idOficio="11442708" pubName="DO3" artType="Resultado de Julgamento de Licitação" pubDate="03/12/2025" artClass="00075:00009:00062:00000:00000:00000:00000:00000:00000:00000:00158:00000" artCategory="Prefeituras/Estado do Maranhão/Prefeitura Municipal de Buriticupu" artSize="12" artNotes="" numberPage="242" pdfPage="http://pesquisa.in.gov.br/imprensa/jsp/visualiza/index.jsp?data=03/12/2025&amp;jornal=530&amp;pagina=242" editionNumber="230" highlightType="" highlightPriority="" highlight="" highlightimage="" highlightimagename="" idMateria="23375521">
  <body>
    <Identifica><![CDATA[ RESULTADO DE JULGAMENTO ]]></Identifica>
    <Data><![CDATA[ Buriticupu/MA, 1º de dezembro de 2025.]]></Data>
    <Ementa />
    <Titulo />
    <SubTitulo />
    <Texto><![CDATA[<p class="identifica">RESULTADO DE JULGAMENTO</p><p class="identifica">CONCORRÊNCIA ELETRÔNICA N° 7/2025</p><p>Torno público o resultado da Concorrência eletrônica n° 007/2025, do tipo Menor Preço Global, visando a Contratação de empresa especializada para a construção de um espaço esportivo comunitário, conforme Contrato de Repasse n° 970597/2024/MESP/CAIXA de interesse do Município de Buriticupu - MA, cujo objeto foi adjudicado à empresa: MMS PI-NOVA EQUIPAMENTOS E INSTALAÇÕES ESPORTIVAS S.A inscrita no CNPJ: 17.992.979/0001-24, com sede na Avenida Paulista, nº 1471, Conj. 511 , sala 02, Bairro Bela Vista, CEP 01.311-927 - São Paulo - SP, e-mail: contratos@pinova.com.br, vencedora do certame no valor total de R$ 1.249.000,00 (um milhão, duzentos e quarenta e nove mil). Nos termos da Lei nº 14.133, de 01 de abril de 2021, Decreto Municipal nº 041/2023, de 29 de dezembro de 2023, Lei Complementar n° 123, de 14 de dezembro de 2006 e suas eventuais alterações posteriores. O Ordenador de Despesas informa ainda, que os autos do Processo se encontram com vistas franqueadas aos interessados a partir da data desta publicação, nos dias úteis no horário de expediente.</p><p class="data">Buriticupu/MA, 1º de dezembro de 2025.</p><p class="assina">AFONSO BARROS BATISTA</p><p class="cargo">Chefe de Gabinete Ordenador de Despesas</p>]]></Texto>
  </body>
  <Midias />
</article></xml>