﻿<xml><article id="46726283" name="7004535672-01" idOficio="11438082" pubName="DO3" artType="Aviso de Pré-Qualificação" pubDate="03/12/2025" artClass="00035:00056:00001:00000:00000:00000:00000:00000:00000:00000:00154:00000" artCategory="Ministério de Minas e Energia/Petróleo Brasileiro S.A./Petrobrás" artSize="12" artNotes="" numberPage="142" pdfPage="http://pesquisa.in.gov.br/imprensa/jsp/visualiza/index.jsp?data=03/12/2025&amp;jornal=530&amp;pagina=142" editionNumber="230" highlightType="" highlightPriority="" highlight="" highlightimage="" highlightimagename="" idMateria="23368612">
  <body>
    <Identifica><![CDATA[ Aviso de licitação nº 1]]></Identifica>
    <Data><![CDATA[]]></Data>
    <Ementa />
    <Titulo />
    <SubTitulo />
    <Texto><![CDATA[<p class="identifica">Aviso de licitação nº 1</p><p>Aviso prévio referente à Convocação de Pré-qualificação Nº 7004535672.</p><p>Objeto: Filtro industrial conforme ASME VIII.</p><p>Data limite para o pedido de Pré-qualificação: 17/12/2025.</p><p>Obs: Para informações acesse www.petronect.com.br: Compras e Contratações &gt; Pré-qualificação (Abertas).</p><p class="assina">Comissão de Pré-qualificação</p>]]></Texto>
  </body>
  <Midias />
</article></xml>