﻿<xml><article id="46726304" name="LICIT CONC 11-2025" idOficio="11442623" pubName="DO3" artType="Aviso" pubDate="03/12/2025" artClass="00075:00024:00752:00000:00000:00000:00000:00000:00000:00000:00106:00000" artCategory="Prefeituras/Estado de São Paulo/Prefeitura Municipal de Tietê" artSize="12" artNotes="" numberPage="303" pdfPage="http://pesquisa.in.gov.br/imprensa/jsp/visualiza/index.jsp?data=03/12/2025&amp;jornal=530&amp;pagina=303" editionNumber="230" highlightType="" highlightPriority="" highlight="" highlightimage="" highlightimagename="" idMateria="23375399">
  <body>
    <Identifica><![CDATA[   ATO DE  LICITAÇÃOCONCORRENCIA ELETRONICA nº 11/2025]]></Identifica>
    <Data><![CDATA[]]></Data>
    <Ementa />
    <Titulo />
    <SubTitulo />
    <Texto><![CDATA[<p class="identifica">ATO DE LICITAÇÃOCONCORRENCIA ELETRONICA nº 11/2025</p><p>A Prefeitura Municipal de Tietê torna público aos interessados, a abertura da Concorrência Eletrônica 11/2025, Processo Administrativo n° 3709/2025, cujo objeto consiste na Contratação de empresa para execução de obras de Reforma do Parque Ecológico Cornélio Pires no município de Tietê - SP", Abertura: 03 de dezembro de 2025. Encerramento: 18 de dezembro de 2025. Horário: 09h00min. O Edital e seus anexos estão disponíveis, na íntegra, no endereço eletrônico www.tiete.sp.gov.br e na Bolsa de Licitações e Leilões (www.bll.org.br). Informações poderão ser obtidas junto ao Departamento de Licitações através do telefone (15) 3285-8755.</p><p class="assina">José Carlos Regonha Júnior</p><p class="cargo">Prefeito</p>]]></Texto>
  </body>
  <Midias />
</article></xml>