﻿<xml><article id="46726199" name="LIVRAMENTOCP" idOficio="11442390" pubName="DO3" artType="Aviso" pubDate="03/12/2025" artClass="00075:00005:00311:00000:00000:00000:00000:00000:00000:00000:00106:00000" artCategory="Prefeituras/Estado da Bahia/Prefeitura Municipal de Livramento de Nossa Senhora" artSize="12" artNotes="" numberPage="226" pdfPage="http://pesquisa.in.gov.br/imprensa/jsp/visualiza/index.jsp?data=03/12/2025&amp;jornal=530&amp;pagina=226" editionNumber="230" highlightType="" highlightPriority="" highlight="" highlightimage="" highlightimagename="" idMateria="23375107">
  <body>
    <Identifica><![CDATA[ AVISO DE CHAMAMENTO PÚBLICO Nº 18/2025]]></Identifica>
    <Data><![CDATA[]]></Data>
    <Ementa />
    <Titulo />
    <SubTitulo />
    <Texto><![CDATA[<p class="identifica">AVISO DE CHAMAMENTO PÚBLICO Nº 18/2025</p><p>PROCESSO ADMINISTRATIVO Nº465/2025, CHAMAMENTO PÚBLICO Nº 018/2025. Objeto: Chamamento público para credenciamento de pessoa física (s) e/ou jurídica (s), para prestação de serviços e procedimentos médicos, de forma complementar, a serem ofertados aos usuários do sistema único de saúde da rede pública municipal. RECEBIMENTO DE DOCUMENTOS: Os interessados poderão entregar os envelopes contendo os documentos necessários ao credenciamento a partir do dia 09 de dezembro de 2025, no Setor de Licitações, Prédio da Prefeitura Municipal, situada na Praça Dom Hélio Paschoal, nº 94, Centro, no horário das 08:00 às 12:00, de segunda a sexta-feira, permanecendo em aberto para quaisquer novos interessados pelo período de 12 (doze) meses contados da data de sua publicação. Edital disponível no Setor de Licitações e Contratos da Prefeitura Municipal de Livramento de Nossa Senhora, das 08h/12h ou no endereço eletrônico: www.livramentodenossasenhora.ba.gov.br/diariooficial e Portal Nacional de Contratações Públicas - PNCP - https://www.gov.br/pncp/pt-br. Livramento de Nossa Senhora-Ba.</p><p class="assina">Manoel Loiola Gomes</p><p class="cargo">Agente de Contratação</p>]]></Texto>
  </body>
  <Midias />
</article></xml>