﻿<xml><article id="46726559" name="10 MUNICIPIO DE NOSSA SENHORA DE" idOficio="11443089" pubName="DO3" artType="Aviso" pubDate="03/12/2025" artClass="00075:00025:00062:00000:00000:00000:00000:00000:00000:00000:00106:00000" artCategory="Prefeituras/Estado de Sergipe/PREFEITURA MUNICIPAL DE NOSSA SRA DE LOURDES" artSize="12" artNotes="" numberPage="303" pdfPage="http://pesquisa.in.gov.br/imprensa/jsp/visualiza/index.jsp?data=03/12/2025&amp;jornal=530&amp;pagina=303" editionNumber="230" highlightType="" highlightPriority="" highlight="" highlightimage="" highlightimagename="" idMateria="23376025">
  <body>
    <Identifica><![CDATA[ AVISO DE LICITAÇÃO ]]></Identifica>
    <Data><![CDATA[Nossa Senhora de Lourdes-SE, 1º de dezembro de 2025.]]></Data>
    <Ementa />
    <Titulo />
    <SubTitulo />
    <Texto><![CDATA[<p class="identifica">AVISO DE LICITAÇÃO</p><p class="identifica">PREGÃO ELETRÔNICO Nº 18/2025</p><p>PROCESSO ADINISTRATIVO Nº 063/2025 - "REPUBLICAÇÃO"</p><p>O Município de Nossa Senhora de Lourdes, Estado de Sergipe, Através do Pregoeiro e Equipe de Apoio, designado pelo Decreto n° 223/2025 de 08 de abril de 2025, em atendimento as disposições legais, torna público para conhecimento de todos, a realização de licitação, na modalidade acima especificada, e mediante informações a seguir: OBJETO: AQUISIÇÃO DE MÁQUINAS E EQUIPAMENTOS AGRÍCOLAS, VISANDO ATENDER AS DEMANDAS OPERACIONAIS DA SECRETARIA MUNICIPAL DE AGRICULTURA, CONFORME INSTRUMENTO DE REPASSE Nº 946588/2023 E CONDIÇÕES, QUANTITATIVOS E EXIGÊNCIAS ESTABELECIDAS NO ANEXO I (TERMO DE REFERÊNCIA) DO EDITAL. O Pregão Eletrônico será realizado em sessão pública, via Internet, mediante condições de segurança - criptografia e autenticação - em todas as suas fases. Os trabalhos serão conduzidos pelo pregoeiro, mediante a inserção e monitoramento de dados gerados ou transferidos para o aplicativo, constante da página Licitanet - licitações on - line - www.licitanet.com.br; DATA LIMITE PARA ENVIO DOS DOCUMENTOS E ABERTURA DA SESSÃO: Do encerramento do recebimento das Propostas de Preços: 15/12/2025, às 09h09min (horário de Brasília) - limite para envio de documentação; 15/12/2025, às 0911min (horário de Brasília) - pró-análise das propostas; 15/12/2025, às 09h15min (horário de Brasília) - resultado da pró-análise das propostas; 15/12/2025, às 09h16min (horário de Brasília) - início da fase de lances; DOTAÇÃO ORÇAMENTÁRIA: UO: 00801 - SECRETARIA MUNICIPAL DE AGRICULTURA, ABASTECIMENTO E IRRIGAÇÃO; Ação: 1081 - AQUISIÇÃO DE EQUIPAMENTOS, MOBILIÁRIOS E VEÍCULOS PARA SECRETARIA ABASTECIMENTO E IRRIGAÇÃO; Elemento: 44905200 - EQUIPAMENTOS E MATERIAL PERMANENTES; Fonte de Recurso: 17000000 - Outras Transferências de Convênios ou Instrumentos Congêneres da União. VALOR GLOBAL ESTIMADO: R$ 191.500,00 (cento e noventa e hum mil e quinhentos reais). ENDEREÇO ELETRÔNICO DA DISPUTA: www.licitanet.com.br: TIPO DE LICITAÇÃOMENOR PREÇO POR ITEM. VIGÊNCIA DO CONTRATO: 12 meses após sua assinatura, podendo ser prorrogada nos termos do art. 106 da Lei 14.133/2021. BASE LEGAL: Lei nº. 14.133/2021 de 01 abril de 2021, Lei 123/2006 alterada pela Lei 147/2014, Decreto Municipal Nº 19/2024, Decreto 50/2024 de 11 de março de 2024. INFORMAÇÕES: O Edital, e informações complementares também encontra-se a disposição dos interessados na sala de Licitações, no prédio da Prefeitura Municipal de Nossa Senhora de Lourdes, situada a Avenida Senador Leite Neto, nº 87 - Centro, CEP: 49.890-000, Nossa Senhora de Lourdes/SE, de segunda-feira à sexta-feira, em dias de expediente, no horário de 08h00min as 13h00min, e preferencialmente através do e-mail: nsdelourdeslicitacao@gmail.com, www.nsdelourdes.se.gov.br.</p><p class="data">Nossa Senhora de Lourdes-SE, 1º de dezembro de 2025.</p><p class="assina">RILTON DOS SANTOS</p><p class="cargo">Pregoeiro</p>]]></Texto>
  </body>
  <Midias />
</article></xml>