﻿<xml><article id="46740581" name="2025-12-01/11443615/COMPRASNETWS" idOficio="11443615" pubName="DO3" artType="Extrato de Termo Aditivo" pubDate="03/12/2025" artClass="00015:00027:00014:00000:00000:00000:00000:00000:00000:00000:00053:00001" artCategory="Ministério da Cultura/Instituto Brasileiro de Museus/Escritório de Representação Regional - RJ" artSize="12" artNotes="" numberPage="25" pdfPage="http://pesquisa.in.gov.br/imprensa/jsp/visualiza/index.jsp?data=03/12/2025&amp;jornal=530&amp;pagina=25" editionNumber="230" highlightType="" highlightPriority="" highlight="" highlightimage="" highlightimagename="" idMateria="23376882">
  <body>
    <Identifica><![CDATA[ EXTRATO DE TERMO ADITIVO Nº 7/2025 - UASG 423033]]></Identifica>
    <Data><![CDATA[]]></Data>
    <Ementa />
    <Titulo />
    <SubTitulo />
    <Texto><![CDATA[<p class="identifica">EXTRATO DE TERMO ADITIVO Nº 7/2025 - UASG 423033</p><p>Número do Contrato: 7/2019.</p><p>Nº Processo: 01438.000016/2019-63.</p><p>Pregão. Nº 3/2019. Contratante: ESCRITORIO DE REPRESENTACAO DO IBRAM/RJ. Contratado: 31.376.361/0001-60 - TRANSEGUR VIGILANCIA E SEGURANCA LTDA. Objeto: Prorrogar excepcionalmente o prazo da vigência do contrato nº 07/2019, por 06 (seis) meses, ressalvado o direito à rescisão antecipada por parte da contratante. Vigência: 12/06/2025 a 12/12/2025. Valor Total Atualizado do Contrato: R$ 3.692.685,60. Data de Assinatura: 06/06/2025.</p><p>(COMPRASNET 4.0 - 06/06/2025).</p>]]></Texto>
  </body>
  <Midias />
</article></xml>