﻿<xml><article id="46734876" name="Extrato 0188-PS_2025_0209 - MULT" idOficio="11441818" pubName="DO3" artType="Extrato de Contrato" pubDate="03/12/2025" artClass="00041:00022:00011:00006:00245:00002:00000:00000:00000:00000:00030:00000" artCategory="Ministério de Portos e Aeroportos/Empresa Brasileira de Infraestrutura Aeroportuária/Diretoria de Administração/Superintendência de Administração/Gerência de Processos Administrativos de Contratos não Contínuos, Comerciais e Convênios/Coordenação de Contratos não Contínuos" artSize="12" artNotes="" numberPage="146" pdfPage="http://pesquisa.in.gov.br/imprensa/jsp/visualiza/index.jsp?data=03/12/2025&amp;jornal=530&amp;pagina=146" editionNumber="230" highlightType="" highlightPriority="" highlight="" highlightimage="" highlightimagename="" idMateria="23374380">
  <body>
    <Identifica><![CDATA[extrato de Contrato Nº 188-PS/2025/0209]]></Identifica>
    <Data><![CDATA[]]></Data>
    <Ementa />
    <Titulo />
    <SubTitulo />
    <Texto><![CDATA[<p class="identifica">extrato de Contrato Nº 188-PS/2025/0209</p><p>Contratada: Multiface Serviços e Produções LTDA. Objeto: Contratação de empresa para prestação de serviços no sistema áreas verdes de aeroportos distribuídos, por meio do Sistema de Registro de Preços/SRP - Lote 04 - Região Sudeste, para o Aeroporto de Governador Valadares/MG - SBGV. Valor Global: R$ 32.936,82. Vigência: 90 dias contados a partir da Ordem de Serviço. Autoridade Competente: Juliano Borges Vilela, Gerente de Serviços Compartilhados de Manutenção.</p><p>Disponível em: http://licitacao.infraero.gov.br/portal_licitacao/servlet/DetalheLicitacao?idLicitacao=176357</p>]]></Texto>
  </body>
  <Midias />
</article></xml>