﻿<xml><article id="46727006" name="DOU26615 - APMIR - 7A" idOficio="11439814" pubName="DO3" artType="Extrato de Termo Aditivo" pubDate="03/12/2025" artClass="00075:00020:00083:00000:00000:00000:00000:00000:00000:00000:00053:00000" artCategory="Prefeituras/Estado do Rio de Janeiro/Prefeitura Municipal de Resende" artSize="12" artNotes="" numberPage="290" pdfPage="http://pesquisa.in.gov.br/imprensa/jsp/visualiza/index.jsp?data=03/12/2025&amp;jornal=530&amp;pagina=290" editionNumber="230" highlightType="" highlightPriority="" highlight="" highlightimage="" highlightimagename="" idMateria="23371330">
  <body>
    <Identifica><![CDATA[ extrato de aditamento]]></Identifica>
    <Data><![CDATA[]]></Data>
    <Ementa />
    <Titulo />
    <SubTitulo />
    <Texto><![CDATA[<p class="identifica">extrato de aditamento</p><p>EXTRATO DO SÉTIMO TERMO DE ADITAMENTO DO CONVÊNIO Nº 185/2022 01 - CONVENENTE: Prefeitura Municipal de Resende/Secretaria Municipal de Saúde; 02 - CONVENIADA: Associação de Proteção à Maternidade e à Infância de Resende; 03 - OBJETO: alteração de Cláusulas e dispositivos do Convênio e do Documento Descritivo, anexo ao Convênio no: 185/2022. "Objeto do Termo de Aditivo": a) - Repasse do recurso financeiro oriundo do Fundo Nacional de Saúde (FNS), no montante de R$ 2.475.985,00 (dois milhões, quatrocentos e setenta e cinco mil, novecentos e oitenta e cinco reais), estabelecido na Portaria no: GM/MS 7690, de 23/07/2025 (cópia anexa), referente a Emenda Parlamentar para incremento temporário ao custeio de ações e serviços de Atenção Especializada à Saúde realizados pela APMIR; 04 - DOTAÇÃO ORÇAMENTÁRIA: PMR/SAÚDE/FMS: Órgão: 04.000; Unidade: 04.060; Funcional: 10.302.184; Projeto/Atividade: 6.756; Elemento de Despesa: 3.3.90.39.50 - Serviço Médico Hospitalar, Odontológico e Laboratoriais; Código Reduzido: 115; Fonte de Recursos: 1.600.3110 (Transferência Fundo a Fundo Bl. Manutenção); 05 - EMBASAMENTO/MODALIDADE: Em conformidade com o Art. n <sup>o</sup> : 65, "caput" c/c Art. nº 116, c/c Art. nº 65, § 1º, da Lei Federal n <sup>o</sup> : 8.666/93 e suas alterações; 06 - VALOR GLOBAL: R$ 2.475.985,00 (dois milhões, quatrocentos e setenta e cinco mil, novecentos e oitenta e cinco reais); 07 - NOTA DE EMPENHO N <sup>o</sup> : 9.694/2025; 08 - PROCESSO ADMINISTRATIVO N <sup>o</sup> : 26.615/2022; 09 - DATA DE ASSINATURA DO ADITAMENTO: Resende - RJ., 31 de Outubro de 2025. Resende, RJ., 28 de Novembro de 2025 - Julio Cezar de Carvalho Superintendente Municipal de Licitações e Contratos</p>]]></Texto>
  </body>
  <Midias />
</article></xml>