﻿<xml><article id="46741316" name="2025-12-01/11442849/siasgnet_233" idOficio="11442849" pubName="DO3" artType="Aviso de Licitação-Concorrência" pubDate="03/12/2025" artClass="00047:00054:00043:00000:00000:00000:00000:00000:00000:00000:00159:00001" artCategory="Ministério da Saúde/Fundação Oswaldo Cruz/Instituto de Tecnologia em Fármacos" artSize="12" artNotes="" numberPage="155" pdfPage="http://pesquisa.in.gov.br/imprensa/jsp/visualiza/index.jsp?data=03/12/2025&amp;jornal=530&amp;pagina=155" editionNumber="230" highlightType="" highlightPriority="" highlight="" highlightimage="" highlightimagename="" idMateria="23375743">
  <body>
    <Identifica><![CDATA[ AVISO DE LICITAÇÃO]]></Identifica>
    <Data><![CDATA[]]></Data>
    <Ementa />
    <Titulo />
    <SubTitulo />
    <Texto><![CDATA[<p class="identifica">AVISO DE LICITAÇÃO</p><p class="identifica">Concorrência Nº 90007/2025 - UASG 254446</p><p>Nº Processo: 25387000055202510. Objeto: Contratação de obra de Engenharia para construção e ampliação de subestações de energia elétrica no Complexo Tecnológico de Medicamentos - CTM - Fiocruz/Farmanguinhos.. Total de Itens Licitados: 1. Edital: 03/12/2025 das 09h00 às 11h30 e das 13h30 às 16h30. Endereço: Av. Comandante Guaranys, 447, Jacarepaguá / Curicica. - Rio de Janeiro/RJ ou https://www.gov.br/compras/edital/254446-3-90007-2025. Entrega das Propostas: a partir de 03/12/2025 às 09h00 no site www.gov.br/compras. Abertura das Propostas: 07/01/2026 às 10h00 no site www.gov.br/compras. Informações Gerais: .</p><p class="assina">RICARDO BARBOSA GARCIA</p><p class="cargo">Pregoeiro</p><p>(SIASGnet - 01/12/2025) 254420-25201-2025NE000034</p>]]></Texto>
  </body>
  <Midias />
</article></xml>