﻿<xml><article id="46730165" name="Aviso de Inexigibilidade - 2" idOficio="11440570" pubName="DO3" artType="Extrato de Inexigibilidade de Licitação" pubDate="03/12/2025" artClass="00075:00013:00164:00000:00000:00000:00000:00000:00000:00000:00040:00000" artCategory="Prefeituras/Estado do Pará/Prefeitura Municipal de Medicilândia" artSize="12" artNotes="" numberPage="265" pdfPage="http://pesquisa.in.gov.br/imprensa/jsp/visualiza/index.jsp?data=03/12/2025&amp;jornal=530&amp;pagina=265" editionNumber="230" highlightType="" highlightPriority="" highlight="" highlightimage="" highlightimagename="" idMateria="23372700">
  <body>
    <Identifica><![CDATA[ AVISO DE INEXIGIBILIDADE DE LICITAÇÃO N°  20/2025]]></Identifica>
    <Data><![CDATA[]]></Data>
    <Ementa />
    <Titulo />
    <SubTitulo />
    <Texto><![CDATA[<p class="identifica">AVISO DE INEXIGIBILIDADE DE LICITAÇÃO N° 20/2025</p><p>O Município de Medicilândia, torna pública em cumprimento ao disposto no art. 74, inc. III, 'c', da Lei n.º 14.133/2021 e suas alterações, a ratificação da INEXIGIBILIDADE DE LICITAÇÃO Nº 020/2025, ocorrida em 27 de outubro de 2025, em conformidade com o processo em epígrafe e considerando que foram atendidas as prescrições legais pertinentes, fica ratificada a INEXIGIBILIDADE DE LICITAÇÃO, que é publicada, e tem por objeto Contratação de empresa especializada em serviços de apoio administrativo com ênfase em planejamento estratégico, treinamento, assistência na regularização de inadimplências e monitoramento dos sistemas do Ministério da Educação e Fundo Nacional de Desenvolvimento da Educação - FNDE, sendo eles: Sistema Integrado de Monitoramento Execução e Controle, SIMEC, Sistema de Informações sobre Orçamentos Públicos em Educação, SIOPE, Sistema de Gestão de Prestação de Contas, SIGPC, Sistema de Gerenciamento de Atas de Registro de Preço, SIGARP, Sistema de Gestão de Conselhos, SIGECON, Módulo de Acompanhamento e Validação do SIOPE, MAVS, PDDE Interativo, CAE Virtual, CACS FUNDEB e PDDE WEB à Secretaria Municipal de Educação de Medicilândia, e tem por contratado CAUC FACIL LTDA, CNPJ 21.069.241/0001-67, no valor total de R$ 48.000,00 (quarenta e oito mil reais).</p><p class="assina">MARCELO BORGES DO EGITO</p><p class="cargo">Secretária Municipal de Educação</p>]]></Texto>
  </body>
  <Midias />
</article></xml>