﻿<xml><article id="46731707" name="chamamento 03-25" idOficio="11441126" pubName="DO3" artType="Aviso de Licitação" pubDate="03/12/2025" artClass="00075:00024:00565:00000:00000:00000:00000:00000:00000:00000:00079:00000" artCategory="Prefeituras/Estado de São Paulo/PREFEITURA MUNICIPAL DE PIQUETE" artSize="12" artNotes="" numberPage="301" pdfPage="http://pesquisa.in.gov.br/imprensa/jsp/visualiza/index.jsp?data=03/12/2025&amp;jornal=530&amp;pagina=301" editionNumber="230" highlightType="" highlightPriority="" highlight="" highlightimage="" highlightimagename="" idMateria="23373576">
  <body>
    <Identifica><![CDATA[ AVISO DE CHAMAMENTO PÚBLICO Nº 3/2025]]></Identifica>
    <Data><![CDATA[ Piquete, 1º de dezembro  de 2025.]]></Data>
    <Ementa />
    <Titulo />
    <SubTitulo />
    <Texto><![CDATA[<p class="identifica">AVISO DE CHAMAMENTO PÚBLICO Nº 3/2025</p><p>A Prefeitura Municipal de Piquete, torna público para conhecimento dos interessados que se encontra aberto, o EDITAL DE CHAMAMENTO PÚBLICO Nº 03/2025, que tem por objeto o CHAMAMENTO PARA PRESTAÇÃO DE SERVIÇO DE ACOLHIMENTO INSTITUCIONAL RESIDENCIAL E COMUNITÁRIO TERAPÊUTICO. Informações do Edital poderão ser obtidas na Rua Profª Olga Mª Ecklund Armando, s/nº, Vila Duque de Caxias, CEP 12.620-013-Piquete/SP, Telefone (12) 3156-3400, e-mail saude@piquete.sp.gov.br e licitacao@piquete.sp.gov.br, no horário das 09 horas às 16 horas e no site www.piquete.sp.gov.br. Período de entrega da proposta: a partir de 02 de dezembro de 2025 até às 08:59 hs de 08 de janeiro de 2026. Sessão de abertura: 08 de janeiro de 2026 às 09 horas. LOCAL: Praça D. Pedro I, 88, Vila Celeste, CEP 12.620-000-Piquete/SP, quando será realizada a sessão de abertura.</p><p class="data">Piquete, 1º de dezembro de 2025.</p><p class="assina">RÔMULO KASIMIERZ LUSZCZYNSKI</p><p class="cargo">Prefeito</p>]]></Texto>
  </body>
  <Midias />
</article></xml>