﻿<xml><article id="46726049" name="AVISO DOU 90270" idOficio="11440865" pubName="DO3" artType="Aviso de Licitação-Pregão" pubDate="03/12/2025" artClass="00075:00016:00075:00000:00000:00000:00000:00000:00000:00000:00162:00000" artCategory="Prefeituras/Estado de Pernambuco/Prefeitura Municipal de Caruaru" artSize="12" artNotes="" numberPage="278" pdfPage="http://pesquisa.in.gov.br/imprensa/jsp/visualiza/index.jsp?data=03/12/2025&amp;jornal=530&amp;pagina=278" editionNumber="230" highlightType="" highlightPriority="" highlight="" highlightimage="" highlightimagename="" idMateria="23373027">
  <body>
    <Identifica><![CDATA[AVISO DE LICITAÇÃO  ]]></Identifica>
    <Data><![CDATA[ Caruaru/PE, 2 de dezembro de 2025.]]></Data>
    <Ementa />
    <Titulo />
    <SubTitulo />
    <Texto><![CDATA[<p class="identifica">AVISO DE LICITAÇÃO</p><p class="identifica">PREGÃO ELETRÔNICO Nº 90270/2025</p><p>PROCESSO DE LICITAÇÃO Nº 276/2025 - PREGÃO ELETRÔNICO Nº 90270/2025 - UC/P. OBJETO: LOCAÇÃO DE MICROCOMPUTADORES, destinada a atender às necessidades da equipe técnica responsável pela execução da REURB-S da Vila Padre Inácio, localizada no bairro Kennedy, no município de Caruaru-PE, em atendimento à necessidade da materialização das metas estabelecidas no Termo de Compromisso nº 966596/2024/MCIDADES, firmado junto ao Ministério das Cidades no âmbito do Novo PAC - Cidades Sustentáveis e Resilientes. Valor total estimado: R$ 12.000,00. Data e hora de abertura: 18 de dezembro 2025 às 10h (horário de Brasília). Informações: Os interessados poderão acessar e fazer Download do texto integral do Edital nos sites: www.gov.br/compras/pt-br UASG: 982381 - (www.caruaru.pe.gov.br através do link: http://editais.caruaru.pe.gov.br. Outras informações na sala da UC/P, situada no CENTRO ADMINISTRATIVO I, localizado na Rua Professor Lourival Vilanova, nº 118 - 1º Andar, Bairro Universitário, Caruaru/PE, CEP: 55.016-745, Caixa Postal: 147 - no horário das 08h00 às 14h00min, ou pelo telefone: (81) 9.8384-6453 ou através do E-mail: ucp.caruaru@gmail.com.</p><p class="data">Caruaru/PE, 2 de dezembro de 2025.</p><p class="assina">Alison Pereira de Lima</p><p class="cargo">Agente de Contratação/Pregoeiro</p>]]></Texto>
  </body>
  <Midias />
</article></xml>