﻿<xml><article id="46726274" name="AvisoRePE035.2025-DOU" idOficio="11442680" pubName="DO3" artType="Aviso de Licitação-Pregão" pubDate="03/12/2025" artClass="00075:00005:00356:00000:00000:00000:00000:00000:00000:00000:00162:00000" artCategory="Prefeituras/Estado da Bahia/Prefeitura Municipal de Mutuípe" artSize="12" artNotes="" numberPage="227" pdfPage="http://pesquisa.in.gov.br/imprensa/jsp/visualiza/index.jsp?data=03/12/2025&amp;jornal=530&amp;pagina=227" editionNumber="230" highlightType="" highlightPriority="" highlight="" highlightimage="" highlightimagename="" idMateria="23375537">
  <body>
    <Identifica><![CDATA[ AVISO DE LICITAÇÃO ]]></Identifica>
    <Data><![CDATA[ Mutuípe, 1º de dezembro de 2025.]]></Data>
    <Ementa />
    <Titulo />
    <SubTitulo />
    <Texto><![CDATA[<p class="identifica">AVISO DE LICITAÇÃO</p><p class="identifica">PREGÃO ELETRÔNICO Nº 35/2025/SRP</p><p>O Município de Mutuípe-BA, torna público aos interessados que realizará no dia 18 de dezembro de 2025 às 09h, através do endereço eletrônico https://bnc.org.br/, licitação na modalidade PREGÃO ELETRONICO, tipo MENOR PREÇO POR LOTE. Objeto: Futura e eventual contratação de empresa para aquisição de materiais e serviços metalúrgicos, para atender às demandas das diversas secretarias e órgãos que integram a Administração Pública do Município de Mutuípe/BA, sob o Sistema de Registro de Preço. O Edital e seus anexos estão disponíveis aos interessados nos sites https://bnc.org.br/ e https://www.mutuipe.ba.gov.br/site/editais</p><p class="data">Mutuípe, 1º de dezembro de 2025.</p><p class="assina">Carlos Henrique Lopes Sampaio</p><p class="cargo">Secretário Municipal de Administração</p>]]></Texto>
  </body>
  <Midias />
</article></xml>