﻿<xml><article id="46726577" name="DOU PARA 03 12 2025 correto" idOficio="11429844" pubName="DO3" artType="Aviso de Licitação-Concorrência" pubDate="03/12/2025" artClass="00075:00019:00108:00000:00000:00000:00000:00000:00000:00000:00159:00000" artCategory="Prefeituras/Estado do Rio Grande do Sul/Prefeitura Municipal de Canoas" artSize="12" artNotes="" numberPage="286" pdfPage="http://pesquisa.in.gov.br/imprensa/jsp/visualiza/index.jsp?data=03/12/2025&amp;jornal=530&amp;pagina=286" editionNumber="230" highlightType="" highlightPriority="" highlight="" highlightimage="" highlightimagename="" idMateria="23356001">
  <body>
    <Identifica><![CDATA[aviso de licitação]]></Identifica>
    <Data><![CDATA[Em 2 de dezembro de 2025.]]></Data>
    <Ementa />
    <Titulo />
    <SubTitulo />
    <Texto><![CDATA[<p class="identifica">aviso de licitação</p><p class="identifica">CONCORRÊNCIA PÚBLICA</p><p>EDITAL Nº 317/2025 - CONCORRÊNCIA PÚBLICA Objeto: Prestação de serviços técnicos especializados de engenharia, arquitetura e urbanismo, com atuação multidisciplinar integrada, voltada à elaboração e execução de projeto de Regularização Fundiária Urbana de Interesse Social (Reurb-S) nas localidades do Recanto dos Seus e Área Verde 1B, ambas situadas no bairro Guajuviras, Município de Canoas/RS. Recebimento das propostas: até às 08 horas do dia 30/01/2026. Sessão pública eletrônica às 09 horas do dia 30/01/2026, pelo site https://pregaobanrisul.com.br/. Edital: site www.canoas.rs.gov.br e https://pregaobanrisul.com.br/.</p><p class="data">Em 2 de dezembro de 2025.</p><p class="assina">Airton Souza</p><p class="cargo">Prefeito</p>]]></Texto>
  </body>
  <Midias />
</article></xml>