﻿<xml><article id="46730051" name="PUB. DO EDITAL - PE 35.2025 - DO" idOficio="11441759" pubName="DO3" artType="Aviso de Licitação" pubDate="03/12/2025" artClass="00075:00018:00016:00000:00000:00000:00000:00000:00000:00000:00079:352025" artCategory="Prefeituras/Estado do Rio Grande do Norte/Prefeitura Municipal de Areia  Branca" artSize="12" artNotes="" numberPage="283" pdfPage="http://pesquisa.in.gov.br/imprensa/jsp/visualiza/index.jsp?data=03/12/2025&amp;jornal=530&amp;pagina=283" editionNumber="230" highlightType="" highlightPriority="" highlight="" highlightimage="" highlightimagename="" idMateria="23374317">
  <body>
    <Identifica><![CDATA[ AVISO DE LICITAÇÃO  Pregão Eletrônico nº 35/2025]]></Identifica>
    <Data><![CDATA[Areia Branca/RN, 1º de dezembro de 2025. ]]></Data>
    <Ementa />
    <Titulo />
    <SubTitulo />
    <Texto><![CDATA[<p class="identifica">AVISO DE LICITAÇÃO Pregão Eletrônico nº 35/2025</p><p>A Prefeitura Municipal de Areia Branca-RN faz saber a todos os interessados que realizar-se-á o Processo Licitatório nº 1028670/2025, na modalidade Pregão Eletrônico Nº 35/2025, cujo objeto é a Aquisição de Material Permanente para o Hospital e Maternidade Sara Kubitschek e Unidades de Saúde componentes da Secretaria Municipal de Saúde do Município de Areia Branca-RN, com abertura marcada para o dia 19 de dezembro de 2025 (sexta-feira) às 08:30 horas (Horário de Brasília). O edital e os respectivos anexos poderão serem adquiridos, no sistema eletrônico, através do site: www.portaldecompraspublicas.com.br, Portal Nacional de Contratações Públicas - PNCP ou no, www.areiabranca.rn.gov.br. Maiores informações de 08:00 às 13:00h, ou pelo email (licitacaoareiabrancarn@gmail.com).</p><p class="data">Areia Branca/RN, 1º de dezembro de 2025.</p><p class="assina">Breno Alexandre Ferreira</p><p class="cargo">Pregoeiro</p>]]></Texto>
  </body>
  <Midias />
</article></xml>