﻿<xml><article id="46726862" name="PETROLINAPE" idOficio="11442390" pubName="DO3" artType="Aviso" pubDate="03/12/2025" artClass="00075:00016:00170:00000:00000:00000:00000:00000:00000:00000:00106:00000" artCategory="Prefeituras/Estado de Pernambuco/Prefeitura Municipal de Petrolina" artSize="12" artNotes="" numberPage="280" pdfPage="http://pesquisa.in.gov.br/imprensa/jsp/visualiza/index.jsp?data=03/12/2025&amp;jornal=530&amp;pagina=280" editionNumber="230" highlightType="" highlightPriority="" highlight="" highlightimage="" highlightimagename="" idMateria="23375132">
  <body>
    <Identifica><![CDATA[AVISO DE LICITAÇÃO]]></Identifica>
    <Data><![CDATA[Petrolina/PE, 1º de dezembro de 2025.]]></Data>
    <Ementa />
    <Titulo />
    <SubTitulo />
    <Texto><![CDATA[<p class="identifica">AVISO DE LICITAÇÃO</p><p class="identifica">PREGÃO ELETRÔNICO N° 117/2025</p><p>PA Nº 384/2025. Objeto: AQUISIÇÃO DE MATERIAIS DE FISIOTERAPIA destinados aos Serviços da Atenção Básica, mediante solicitação da SECRETARIA DE SAÚDE - SESAU. Edital disponível em: 03/12/2025, na Secretaria de Licitações e Contratos, no seguinte endereço: Av. Guararapes, 2114, 2º Andar, Centro, Petrolina-PE, Tel.: (87) 3983-6419, na página Oficial da Prefeitura M. de Petrolina: www.petrolina.pe.gov.br, no Portal Nacional de Contratações Públicas - PNCP: https://www.gov.br/pncp/pt-br e Disponível também na plataforma do Portal de Compras Públicas, no site: www.portaldecompraspublicas.com.br. Entrega das propostas a partir do dia 04/12/2025, a partir das 09h00 no site www.portaldecompraspublicas.com.br. Valor Global Estimado: R$ 38.024,20. Abertura das propostas: 16/12/2025 às 09h (nove horas), no site www.portaldecompraspublicas.com.br.</p><p class="data">Petrolina/PE, 1º de dezembro de 2025.</p><p class="assina">Ivanilda Rodrigues Teixeira</p><p class="cargo">Agente de Contratação/Pregoeira</p>]]></Texto>
  </body>
  <Midias />
</article></xml>