﻿<xml><article id="46725170" name="DOU 01.12.2025 ADITIVOS" idOficio="11440870" pubName="DO3" artType="Extrato de Termo Aditivo" pubDate="03/12/2025" artClass="00075:00018:00102:00000:00000:00000:00000:00000:00000:00000:00053:00000" artCategory="Prefeituras/Estado do Rio Grande do Norte/Prefeitura Municipal de Mossoró" artSize="12" artNotes="" numberPage="284" pdfPage="http://pesquisa.in.gov.br/imprensa/jsp/visualiza/index.jsp?data=03/12/2025&amp;jornal=530&amp;pagina=284" editionNumber="230" highlightType="" highlightPriority="" highlight="" highlightimage="" highlightimagename="" idMateria="23373052">
  <body>
    <Identifica><![CDATA[ EXTRATO DE TERMO ADITIVO]]></Identifica>
    <Data><![CDATA[]]></Data>
    <Ementa />
    <Titulo />
    <SubTitulo />
    <Texto><![CDATA[<p class="identifica">EXTRATO DE TERMO ADITIVO</p><p>Aditivo nº 04/2025 - Contrato Nº 254/2021. Pregão nº 45/2021. Objeto: Promover a renovação contratual pelo período de 12 (doze) meses. Contratante: Fundo Municipal de Saúde - CNPJ:11.965.996/0001-96. Contratada: Master Locações LTDA - CNPJ: 07.656.489/0001-01. Vigência: 30/11/2025 a 30/11/2026. Valor: R$ 3.585.266,40 (três milhões e quinhentos e oitenta e cinco mil e duzentos e sessenta e seis reais e quarenta centavos). Data da assinatura: 28/11/2025.</p>]]></Texto>
  </body>
  <Midias />
</article></xml>