﻿<xml><article id="46725947" name="13831 - Banabuiu - AVISO DE LICI" idOficio="11443151" pubName="DO3" artType="Aviso de Licitação-Pregão" pubDate="03/12/2025" artClass="00075:00006:00042:00000:00000:00000:00000:00000:00000:00000:00162:00000" artCategory="Prefeituras/Estado do Ceará/Prefeitura Municipal de Banabuiú" artSize="12" artNotes="" numberPage="229" pdfPage="http://pesquisa.in.gov.br/imprensa/jsp/visualiza/index.jsp?data=03/12/2025&amp;jornal=530&amp;pagina=229" editionNumber="230" highlightType="" highlightPriority="" highlight="" highlightimage="" highlightimagename="" idMateria="23376174">
  <body>
    <Identifica><![CDATA[ AVISO DE LICITAÇÃO]]></Identifica>
    <Data><![CDATA[ Banabuiú/CE, 1º de dezembro de 2025]]></Data>
    <Ementa />
    <Titulo />
    <SubTitulo />
    <Texto><![CDATA[<p class="identifica">AVISO DE LICITAÇÃO</p><p class="identifica">PREGÃO ELETRÔNICO Nº 4.006/2025- SRP PE</p><p>OBJETO: Seleção de melhor proposta para Registro de Preços visando futuras e eventuais Aquisições de Livros Literários e Livros Didáticos destinados a Alunos do Ensino Fundamental, Jovens e Adultos (EJA) e Professores do Município de Banabuiú-CE. A partir do dia 03 de dezembro de 2025, às 10:00 horas (horário de Brasília), através do endereço eletrônico www.licitamaisbrasil.com.br, - "Acesso Identificado no link específico", em sessão pública por meio de comunicação via internet, iniciará os procedimentos de recebimento das propostas de preços e documentos de habilitação, que no dia 16 de dezembro de 2025 às 08:00horas encerra o procedimento de recebimento de proposta. A partir das 08h10minu dará início a abertura das mesmas, em seguida a partir das 09h00min iniciará a formalização de lances e documentos de habilitação da licitação. A íntegra do Edital poderá ser obtida junto ao site www.licitamaisbrasil.com.br, no seguinte endereço: Av. Queiroz Pessoa, nº 435 - Bairro Centro, Banabuiú/CE, ou através do sítio eletrônico http://municipios.tce.ce.gov.br/licitacoes.</p><p class="data">Banabuiú/CE, 1º de dezembro de 2025</p><p class="assina">EDILANE MACIEL DA SILVA</p><p class="cargo">Pregoeira Oficial</p>]]></Texto>
  </body>
  <Midias />
</article></xml>