﻿<xml><article id="46725632" name="PETROLINACONT__0W1R51" idOficio="11442390" pubName="DO3" artType="Aviso" pubDate="03/12/2025" artClass="00075:00016:00170:00000:00000:00000:00000:00000:00000:00000:00106:00000" artCategory="Prefeituras/Estado de Pernambuco/Prefeitura Municipal de Petrolina" artSize="12" artNotes="" numberPage="280" pdfPage="http://pesquisa.in.gov.br/imprensa/jsp/visualiza/index.jsp?data=03/12/2025&amp;jornal=530&amp;pagina=280" editionNumber="230" highlightType="" highlightPriority="" highlight="" highlightimage="" highlightimagename="" idMateria="23375131">
  <body>
    <Identifica><![CDATA[ EXTRATO DE CONTRATO ]]></Identifica>
    <Data><![CDATA[]]></Data>
    <Ementa />
    <Titulo />
    <SubTitulo />
    <Texto><![CDATA[<p class="identifica">EXTRATO DE CONTRATO</p><p>CONTRATO Nº 982/2025. ADESÃO EXTERNA Nº 012/2025. Objeto: Aquisição de estações de trabalho (desktops), para atender às necessidades da Secretaria Municipal de Educação, Cultura e Esporte de Petrolina - PE. Amparo Legal: Lei Federal nº 14.133/2021. Contratante: Município de Petrolina (10.358.190/0001-77), através da Secretaria de Educação, Cultura e Esporte. Contratada: LIDER NOTEBOOKS COMERCIO E SERVICOS LTDA, CNPJ: 12.477.490/0002-81, VALOR GLOBAL R$ 5.458.375,00. Data do Contrato: 28/11/2025, Prazo de vigência: 12 (doze) meses. Petrolina, 01/12/2025. Rosane da Costa Santos - Secretaria de Educação, Cultura e Esporte.</p>]]></Texto>
  </body>
  <Midias />
</article></xml>