﻿<xml><article id="46729739" name="ATOTA - 12-2021 - BRASILMED AUDI" idOficio="11432502" pubName="DO3" artType="Extrato de Termo Aditivo" pubDate="03/12/2025" artClass="00073:04862:08693:00000:00000:00000:00000:00000:00000:00000:00053:00000" artCategory="Ineditoriais/Fundação de Previdência Complementar do Servidor Público Federal do Poder Judiciário" artSize="12" artNotes="" numberPage="210" pdfPage="http://pesquisa.in.gov.br/imprensa/jsp/visualiza/index.jsp?data=03/12/2025&amp;jornal=530&amp;pagina=210" editionNumber="230" highlightType="" highlightPriority="" highlight="" highlightimage="" highlightimagename="" idMateria="23360785">
  <body>
    <Identifica><![CDATA[ EXTRATO DE TERMO ADITIVO]]></Identifica>
    <Data><![CDATA[]]></Data>
    <Ementa />
    <Titulo />
    <SubTitulo />
    <Texto><![CDATA[<p class="identifica">EXTRATO DE TERMO ADITIVO</p><p>PROCESSO: 00897/2021. QUINTO TERMO ADITIVO ao CONTRATO nº. 12/2021. CONTRATANTE: Fundação de Previdência Complementar do Servidor Público Federal do Poder Judiciário - Funpresp-Jud. CONTRATADA: BRASILMED AUDITORIA MÉDICA E SERVIÇOS LTDA- CNPJ nº. 00.706.148/0001-46. OBJETO: Ampliar o escopo dos serviços e alterar o valor do contrato. FUNDAMENTO LEGAL: Art. 124 da Lei nº. 14.133/2021. DATA DE ASSINATURA: 25/11/2025; ORDENADOR DE DESPESAS: Marco Antônio Martins Garcia.</p>]]></Texto>
  </body>
  <Midias />
</article></xml>