﻿<xml><article id="46729775" name="8. Extrato Contrato nA 18-2025 -" idOficio="11406840" pubName="DO3" artType="Extrato de Contrato" pubDate="03/12/2025" artClass="00071:00269:00000:00000:00000:00000:00000:00000:00000:00000:00030:00000" artCategory="Entidades de Fiscalização do Exercício das Profissões Liberais/Conselho Regional de Engenharia e Agronomia de Alagoas" artSize="12" artNotes="" numberPage="204" pdfPage="http://pesquisa.in.gov.br/imprensa/jsp/visualiza/index.jsp?data=03/12/2025&amp;jornal=530&amp;pagina=204" editionNumber="230" highlightType="" highlightPriority="" highlight="" highlightimage="" highlightimagename="" idMateria="23316598">
  <body>
    <Identifica><![CDATA[ EXTRATO DE CONTRATO Nº 18/2025]]></Identifica>
    <Data><![CDATA[]]></Data>
    <Ementa />
    <Titulo />
    <SubTitulo />
    <Texto><![CDATA[<p class="identifica">EXTRATO DE CONTRATO Nº 18/2025</p><p>Processo Administrativo nº 2272838/2025</p><p>Contratante: O CONSELHO REGIONAL DE ENGENHARIA E AGRONOMIA DE ALAGOAS-CREA-AL, CNPJ nº 12.156.592/0001-14. Contratada: INSTITUTO EUVALDO LODI - IEL/AL, CNPJ 12.157.863/0001-56. Objeto: Prestação de serviços de consultoria especializada em mapeamento de processos para os setores de Registro, Cadastro, Julgamento e Normatização. Valor Global de R$ 160.000,00 (cento e sessenta mil reais). Data da Assinatura: 11 de novembro de 2025.</p>]]></Texto>
  </body>
  <Midias />
</article></xml>