﻿<xml><article id="46741970" name="2025-12-01/11442552/COMPRASNETWS" idOficio="11442552" pubName="DO3" artType="Extrato de Termo Aditivo" pubDate="03/12/2025" artClass="00016:00012:00028:00006:00000:00000:00000:00000:00000:00000:00053:00001" artCategory="Ministério da Defesa/Comando da Marinha/Estado-Maior da Armada/Escola de Guerra Naval" artSize="12" artNotes="" numberPage="40" pdfPage="http://pesquisa.in.gov.br/imprensa/jsp/visualiza/index.jsp?data=03/12/2025&amp;jornal=530&amp;pagina=40" editionNumber="230" highlightType="" highlightPriority="" highlight="" highlightimage="" highlightimagename="" idMateria="23375305">
  <body>
    <Identifica><![CDATA[ EXTRATO DE TERMO ADITIVO Nº 6/2021 - UASG 721000]]></Identifica>
    <Data><![CDATA[]]></Data>
    <Ementa />
    <Titulo />
    <SubTitulo />
    <Texto><![CDATA[<p class="identifica">EXTRATO DE TERMO ADITIVO Nº 6/2021 - UASG 721000</p><p>Número do Contrato: 26/2021.</p><p>Nº Processo: 61126.002096/2021-51.</p><p>Pregão. Nº 26/2021. Contratante: ESCOLA DE GUERRA NAVAL. Contratado: 64.112.428/0001-09 - VIVA SERVICOS LTDA. Objeto: Prorrogar o prazo da vigência do contrato nº 21000/026-2021-00, por 12</p><p>(doze) meses, contemplando-se, nesta ocasião, o período de 03/12/2025 a 03/12/2026,</p><p>nos termos do art. 57, (ii ou iv), da lei n.º 8.666, de 1993.. Vigência: 02/12/2025 a 01/12/2026. Valor Total Atualizado do Contrato: R$ 833.435,64. Data de Assinatura: 01/12/2025.</p><p>(COMPRASNET 4.0 - 01/12/2025).</p>]]></Texto>
  </body>
  <Midias />
</article></xml>