﻿<xml><article id="46727036" name="AVISO DE LICITACAO - CHAMAMENTO " idOficio="11442028" pubName="DO3" artType="Aviso de Licitação" pubDate="03/12/2025" artClass="00074:00002:00009:00000:00000:00000:00000:00000:00000:00000:00079:00000" artCategory="Governo do Estado/Governo do Estado do Acre/Secretaria de Estado da Gestão Administrativa" artSize="12" artNotes="" numberPage="214" pdfPage="http://pesquisa.in.gov.br/imprensa/jsp/visualiza/index.jsp?data=03/12/2025&amp;jornal=530&amp;pagina=214" editionNumber="230" highlightType="" highlightPriority="" highlight="" highlightimage="" highlightimagename="" idMateria="23374590">
  <body>
    <Identifica><![CDATA[AVISO DE CHAMAMENTO PÚBLICO Nº 5/2025 - CPC - SESACRE]]></Identifica>
    <Data><![CDATA[ Rio Branco-AC, 27 de Novembro de 2025.]]></Data>
    <Ementa />
    <Titulo />
    <SubTitulo />
    <Texto><![CDATA[<p class="identifica">AVISO DE CHAMAMENTO PÚBLICO Nº 5/2025 - CPC - SESACRE</p><p>Objeto: Seleção pública de pessoa jurídica de direito privado, sem fins lucrativos, qualificada como Organização Social de Saúde (OSS), para celebração de Contrato de Gestão com a Secretaria de Estado de Saúde do Acre - SESACRE, visando o gerenciamento, à operacionalização e a execução das ações e serviços de saúde médico-hospitalar de média e alta complexidade, bem como dos serviços não assistenciais, incluindo o gerenciamento da estrutura física, de recursos humanos e do fornecimento de bens e insumos necessários ao pleno funcionamento de forma ininterrupta (24 horas por dia) do Hospital de Clínicas Raimundo Chaar - HCRC, localizado na Avenida Prefeito Rolando Moreira, nº 920, Centro, Brasiléia/AC</p><p>Edital e Informações: O edital estará à disposição dos interessados a partir do dia 01/12/2025, por meio do site www.licitacao.ac.gov.br e abertura da sessão pública no dia 30/12/2025 às 9h (Horário Local).</p><p class="data">Rio Branco-AC, 27 de Novembro de 2025.</p><p class="assina">Maria Dulcenir Linhares de Souza</p><p class="cargo">Presidente da Comissão</p>]]></Texto>
  </body>
  <Midias />
</article></xml>