﻿<xml><article id="46729793" name="AVISO DE pregoes 021" idOficio="11440673" pubName="DO3" artType="Aviso" pubDate="03/12/2025" artClass="00075:00012:00712:00000:00000:00000:00000:00000:00000:00000:00106:00000" artCategory="Prefeituras/Estado de Minas Gerais/PREFEITURA MUNICIPAL DE NANUQUE" artSize="12" artNotes="" numberPage="254" pdfPage="http://pesquisa.in.gov.br/imprensa/jsp/visualiza/index.jsp?data=03/12/2025&amp;jornal=530&amp;pagina=254" editionNumber="230" highlightType="" highlightPriority="" highlight="" highlightimage="" highlightimagename="" idMateria="23372820">
  <body>
    <Identifica><![CDATA[ AVISO DE LICITAÇÃO PREGÃO ELETRÔNICO Nº 21/2025]]></Identifica>
    <Data><![CDATA[]]></Data>
    <Ementa />
    <Titulo />
    <SubTitulo />
    <Texto><![CDATA[<p class="identifica">AVISO DE LICITAÇÃO PREGÃO ELETRÔNICO Nº 21/2025</p><p>O Município de Nanuque/MG torna público que estará republicando o Pregão Eletrônico nº Pregão Eletrônico nº 021/2025 refere se registro de preço para futura eventual aquisição de equipamentos de proteção individual - EPI, para atender as demandas das instituições de acolhimento recanto conviver, lar amor e luz e demais equipamentos da Secretaria de Assistência Social. A abertura será às 09h00min do dia 17/12/2025. O Edital poderá ser consultado no endereço www.nanuque.mg.gov.br ou na plataforma da www.licitardigital.com.br</p><p class="assina">GILSON COLETA BARBOSA</p><p class="cargo">Prefeito</p>]]></Texto>
  </body>
  <Midias />
</article></xml>