﻿<xml><article id="46726919" name="Aviso Imprensa PE 53-2025" idOficio="11435952" pubName="DO3" artType="Aviso de Licitação-Pregão" pubDate="03/12/2025" artClass="00075:00015:00418:00000:00000:00000:00000:00000:00000:00000:00162:00000" artCategory="Prefeituras/Estado do Paraná/Prefeitura Municipal de São Mateus do Sul" artSize="12" artNotes="" numberPage="277" pdfPage="http://pesquisa.in.gov.br/imprensa/jsp/visualiza/index.jsp?data=03/12/2025&amp;jornal=530&amp;pagina=277" editionNumber="230" highlightType="" highlightPriority="" highlight="" highlightimage="" highlightimagename="" idMateria="23365550">
  <body>
    <Identifica><![CDATA[ Aviso de Licitação]]></Identifica>
    <Data><![CDATA[São Mateus do Sul, 27 de Novembro de 2025.]]></Data>
    <Ementa />
    <Titulo />
    <SubTitulo />
    <Texto><![CDATA[<p class="identifica">Aviso de Licitação</p><p class="identifica">PREGÃO ELETRÔNICO Nº 53/2025</p><p>Objeto do processo: Contratação de empresa de gerenciamento de frotas. Recebimento das Propostas: até às 08:30 horas do dia 18 de Dezembro de 2025. Abertura das Propostas: a partir das 08:31 horas do dia 18 de Dezembro de 2025. Início da Sessão de Disputa de Preços: às 09:30 horas do dia 18 de Dezembro de 2025. Local: www.bll.org.br e www.saomateusdosul.pr.gov.br.</p><p class="data">São Mateus do Sul, 27 de Novembro de 2025.</p><p class="assina">Fernanda Garcia Sardanha</p><p class="cargo">Prefeita</p>]]></Texto>
  </body>
  <Midias />
</article></xml>