﻿<xml><article id="46729325" name="Extarto contrato despesa RG 2601" idOficio="11440720" pubName="DO3" artType="Extrato de Contrato" pubDate="03/12/2025" artClass="00028:00050:00030:00000:00000:00000:00000:00000:00000:00000:00030:00000" artCategory="Ministério da Fazenda/Serviço Federal de Processamento de Dados/Regional São Paulo" artSize="12" artNotes="" numberPage="120" pdfPage="http://pesquisa.in.gov.br/imprensa/jsp/visualiza/index.jsp?data=03/12/2025&amp;jornal=530&amp;pagina=120" editionNumber="230" highlightType="" highlightPriority="" highlight="" highlightimage="" highlightimagename="" idMateria="23372930">
  <body>
    <Identifica><![CDATA[ EXTRATO DE CONTRATO Nº 260122/2025 - UASG 803080]]></Identifica>
    <Data><![CDATA[]]></Data>
    <Ementa />
    <Titulo />
    <SubTitulo />
    <Texto><![CDATA[<p class="identifica">EXTRATO DE CONTRATO Nº 260122/2025 - UASG 803080</p><p>Processo Nº SERPRO-PST-2025/00030. PREGÃO Nº: 00960/2025. Contratante: SERVIÇO FEDERAL DE PROCESSAMENTO DE DADOS (SERPRO). CNPJ da Contratada: 11.408.142/0001-09 - MEGA TELEINFORMÁTICA LTDA. Objeto: Contratação de empresa especializada para prestação de serviço de comunicação de dados - Circuitos de Acesso. Vigência: 01/12/2025 a 30/11/2029. Valor total: R$ 8.137.440,00. Data da Assinatura: 28/11/2025. Valor anual R$ 2.034.360,00.</p>]]></Texto>
  </body>
  <Midias />
</article></xml>