﻿<xml><article id="46725749" name="Publicacao DOU Aditivo 02_12_202" idOficio="11441883" pubName="DO3" artType="Extrato de Termo Aditivo" pubDate="03/12/2025" artClass="00071:00286:00000:00000:00000:00000:00000:00000:00000:00000:00053:00000" artCategory="Entidades de Fiscalização do Exercício das Profissões Liberais/Conselho Regional de Engenharia e Agronomia do Paraná" artSize="12" artNotes="" numberPage="206" pdfPage="http://pesquisa.in.gov.br/imprensa/jsp/visualiza/index.jsp?data=03/12/2025&amp;jornal=530&amp;pagina=206" editionNumber="230" highlightType="" highlightPriority="" highlight="" highlightimage="" highlightimagename="" idMateria="23374367">
  <body>
    <Identifica><![CDATA[ EXTRATO DE TERMO ADITIVO]]></Identifica>
    <Data><![CDATA[]]></Data>
    <Ementa />
    <Titulo />
    <SubTitulo />
    <Texto><![CDATA[<p></p><p class="identifica">EXTRATO DE TERMO ADITIVO</p><p>PROCESSO Nº: 017.001483/2025-47. CONTRATADA: Trade Comunicação e Marketing SS Ltda. CNPJ: 81.078.289/0001-63. OBJETO: Prestação de serviços de publicidade. VALOR DO ADITAMENTO: R$ 2.000.000,00. BASE LEGAL: Lei nº 8.666/93. Vigência: 02/01/2026 a 1º/01/2027. Signatário: Adalberto Eschholz Diniz.</p>]]></Texto>
  </body>
  <Midias />
</article></xml>