﻿<xml><article id="46726583" name="AVISO DE EDITAL 26-11__IAUA03" idOficio="11438874" pubName="DO3" artType="Aviso de Licitação" pubDate="03/12/2025" artClass="00075:00024:00381:00000:00000:00000:00000:00000:00000:00000:00079:900922025" artCategory="Prefeituras/Estado de São Paulo/Prefeitura Municipal de Itaquaquecetuba" artSize="12" artNotes="" numberPage="299" pdfPage="http://pesquisa.in.gov.br/imprensa/jsp/visualiza/index.jsp?data=03/12/2025&amp;jornal=530&amp;pagina=299" editionNumber="230" highlightType="" highlightPriority="" highlight="" highlightimage="" highlightimagename="" idMateria="23369793">
  <body>
    <Identifica><![CDATA[ AVISOS DE LICITAÇÃO   PREGÃO ELETRÔNICO Nº 90092/2025]]></Identifica>
    <Data><![CDATA[ Itaquaquecetuba, 28 de novembro de 2025.]]></Data>
    <Ementa />
    <Titulo />
    <SubTitulo />
    <Texto><![CDATA[<p class="identifica">AVISOS DE LICITAÇÃO PREGÃO ELETRÔNICO Nº 90092/2025</p><p>Edital nº 118 de 28 de novembro de 2025. Objeto: Registro de Preços para Contratação de Empresa Especializada para prestação de serviços de locação, instalação e manutenção corretiva e preventiva de equipamentos medico hospitalar para a Secretaria Municipal de Saúde de Itaquaquecetuba/SP, - Abertura da sessão: 18/12/2025 às 09:00 horas.</p><p>O edital está disponibilizado, na íntegra, no endereço eletrônico www.itaquaquecetuba.sp.gov.br, no Portal de Compras Públicas (PNCP) ou obtidos mediante entrega de 01 (um) Pendrive, virgem e lacrado no Departamento de Compras e Licitações da Prefeitura Municipal de Itaquaquecetuba, sito à Rua Vereador José Barbosa de Araújo nº 151, Vila Virginia, Itaquaquecetuba - SP, nos dias úteis, no horário das 8:00 às 16:00 horas. Para maiores informações, estão disponíveis os seguintes telefones (0xx11) 4640-1442 e 4642-1531.</p><p></p><p class="identifica">CONCORRÊNCIA PÚBLICA Nº 90027/2025</p><p>Edital nº 119 de 28 de novembro de 2025. Objeto: Registro de Preços para contratação de empresa especializada para geometria viária e manutenção corretiva de pavimentação asfáltica, do tipo tapa-buraco, em vias do município de Itaquaquecetuba-SP - Secretarias Municipais de Mobilidade Urbana e Serviços Urbanos - Abertura da sessão: 19/12/2025 às 09:00 horas.</p><p>O edital está disponibilizado, na íntegra, no endereço eletrônico www.itaquaquecetuba.sp.gov.br, no Portal de Compras Públicas (PNCP) ou obtidos mediante entrega de 01 (um) Pendrive, virgem e lacrado no Departamento de Compras e Licitações da Prefeitura Municipal de Itaquaquecetuba, sito à Rua Vereador José Barbosa de Araújo nº 151, Vila Virginia, Itaquaquecetuba - SP, nos dias úteis, no horário das 8:00 às 16:00 horas. Para maiores informações, estão disponíveis os seguintes telefones (0xx11) 4640-1442 e 4642-1531.</p><p class="data">Itaquaquecetuba, 28 de novembro de 2025.</p><p class="assina">Mário Toyama</p><p class="cargo">Secretário Municipal de Administração e Modernização</p>]]></Texto>
  </body>
  <Midias />
</article></xml>