﻿<xml><article id="46735831" name="INEX 36-2025 IMPRENSA NACIONAL" idOficio="11442668" pubName="DO3" artType="Aviso de Inexigibilidade de Licitação" pubDate="03/12/2025" artClass="00075:00012:00337:00000:00000:00000:00000:00000:00000:00000:00077:00000" artCategory="Prefeituras/Estado de Minas Gerais/Prefeitura Municipal de Conselheiro Pena" artSize="12" artNotes="" numberPage="250" pdfPage="http://pesquisa.in.gov.br/imprensa/jsp/visualiza/index.jsp?data=03/12/2025&amp;jornal=530&amp;pagina=250" editionNumber="230" highlightType="" highlightPriority="" highlight="" highlightimage="" highlightimagename="" idMateria="23375479">
  <body>
    <Identifica><![CDATA[AVISO DE INEXIGIBILIDADE DE LICITAÇÃO N° 36/2025 ]]></Identifica>
    <Data><![CDATA[ Conselheiro Pena-MG, 1º  de dezembro de 2025.]]></Data>
    <Ementa />
    <Titulo />
    <SubTitulo />
    <Texto><![CDATA[<p class="identifica">AVISO DE INEXIGIBILIDADE DE LICITAÇÃO N° 36/2025</p><p></p><p>Inexigibilidade n° 36/2025 - Credenciamento nº 08/2025 Processo Licitatorio nº 116/2025. Objeto: CREDENCIAMENTO DE PESSOA JURÍDICA PARA PRESTAÇÃO DE SERVIÇOS MÉDICOS ESPECIALIZADO EM OFTALMOLOGIA, EXAMES E CONSULTAS, PARA OS PACIENTES DA SECRETARIA MUNICIPAL DE SAÚDE. A partir da data de publicação.</p><p>O Edital e seus anexos estão à disposição dos interessados no site www.conselheiropena.mg.gov.br. Nádia Filomena Dutra França.</p><p class="data">Conselheiro Pena-MG, 1º de dezembro de 2025.</p><p class="assina">Nádia Filomena Dutra França</p><p class="cargo">Prefeita</p>]]></Texto>
  </body>
  <Midias />
</article></xml>