﻿<xml><article id="46735360" name="texto 1 INEX" idOficio="11442627" pubName="DO3" artType="Extrato de Inexigibilidade de Licitação" pubDate="03/12/2025" artClass="00073:04862:08646:00000:00000:00000:00000:00000:00000:00000:00040:00000" artCategory="Ineditoriais/Fundação Norte Rio-Grandense de Pesquisa e Cultura" artSize="12" artNotes="" numberPage="210" pdfPage="http://pesquisa.in.gov.br/imprensa/jsp/visualiza/index.jsp?data=03/12/2025&amp;jornal=530&amp;pagina=210" editionNumber="230" highlightType="" highlightPriority="" highlight="" highlightimage="" highlightimagename="" idMateria="23375403">
  <body>
    <Identifica><![CDATA[ EXTRATO DE INEXIBILIDADE DE LICITAÇÃO]]></Identifica>
    <Data><![CDATA[]]></Data>
    <Ementa />
    <Titulo />
    <SubTitulo />
    <Texto><![CDATA[<p class="identifica">EXTRATO DE INEXIBILIDADE DE LICITAÇÃO</p><p>Processo nº 567022025. Contratante: Fundação Norte-Rio-Grandense de Pesquisa e Cultura (FUNPEC). Contratada: 04.755.378/0001-56 - BRUKER DO BRASIL COMERCIO E REPRESENTAÇÃO DE PRODUTOS CIENTIFICOS LTDA. Objeto: "MANUTENÇÃO DE EQUIPAMENTOS". Valor: R$ 36.420,00 (TRINTA E SEIS MIL E QUATROCENTOS E VINTE REAIS). Fundamento legal: Art. 26, VI do Decreto 8.241/2014, art. 74, I, da Lei nº 14.133/2021. Autorização: Júlio César Bezerra Cavalcante - Coordenador do grupo de compras. Ratificação: André Privat de Lira, Diretor de materiais. 01 de dezembro de 2025.</p>]]></Texto>
  </body>
  <Midias />
</article></xml>