﻿<xml><article id="46725410" name="Aviso Licitacao DOU 02_12_2025" idOficio="11441769" pubName="DO3" artType="Aviso de Licitação-Pregão" pubDate="03/12/2025" artClass="00071:00286:00000:00000:00000:00000:00000:00000:00000:00000:00162:00000" artCategory="Entidades de Fiscalização do Exercício das Profissões Liberais/Conselho Regional de Engenharia e Agronomia do Paraná" artSize="12" artNotes="" numberPage="206" pdfPage="http://pesquisa.in.gov.br/imprensa/jsp/visualiza/index.jsp?data=03/12/2025&amp;jornal=530&amp;pagina=206" editionNumber="230" highlightType="" highlightPriority="" highlight="" highlightimage="" highlightimagename="" idMateria="23374301">
  <body>
    <Identifica><![CDATA[ AVISO DE LICITAÇÃO]]></Identifica>
    <Data><![CDATA[ Curitiba, 1º de dezembro de 2025.]]></Data>
    <Ementa />
    <Titulo />
    <SubTitulo />
    <Texto><![CDATA[<p></p><p class="identifica">AVISO DE LICITAÇÃO</p><p class="identifica">PREGÃO Nº 32/2025 - UASG 389088</p><p>Processo n.º 017.001072/2025-51 - Objeto: Prestação de serviços de licenciamento do programa de computador denominado Adobe Creative Cloud. Total de Itens listados: 1. Edital disponível a partir de 02/12/2025. Endereço: www.crea-pr.org.br/ws/licitacoes-do-crea-pr ou www.gov.br/compras Entrega das propostas: a partir de 02/12/2025 às 08h00min no site www.gov.br/compras. Abertura das Propostas: 17/12/2025 às 08h00min.</p><p class="data">Curitiba, 1º de dezembro de 2025.</p><p class="assina">Sandro Luís Marangoni</p><p class="cargo">Gerente de Suprimentos e Serviços</p>]]></Texto>
  </body>
  <Midias />
</article></xml>