﻿<xml><article id="46725803" name="Aviso___WLUGJ8" idOficio="11437954" pubName="DO3" artType="Aviso de Licitação-Concorrência" pubDate="03/12/2025" artClass="00035:00052:00000:00000:00000:00000:00000:00000:00000:00000:00159:00000" artCategory="Ministério de Minas e Energia/Indústrias Nucleares do Brasil S/A" artSize="12" artNotes="" numberPage="141" pdfPage="http://pesquisa.in.gov.br/imprensa/jsp/visualiza/index.jsp?data=03/12/2025&amp;jornal=530&amp;pagina=141" editionNumber="230" highlightType="" highlightPriority="" highlight="" highlightimage="" highlightimagename="" idMateria="23368478">
  <body>
    <Identifica><![CDATA[ AVISO DE LICITAÇÃO]]></Identifica>
    <Data><![CDATA[]]></Data>
    <Ementa />
    <Titulo />
    <SubTitulo />
    <Texto><![CDATA[<p class="identifica">AVISO DE LICITAÇÃO</p><p class="identifica">Nº CC1005/2025</p><p>Processo: GEDECM.2025090059</p><p>Objeto: Contratação de consultoria especializada para elaboração de Plano de Intervenção (PI) visando gerenciamento ambiental dos sedimentos da Barragem de Aguas Claras (BAC) da Unidade em Descomissionamento de Caldas (UDC) das Indústrias Nucleares do Brasil S/A - INB, localizada no município de Caldas/MG, em conformidade com o Termo de Referência.</p><p>O Edital e seus anexos poderão ser obtidos pelos interessados no site da INB (http://www.inb.gov.br/licitacoes), opção Lista de Anexos da respectiva licitação a partir de 03/12/2025 às 08h00.</p><p>Entrega / Abertura das Propostas: 13/02/2026 às 10h00 na INB - Resende, localizada na Rodovia Presidente Dutra, km 336 - Engenheiro Passos - Resende/RJ - CEP: 27.555-000.</p><p class="assina">ANA CAROLINA CARANZANO MORAES</p><p class="cargo">Compradora</p>]]></Texto>
  </body>
  <Midias />
</article></xml>