﻿<xml><article id="46735012" name="DOU JATAI" idOficio="11433351" pubName="DO3" artType="Aviso" pubDate="03/12/2025" artClass="00075:00008:00181:00000:00000:00000:00000:00000:00000:00000:00106:00000" artCategory="Prefeituras/Estado de Goiás/Prefeitura Municipal de Jataí" artSize="12" artNotes="" numberPage="238" pdfPage="http://pesquisa.in.gov.br/imprensa/jsp/visualiza/index.jsp?data=03/12/2025&amp;jornal=530&amp;pagina=238" editionNumber="230" highlightType="" highlightPriority="" highlight="" highlightimage="" highlightimagename="" idMateria="23361923">
  <body>
    <Identifica><![CDATA[ AVISO DE CHAMAMENTO PÚBLICO Nº 3/2025]]></Identifica>
    <Data><![CDATA[]]></Data>
    <Ementa />
    <Titulo />
    <SubTitulo />
    <Texto><![CDATA[<p class="identifica">AVISO DE CHAMAMENTO PÚBLICO Nº 3/2025</p><p>O Município de Jataí, por meio da Superintendência de Habitação, torna pública a abertura do Chamamento Público nº 003/2025, cujo objeto é a seleção de empresas do ramo de construção civil, incorporadoras e/ou construtoras, com comprovada capacidade técnica, para apresentação de projetos e construção de 400 (quatrocentas) unidades habitacionais verticais coletivas, de Interesse Social, no âmbito do Programa Minha Casa Minha Vida - MCMV, com recursos do FAR (Fundo de Arrendamento Residencial) e/ou CIDADES nos termos do preconizado pela Lei Federal nº 14.620/2023 e alterações posteriores. Os interessados em participar do credenciamento deverão realizar a inscrição mediante apresentação dos documentos relacionados em Edital, entre os dias 28 de novembro de 2025 e 21 de janeiro de 2026, na Diretoria de Licitações, na sede da Prefeitura Municipal, localizada na rua Itarumã, nº 355, Vila Santa Maria, Jataí/GO, conforme disposto em Edital. O edital e demais informações poderão ser encontrados no site da Prefeitura. Para maiores informações: www.jatai.go.gov.br Telefone: (64) 3605-2956</p><p class="assina">EDUARDO JAILTON PRADO NAVES</p><p class="cargo">Comissão Especial de Programas Habitacionais</p><p>Superintendente de Habitação</p>]]></Texto>
  </body>
  <Midias />
</article></xml>