﻿<xml><article id="46726310" name="ASSEMBLEIA GERAL EXTRAORDINARIA " idOficio="11442166" pubName="DO3" artType="Edital de Convocação" pubDate="03/12/2025" artClass="00073:10056:30526:00000:00000:00000:00000:00000:00000:00000:00058:00000" artCategory="Ineditoriais/Sindicatos/SINDICATO DAS EMPRESAS DE TRANSPORTE COLETIVO RODOVIÁRIO INTERMUNICIPAL, INTERESTADUAL E INTERNACIONAL DO ESTADO DO RIO GRANDE DO SUL" artSize="12" artNotes="" numberPage="211" pdfPage="http://pesquisa.in.gov.br/imprensa/jsp/visualiza/index.jsp?data=03/12/2025&amp;jornal=530&amp;pagina=211" editionNumber="230" highlightType="" highlightPriority="" highlight="" highlightimage="" highlightimagename="" idMateria="23374820">
  <body>
    <Identifica><![CDATA[ EDITAL DE CONVOCAÇÃO]]></Identifica>
    <Data><![CDATA[ Porto Alegre-RS, 2 de dezembro de 2025.]]></Data>
    <Ementa />
    <Titulo />
    <SubTitulo />
    <Texto><![CDATA[<p class="identifica">EDITAL DE CONVOCAÇÃO</p><p class="identifica">Assembleia Geral Extraordinária</p><p>O Presidente do Sindicato das Empresas de Transporte Coletivo Rodoviário Intermunicipal, Interestadual e Internacional do Estado do Rio Grande do Sul - SINDETRI, no uso de suas atribuições legais e estatutárias, convoca os integrantes da categoria econômica das empresas de transporte coletivo rodoviário intermunicipal, interestadual e internacional do Estado do Rio Grande do Sul, para a Assembleia Geral Extraordinária a realizar-se na sede social da Entidade, sita à Av. Júlio de Castilhos, 159, Conj. 301, em Porto Alegre/RS, no dia 30 de dezembro de 2025, em primeira convocação, às 8h30min e, em segunda convocação, às 9h30min, com a seguinte ordem do dia:</p><p>1º) Deliberar sobre a alteração do parágrafo único do artigo primeiro do Estatuto Social da Entidade, em face da decisão com trânsito em julgado no processo nº 0001622-56.2014.5.04.0271, que tramitou perante a 1ª Vara do Trabalho de Osório/RS, promovida pelo SINDETRI contra o Sindicato Das Empresas Do Transporte Rodoviário Coletivo De Passageiros Municipais, Intermunicipais Fretamento, Turismo, Escolar Da Serra E Litoral Norte - SEMPREONIBUS;</p><p>2º) Deliberar sobre a nova redação do parágrafo único do artigo primeiro do Estatuto Social do Sindicato;</p><p>3º) Deliberar sobre a alteração de endereço do SINDETRI;</p><p>4º) Outros assuntos de interesse da categoria;</p><p class="data">Porto Alegre-RS, 2 de dezembro de 2025.</p><p class="assina">Eduardo Michelin</p><p class="cargo">Presidente</p>]]></Texto>
  </body>
  <Midias />
</article></xml>