﻿<xml><article id="46726298" name="12 - Aviso de Licitacao_IN" idOficio="11441713" pubName="DO3" artType="Aviso de Licitação" pubDate="03/12/2025" artClass="00075:00018:00088:00000:00000:00000:00000:00000:00000:00000:00079:00000" artCategory="Prefeituras/Estado do Rio Grande do Norte/Prefeitura Municipal de Lucrécia" artSize="12" artNotes="" numberPage="284" pdfPage="http://pesquisa.in.gov.br/imprensa/jsp/visualiza/index.jsp?data=03/12/2025&amp;jornal=530&amp;pagina=284" editionNumber="230" highlightType="" highlightPriority="" highlight="" highlightimage="" highlightimagename="" idMateria="23374251">
  <body>
    <Identifica><![CDATA[ Aviso de Licitação  Concorrência Eletrônica nº 2/2025]]></Identifica>
    <Data><![CDATA[ Lucrécia/RN, 1º de dezembro de 2025. ]]></Data>
    <Ementa />
    <Titulo />
    <SubTitulo />
    <Texto><![CDATA[<p class="identifica">Aviso de Licitação Concorrência Eletrônica nº 2/2025</p><p>Objeto: Contratação de empresa para execução, sob regime de empreitada por preço unitário, de ampliação da Unidade de Saúde Maria Lalá da Costa, conforme projeto básico e termo de referência, conforme projeto básico e termo de referência, conforme especificações do edital, do termo de Referência e Projetos Básicos, as 09h00min do dia 17/12/2025. Local: https://bnccompras.com/Process/ProcessView?param1=%5Bgkz%5DoGZPt6sdjJ4OjCpQAGGoXmjSSSscxwsrYOrCBM7YZj_xLEUCa0gTMGeF0K_NmZBuLIijtbjMQMR7ZjljVPJ_pt0fk_DPTmHncWxAqXvI6Bo%3D.</p><p class="data">Lucrécia/RN, 1º de dezembro de 2025.</p><p class="assina">KLEBERSON ALVES DOS SANTOS</p><p class="cargo">Agente de Contratação</p>]]></Texto>
  </body>
  <Midias />
</article></xml>