﻿<xml><article id="46726529" name="AVISO LICIT P.E 191-2025" idOficio="11442424" pubName="DO3" artType="Aviso de Licitação" pubDate="03/12/2025" artClass="00075:00002:00065:00011:00000:00000:00000:00000:00000:00000:00079:00000" artCategory="Prefeituras/Estado de Alagoas/Prefeitura Municipal de Maceió/AGENCIA MUNICIPAL DE REGULAÇÃO DE SERVIÇOS DELEGADOS - ARSER" artSize="12" artNotes="" numberPage="218" pdfPage="http://pesquisa.in.gov.br/imprensa/jsp/visualiza/index.jsp?data=03/12/2025&amp;jornal=530&amp;pagina=218" editionNumber="230" highlightType="" highlightPriority="" highlight="" highlightimage="" highlightimagename="" idMateria="23375151">
  <body>
    <Identifica><![CDATA[   AVISO DE LICITAÇÂO]]></Identifica>
    <Data><![CDATA[ Maceió/AL, 1º de dezembro de 2025.]]></Data>
    <Ementa />
    <Titulo />
    <SubTitulo />
    <Texto><![CDATA[<p class="identifica">AVISO DE LICITAÇÂO</p><p class="identifica">PREGÃO ELETRÔNICO CPL/ALICC Nº 191/2025 (90191/2025) - UASG Nº 926703</p><p>Processo nº 5800.111594.2025.</p><p>Registro de Preços para aquisição de fraldas descartáveis. Abertura das Propostas: 17/12/2025 às 08:30h.</p><p>(Horário de Brasília) no site http://www.comprasnet.gov.br/</p><p class="data">Maceió/AL, 1º de dezembro de 2025.</p><p class="assina">Marília Peixoto Barbosa</p><p class="cargo">Diretor da Diretoria Especial de Licitações e Contratos ALICC-PMM</p>]]></Texto>
  </body>
  <Midias />
</article></xml>