﻿<xml><article id="46731434" name="AVISO DOU90102 - alteracao" idOficio="11441257" pubName="DO3" artType="Aviso de Alteração" pubDate="03/12/2025" artClass="00075:00021:00009:00000:00000:00000:00000:00000:00000:00000:00068:00000" artCategory="Prefeituras/Estado de Rondônia/Prefeitura Municipal de Buritis" artSize="12" artNotes="" numberPage="291" pdfPage="http://pesquisa.in.gov.br/imprensa/jsp/visualiza/index.jsp?data=03/12/2025&amp;jornal=530&amp;pagina=291" editionNumber="230" highlightType="" highlightPriority="" highlight="" highlightimage="" highlightimagename="" idMateria="23373749">
  <body>
    <Identifica><![CDATA[ AVISO DE ALTERAÇÃO ]]></Identifica>
    <Data><![CDATA[ Buritis - RO, 28 de novembro de 2025.]]></Data>
    <Ementa />
    <Titulo />
    <SubTitulo />
    <Texto><![CDATA[<p class="identifica">AVISO DE ALTERAÇÃO</p><p class="identifica">PREGÃO ELETRÔNICO Nº 102/SLC/2025</p><p>PROCESSO Nº 2795/SEMUSA/2025</p><p>O Município de Buritis-RO, através da sua pregoeira pela Portaria 264/GAB/PMB/2025, torna pública a ALTERAÇÃO da licitação na modalidade PREGÃO ELETRÔNICO, do tipo MENOR PREÇO (POR ITEM), na forma da Lei Federal nº 14.133/21, tendo como Objeto: Futura e eventual aquisição de medicamentos de uso contínuo e emergencial. Valor R$ 1.289.094,90 (um milhão, duzentos e oitenta e nove mil, noventa e quatro reais e noventa centavos). Sofreu alteração no Edital no Item 36. Início da sessão pública virtual será às 10h00min do dia 15/12/2025 (Horário de Brasília-DF), endereço (http://www.licitanet.com.br/). (LICITANET). Obtenção gratuita do edital nos endereços eletrônicos: www.gov.br/pncp, http://www.buritis.ro.gov.br ou diretamente na prefeitura no endereço: Rua São Lucas, nº 2476, setor 06. Telefone: (69) 99991-2637 no Horário: 07h30 às 13h30 ou por solicitação via e-mail cpl@buritis.ro.gov.br.</p><p class="data">Buritis - RO, 28 de novembro de 2025.</p><p class="assina">Verônica da Silva Apolinário</p><p class="cargo">Pregoeira</p>]]></Texto>
  </body>
  <Midias />
</article></xml>