﻿<xml><article id="46725716" name="Extrato - Novembro I 1" idOficio="11418363" pubName="DO3" artType="Extrato de Termo Aditivo" pubDate="03/12/2025" artClass="00071:00377:00000:00000:00000:00000:00000:00000:00000:00000:00053:00000" artCategory="Entidades de Fiscalização do Exercício das Profissões Liberais/Conselho Regional de Medicina do Estado de Minas Gerais" artSize="12" artNotes="" numberPage="206" pdfPage="http://pesquisa.in.gov.br/imprensa/jsp/visualiza/index.jsp?data=03/12/2025&amp;jornal=530&amp;pagina=206" editionNumber="230" highlightType="" highlightPriority="" highlight="" highlightimage="" highlightimagename="" idMateria="23334152">
  <body>
    <Identifica><![CDATA[ EXTRATOs DE TERMOs ADITIVOs]]></Identifica>
    <Data><![CDATA[]]></Data>
    <Ementa />
    <Titulo />
    <SubTitulo />
    <Texto><![CDATA[<p class="identifica">EXTRATOs DE TERMOs ADITIVOs</p><p>PROCESSO 66/2023 - 2º TA - CONTRATADO: DEPARISON CONSULTORIA LTDA, CNPJ 10.781.434/0001-20. OBJETO: Renovação do contrato de licença de uso dos softwares MAVENAPP e MAVENFLIP. Valor total: R$ 2.256,12 (dois mil, duzentos e cinquenta e seis reais e doze centavos). Vigência: 19/12/2025 a 18/12/2026. PROCEDIMENTO: DISP 13/2023.</p><p>PROCESSO 58/2022 - 5º TA - CONTRATADO: AGÊNCIA DE INTEGRAÇÃO EMPRESA ESCOLA LTDA, CNPJ 01.406.617/0001-74. OBJETO: Renovação do contrato de prestação de serviços de Agente de Integração para intermediar o recrutamento, a seleção, o encaminhamento e o acompanhamento de estudantes de curso de educação superior para preenchimento de oportunidades de estágio não obrigatório. Valor total: R$ 39.219,40 (trinta e nove mil, duzentos e dezenove reais e quarenta centavos). Vigência: 30/11/2025 a 30/11/2026. PROCEDIMENTO: PE 27/2022.</p><p>PROCESSO DISP 10/2023 - 2º TA - CONTRATADO: SOCIEDADE MÉDICA DE UBERLÂNDIA, CNPJ 25.647.868/0001-09. OBJETO: Renovação do contrato de locação das dependências que sediam a Delegacia Regional do CRM-MG em Uberlândia. Valor do aluguel: R$ 4.093,23 (quatro mil, noventa e três reais e vinte e três centavos). Vigência: 17/11/2025 a 16/11/2026. PROCEDIMENTO: DISP 10/2023.</p><p class="identifica">EXTRATO DE RESCISÃO</p><p>PROCESSO DISP 03/2012 - CONTRATADO: AZEVEDO DUARTE LTDA. CNPJ 01.980.768/0001-31. OBJETO: Rescisão do contrato de aluguel das dependências da Delegacia Regional do CRM-MG em Itabira. Data da rescisão: 31/10/2025. PROCEDIMENTO: DISP 03/2012.</p><p></p>]]></Texto>
  </body>
  <Midias />
</article></xml>