﻿<xml><article id="46725212" name="Imprensa Nacional II" idOficio="11441451" pubName="DO3" artType="Aviso de Licitação" pubDate="03/12/2025" artClass="00075:00019:00086:00000:00000:00000:00000:00000:00000:00000:00078:00000" artCategory="Prefeituras/Estado do Rio Grande do Sul/PREFEITURA MUNICIPAL DE CAÇAPAVA DO SUL" artSize="12" artNotes="" numberPage="285" pdfPage="http://pesquisa.in.gov.br/imprensa/jsp/visualiza/index.jsp?data=03/12/2025&amp;jornal=530&amp;pagina=285" editionNumber="230" highlightType="" highlightPriority="" highlight="" highlightimage="" highlightimagename="" idMateria="23373906">
  <body>
    <Identifica><![CDATA[ aviso de licitação ]]></Identifica>
    <Data><![CDATA[]]></Data>
    <Ementa />
    <Titulo />
    <SubTitulo />
    <Texto><![CDATA[<p class="identifica">aviso de licitação</p><p class="identifica">CONCORRÊNCIA ELETRÔNICA Nº 12/2025</p><p>EDITAL Nº 4009/2025 - CONCORRÊNCIA ELETRÔNICA Nº 12/2025</p><p>O MUNICÍPIO DE CAÇAPAVA DO SUL torna público que realizará licitação na modalidade Concorrência Eletrônica para Contratação de empresa especializada para construção da Unidade Básica de Saúde - UBS Tipo I, conforme proposta nº 11973.1280001-2025-009, Novo PAC. Edital disponível em www.cacapavadosul.rs.gov.br e www.pregaobanrisul.com.br, propostas deverão ser anexadas ao sistema até às 8h30 do Dia 18/12/2025 e a sessão de disputa terá início às 9h do mesmo dia. Informações: licitacao2@cacapava.rs.gov.br.</p><p class="assina">MARCELO C. SPODE</p><p class="cargo">Prefeito</p>]]></Texto>
  </body>
  <Midias />
</article></xml>