﻿<xml><article id="46726517" name="P.E 33-2025" idOficio="11441525" pubName="DO3" artType="Aviso" pubDate="03/12/2025" artClass="00075:00002:00095:00000:00000:00000:00000:00000:00000:00000:00106:00000" artCategory="Prefeituras/Estado de Alagoas/Prefeitura Municipal de Penedo" artSize="12" artNotes="" numberPage="218" pdfPage="http://pesquisa.in.gov.br/imprensa/jsp/visualiza/index.jsp?data=03/12/2025&amp;jornal=530&amp;pagina=218" editionNumber="230" highlightType="" highlightPriority="" highlight="" highlightimage="" highlightimagename="" idMateria="23374020">
  <body>
    <Identifica><![CDATA[AVISO DE LICITAÇÃO]]></Identifica>
    <Data><![CDATA[]]></Data>
    <Ementa />
    <Titulo />
    <SubTitulo />
    <Texto><![CDATA[<p class="identifica">AVISO DE LICITAÇÃO</p><p class="identifica">PREGÃO ELETRÔNICO Nº 33/2025</p><p>O MUNICÍPIO DE PENEDO, ESTADO DE ALAGOAS, torna público o Edital do Pregão Eletrônico nº 33/2025, fundamentado na Lei Federal nº 14.133/2021,cujo objeto é a AQUISIÇÃO DE MÁQUINAS PARA APOIO À INFRAESTRUTURA PRODUTIVA DO MUNICÍPIO DE PENEDO/ALAGOAS, QUE TEM COMO BENEFICIÁRIOS AGRICULTORES FAMILIARES DE ÁREAS RURAIS QUE CONTEMPLAM AS 36 ASSOCIAÇÕES DE AGRICULTORES, 02 COOPERATIVAS E 02 ASSENTAMENTOS, ATRAVÉS DO CONTRATO DE REPASSE Nº 948556/2023 COM O MINISTÉRIO DA INTEGRAÇÃO E DO DESENVOLVIMENTO REGIONAL. Participação: AMPLA CONCORRÊNCIA. Os interessados poderão obter o Edital no Portal da Transparência do Município de Penedo,PNCP e no Portal de Licitações da Bolsa Nacional de Compras (BNC) www.bnc.org.br. Data da disputa: 18 de Dezembro de 2025, às 09 horas,</p><p class="assina">Hugo Menezes</p><p class="cargo">Pregoeiro</p>]]></Texto>
  </body>
  <Midias />
</article></xml>