﻿<xml><article id="46725668" name="269 - Resumo Edital Merenda Agri" idOficio="11440076" pubName="DO3" artType="Aviso de Credenciamento" pubDate="03/12/2025" artClass="00075:00023:00224:00000:00000:00000:00000:00000:00000:00000:00073:00000" artCategory="Prefeituras/Estado de Santa Catarina/Prefeitura Municipal de Peritiba" artSize="12" artNotes="" numberPage="296" pdfPage="http://pesquisa.in.gov.br/imprensa/jsp/visualiza/index.jsp?data=03/12/2025&amp;jornal=530&amp;pagina=296" editionNumber="230" highlightType="" highlightPriority="" highlight="" highlightimage="" highlightimagename="" idMateria="23371714">
  <body>
    <Identifica><![CDATA[ AVISO DE Chamamento Público Nº 1/2025]]></Identifica>
    <Data><![CDATA[Peritiba - SC., 28 de novembro de 2025.]]></Data>
    <Ementa />
    <Titulo />
    <SubTitulo />
    <Texto><![CDATA[<p class="identifica">AVISO DE Chamamento Público Nº 1/2025</p><p>LICITAÇÃO - PL N. 269/2025. O Objeto da presente chamada pública é a aquisição de gêneros alimentícios da agricultura familiar e empreendedor familiar rural e Cooperativas da Agricultura Familiar para atender os alunos matriculados nas escolas da Rede Municipal de Ensino que ofertam a Educação Infantil (creche) e Ensino Fundamental, para o ano de 2026, de acordo com as prerrogativas do Programa Nacional de Alimentação Escolar - PNAE. PERÍODO DE DIVULGAÇÃO E ENTREGA DOS DOCUMENTOS: de 02/12/2024 a 22/12/2024, às 09 horas. Abertura da Sessão: dia 02/12/2024, às 09h01.</p><p>ENDEREÇO DE ENTREGA: Setor de protocolo do Centro Administrativo Municipal, situado na Rua Frei Bonifácio, n. 63, Centro, Peritiba, Santa Catarina, CEP: 89.750-000 ou pelo e-mail compras@peritiba.sc.gov.br ou ainda pelo Portal de Compras Públicas www.portaldecompraspublicas.com.br.</p><p class="data">Peritiba - SC., 28 de novembro de 2025.</p><p class="assina">PAULO JOSÉ DEITOS</p><p class="cargo">Prefeito</p>]]></Texto>
  </body>
  <Midias />
</article></xml>