﻿<xml><article id="46725824" name="AVI_PE_90010_2025" idOficio="11439069" pubName="DO3" artType="Aviso de Licitação" pubDate="03/12/2025" artClass="00071:00034:00000:00000:00000:00000:00000:00000:00000:00000:00079:00000" artCategory="Entidades de Fiscalização do Exercício das Profissões Liberais/Conselho Federal de Contabilidade" artSize="12" artNotes="" numberPage="203" pdfPage="http://pesquisa.in.gov.br/imprensa/jsp/visualiza/index.jsp?data=03/12/2025&amp;jornal=530&amp;pagina=203" editionNumber="230" highlightType="" highlightPriority="" highlight="" highlightimage="" highlightimagename="" idMateria="23369995">
  <body>
    <Identifica><![CDATA[ Aviso de Licitação]]></Identifica>
    <Data><![CDATA[]]></Data>
    <Ementa />
    <Titulo />
    <SubTitulo />
    <Texto><![CDATA[<p class="identifica">Aviso de Licitação</p><p class="identifica">PREGÃO ELETRÔNICO Nº 90010/2025 - UASG 383500</p><p>Nº Processo: 90796110000012.000049/2024-08. Objeto: Aquisição de canetas, fitas para crachás, etiquetas adesivas, ribbon, crachá PVC, capa case notebook, porta diplomas ou certificados e caixas de transportes de materiais, para atender às necessidades do Departamento de Cerimonial do Conselho Federal de Contabilidade. Abertura das Propostas: 16/12/2025 às 09h00 no site www.gov.br/compras.</p><p class="assina">JULIANE MACHADO MÉLO</p><p class="cargo">Gerente do Departamento de Licitações e Contratos</p>]]></Texto>
  </body>
  <Midias />
</article></xml>