﻿<xml><article id="46735069" name="concorrencia_90001_2025_extrato_" idOficio="11441807" pubName="DO3" artType="Resultado de Julgamento" pubDate="03/12/2025" artClass="00071:00279:00000:00000:00000:00000:00000:00000:00000:00000:00118:00000" artCategory="Entidades de Fiscalização do Exercício das Profissões Liberais/Conselho Regional de Engenharia e Agronomia de Goiás" artSize="12" artNotes="" numberPage="205" pdfPage="http://pesquisa.in.gov.br/imprensa/jsp/visualiza/index.jsp?data=03/12/2025&amp;jornal=530&amp;pagina=205" editionNumber="230" highlightType="" highlightPriority="" highlight="" highlightimage="" highlightimagename="" idMateria="23374344">
  <body>
    <Identifica><![CDATA[RESULTADO DE JULGAMENTO]]></Identifica>
    <Data><![CDATA[Goiânia, 1º de dezembro de 2025.]]></Data>
    <Ementa />
    <Titulo />
    <SubTitulo />
    <Texto><![CDATA[<p class="identifica">RESULTADO DE JULGAMENTO</p><p class="identifica">CONCORRÊNCIA N° 90001/2025</p><p>A Comissão de Contratação do Conselho Regional de Engenharia e Agronomia de Goiás - Crea-GO torna público o resultado do julgamento final das propostas técnicas e de preços referente ao Processo nº 33557/2025, Concorrência nº 90001/2025, cujo objeto é a contratação de serviços de publicidade por meio de agência de propaganda, sob o critério de julgamento Técnica e Preço. O resultado final foi o seguinte: 1º lugar - Ative Comunicação Estratégica Ltda (NPT: 80,77; NPP: 93,38 - PF: 84,55); 2º lugar - Cannes Publicidade Ltda (NPT: 73,86; NPP: 68,55 - PF: 72,26). Os invólucros nº 4 (Propostas de Preços) das demais agências não foram abertos, pois as licitantes foram desclassificadas por não alcançarem a pontuação mínima de 70 pontos na NPT. A Ata da 3ª Sessão encontra-se disponível no Portal da Transparência do Crea-GO (www.creago.org.br). Fica aberto o prazo recursal de 3 (três) dias úteis, contado a partir da disponibilização integral da documentação digitalizada às agências, correspondente ao período de 02/12/2025 (terça-feira) a 04/12/2025 (quinta-feira), até as 23h59. Eventuais recursos devem ser encaminhados exclusivamente para o e-mail licitacoes@creago.org.br. Não havendo interposição de recurso no prazo legal, a comunicação sobre a realização da próxima sessão será enviada por e-mail aos licitantes e publicada no Portal da Transparência do Crea-GO, sendo de responsabilidade das licitantes o acompanhamento das publicações oficiais.</p><p class="data">Goiânia, 1º de dezembro de 2025.</p><p class="assina">Victor Augusto A. Aguiar</p><p class="cargo">Presidente da Comissão de Contratação</p>]]></Texto>
  </body>
  <Midias />
</article></xml>