﻿<xml><article id="46726706" name="Extrato de Contrato_edital 027_2" idOficio="11432920" pubName="DO3" artType="Extrato de Contrato" pubDate="03/12/2025" artClass="00075:00020:00062:00000:00000:00000:00000:00000:00000:00000:00030:00000" artCategory="Prefeituras/Estado do Rio de Janeiro/Prefeitura Municipal de Miracema" artSize="12" artNotes="" numberPage="290" pdfPage="http://pesquisa.in.gov.br/imprensa/jsp/visualiza/index.jsp?data=03/12/2025&amp;jornal=530&amp;pagina=290" editionNumber="230" highlightType="" highlightPriority="" highlight="" highlightimage="" highlightimagename="" idMateria="23361379">
  <body>
    <Identifica><![CDATA[ EXTRATO DO CONTRATO Nº 530/2025]]></Identifica>
    <Data><![CDATA[]]></Data>
    <Ementa />
    <Titulo />
    <SubTitulo />
    <Texto><![CDATA[<p class="identifica">EXTRATO DO CONTRATO Nº 530/2025</p><p>CONTRATO Nº: 530/2025 - Contratante: MUNICÍPIO DE MIRACEMA/RJ/FUNDO MUNICIPAL DE ASSISTÊNCIA SOCIAL - contratada: WW PÁDUA VEÍCULOS E PEÇAS LTDA - CNPJ: 03.857.486/0001-77 - objeto: Aquisição de veículo sedã zero km - valor total: R$ 106.900,00 - processo adm. nº: 2025.21752-3 - edital n°: 027/2025 - Pregão eletrônico. Miracema, 24 de novembro de 2025. Maria Alessandra Leite Freire Prefeita Municipal</p>]]></Texto>
  </body>
  <Midias />
</article></xml>