﻿<xml><article id="46737535" name="UNIAO - ADJUDICACAO E HOMOLOGACA" idOficio="11437563" pubName="DO3" artType="Aviso de Homologação e Adjudicação" pubDate="03/12/2025" artClass="00075:00024:00473:00000:00000:00000:00000:00000:00000:00000:00076:00000" artCategory="Prefeituras/Estado de São Paulo/Prefeitura Municipal de Mogi das Cruzes" artSize="12" artNotes="" numberPage="301" pdfPage="http://pesquisa.in.gov.br/imprensa/jsp/visualiza/index.jsp?data=03/12/2025&amp;jornal=530&amp;pagina=301" editionNumber="230" highlightType="" highlightPriority="" highlight="" highlightimage="" highlightimagename="" idMateria="23367903">
  <body>
    <Identifica><![CDATA[ aviso de ADJUDICAÇÃO E HOMOLOGAÇÃO]]></Identifica>
    <Data><![CDATA[  Mogi das Cruzes, em 25 de novembro de 2025]]></Data>
    <Ementa />
    <Titulo />
    <SubTitulo />
    <Texto><![CDATA[<p class="identifica">aviso de ADJUDICAÇÃO E HOMOLOGAÇÃO</p><p class="identifica">CONCORRÊNCIA Nº 5/25</p><p>PROCESSO Nº 1.545/25</p><p>- OBJETO: CONTRATAÇÃO DE EMPRESA ESPECIALIZADA DE ENGENHARIA PARA A EXECUÇÃO DAS OBRAS/SERVIÇOS DE REFORMA DA UBS VILA MORAES (SAU 084), SITUADA NA ROD. PREF. FRANCISCO RIBEIRO NOGUEIRA, Nº 540, KM 8, VILA MORAES, NO MUNICÍPIO DE MOGI DAS CRUZES.</p><p>EMPRESA VENCEDORA: PAIVA NOGUEIRA CONSTRUTORA LTDA.</p><p>VALOR GLOBAL: R$ 298.062,66 (duzentos e noventa e oito mil, sessenta e dois reais e sessenta e seis centavos).</p><p class="data">Mogi das Cruzes, em 25 de novembro de 2025</p><p class="assina">NILMAR DE CÁSSIA FERREIRA -</p><p class="cargo">Secretário Municipal de Obras e Infraestrutura</p>]]></Texto>
  </body>
  <Midias />
</article></xml>