﻿<xml><article id="46725116" name="Pub. DOU. Aviso de Concorrencia " idOficio="11435466" pubName="DO3" artType="Aviso de Licitação-Concorrência" pubDate="03/12/2025" artClass="00071:00025:00000:00000:00000:00000:00000:00000:00000:00000:00159:00000" artCategory="Entidades de Fiscalização do Exercício das Profissões Liberais/Conselho de Arquitetura e Urbanismo de Santa Catarina" artSize="12" artNotes="" numberPage="202" pdfPage="http://pesquisa.in.gov.br/imprensa/jsp/visualiza/index.jsp?data=03/12/2025&amp;jornal=530&amp;pagina=202" editionNumber="230" highlightType="" highlightPriority="" highlight="" highlightimage="" highlightimagename="" idMateria="23364762">
  <body>
    <Identifica><![CDATA[ AVISO DE LICITAÇÃO]]></Identifica>
    <Data><![CDATA[]]></Data>
    <Ementa />
    <Titulo />
    <SubTitulo />
    <Texto><![CDATA[<p class="identifica">AVISO DE LICITAÇÃO</p><p class="identifica">CONCORRÊNCIA ELETRÔNICA Nº 90001/2025</p><p>Objeto: Contratação de obras de engenharia de reforma e ampliação da sede administrativa do Conselho de Arquitetura e Urbanismo de Santa Catarina. Proc. Adm. nº 00177.000070/2025-11. UASG: 926307. Local: https://www.gov.br/compras/pt-br. Edital disponível: https://pncp.gov.br/app/editais/14895272000101/2025/38. Abertura da sessão: 12/12/2025 às 09h (horário da Brasília). Outras informações: licitacao@causc.gov.br ou telefone (48) 3225-9599.</p><p class="assina">Filipe Bento Leães</p><p class="cargo">Pregoeiro</p>]]></Texto>
  </body>
  <Midias />
</article></xml>