﻿<xml><article id="46726277" name="AVISO_PREGAO- 08" idOficio="11442741" pubName="DO3" artType="Aviso de Licitação-Pregão" pubDate="03/12/2025" artClass="00075:00017:00273:00000:00000:00000:00000:00000:00000:00000:00162:00000" artCategory="Prefeituras/Estado do Piauí/Prefeitura Municipal de São Raimundo Nonato" artSize="12" artNotes="" numberPage="283" pdfPage="http://pesquisa.in.gov.br/imprensa/jsp/visualiza/index.jsp?data=03/12/2025&amp;jornal=530&amp;pagina=283" editionNumber="230" highlightType="" highlightPriority="" highlight="" highlightimage="" highlightimagename="" idMateria="23375620">
  <body>
    <Identifica><![CDATA[ AVISO DE licitação]]></Identifica>
    <Data><![CDATA[São Raimundo Nonato - PI, 28 de novembro de 2025.]]></Data>
    <Ementa />
    <Titulo />
    <SubTitulo />
    <Texto><![CDATA[<p class="identifica">AVISO DE licitação</p><p class="identifica">PREGÃO ELETRÔNICO Nº 8/2025</p><p>PROCESSO ADMINISTRATIVO Nº 121/2025</p><p>OBJETO: Registro de Preços para contratação de empresa especializada no fornecimento de material de informática, para atender demandas da Secretaria de Administração e Finanças e demais secretarias que compõem a Administração Pública Municipal, a ser realizado através de Licitação na modalidade PREGÃO, na forma ELETRÔNICA, conforme especificações, condições e quantidades estimadas constantes no ANEXO II deste Termo de Referência. Início de recebimento das propostas: 05/12/2025 às 09h00min; Fim do recebimento das propostas: 18/12/2025 às 09h00min; Início da Sessão Pública: 18/12/2025 às 09h05min; Endereço Eletrônico de Disputa: https://licitamaisbrasil.com.br/. Modo de disputa: Aberto; Critério de julgamento: Menor Preço por lote. Edital e seus anexos encontra-se à disposição dos interessados nos endereços eletrônicos: https://saoraimundononato.pi.gov.br/, https://sistemas.tce.pi.gov.br/muralic/ e https://licitamaisbrasil.com.br/.</p><p class="data">São Raimundo Nonato - PI, 28 de novembro de 2025.</p><p class="assina">Edgard De Negreiros Araújo</p><p class="cargo">Secretário de Administração e Finanças</p>]]></Texto>
  </body>
  <Midias />
</article></xml>