﻿<xml><article id="46728113" name="Pregao 028-2025" idOficio="11439913" pubName="DO3" artType="Aviso de Licitação" pubDate="03/12/2025" artClass="00075:00012:00757:00000:00000:00000:00000:00000:00000:00000:00078:00000" artCategory="Prefeituras/Estado de Minas Gerais/Prefeitura Municipal de Pará de Minas" artSize="12" artNotes="" numberPage="255" pdfPage="http://pesquisa.in.gov.br/imprensa/jsp/visualiza/index.jsp?data=03/12/2025&amp;jornal=530&amp;pagina=255" editionNumber="230" highlightType="" highlightPriority="" highlight="" highlightimage="" highlightimagename="" idMateria="23371434">
  <body>
    <Identifica><![CDATA[ AVISO DE LICITAÇÃO]]></Identifica>
    <Data><![CDATA[ Pará de Minas, 28 de novembro de 2025.]]></Data>
    <Ementa />
    <Titulo />
    <SubTitulo />
    <Texto><![CDATA[<p class="identifica">AVISO DE LICITAÇÃO</p><p class="identifica">PREGÃO ELETRÔNICO Nº 28/2025</p><p>PRC Nº 262/2025 - Objeto: Contratação de empresa especializada para prestação dos serviços de manutenção preventiva e corretiva nos equipamentos e na estrutura do sistema de videomonitoramento da segurança pública do município de Pará de Minas-MG, denominado "Olho Vivo", incluindo serviços de instalações, desinstalações, reparo e adequação na infraestrutura aparente ou subterrânea, com fornecimento e substituição de equipamentos, peças, componentes, acessórios e materiais necessários para reposição, incluindo suporte técnico e atualização dos softwares.</p><p>As propostas iniciais serão recebidas até o dia 18/12/2025 às 09:00 horas e a abertura será no dia 18/12/2025 às 09:10 horas. O certame será realizado de forma eletrônica no endereço: www.bbmnet.com.br.</p><p>O edital poderá ser obtido na íntegra na Diretoria de Compras e Contratos, através dos sites https://parademinas.mg.gov.br/licitacoes/, www.bbmnet.com.br ou https://www.gov.br/pncp/pt-br.</p><p class="data">Pará de Minas, 28 de novembro de 2025.</p><p class="assina">ANDERSON JOSÉ GUIMARÃES VIANA</p><p class="cargo">Pregoeiro</p>]]></Texto>
  </body>
  <Midias />
</article></xml>