﻿<xml><article id="46734315" name="Extrato decisao CEP_Marilda Viei" idOficio="11431800" pubName="DO3" artType="Extrato" pubDate="03/12/2025" artClass="00071:00022:00000:00000:00000:00000:00000:00000:00000:00000:00170:00000" artCategory="Entidades de Fiscalização do Exercício das Profissões Liberais/Conselho de Arquitetura e Urbanismo do Rio de Janeiro" artSize="12" artNotes="" numberPage="202" pdfPage="http://pesquisa.in.gov.br/imprensa/jsp/visualiza/index.jsp?data=03/12/2025&amp;jornal=530&amp;pagina=202" editionNumber="230" highlightType="" highlightPriority="" highlight="" highlightimage="" highlightimagename="" idMateria="23359082">
  <body>
    <Identifica><![CDATA[ edital DE DECISÃO CEP]]></Identifica>
    <Data><![CDATA[]]></Data>
    <Ementa />
    <Titulo />
    <SubTitulo />
    <Texto><![CDATA[<p class="identifica">edital DE DECISÃO CEP</p><p>Interessada: Marilda Vieira Antunes (CPF 858.***.***-15); auto de Infração 1000143290; processo 1668383; infração: Exercício ilegal de atividade fiscalizada pelo CAU por pessoa física não habilitada (leigo); Prazo de recurso: 30 (trinta) dias a contar da data desta publicação. Caso contrário, o AI será considerado transitado em julgado e o valor não pago encaminhado para cobrança administrativa; fundamentação jurídica: art.35, Res. CAU/BR n.22 e art.71, Res. CAU/BR n.198.</p><p class="assina">Sydnei Menezes</p><p class="cargo">Presidente</p>]]></Texto>
  </body>
  <Midias />
</article></xml>