﻿<xml><article id="46725629" name="ABAIRAPE" idOficio="11442390" pubName="DO3" artType="Aviso" pubDate="03/12/2025" artClass="00075:00005:00046:00000:00000:00000:00000:00000:00000:00000:00106:00000" artCategory="Prefeituras/Estado da Bahia/Prefeitura Municipal de Abaíra" artSize="12" artNotes="" numberPage="222" pdfPage="http://pesquisa.in.gov.br/imprensa/jsp/visualiza/index.jsp?data=03/12/2025&amp;jornal=530&amp;pagina=222" editionNumber="230" highlightType="" highlightPriority="" highlight="" highlightimage="" highlightimagename="" idMateria="23375100">
  <body>
    <Identifica><![CDATA[ AVISO DE LICITAÇÃO ]]></Identifica>
    <Data><![CDATA[Em 2 de dezembro de 2025. ]]></Data>
    <Ementa />
    <Titulo />
    <SubTitulo />
    <Texto><![CDATA[<p class="identifica">AVISO DE LICITAÇÃO</p><p class="identifica">PREGÃO ELETRÔNICO SRP Nº 18/2025</p><p>Tipo: Menor Preço Por Lote. Disputa: 16/12/2025, às 09h:00, horário de Brasília. Objeto: Registro de preços para eventual futura aquisição de medicamentos, materiais hospitalares e insumos diversos, destinados a atender de forma contínua e eficiente as demandas das Unidades de Saúde e do Serviço de Atendimento Móvel de Urgência - SAMU 192 do Município de Abaíra/BA, nas especificações e quantidades constantes no Anexo I do edital. Local da disputa e Edital: no site https://bnc.org.br/. Informações: (77) 98111-7200, e-mail: licitacaoecompras.pma@gmail.com e/ou pelo site https://diario.abaira.ba.gov.br/ homepage.</p><p class="data">Em 2 de dezembro de 2025.</p><p class="assina">Lamar Silva Reis</p><p class="cargo">Pregoeiro</p>]]></Texto>
  </body>
  <Midias />
</article></xml>