﻿<xml><article id="46726400" name="EXTRATO T.A. 01-CONTRATO 58.24-P" idOficio="11436820" pubName="DO3" artType="Extrato de Termo Aditivo" pubDate="03/12/2025" artClass="00075:00024:00711:00000:00000:00000:00000:00000:00000:00000:00053:00000" artCategory="Prefeituras/Estado de São Paulo/Prefeitura Municipal de São Vicente" artSize="12" artNotes="" numberPage="302" pdfPage="http://pesquisa.in.gov.br/imprensa/jsp/visualiza/index.jsp?data=03/12/2025&amp;jornal=530&amp;pagina=302" editionNumber="230" highlightType="" highlightPriority="" highlight="" highlightimage="" highlightimagename="" idMateria="23366721">
  <body>
    <Identifica><![CDATA[ EXTRATO DO TERMO ADITIVO nº 1 ]]></Identifica>
    <Data><![CDATA[]]></Data>
    <Ementa />
    <Titulo />
    <SubTitulo />
    <Texto><![CDATA[<p class="identifica">EXTRATO DO TERMO ADITIVO nº 1</p><p>DO CONTRATO Nº 58/2024 - Pregão Eletrônico nº 277/23 - Processo Administrativo nº 37.846/23</p><p>Objeto: Contratação de Empresa Especializada Para a Prestação de Serviços de Locação de Veículos Automotores Sem Motorista e Sem Combustível, Com Sistema de Gestão de Frota e Com Manutenções Preventivas e Corretivas - Contratante: PREFEITURA MUNICIPAL DE SÃO VICENTE - Contratada: OBRAMAR CONSTRUÇÃO E TRANSPORTES LTDA - Motivo: Prorroga o prazo contratual pelo período de 12 (doze) meses. - Data de Assinatura: - 10/10/2025 Justificativa: Lei Federal nº 14.133/21</p><p>São Vicente, 2 de dezembro de 2025</p><p>Michelle Aparecida de Melo Paraguai</p><p>Secretária de Educação</p>]]></Texto>
  </body>
  <Midias />
</article></xml>