﻿<xml><article id="46725548" name="AVISO DE CASINHAS 2" idOficio="11441415" pubName="DO3" artType="Aviso de Licitação-Concorrência" pubDate="03/12/2025" artClass="00075:00026:00075:00000:00000:00000:00000:00000:00000:00000:00159:00000" artCategory="Prefeituras/Estado do Tocantins/Prefeitura Municipal de Fátima" artSize="12" artNotes="" numberPage="304" pdfPage="http://pesquisa.in.gov.br/imprensa/jsp/visualiza/index.jsp?data=03/12/2025&amp;jornal=530&amp;pagina=304" editionNumber="230" highlightType="" highlightPriority="" highlight="" highlightimage="" highlightimagename="" idMateria="23373890">
  <body>
    <Identifica><![CDATA[ AVISO DE LICITAÇÃO]]></Identifica>
    <Data><![CDATA[Fátima - TO, 1º de dezembro de 2025. ]]></Data>
    <Ementa />
    <Titulo />
    <SubTitulo />
    <Texto><![CDATA[<p class="identifica">AVISO DE LICITAÇÃO</p><p class="identifica">CONCORRÊNCIA PÚBLICA Nº 5/2025- ADM</p><p>A PREFEITURA MUNICIPAL DE FÁTIMA - TO, mediante o agente de contratação e equipe de apoio, torna público para conhecimento dos interessados que realizará licitação, para serviços comum de engenharia na modalidade CONCORRÊNCIA PÚBLICA PRESENCIAL Nº 005/2025, tipo menor preço valor global, (LOTE) visando o Contratação de Empresa Para Prestação de Serviços Comuns de Obras e Serviços de Engenharia Com Vistas à Construção de 18 Unidades Habitacionais (Casas Populares), No Município de Fátima - To, Conforme Planilha e Projetos e Condições Quantidades e Exigências Estabelecidas No Edital e Seus Anexos, com início da sessão presencial dia 23/12/2025 às 10h30min, na sede da prefeitura municipal de Fátima - TO, com sede na Rua Porto Alegre n° 179 centro Fátima - TO. Edital e Anexos poderão ser retirados na Prefeitura Municipal de Fátima - TO ou pelo e-mail: cpl@fatima.to.gov.br pelo site: www.fatima.to.gov.br, Maiores informações pelo telefone: (63) 3365-1337.</p><p class="data">Fátima - TO, 1º de dezembro de 2025.</p><p class="assina">JOSÉ ANTONIO SANTOS ANDRADE</p><p class="cargo">Prefeito</p>]]></Texto>
  </body>
  <Midias />
</article></xml>