﻿<xml><article id="46734726" name="01-12-2025 DOU" idOficio="11441265" pubName="DO3" artType="Aviso de Licitação" pubDate="03/12/2025" artClass="00073:03181:00000:00000:00000:00000:00000:00000:00000:00000:00078:00000" artCategory="Ineditoriais/Consórcio Intermunicipal PARA O Desenvolvimento Ambiental Sustentável do Norte de Minas" artSize="12" artNotes="" numberPage="209" pdfPage="http://pesquisa.in.gov.br/imprensa/jsp/visualiza/index.jsp?data=03/12/2025&amp;jornal=530&amp;pagina=209" editionNumber="230" highlightType="" highlightPriority="" highlight="" highlightimage="" highlightimagename="" idMateria="23373732">
  <body>
    <Identifica><![CDATA[avisos de licitação ]]></Identifica>
    <Data><![CDATA[]]></Data>
    <Ementa />
    <Titulo />
    <SubTitulo />
    <Texto><![CDATA[<p class="identifica">avisos de licitação</p><p class="identifica">PREGÃO Nº 11/2025</p><p>PC 067/25 Pregão 011/25 - Aquis. Brindes p/ programa Outro Norte - Abertura das Propostas: 15/12/25, 09h www.codanorte.mg.gov.br www.portaldecompraspublicas.com.br</p><p class="assina">Miguel Felipe Ferreira de Oliveira</p><p class="cargo">Presidente</p><p class="identifica">CREDENCIAMENTO Nº 16/2025</p><p>PC 064/25 Inex. 34/25 Credenc. 016/25 - Perfuração de poços artesianos - REVOGADO-Inc. II, Art. 71, L. 14.133/2021- www.codanorte.mg.gov.br www.portaldecompraspublicas.com.br</p><p class="assina">Miguel Felipe Ferreira de Oliveira</p><p class="cargo">Presidente</p><p class="identifica">PREGÃO Nº 8/2025</p><p>PC 062/25 Pregão 008/25 - Contratação de serviços de alimentação p/ alunos da rede pública municipal-1ª Retificação - Retifica item 10.6.4, al. "i"- Abertura das Propostas: 03/12/2025, 09h00- licitacoes@codanorte.mg.gov.br. - https://licitar.digital/ e www.codanorte.mg.gov.br.</p><p class="assina">Miguel Felipe Ferreira de Oliveira</p><p class="cargo">Presidente</p>]]></Texto>
  </body>
  <Midias />
</article></xml>