﻿<xml><article id="46727306" name="Extrato de TRD - PLANSUL" idOficio="11432043" pubName="DO3" artType="Extrato de Reconhecimento de Dívida" pubDate="03/12/2025" artClass="00013:00063:00000:00000:00000:00000:00000:00000:00000:00000:00104:00000" artCategory="Ministério da Ciência, Tecnologia e Inovação/Financiadora de Estudos e Projetos" artSize="12" artNotes="" numberPage="10" pdfPage="http://pesquisa.in.gov.br/imprensa/jsp/visualiza/index.jsp?data=03/12/2025&amp;jornal=530&amp;pagina=10" editionNumber="230" highlightType="" highlightPriority="" highlight="" highlightimage="" highlightimagename="" idMateria="23360076">
  <body>
    <Identifica><![CDATA[  EXTRATO DE RECONHECIMENTO DE DÍVIDA]]></Identifica>
    <Data><![CDATA[]]></Data>
    <Ementa />
    <Titulo />
    <SubTitulo />
    <Texto><![CDATA[<p></p><p class="identifica">EXTRATO DE RECONHECIMENTO DE DÍVIDA</p><p>Processo FP-ADM-2020/00179; Espécie: termo de reconhecimento de dívida relativa ao contrato 20.19.0013.00. Partes: Financiadora de Estudos e Projetos - FINEP, CNPJ nº. 33.749.086/0001-09 e PLANSUL PLANEJAMENTO E CONSULTORIA EIRELLI, CNPJ nº 78.533.312/0001-58. Objeto: reconhecimento da dívida, bem como pagamento e quitação, referente ao valor apurado da convenção coletiva de trabalho-CCT-2024-2025. Valor: R$ 8.904,40 (oito mil, novecentos e quatro reais e quarenta centavos). Assinatura em 06/09/2024.</p>]]></Texto>
  </body>
  <Midias />
</article></xml>