﻿<xml><article id="46733141" name="SE-001-ECT-00436452" idOficio="11442466" pubName="DO3" artType="Aviso de Licitação" pubDate="03/12/2025" artClass="00014:00021:00049:00028:00000:00000:00000:00000:00000:00000:00078:00000" artCategory="Ministério das Comunicações/Empresa Brasileira de Correios e Telégrafos/Diretoria de Governança e Estratégia/Superintendência Estadual N4 SE" artSize="12" artNotes="" numberPage="17" pdfPage="http://pesquisa.in.gov.br/imprensa/jsp/visualiza/index.jsp?data=03/12/2025&amp;jornal=530&amp;pagina=17" editionNumber="230" highlightType="" highlightPriority="" highlight="" highlightimage="" highlightimagename="" idMateria="23375218">
  <body>
    <Identifica><![CDATA[ AVISO DE LICITAÇÃO]]></Identifica>
    <Data><![CDATA[]]></Data>
    <Ementa />
    <Titulo />
    <SubTitulo />
    <Texto><![CDATA[<p class="identifica">AVISO DE LICITAÇÃO</p><p class="identifica">PREGÃO ELETRÔNICO Nº 25000458 SE/SE</p><p>Prestação de serviço de recepção para unidades da Superintendência Estadual de Sergipe. (ID 1083996). Recebimento das propostas e obtenção do Edital: http://www.correios.com.br ou http:// www.licitacoes-e.com.br até 29/12/2025 às 09h e início da disputa: 10h. Informações pelo telefone: (61) 2141-7069 ou e-mail: licitacoes@correios.com.br.</p><p class="assina">ALESSANDRO DE JESUS MOREIRA</p><p class="cargo">Gerente Corporativo de Licitações CS</p>]]></Texto>
  </body>
  <Midias />
</article></xml>