﻿<xml><article id="46729628" name="119. Publicacao novembro - 26-11" idOficio="11433511" pubName="DO3" artType="Ato" pubDate="03/12/2025" artClass="00071:00272:00000:00000:00000:00000:00000:00000:00000:00000:00171:00000" artCategory="Entidades de Fiscalização do Exercício das Profissões Liberais/Conselho Regional de Engenharia e Agronomia da Bahia" artSize="12" artNotes="" numberPage="205" pdfPage="http://pesquisa.in.gov.br/imprensa/jsp/visualiza/index.jsp?data=03/12/2025&amp;jornal=530&amp;pagina=205" editionNumber="230" highlightType="" highlightPriority="" highlight="" highlightimage="" highlightimagename="" idMateria="23362111">
  <body>
    <Identifica><![CDATA[ Extrato de Termo Aditivo]]></Identifica>
    <Data><![CDATA[]]></Data>
    <Ementa />
    <Titulo />
    <SubTitulo />
    <Texto><![CDATA[<p class="identifica">Extrato de Termo Aditivo</p><p>Processo nº 05.008930/2025-28, 1º Termo Aditivo, ao Contrato n°08/2022, decorrente de contratação direta, Processo Administrativo n°29445/2022; Contratante: O Conselho Regional de Engenharia e Agronomia da Bahia, inscrito no CNPJ/MF sob o nº 15.233.026/0001-57; Contratada: BUSINESS TOWER ADMINISTRADORA DE BENS E PARTICIPAÇÕES LTDA., inscrito no CNPJ/MF sob o nº18.266.404/0001-97; Objetivo: Reajuste do valor, bem como inclusão de Cláusula Contratual (antinepotismo), cujo objeto é locação do imóvel onde funciona a Inspetoria do Crea-Ba, cidade de Vitoria da Conquista-BA. Mediante aplicação do índice IGP-M do período, 3,0346% o valor contratual passa a ser R$48.679,80 (quarenta e oito mil, seiscentos e setenta e nove reais e oitenta centavos) anuais, pago mensalmente o valor de R$4.056,65 (quatro mil cinquenta e seis reais e sessenta e cinco centavos); conta orçamentária 6.2.2.1.1.01.04.09.027; data de assinatura 25/11/2025</p>]]></Texto>
  </body>
  <Midias />
</article></xml>