﻿<xml><article id="46729097" name="AVISO DOU - CC 08-2025" idOficio="11437523" pubName="DO3" artType="Aviso de Licitação-Concorrência" pubDate="03/12/2025" artClass="00075:00018:00113:00000:00000:00000:00000:00000:00000:00000:00159:00000" artCategory="Prefeituras/Estado do Rio Grande do Norte/Prefeitura Municipal de Parelhas" artSize="12" artNotes="" numberPage="285" pdfPage="http://pesquisa.in.gov.br/imprensa/jsp/visualiza/index.jsp?data=03/12/2025&amp;jornal=530&amp;pagina=285" editionNumber="230" highlightType="" highlightPriority="" highlight="" highlightimage="" highlightimagename="" idMateria="23367873">
  <body>
    <Identifica><![CDATA[ AVISO DE LICITAÇÃO ]]></Identifica>
    <Data><![CDATA[ Parelhas/RN, 28 de novembro de 2025]]></Data>
    <Ementa />
    <Titulo />
    <SubTitulo />
    <Texto><![CDATA[<p class="identifica">AVISO DE LICITAÇÃO</p><p class="identifica">CONCORRÊNCIA ELETRÔNICA Nº 8/2025</p><p>PROCESSO 7.878/2025</p><p>O Município de Parelhas/RN através de sua agente de contratação e equipe de apoio, torna público que às 08:00 horas do dia 17/12/2025 realizará licitação na modalidade CONCORRÊNCIA ELETRÔNICA Nº 08/2025, tendo como objeto: CONSTRUÇÃO DE PASSAGEM MOLHADA NO RIACHO DAS PORCAS NA COMUNIDADE COLONOS, conforme especificações estabelecidas no Projeto básico, edital e seus Anexos. O edital e seus anexos encontram-se à disposição dos interessados no site Portal de Compras Públicas: https://www.portaldecompraspublicas.com.br/processos/ . Horário: 08h00min, como também no site oficial www.parelhas.rn.gov.br. E-mail licitacao@parelhas.rn.gov.br</p><p class="data">Parelhas/RN, 28 de novembro de 2025</p><p class="assina">Nádia Néri de Oliveira Macêdo</p><p class="cargo">Presidente da Comissão Permanente de Licitação</p>]]></Texto>
  </body>
  <Midias />
</article></xml>