﻿<xml><article id="46726904" name="28112025" idOficio="11439468" pubName="DO3" artType="Aviso de Licitação" pubDate="03/12/2025" artClass="00075:00024:00117:00000:00000:00000:00000:00000:00000:00000:00079:00000" artCategory="Prefeituras/Estado de São Paulo/Prefeitura Municipal de Bertioga" artSize="12" artNotes="" numberPage="296" pdfPage="http://pesquisa.in.gov.br/imprensa/jsp/visualiza/index.jsp?data=03/12/2025&amp;jornal=530&amp;pagina=296" editionNumber="230" highlightType="" highlightPriority="" highlight="" highlightimage="" highlightimagename="" idMateria="23370814">
  <body>
    <Identifica><![CDATA[ AVISO DE LICITAÇÃO   PREGÃO ELETRÔNICO Nº 83/2025]]></Identifica>
    <Data><![CDATA[ Bertioga, 28 de novembro de 2025.]]></Data>
    <Ementa />
    <Titulo />
    <SubTitulo />
    <Texto><![CDATA[<p class="identifica">AVISO DE LICITAÇÃO PREGÃO ELETRÔNICO Nº 83/2025</p><p>Processo 5927/2025. Objeto: Aquisição de instrumentais cirúrgicos e outros itens afins para cirurgias realizadas no Hospital Municipal de Bertioga, conforme solicitação da Secretaria Municipal de Saúde.</p><p>Data de abertura: Fica agendada a licitação em epígrafe para o dia 17 de dezembro de 2025 às 10:00 horas, a ser realizada no endereço eletrônico https://sistemas-smarapd.bertioga.sp.gov.br/portalcompras/.</p><p>O Edital estará disponível nos endereços eletrônicos https://sistemas-smarapd.bertioga.sp.gov.br/portalcompras/ e www.bertioga.sp.gov.br/licitacao</p><p class="data">Bertioga, 28 de novembro de 2025.</p><p class="assina">Cristina Raffa Volpi</p><p class="cargo">Diretoria do Departamento de Licitações e Contratos</p>]]></Texto>
  </body>
  <Midias />
</article></xml>