﻿<xml><article id="46741109" name="2025-12-01/11440726/siasgnet_233" idOficio="11440726" pubName="DO3" artType="Aviso de Licitação-Pregão" pubDate="03/12/2025" artClass="00025:00152:00000:00000:00000:00000:00000:00000:00000:00000:00162:00001" artCategory="Ministério da Educação/Fundação Universidade Federal do Pampa" artSize="12" artNotes="" numberPage="104" pdfPage="http://pesquisa.in.gov.br/imprensa/jsp/visualiza/index.jsp?data=03/12/2025&amp;jornal=530&amp;pagina=104" editionNumber="230" highlightType="" highlightPriority="" highlight="" highlightimage="" highlightimagename="" idMateria="23372846">
  <body>
    <Identifica><![CDATA[ AVISO DE LICITAÇÃO]]></Identifica>
    <Data><![CDATA[]]></Data>
    <Ementa />
    <Titulo />
    <SubTitulo />
    <Texto><![CDATA[<p class="identifica">AVISO DE LICITAÇÃO</p><p class="identifica">Pregão Eletrônico Nº 90042/2025 - UASG 154359</p><p>Nº Processo: 23100.019343/2025. Objeto: Pregão eletrônico para a aquisição de aparelhos de ar condicionado com instalação e linha frigorígena excedente, destinada as unidades da Unipampa/Rs, conforme condições, quantidades e exigências estabelecidas neste Edital e seus anexos.. Total de Itens Licitados: 24. Edital: 03/12/2025 das 08h00 às 12h00 e das 13h30 às 17h30. Endereço: Rua Melanie Granier, 51, Centro - Bagé/RS ou https://www.gov.br/compras/edital/154359-5-90042-2025. Entrega das Propostas: a partir de 03/12/2025 às 08h00 no site www.gov.br/compras. Abertura das Propostas: 15/12/2025 às 09h00 no site www.gov.br/compras. Informações Gerais: .</p><p class="assina">ANA CLAUDIA CHAVES DA SILVEIRA</p><p class="cargo">Equipe de Apoio</p><p>(SIASGnet - 01/12/2025) 154359-26266-2025NE800028</p>]]></Texto>
  </body>
  <Midias />
</article></xml>