﻿<xml><article id="46726868" name="AVISO DE LICITACAO Concorrencia " idOficio="11438203" pubName="DO3" artType="Aviso de Licitação-Concorrência" pubDate="03/12/2025" artClass="00075:00019:00121:00000:00000:00000:00000:00000:00000:00000:00159:00000" artCategory="Prefeituras/Estado do Rio Grande do Sul/Prefeitura Municipal de Carazinho" artSize="12" artNotes="" numberPage="286" pdfPage="http://pesquisa.in.gov.br/imprensa/jsp/visualiza/index.jsp?data=03/12/2025&amp;jornal=530&amp;pagina=286" editionNumber="230" highlightType="" highlightPriority="" highlight="" highlightimage="" highlightimagename="" idMateria="23368774">
  <body>
    <Identifica><![CDATA[ aviso de licitação ]]></Identifica>
    <Data><![CDATA[ Carazinho-RS, 17 de novembro de 2025.]]></Data>
    <Ementa />
    <Titulo />
    <SubTitulo />
    <Texto><![CDATA[<p class="identifica">aviso de licitação</p><p class="identifica">CONCORRÊNCIA ELETRÔNICA Nº 9/2025</p><p>O Município de Carazinho/RS torna público a realização da seguinte licitação: a contratação de empresa especializada para aquisição de unidade modular do tipo contêiner adaptado, com infraestrutura completa, considerando que a edificação será executada com 4 (quatro) CONTÊINERES de 20 Pés, com dimensões aproximadas de 6,00 x 2,44 x 2,59 metros (C, L e A), em um único pavimento, totalizando uma área de 56,40 m², de acordo com o Estudo técnico Preliminar, Termo de Referência, Memorial Descritivo, Projeto Básico, Planilha Orçamentária, Cronograma, processo digital Nº19386/2025, de acordo com as especificações técnicas detalhadas neste edital e seus anexos. A sessão ocorrerá no dia 10 de dezembro de 2025, às 09h00min.Editais disponíveis no site do Município https://carazinho.atende.net/autoatendimento/servicos/consulta-de-licitacoes ou em www.pregaoonlinebanrisul.com.br. Informações pelo telefone (54) 3331- 2699 - Ramal 2107 e-mail eduardo_kraemer@carazinho.rs.gov.br.</p><p class="data">Carazinho-RS, 17 de novembro de 2025.</p><p class="assina">JOÃO PEDRO ALBUQUERQUE DE AZEVEDO</p><p class="cargo">Prefeito</p>]]></Texto>
  </body>
  <Midias />
</article></xml>