﻿<xml><article id="46725797" name="RESENHA DO CONTRATO 287 e 288" idOficio="11440864" pubName="DO3" artType="Extrato de Contrato" pubDate="03/12/2025" artClass="00075:00009:00216:00000:00000:00000:00000:00000:00000:00000:00030:00000" artCategory="Prefeituras/Estado do Maranhão/PREFEITURA MUNICIPAL DE SÃO JOÃO DO PARAÍSO" artSize="12" artNotes="" numberPage="243" pdfPage="http://pesquisa.in.gov.br/imprensa/jsp/visualiza/index.jsp?data=03/12/2025&amp;jornal=530&amp;pagina=243" editionNumber="230" highlightType="" highlightPriority="" highlight="" highlightimage="" highlightimagename="" idMateria="23373026">
  <body>
    <Identifica><![CDATA[EXTRATOS DE CONTRATOS]]></Identifica>
    <Data><![CDATA[]]></Data>
    <Ementa />
    <Titulo />
    <SubTitulo />
    <Texto><![CDATA[<p class="identifica">EXTRATOS DE CONTRATOS</p><p>EXTRATO DE CONTRATO Nº 287/2025/PMSJP</p><p>PROCESSO Nº 2025.09.11.0026 - PMSJP. Pregão Eletrônico nº 15/2025-CPL,</p><p>A Prefeitura Municipal de São João do Paraíso. O MUNICÍPIO DE SÃO JOÃO DO PARAÍSO - MA, por intermédio do FUNDO MUNICIPAL DE SAÚDE, inscrito no CNPJ nº 14.588.101/0001-30, e a empresa I R DE SOUZA COMÉRCIO LTDA, inscrito(a) no CNPJ sob nº 50.872.681/0001-56. BASE LEGAL Lei nº 14.133/2021, e suas alterações posteriores. OBJETO: CONTRATAÇÃO DE EMPRESA ESPECIALIZADA NO FORNECIMENTO DE EQUIPAMENTOS E MATERIAL PERMANENTE HOSPITALAR DESTINADO AO HOSPITAL MUNICIPAL JOCA CHAVES DE SÃO JOÃO DO PARAÍSO/MA - CNES 7597843. PRAZO DE VIGÊNCIA: 12 (DOZE) meses, a contar da data de assinatura do contrato. VALOR GLOBAL: R$ 180.503,00 (cento e oitenta mil, quinhentos e três reais). UNIDADE ORÇAMENTÁRIA: 0216 - FUNDO MUNICIPAL DE SAUDE / 10 - SAUDE / 301 - ATENÇÃO BÁSICA / 0210 - GESTÃO EM SAUDE BASICA / 2031 - MANUTENÇÃO DO FUNDO MUNICIPAL DE SAÚDE / 4.4.90.52.00 - EQUIPAMENTO E MATERIAL PERMANENTE.</p><p>RESENHA DE CONTRATO Nº 288/2025/PMSJP. PROCESSO Nº 2025.09.11.0026 - PMSJP. Pregão Eletrônico nº 15/2025-CPL,</p><p>A Prefeitura Municipal de São João do Paraíso. O MUNICÍPIO DE SÃO JOÃO DO PARAÍSO - MA, por intermédio do FUNDO MUNICIPAL DE SAÚDE, inscrito no CNPJ nº 14.588.101/0001-30, e a empresa SANDRO VILMAR PIRES - ME, inscrito(a) no CNPJ sob nº 09.253.952/0001-91. BASE LEGAL Lei nº 14.133/2021, e suas alterações posteriores. OBJETO: CONTRATAÇÃO DE EMPRESA ESPECIALIZADA NO FORNECIMENTO DE EQUIPAMENTOS E MATERIAL PERMANENTE HOSPITALAR DESTINADO AO HOSPITAL MUNICIPAL JOCA CHAVES DE SÃO JOÃO DO PARAÍSO/MA - CNES 7597843. PRAZO DE VIGÊNCIA: 12 (DOZE) meses, a contar da data de assinatura do contrato. VALOR GLOBAL: R$ 11.888,00 (onze mil, oitocentos e oitenta e oito reais). UNIDADE ORÇAMENTÁRIA: 0216 - FUNDO MUNICIPAL DE SAUDE / 10 - SAUDE / 301 - ATENÇÃO BÁSICA / 0210 - GESTÃO EM SAUDE BASICA / 2031 - MANUTENÇÃO DO FUNDO MUNICIPAL DE SAÚDE / 4.4.90.52.00 - EQUIPAMENTO E MATERIAL PERMANENTE.</p><p></p>]]></Texto>
  </body>
  <Midias />
</article></xml>