﻿<xml><article id="46725542" name="DOU C 004-2025" idOficio="11441334" pubName="DO3" artType="Aviso de Licitação-Concorrência" pubDate="03/12/2025" artClass="00075:00005:00228:00000:00000:00000:00000:00000:00000:00000:00159:00000" artCategory="Prefeituras/Estado da Bahia/Prefeitura Municipal de Ibirapuã" artSize="12" artNotes="" numberPage="224" pdfPage="http://pesquisa.in.gov.br/imprensa/jsp/visualiza/index.jsp?data=03/12/2025&amp;jornal=530&amp;pagina=224" editionNumber="230" highlightType="" highlightPriority="" highlight="" highlightimage="" highlightimagename="" idMateria="23373808">
  <body>
    <Identifica><![CDATA[ Aviso de Licitação ]]></Identifica>
    <Data><![CDATA[]]></Data>
    <Ementa />
    <Titulo />
    <SubTitulo />
    <Texto><![CDATA[<p class="identifica">Aviso de Licitação</p><p class="identifica">Concorrência Eletrônica nº 4-2025</p><p>CONCORRÊNCIA ELETRÔNICA Nº 004-2025 - Menor Preço Global. Abertura: Dia 17/12/2025, às 08:31 horas por meio do site: https://www.portaldecompraspublicas.com.br/ Objeto: Execução de obra de construção de uma unidade básica de saúde (UBS) PORTE I, conforme projeto padrão estabelecido pelo Ministério da Saúde, no município de Ibirapuã, estado da Bahia, com recursos provenientes da portaria GM/MS nº 8.205. Informações e o Edital no site www.ibirapua.ba.gov.br, https://www.portaldecompraspublicas.com.br/ ou na Prefeitura Municipal, à Praça Lourival Pereira Barros, s/nº, Centro - Ibirapuã - Bahia, tel (73)98118-2665, de 8 às 12 h -</p><p class="assina">Geovana S. Azevedo Correia</p><p class="cargo">Agente de Contratação</p>]]></Texto>
  </body>
  <Midias />
</article></xml>