﻿<xml><article id="46730810" name="EXTRATO DAS ATAS - PE 90034-2025" idOficio="11441830" pubName="DO3" artType="Extrato" pubDate="03/12/2025" artClass="00075:00012:00530:00000:00000:00000:00000:00000:00000:00000:00170:00000" artCategory="Prefeituras/Estado de Minas Gerais/Prefeitura Municipal de Itabirito" artSize="12" artNotes="" numberPage="252" pdfPage="http://pesquisa.in.gov.br/imprensa/jsp/visualiza/index.jsp?data=03/12/2025&amp;jornal=530&amp;pagina=252" editionNumber="230" highlightType="" highlightPriority="" highlight="" highlightimage="" highlightimagename="" idMateria="23374388">
  <body>
    <Identifica><![CDATA[ EXTRATOS DE REGISTROS DE PREÇOS]]></Identifica>
    <Data><![CDATA[]]></Data>
    <Ementa />
    <Titulo />
    <SubTitulo />
    <Texto><![CDATA[<p></p><p class="identifica">EXTRATOS DE REGISTROS DE PREÇOS</p><p>EXTRATO DAS ATAS DO PE 90034/2025 - PL 126/2025 - RP 22/2025</p><p>Objeto: Registro de preços para futura e eventual contratação de pessoa jurídica para fornecimento de materiais de limpeza, em atendimento às secretarias do Município de Itabirito/MG. Detentor das ata 329/2025: 3 Poderes Comércio Ltda. CNPJ: 14.937.152/0001-20. Valor: R$ 862.465,80.</p><p>Detentor da ata 330/2025: Brumalimp Materiais de Limpeza e Descartáveis Ltda. CNPJ: 18.285.097/0001-91. Valor: R$ 83.800,00.</p><p>Detentor da ata 332/2025: Tecelagem São Domingos Ltda. - CNPJ: 00.139.736/0001-45. Valor: R$ 30.420,00.</p><p>Detentor da ata 333/2025: Marbella Comercio Ltda. CNPJ: 54.628.764/0001-55. Valor:R$77.200,00.</p><p>Detentor da ata 334/2025: Treze Distribuidora Ltda . - CNPJ: 29.126.669/0001-06. Valor: R$ 118.400,00.</p><p>Detentor da ata 335/2025: BBX Soluções em Higiene Brasil Ltda. CNPJ: 17.438-390/0001-89. Valor: R$ 416.396,00.</p><p>Detentor da ata 338/2025: Darlu Industria Textil Ltda. - CNPJ: 40.223.106/0001-79. Valor: R$ 48.160,00.</p><p>Detentor da ata 339/2025: Easy Clean Distribuidora Ltda. - CNPJ: 49.039.321/0001-99. Valor: R$ 466.070,00.</p><p>Detentor da ata 341/2025: Indalabor Indaiá Laboratório Farmacêutico Ltda. CNPJ: 04.654.861/0001-44. Valor: R$30.940,00.</p><p>Detentor da ata 342/2025: NG Comércio E Distribuição De Produtos De Limpeza Ltda. - CNPJ: 36.976.621/0001-52. Valor:R$39.600,00.</p><p>Detentor da ata 343/2025: Pablo Luís Martins - CNPJ: 09.138.326/0001-54. Valor:R$53.352,00.</p><p>Detentor da ata 344/2025: S.M Guimaraes Distribuidora Importadora E Exportadora Ltda - CNPJ: 26.889.274/0001-77. Valor: R$286.440,00.</p><p>Detentor da ata 345/2025: TY Bortholin Comercial Ltda. CNPJ: 05.291.541/0001-30. Valor: R$ 58.360,00.</p><p>Detentor da ata 347/2025: VGC Comércio De Peças e Máquinas de Costura Ltda. CNPJ: 23.342.051/0001-05. Valor: R$37.850,00.</p><p>Detentor da ata 349/2025: Antônio Nivaldo Vieira Ribas - CNPJ: 53.431.927/0001-42. Valor: R$280.450,00.</p><p>Detentor da ata 351/2025: Blue Ocean Negócios e Soluções Ltda - CNPJ: 60.091.947/0001-87. Valor R$605.340,00.</p><p>Detentor da ata 352/2025: Pallet Rio Industria e Comercio Ltda. - CNPJ: 37.104.931/0001-40. Valor: R$190.072,00.</p><p>Detentor da ata 355/2025: Distribuidora de Descartáveis A J A Ltda. CNPJ: 11.243.941/0001-72. Valor: R$78.600,00.</p><p>Detentor da ata 356/2025: Distribuidora Unimar Brasil Ltda. - CNPJ: 54.008.435/0001-01. Valor: R$40.000,00.</p><p>Detentor da ata 358/2025: Techfilme Embalagens Ltda - CNPJ: 47.686.320/0001-00. Valor: R$ 620.500,00.</p><p>Detentor da ata 361/2025: Med Mais Material Médico Hospitalar Ltda. - CNPJ: 36.948.457/0001-70. Valor:R$110.250,00. A íntegra encontra-se disponível no site https://www.itabirito.mg.gov.br.</p>]]></Texto>
  </body>
  <Midias />
</article></xml>