﻿<xml><article id="46727411" name="DOU Extrato de contrato" idOficio="11439509" pubName="DO3" artType="Extrato de Contrato" pubDate="03/12/2025" artClass="00075:00024:00205:00000:00000:00000:00000:00000:00000:00000:00030:00000" artCategory="Prefeituras/Estado de São Paulo/PREFEITURA MUNICIPAL DE COSMÓPOLIS" artSize="12" artNotes="" numberPage="297" pdfPage="http://pesquisa.in.gov.br/imprensa/jsp/visualiza/index.jsp?data=03/12/2025&amp;jornal=530&amp;pagina=297" editionNumber="230" highlightType="" highlightPriority="" highlight="" highlightimage="" highlightimagename="" idMateria="23370852">
  <body>
    <Identifica><![CDATA[ EXTRATOS DE CONTRATOS]]></Identifica>
    <Data><![CDATA[]]></Data>
    <Ementa />
    <Titulo />
    <SubTitulo />
    <Texto><![CDATA[<p class="identifica">EXTRATOS DE CONTRATOS</p><p>Concorrência Pública nº 12/2023</p><p>Contratante: Prefeitura Municipal de Cosmópolis; CONTRATADA: Mzero Incorporadora e Construtora Ltda - 2ª Alteração do Contrato LT nº 058/2024; ASSINATURA: 13/11/2025; OBJETO: Contratação de Empresa de Engenharia para a realização da obra da nova Estação Elevatória de Esgoto Laranjeiras, com fornecimento de todos os materiais, mão de obra e equipamentos (prorrogação prazo de execução).</p><p>Concorrência Pública nº 12/2023</p><p>Contratante: Prefeitura Municipal de Cosmópolis; CONTRATADA: Mzero Incorporadora e Construtora Ltda - 3ª Alteração do Contrato LT nº 058/2024; ASSINATURA: 14/11/2025; OBJETO: Contratação de Empresa de Engenharia para a realização da obra da nova Estação Elevatória de Esgoto Laranjeiras, com fornecimento de todos os materiais, mão de obra e equipamentos (suspensão da execução).</p>]]></Texto>
  </body>
  <Midias />
</article></xml>