﻿<xml><article id="46725365" name="17-11-25 - Andre" idOficio="11417479" pubName="DO3" artType="Aviso" pubDate="03/12/2025" artClass="00071:00084:00000:00000:00000:00000:00000:00000:00000:00000:00106:00000" artCategory="Entidades de Fiscalização do Exercício das Profissões Liberais/Conselho Regional de Administração do Rio Grande do Sul" artSize="12" artNotes="" numberPage="203" pdfPage="http://pesquisa.in.gov.br/imprensa/jsp/visualiza/index.jsp?data=03/12/2025&amp;jornal=530&amp;pagina=203" editionNumber="230" highlightType="" highlightPriority="" highlight="" highlightimage="" highlightimagename="" idMateria="23332923">
  <body>
    <Identifica><![CDATA[edital de 2 de dezembro de 2025]]></Identifica>
    <Data><![CDATA[]]></Data>
    <Ementa />
    <Titulo />
    <SubTitulo />
    <Texto><![CDATA[<p class="identifica">edital de 2 de dezembro de 2025</p><p>CONVOCADOS PARA NOMEAÇÃO</p><p>CONCURSO PÚBLICO N° 01/2024</p><p>O Conselho Regional de Administração do Estado do Rio Grande do Sul CRA/RS, em conformidade com o Edital de Abertura Nº 01/2024 e suas alterações, torna público a divulgação do candidato chamado para ocupar o cargo de Auxiliar Administrativo:</p><p>ANDRÉ FELIPE PACHECO</p><p class="assina">FLÁVIO CARDOZO DE ABREU</p><p class="cargo">Conselheiro Presidente</p>]]></Texto>
  </body>
  <Midias />
</article></xml>