﻿<xml><article id="46730168" name="Aviso de Extrato de Contrato - 2" idOficio="11440570" pubName="DO3" artType="Extrato de Contrato" pubDate="03/12/2025" artClass="00075:00013:00164:00000:00000:00000:00000:00000:00000:00000:00030:00000" artCategory="Prefeituras/Estado do Pará/Prefeitura Municipal de Medicilândia" artSize="12" artNotes="" numberPage="264" pdfPage="http://pesquisa.in.gov.br/imprensa/jsp/visualiza/index.jsp?data=03/12/2025&amp;jornal=530&amp;pagina=264" editionNumber="230" highlightType="" highlightPriority="" highlight="" highlightimage="" highlightimagename="" idMateria="23372701">
  <body>
    <Identifica><![CDATA[  EXTRATO DO CONTRATO Nº 20250458]]></Identifica>
    <Data><![CDATA[]]></Data>
    <Ementa />
    <Titulo />
    <SubTitulo />
    <Texto><![CDATA[<p class="identifica">EXTRATO DO CONTRATO Nº 20250458</p><p>INEXIGIBILIDADE Nº 020/2025 INEX, Objeto: serviços de apoio administrativo com ênfase em planejamento estratégico, treinamento, assistência na regularização de inadimplências e monitoramento dos sistemas do Ministério da Educação e Fundo Nacional de Desenvolvimento da Educação - FNDE, sendo eles: Sistema Integrado de Monitoramento Execução e Controle, SIMEC, Sistema de Informações sobre Orçamentos Públicos em Educação, SIOPE, Sistema de Gestão de Prestação de Contas, SIGPC, Sistema de Gerenciamento de Atas de Registro de Preço, SIGARP, Sistema de Gestão de Conselhos, SIGECON, Módulo de Acompanhamento e Validação do SIOPE, MAVS, PDDE Interativo, CAE Virtual, CACS FUNDEB e PDDE WEB à Secretaria Municipal de Educação de Medicilândia. CONTRATO N° 20250458. Contratante: FUNDO MUNICIPAL DE EDUCAÇÃO. Contratado: CAUC FACIL LTDA, no valor total de R$ 48.000,00 (quarenta e oito mil reais). Vigência: 11 de Novembro de 2025 a 10 de Novembro de 2026.</p><p class="identifica">EXTRATO DO CONTRATO Nº 20250456</p><p>PREGÃO Nº 006/2025 PE SRP, Objeto: fornecimento de refeições prontas, tipo marmitex self-service, que se faz necessária para atender os servidores em diversas atividades da Prefeitura Municipal de Medicilândia e suas Secretarias. CONTRATO N° 20250456. Contratante: PREFEITURA MUNICIPAL DE MEDICILANDIA. Contratado: F V NASCIMENTO RESTAURANTE, no valor total de R$ 31.520,00 (trinta e um mil, quinhentos e vinte reais). Vigência: 17 de Novembro de 2025 a 31 de Dezembro de 2025.</p><p class="identifica">EXTRATO DO CONTRATO Nº 20250433</p><p>PREGÃO Nº 010/2025 PE SRP, Objeto: aquisição de gêneros alimentícios, destinados ao atendimento de demandas da merenda escolar e do Programa Mais Educação da Secretaria Municipal de Educação de Medicilândia. CONTRATO N° 20250433. Contratante: FUNDO MUNICIPAL DE EDUCAÇÃO. Contratado: A M DA CRUZ DANTAS LTDA, no valor total de R$ 60.944,80 (sessenta mil, novecentos e quarenta e quatro reais e oitenta centavos). Vigência: 03 de Novembro de 2025 a 31 de Dezembro de 2025.</p><p class="identifica">EXTRATO DO CONTRATO Nº 20250455</p><p>PREGÃO Nº 030/2024 PE SRP, Objeto: fornecimento de combustível com fornecimento contínuo e fracionado, conforme demandas, para abastecimento da frota de veículos da Prefeitura Municipal de Medicilândia. CONTRATO N° 20250455. Contratante: PREFEITURA MUNICIPAL DE MEDICILANDIA. Contratado: AUTO POSTO IVI LTDA, no valor total de R$ 1.248.100,00 (um milhão, duzentos e quarenta e oito mil, cem reais). Vigência: 10 de Novembro de 2025 a 31 de Dezembro de 2025.</p><p class="identifica">EXTRATO DO CONTRATO Nº 20250457</p><p>PREGÃO Nº 039/2024 PE SRP, Objeto: prestação de serviços de reparos de manutenção predial com mão-de-obra, pequenas construções, reformas e ampliações sob demanda na forma estabelecida nas planilhas de serviços e insumos diversos descritos no sistema nacional de pesquisas de custos e índices da construção civil - SINAPI, sistemas de custos referenciais de obras - SICRO e Sistema de Previsão de Custos em Serviços - SEDOP, para a Secretaria Municipal de Educação (CONSTRUÇÃO DE MURO E IMPLEMENTAÇÃO DE PORTÕES METÁLICOS NA EMEF MARECHAL CASTELO BRANCO, KM 100 LADO SUL). CONTRATO N° 20250457. Contratante: FUNDO DE MANUT.E DESENV. DO ENSINO DA EDUC.BÁSICA. Contratado: F SERVICOS E LOCACOES LTDA, no valor total de R$ 110.949,50 (cento e dez mil, novecentos e quarenta e nove reais e cinquenta centavos). Vigência: 18 de Novembro de 2025 a 17 de Novembro de 2026.</p>]]></Texto>
  </body>
  <Midias />
</article></xml>