﻿<xml><article id="46725461" name="AVISO DE LICITACAO - MODO ELETRO" idOficio="11439959" pubName="DO3" artType="Aviso de Licitação" pubDate="03/12/2025" artClass="00074:00006:00032:00002:00000:00000:00000:00000:00000:00000:00078:00000" artCategory="Governo do Estado/Governo do Estado da Bahia/Secretaria de Infraestrutura Hídrica e Saneamento/Empresa Baiana de Águas e Saneamento S/A" artSize="12" artNotes="" numberPage="214" pdfPage="http://pesquisa.in.gov.br/imprensa/jsp/visualiza/index.jsp?data=03/12/2025&amp;jornal=530&amp;pagina=214" editionNumber="230" highlightType="" highlightPriority="" highlight="" highlightimage="" highlightimagename="" idMateria="23371567">
  <body>
    <Identifica><![CDATA[ AVISO DA LICITAÇÃO Nº 161/25]]></Identifica>
    <Data><![CDATA[ Salvador, 28 de novembro de 2025]]></Data>
    <Ementa />
    <Titulo />
    <SubTitulo />
    <Texto><![CDATA[<p class="identifica">AVISO DA LICITAÇÃO Nº 161/25</p><p>A Embasa torna público que realizará a LICITAÇÃO n.º 161/25, processada de acordo com as disposições da Lei nº 13.303/2016, Lei complementar 123/2006 e Regulamento Interno de Licitações e Contratos da EMBASA. Objeto: Execução das obras da ampliação do Sistema de Abastecimento de Água de Seabra. Abertura das Propostas: 23/02/2026 às 14:00 horas. (Horário de Brasília-DF). Recursos Financeiros: Próprios. O Edital e seus anexos encontram-se disponíveis para download no site https://licitacoes-e2.bb.com.br/aop-inter-estatico/. (Licitação BB nº: 1084010) O cadastro da proposta deverá ser feito no site https://licitacoes-e2.bb.com.br/aop-inter-estatico/, antes da abertura da sessão pública. Informações através do e-mail: plc.esclarecimentos@embasa.ba.gov.br ou por telefone: (71) 3372-4756/4764.</p><p class="data">Salvador, 28 de novembro de 2025</p><p class="assina">Rosani Alves de Jesus</p><p class="cargo">Agente de Licitação.</p>]]></Texto>
  </body>
  <Midias />
</article></xml>