﻿<xml><article id="46744719" name="2025-12-01/11442947/siasgnet_233" idOficio="11442947" pubName="DO3" artType="Aviso de Licitação-Pregão" pubDate="03/12/2025" artClass="00070:00038:00000:00000:00000:00000:00000:00000:00000:00000:00162:00001" artCategory="Poder Judiciário/Tribunal Regional Eleitoral de São Paulo" artSize="12" artNotes="" numberPage="198" pdfPage="http://pesquisa.in.gov.br/imprensa/jsp/visualiza/index.jsp?data=03/12/2025&amp;jornal=530&amp;pagina=198" editionNumber="230" highlightType="" highlightPriority="" highlight="" highlightimage="" highlightimagename="" idMateria="23375892">
  <body>
    <Identifica><![CDATA[ AVISO DE LICITAÇÃO]]></Identifica>
    <Data><![CDATA[]]></Data>
    <Ementa />
    <Titulo />
    <SubTitulo />
    <Texto><![CDATA[<p class="identifica">AVISO DE LICITAÇÃO</p><p class="identifica">Pregão Eletrônico Nº 90085/2025 - UASG 70018</p><p>Nº Processo: 0015451-21.2025. Objeto: Registro de Preços para a aquisição de materiais para higienização e descartáveis. Total de Itens Licitados: 17. Edital: 03/12/2025 das 08h00 às 17h00. Endereço: Rua Francisca Miquelina, 123, Bela Vista - São Paulo/SP ou https://www.gov.br/compras/edital/70018-5-90085-2025. Entrega das Propostas: a partir de 03/12/2025 às 08h00 no site www.gov.br/compras. Abertura das Propostas: 16/12/2025 às 13h00 no site www.gov.br/compras.</p><p class="assina">CLAUCIO CRISTIANO ABREU CORREA</p><p class="cargo">Diretor-geral do Tre-sp</p><p>(SIASGnet - 01/12/2025) 70018-00001-2025NE000169</p>]]></Texto>
  </body>
  <Midias />
</article></xml>