﻿<xml><article id="46725221" name="EXTRATO DE TERMO DE QUITACAO - N" idOficio="11432836" pubName="DO3" artType="Extrato" pubDate="03/12/2025" artClass="00028:00048:00000:00000:00000:00000:00000:00000:00000:00000:00170:00000" artCategory="Ministério da Fazenda/Casa da Moeda do Brasil" artSize="12" artNotes="" numberPage="120" pdfPage="http://pesquisa.in.gov.br/imprensa/jsp/visualiza/index.jsp?data=03/12/2025&amp;jornal=530&amp;pagina=120" editionNumber="230" highlightType="" highlightPriority="" highlight="" highlightimage="" highlightimagename="" idMateria="23361207">
  <body>
    <Identifica><![CDATA[ EXTRATO DE TERMO DE RECONHECIMENTO DE DÍVIDA E QUITAÇÃO]]></Identifica>
    <Data><![CDATA[]]></Data>
    <Ementa />
    <Titulo />
    <SubTitulo />
    <Texto><![CDATA[<p class="identifica">EXTRATO DE TERMO DE RECONHECIMENTO DE DÍVIDA E QUITAÇÃO</p><p>Espécie: Termo de Reconhecimento de Dívida e Quitação nº 2058/2025; celebrado entre a Casa da Moeda do Brasil - CMB e CABERJ INTEGRAL SAÚDE - CNPJ nº 07.844.436/0001-06; relativo à prestação de serviços médicos, hospitalares, mediante o interesse mútuo das partes, ref. ao Contrato nº 1652/2024, encerrado em 31/07/2025, conforme descrito nas notas fiscais nº 7505 e 8158, no montante de R$1.405.051,10 (um milhão, quatrocentos e cinco mil, cinquenta e um reais, e dez centavos); processo nº 18750.008942/2024-02; tendo por base os preceitos de Direito Privado, a aprovação pelo Voto nº 040/2025/DIGES/DIREX/CONSAD-CMB e o disposto na Lei nº13.303/2016; recurso orçamentário: "Despesas de Pessoal", constante do orçamento de 2025; assinado em: 24/11/2025; Assinam pela CMB: Sérgio Perini Rodrigues - Presidente; e Carlos Martins Marques de Santana - Diretor; pela Credora: Haroldo Aquino Filho e Armando Gentil Monteiro - Diretores.</p>]]></Texto>
  </body>
  <Midias />
</article></xml>