﻿<xml><article id="46727291" name="Extrato de apostilamento - GARTN" idOficio="11432043" pubName="DO3" artType="Extrato de Termo Aditivo" pubDate="03/12/2025" artClass="00013:00063:00000:00000:00000:00000:00000:00000:00000:00000:00053:00000" artCategory="Ministério da Ciência, Tecnologia e Inovação/Financiadora de Estudos e Projetos" artSize="12" artNotes="" numberPage="10" pdfPage="http://pesquisa.in.gov.br/imprensa/jsp/visualiza/index.jsp?data=03/12/2025&amp;jornal=530&amp;pagina=10" editionNumber="230" highlightType="" highlightPriority="" highlight="" highlightimage="" highlightimagename="" idMateria="23360070">
  <body>
    <Identifica><![CDATA[  EXTRATO DE TERMO ADITIVO]]></Identifica>
    <Data><![CDATA[]]></Data>
    <Ementa />
    <Titulo />
    <SubTitulo />
    <Texto><![CDATA[<p></p><p class="identifica">EXTRATO DE TERMO ADITIVO</p><p>Processo FP-ADM-2021/15596; Espécie: Termo aditivo nº 20.21.0103.05; Partes: Financiadora de Estudos e Projetos - FINEP, CNPJ nº. 33.749.086/0001-09 e GARTNER DO BRASIL SERVIÇOS DE PESQUISAS LTDA, CNPJ nº 02.593.165/0001-40. Objeto: 1.1 a prorrogação do prazo de vigência do contrato por mais 12 (doze) meses, a contar de 22/12/2025; 1.2. estabelecer o valor da prorrogação do contrato em R$ 962.978,04 (novecentos e sessenta e dois mil, novecentos e setenta e oito reais e quatro centavos) por mais 12 (doze) meses; 1.3. estabelecer o valor do reajuste do contrato para o período de outubro/2023 até setembro/2024 em R$ 72.404,70 (setenta e dois mil, quatrocentos e quatro reais e setenta centavos); 1.4. alterar o valor global do contrato para até R$ 1.035.384,00 (um milhão, trinta e cinco mil, trezentos e oitenta e quatro reais). Assinatura em 21/11/2025</p>]]></Texto>
  </body>
  <Midias />
</article></xml>