﻿<xml><article id="46739687" name="EXTRATO DA ATA DA REGISTRO DE PR" idOficio="11443334" pubName="DO3" artType="Extrato de Registro de Preços" pubDate="03/12/2025" artClass="00075:00003:00002:00000:00000:00000:00000:00000:00000:00000:00047:00000" artCategory="Prefeituras/Estado do Amapá/Prefeitura Municipal de Calçoene" artSize="12" artNotes="" numberPage="219" pdfPage="http://pesquisa.in.gov.br/imprensa/jsp/visualiza/index.jsp?data=03/12/2025&amp;jornal=530&amp;pagina=219" editionNumber="230" highlightType="" highlightPriority="" highlight="" highlightimage="" highlightimagename="" idMateria="23376419">
  <body>
    <Identifica><![CDATA[ EXTRATO de REGISTRO DE PREÇOS  Nº 23/2025 - CCL/PMC]]></Identifica>
    <Data><![CDATA[]]></Data>
    <Ementa />
    <Titulo />
    <SubTitulo />
    <Texto><![CDATA[<p class="identifica">EXTRATO de REGISTRO DE PREÇOS Nº 23/2025 - CCL/PMC</p><p>Espécie: Ata de Registro de Preços, referente ao PREGÃO ELETRÔNICO Nº 90012/2025-CCL/PMC, Processo Administrativo nº 20.012.015/2025 SEMED/PMC, cujo objeto é o REGISTRO DE PREÇOS PARA AQUISIÇÃO DE MATERIAIS DE LIMPEZA E HIGIENE VISANDO ATENDER AS NECESSIDADES DA SECRETARIA MUNICIPAL DE EDUCAÇÃO, SECRETARIA MUNICIPAL DE SAÚDE E SECRETARIA MUNICIPAL DE ASSISTÊNCIA SOCIAL, PERTENCENTES AO MUNICÍPIO DE CALÇOENE/AP. Conforme resultado homologado no certame temos: ARP n° 23/2025 - CCL/PMC. Empresa Vencedora dos Lote 1 ao Lote 9: COMERCIAL SÃO BENEDITO LTDA - CNPJ Nº 27.059.762/0001-10. LOTE 1 - Produtos Químicos e Limpeza e Desinfecção, Valor R$ 975.946,00; LOTE 2 - UTENSÍLIOS E EQUIPAMENTOS DE LIMPEZA, Valor R$ 281.049,90; LOTE 3 - MATERIAIS TÊXTEIS E ABSORVENTES, Valor R$ 616.811,00; LOTE 4 - PRODUTOS DE HIGIENE INFANTIL, Valor R$ 175.369,00, LOTE 5 - DESCARTÁVEIS E UTENSÍLIOS DE MESA, Valor R$ 930.443,60; LOTE 6 - EQUIPAMENTOS DE PROTEÇÃO E SEGURANÇA, Valor R$ 343.328,60; LOTE 7 - GESTÃO DE RESÍDUOS, Valor R$ 170.279,00; LOTE 8 - PRODUTOS DE ACABAMENTO E MANUTENÇÃO, Valor R$ 448.762,00; LOTE 9 - DISPENSERS E SUPORTES, Valor R$ 58.915,00. O preço global da ARP é de R$ 4.000.904,10 (Quatro milhões, novecentos e quatro reais e dez centavos). DATA DA ASSINATURA DA ARP: 01/12/2025. Vigência da Ata: 01/12/2025 a 01/12/2026. A Ata de Registro de Preços original encontra-se acostada ao Processo Administrativo nº 20.012.015/2025 SEMED/PMC.</p><p></p>]]></Texto>
  </body>
  <Midias />
</article></xml>