﻿<xml><article id="46729925" name="Edital 02" idOficio="11441120" pubName="DO3" artType="Edital" pubDate="03/12/2025" artClass="00071:00261:00000:00000:00000:00000:00000:00000:00000:00000:00056:00000" artCategory="Entidades de Fiscalização do Exercício das Profissões Liberais/Conselho Regional de Enfermagem do Rio de Janeiro" artSize="12" artNotes="" numberPage="204" pdfPage="http://pesquisa.in.gov.br/imprensa/jsp/visualiza/index.jsp?data=03/12/2025&amp;jornal=530&amp;pagina=204" editionNumber="230" highlightType="" highlightPriority="" highlight="" highlightimage="" highlightimagename="" idMateria="23373604">
  <body>
    <Identifica><![CDATA[ AVISO DE CHAMAMENTO PÚBLICO Nº 2/2025 - COREN-RJ]]></Identifica>
    <Data><![CDATA[ Rio de Janeiro, 1º de dezembro  de 2025 ]]></Data>
    <Ementa />
    <Titulo />
    <SubTitulo />
    <Texto><![CDATA[<p class="identifica">AVISO DE CHAMAMENTO PÚBLICO Nº 2/2025 - COREN-RJ</p><p>Processo nº 857/2022, Rio de Janeiro, 01 de dezembro de 2025</p><p>O Conselho Regional de Enfermagem do Rio de Janeiro - COREN/RJ, torna público a realização de Chamamento Público para prospecção de mercado imobiliário para e eventual aquisição de imóvel no Centro do Rio de Janeiro, visando a identificação daquele(s) que atenda(em) as necessidades e o interesse da Administração Pública destinado ao uso institucional da nova Sede do COREN-RJ, cuja atividade é a prestação de serviços públicos relacionados à fiscalização do exercício e da ética profissional de Enfermagem. O Edital encontra-se disponível na página institucional, no Portal da Transparência, aba Licitações, e no Portal Nacional de Contratações Públicas - PNCP. O recebimento das propostas ocorrerá a partir de 3 de dezembro de 2025 até 17 de dezembro de 2025, podendo ser enviadas para o e-mail chamamentolocacaoaquisicao@coren-rj.org.br ou protocoladas, presencialmente, na sede do COREN/RJ, localizada na Av. Presidente Vargas, 502, 5º andar-Centro-RJ. Os pedidos de esclarecimento poderão ser encaminhados à Comissão Especial por meio do mesmo e-mail acima informado, nas condições e prazos previstos no referido Edital.</p><p class="data">Rio de Janeiro, 1º de dezembro de 2025</p><p class="assina">LILIAN PRATES BELEM BEHRING</p><p class="cargo">Presidente COREN-RJ nº 70.540-ENF</p>]]></Texto>
  </body>
  <Midias />
</article></xml>