﻿<xml><article id="46734846" name="AVISO_HOMOLOGA_FRACA-127-2025" idOficio="11442001" pubName="DO3" artType="Aviso de Homologação" pubDate="03/12/2025" artClass="00041:00022:00011:00006:00237:00000:00000:00000:00000:00000:00075:00000" artCategory="Ministério de Portos e Aeroportos/Empresa Brasileira de Infraestrutura Aeroportuária/Diretoria de Administração/Superintendência de Administração/Gerência de Logística Administrativa" artSize="12" artNotes="" numberPage="146" pdfPage="http://pesquisa.in.gov.br/imprensa/jsp/visualiza/index.jsp?data=03/12/2025&amp;jornal=530&amp;pagina=146" editionNumber="230" highlightType="" highlightPriority="" highlight="" highlightimage="" highlightimagename="" idMateria="23374610">
  <body>
    <Identifica><![CDATA[ AVISO DE HOMOLOGAÇÃO ]]></Identifica>
    <Data><![CDATA[]]></Data>
    <Ementa />
    <Titulo />
    <SubTitulo />
    <Texto><![CDATA[<p class="identifica">AVISO DE HOMOLOGAÇÃO</p><p class="identifica">LICITAÇÃO ELETRÔNICA</p><p>Informamos que a LICITAÇÃO ELETRÔNICA Nº 127/ADLI-1/SEDE/2025 foi homologada na condição de fracassada.</p><p class="assina">FRANCISCO IVANI M. SOARES</p><p class="cargo">Presidente da Comissão</p>]]></Texto>
  </body>
  <Midias />
</article></xml>