﻿<xml><article id="46725977" name="PUBLICACAO HOMOLOGACAO DOU" idOficio="11440713" pubName="DO3" artType="Aviso de Homologação e Adjudicação" pubDate="03/12/2025" artClass="00075:00012:00275:00000:00000:00000:00000:00000:00000:00000:00076:00000" artCategory="Prefeituras/Estado de Minas Gerais/Prefeitura Municipal de Carmo do Cajuru" artSize="12" artNotes="" numberPage="250" pdfPage="http://pesquisa.in.gov.br/imprensa/jsp/visualiza/index.jsp?data=03/12/2025&amp;jornal=530&amp;pagina=250" editionNumber="230" highlightType="" highlightPriority="" highlight="" highlightimage="" highlightimagename="" idMateria="23372883">
  <body>
    <Identifica><![CDATA[ AVISO de homologação e adjudicação Pregão Eletrônico Nº  41/2025  ]]></Identifica>
    <Data><![CDATA[ Carmo do Cajuru - MG, 28 de novembro de 2025.]]></Data>
    <Ementa />
    <Titulo />
    <SubTitulo />
    <Texto><![CDATA[<p class="identifica">AVISO de homologação e adjudicação Pregão Eletrônico Nº 41/2025</p><p>PL Nº. 247/2025. Pregão Eletrônico Nº. 41/2025.</p><p>Objeto: Registro de preços para futuras aquisições de materiais de limpeza, higiene e copa/cozinha para atender as necessidades da Administração Municipal. Empresas Vencedoras: Marcelo Goretti de Carvalho, no valor de R$ 2.962,80, Comercial TBS Ltda, no valor de R$ 33.846,50, Máxima Limpeza Ltda, no valor de 5.646,00, Oxi Química Ltda, no valor de R$ 19.836,00, Atlântica Distribuidora de Produtos Ltda, no valor de R$ 34.000,00, Oscimar Cota Barbosa, no valor de R$ 447,00, Comercial Vener Ltda, no valor de R$ 23.150,00, Wtrade Intermediação de Negócios Ltda, no valor de R$ 10.490,90, Rônia Aparecida Alves de Mendonça, no valor de R$ 23.739,50, Marluvas Calçados de Segurança Ltda, no valor de R$ 20.553,00, Brumalimp Materiais de Limpeza e Descartáveis Ltda, no valor de R$ 18.374,00, Cirúrgica União Ltda, no valor de R$ 1.725,00, Brumadinho Papel e Comércio Ltda, no valor de R$ 22.097,00, 3 Poderes Comércio Ltda, no valor de R$ 42.260,10, Treze Distribuidora Ltda, no valor R$ 8.885,25.</p><p class="data">Carmo do Cajuru - MG, 28 de novembro de 2025.</p><p class="assina">Samara Sanglard Calçado Reis</p><p class="cargo">Pregoeira</p>]]></Texto>
  </body>
  <Midias />
</article></xml>