﻿<xml><article id="46726814" name="Publicacao DOU 01-12 - Aviso de " idOficio="11441359" pubName="DO3" artType="Aviso de Licitação" pubDate="03/12/2025" artClass="00075:00024:00282:00000:00000:00000:00000:00000:00000:00000:00078:00000" artCategory="Prefeituras/Estado de São Paulo/Prefeitura Municipal de Estrela DOeste" artSize="12" artNotes="" numberPage="298" pdfPage="http://pesquisa.in.gov.br/imprensa/jsp/visualiza/index.jsp?data=03/12/2025&amp;jornal=530&amp;pagina=298" editionNumber="230" highlightType="" highlightPriority="" highlight="" highlightimage="" highlightimagename="" idMateria="23373854">
  <body>
    <Identifica><![CDATA[ AVISO DE LICITAÇÃO]]></Identifica>
    <Data><![CDATA[  Estrela D'Oeste-SP, 1º de dezembro de 2025. ]]></Data>
    <Ementa />
    <Titulo />
    <SubTitulo />
    <Texto><![CDATA[<p class="identifica">AVISO DE LICITAÇÃO</p><p class="identifica">Pregão Presencial nº 43/2025</p><p>PROCESSO: 69/2025</p><p>MODALIDADE: Pregão Presencial nº 43/2025</p><p>OBJETO: "CONTRATAÇÃO DE EMPRESA ESPECIALIZADA NA PRESTAÇÃO DE SERVIÇOS DE PROFISSIONAL TERAPEUTA OCUPACIONAL, PARA ATENDER AS NECESSIDADES DO SETOR DA SAÚDE DO MUNICÍPIO DE ESTRELA D'OESTE, CONFORME ESPECIFICAÇÕES ESTABELECIDAS NO TERMO DE REFERÊNCIA"</p><p>MODO DE DISPUTA: "FECHADO/ABERTO" CRITÉRIO DE JULGAMENTO: "MENOR PREÇO GLOBAL"</p><p>ENDEREÇO: A licitação ocorrerá na Sala de Licitações da Prefeitura Municipal de Estrela d'Oeste/SP, Rua Bahia Nº639, Jardim São Paulo, CEP 15.650-052. O Edital na íntegra poderá ser retirado no site: https://www.pmestrela.sp.gov.br/ e, no Setor de Licitações da Prefeitura. Custo: nihil.</p><p>CREDENCIAMENTO</p><p>Para o dia 18/12/2025 às 08h00min (Horário de Brasília)</p><p>SESSÃO DE DISPUTA AGENDADA</p><p>Para o dia 18/12/2025 às 08h30min (Horário de Brasília)</p><p>AVISO: Informamos aos interessados que a sessão será gravada, a participação na sessão, configura autorização expressa de divulgação de sua imagem, conforme prevê o artigo 17, §2° e §5° da Lei n° 14.133/2021.</p><p class="data">Estrela D'Oeste-SP, 1º de dezembro de 2025.</p><p class="assina">PEDRO DE SENZI NETO</p><p class="cargo">Prefeito</p>]]></Texto>
  </body>
  <Midias />
</article></xml>