﻿<xml><article id="46733147" name="MG-004-ECT-00436061" idOficio="11442466" pubName="DO3" artType="Extrato de Contrato" pubDate="03/12/2025" artClass="00014:00021:00049:00002:00000:00000:00000:00000:00000:00000:00030:00000" artCategory="Ministério das Comunicações/Empresa Brasileira de Correios e Telégrafos/Diretoria de Governança e Estratégia/Superintendência Estadual N1 MG" artSize="12" artNotes="" numberPage="17" pdfPage="http://pesquisa.in.gov.br/imprensa/jsp/visualiza/index.jsp?data=03/12/2025&amp;jornal=530&amp;pagina=17" editionNumber="230" highlightType="" highlightPriority="" highlight="" highlightimage="" highlightimagename="" idMateria="23375214">
  <body>
    <Identifica><![CDATA[ EXTRATO DE CONTRATO]]></Identifica>
    <Data><![CDATA[]]></Data>
    <Ementa />
    <Titulo />
    <SubTitulo />
    <Texto><![CDATA[<p class="identifica">EXTRATO DE CONTRATO</p><p>Contrato de Credenciamento Chamamento Público Nº 001/2022 SE-MG. Objeto: prestação de serviços relacionados à operação de canal de atendimento denominado Ponto de Coleta. AUTOPECAS OLIVEIRA E CIA LTDA, CNPJ: 33.415.808/0001-99. Endereço: AV PRESIDENTE TANCREDO DE ALMEIDA NEVES, 2098 - BOM JESUS - CORONEL FABRICIANO/MG. Assinado em: 01/12/2025.</p><p>Contrato de Credenciamento Chamamento Público Nº 001/2022 SE-MG. Objeto: prestação de serviços relacionados à operação de canal de atendimento denominado Ponto de Coleta. JORGE LUIZ GONCALVES DIONIZIO, CNPJ: 11.655.666/0001-02. Endereço: R SANTA CRUZ, 285, LOJA 01 -SAO GERALDO - SANTA LUZIA/MG. Assinado em: 01/12/2025.</p><p>Contrato de Credenciamento Chamamento Público Nº 001/2022 SE-MG. Objeto: prestação de serviços relacionados à operação de canal de atendimento denominado Ponto de Coleta. ELIENE PASSOS FARIA 06094334663, CNPJ: 21.887.020/0001-04. Endereço: R MOACIR ANTONIO DA SILVA, 120 - ROMEU DUARTE - NOVA SERRANA/MG. Assinado em: 01/12/2025.</p><p>Contrato de Credenciamento Chamamento Público Nº 001/2022 SE-MG. Objeto: prestação de serviços relacionados à operação de canal de atendimento denominado Ponto de Coleta. 53.209.765 ELAINE CRISTINA CONCEICAO BARROS COIMBRA, CNPJ: 53.209.765/0001-00. Endereço: R COELHO NETO, 29, LOJA - CAPANEMA - ITABIRITO/MG. Assinado em: 01/12/2025.</p>]]></Texto>
  </body>
  <Midias />
</article></xml>