﻿<xml><article id="46725392" name="aviso DOU PE 53 -1" idOficio="11432093" pubName="DO3" artType="Aviso de Registro de Preços" pubDate="03/12/2025" artClass="00075:00021:00031:00000:00000:00000:00000:00000:00000:00000:00110:00000" artCategory="Prefeituras/Estado de Rondônia/PREFEITURA MUNICIPAL DE MACHADINHO DOESTE" artSize="12" artNotes="" numberPage="292" pdfPage="http://pesquisa.in.gov.br/imprensa/jsp/visualiza/index.jsp?data=03/12/2025&amp;jornal=530&amp;pagina=292" editionNumber="230" highlightType="" highlightPriority="" highlight="" highlightimage="" highlightimagename="" idMateria="23360169">
  <body>
    <Identifica><![CDATA[ AVISO de licitação ]]></Identifica>
    <Data><![CDATA[]]></Data>
    <Ementa />
    <Titulo />
    <SubTitulo />
    <Texto><![CDATA[<p class="identifica">AVISO de licitação</p><p class="identifica">PREGÃO ELETRÔNICO Nº 53/SEMADFAZ/2025</p><p>Órgão Requisitante: Prefeitura Municipal de Machadinho D'Oeste através da Secretaria Municipal de Administração e Fazenda. Processo Administrativo nº 2655/2025. Objeto: Formação de Formação de Registro de Preço para Eventual e Futura Aquisição de combustível , gasolina comum, óleo diesel comum, óleo diesel S-10. Na forma da Lei nº. 14.133/21 e LC nº 123/2006 com suas alterações e Decreto Municipal nº 4022/2024 realizará o Pregão Eletrônico do tipo Menor Preço por ITEM, Modo de Disputa: Aberto. Valor Previsto R$ 5.613.134,17 (Cinco milhões seiscentos e treze mil cento e trinta e quatro reais e dezessete centavos). Envio das propostas será das 09h00min do dia 04/12/2025 até as 08h30min do dia 17/12//2025. Início da sessão pública virtual será às 09h00min do dia 17/12/2025 (Horários de Brasília). Local da disputa virtual: (https://www.licitanet.com.br/). Edital e anexos disponíveis no referido site e/ou no site institucional do órgão: www.machadinho.ro.gov.br. Informações Complementares na Diretoria de Compras, sediada à Avenida Rio de Janeiro, 3098, Centro, Machadinho D´Oeste - RO, em dias úteis das 07h30min, às 13h30min. Contato telefone: (69) 3581-3278 e/ou e-mail machadinhocpl@gmail.com</p><p class="assina">Samara Raquel Kuss de Souza</p><p class="cargo">Pregoeira</p>]]></Texto>
  </body>
  <Midias />
</article></xml>