﻿<xml><article id="46726511" name="Aviso de Edital Pregao Eletronic" idOficio="11441148" pubName="DO3" artType="Aviso de Licitação" pubDate="03/12/2025" artClass="00075:00008:00073:00000:00000:00000:00000:00000:00000:00000:00079:00000" artCategory="Prefeituras/Estado de Goiás/Prefeitura Municipal de Buriti Alegre" artSize="12" artNotes="" numberPage="236" pdfPage="http://pesquisa.in.gov.br/imprensa/jsp/visualiza/index.jsp?data=03/12/2025&amp;jornal=530&amp;pagina=236" editionNumber="230" highlightType="" highlightPriority="" highlight="" highlightimage="" highlightimagename="" idMateria="23373566">
  <body>
    <Identifica><![CDATA[ AVISO DE LICITAÇÃO ]]></Identifica>
    <Data><![CDATA[ Buriti Alegre-Goiás, 1º de dezembro  de 2025.]]></Data>
    <Ementa />
    <Titulo />
    <SubTitulo />
    <Texto><![CDATA[<p class="identifica">AVISO DE LICITAÇÃO</p><p class="identifica">PREGÃO ELETRÔNICO Nº 1/2025</p><p>MODO DISPUTA: ABERTO e FECHADO</p><p>Processo Administrativo: 05098/2025</p><p>O Fundo Municipal de Educação do Município de Buriti Alegre, Estado de Goiás, torna público, que realizará no dia 17/12/2025, com início às 08hs01min., o Pregão Eletrônico nº 001/2025, Tipo: "MENOR PREÇO POR ITEM. Objeto: Contratação de pessoa jurídica especializada na prestação dos serviços de transporte escolar, sob a forma de fretamento, por quilômetro rodado, para o transporte escolar de alunos da zona rural, para as escolas municipais nesta cidade, sendo 05 (cinco) veículos com capacidade mínima de 09 (nove) lugares, incluindo o motorista, para atender as 05 linhas: (Barra Bonita, Mata Preta 1, Mata Preta 2, Casa de Pedra e Arara e Barreiro), aspecificações constantes no Termo de Referência - Anexo I, do edital. O início de acolhimento da(s) proposta(s) a partir do dia 04/12/2025, até ás 08h00min do dia 17/12/2025, na plataforma http://bnc.org.br. Abertura da(s) proposta(s) eletrônica(s) terá inicio às 08h01min do dia 17/12/2025. Já o início da sessão de disputa de lances será às 08h31min do dia 17/12/2025. O edital e o recebimento da(s) proposta(s) estará disponível a partir de 04/12/2025, no site www.buritialegre.go.gov.br e http://bnc.org.br, maiores informações pelo telefone: 0(xx) 64-3444-9909, das 07:00 as 11:00 hs das 13:00 as 17:00 hs, ou através do e-mail: licitacao@buritialegre.go.gov.br</p><p class="data">Buriti Alegre-Goiás, 1º de dezembro de 2025.</p><p class="assina">João Alfredo Inácio de Mello</p><p class="cargo">Pregoeiro</p>]]></Texto>
  </body>
  <Midias />
</article></xml>