﻿<xml><article id="46726874" name="Edital_de_Notificacao_1_A_Instan" idOficio="11421696" pubName="DO3" artType="Edital de Notificação" pubDate="03/12/2025" artClass="00033:00046:02017:00000:00000:00000:00000:00000:00000:00000:00063:00000" artCategory="Ministério da Justiça e Segurança Pública/Polícia Rodoviária Federal/Superintendência da Polícia Rodoviária Federal na Bahia" artSize="12" artNotes="" numberPage="136" pdfPage="http://pesquisa.in.gov.br/imprensa/jsp/visualiza/index.jsp?data=03/12/2025&amp;jornal=530&amp;pagina=136" editionNumber="230" highlightType="" highlightPriority="" highlight="" highlightimage="" highlightimagename="" idMateria="23341023">
  <body>
    <Identifica><![CDATA[ 22º EDITAL DE NOTIFICAÇÃO]]></Identifica>
    <Data><![CDATA[]]></Data>
    <Ementa />
    <Titulo />
    <SubTitulo />
    <Texto><![CDATA[<p class="identifica">22º EDITAL DE NOTIFICAÇÃO</p><p class="identifica">RESULTADO DE RECURSO DE MULTA EM 1ª INSTÂNCIA</p><p>A Junta Administrativa de Recurso de Infração - JARI/BA da Polícia Rodoviária Federal no Estado da Bahia, em conformidade com as competências estabelecidas na Lei 9.503/97 - Código de Trânsito Brasileiro - CTB, e demais regulamentações do CONTRAN, notifica do resultado do recurso de multa em 1ª instância de que tratam os artigos 285 e 286 do CTB os requerentes abaixo relacionados, referentes as 22ª Sessão Deliberativa de 2025 No caso de indeferimento do recurso, a partir da publicação deste edital, até o prazo de 30 dias, poderá ser interposto recurso de multa em 2ª instância contra a decisão da JARI, por escrito, devendo ser obedecidas as Resoluções 299/09 e 404/12 do CONTRAN e os artigos 288, 289 e 290 do CTB. Instruir o recurso com, no mínimo: requerimento, devidamente preenchido, com as razões do recurso, e assinado; cópia do documento de identificação do requerente que comprove sua assinatura; procuração, quando for o caso; quando pessoa jurídica, documento que comprove a representação. O recurso de multa em 2ª instância, caso interposto, poderá ser entregue em qualquer unidade da Polícia Rodoviária Federal, ou enviado via remessa postal (recomenda-se que seja com aviso de recebimento) para o endereço da Polícia Rodoviária Federal da Unidade da Federação onde ocorreu a infração. Os endereços e formulários estão disponibilizados na internet (www.prf.gov.br) ou poderão ser solicitados em qualquer unidade da Polícia Rodoviária Federal. No caso de deferimento do recurso de multa em 1ª instância, a autoridade que aplicou a penalidade poderá interpor recurso de multa em 2ª instância contra a decisão da JARI. A cópia da decisão de 1ª instância poderá ser solicitada em qualquer unidade da Polícia Rodoviária Federal. O padrão de sequência de identificação dos processos abaixo relacionados será: nº do processo, nome do requerente, auto de infração e placa:</p><p>RECURSOS INDEFERIDOS: 08650.123862/2025-23, EMPREENDIMENTOS RODEIRO S/A, R917111214, RNU6F87; 08655.015364/2025-68, ANTONIO AUGUSTO PEREIRA DA ROCHA NETO, R898400317, HAN5907; 08655.012582/2025-41, LUAN DANIEL COSTA OLIVEIRA, R924636491, HJS0A56; 08655.015377/2025-37, GILDESIO ALVES MARTINS, R899010989, RMX5D79; 08655.009531/2025-31, FRANCISCO GERALDO DA S SEVERIANO, R900914537, PUI5D91; 08660.018517/2025-50, MARCIO LEANDRO GOULART MACHADO, R920241627, IUH8J86; 08656.067410/2025-02, ETELVINA DOS SANTOS DOMINGUES, R906880757, RVG2D79; 08656.067489/2025-63, EDINEI DOS SANTOS, R915806916, ERQ8B34; 08650.180309/2025-98, NELSON SOARES DE OLIVEIRA JUNIOR, R921152457, BSZ3G73; 08656.067576/2025-11, UALISSON ALMEIDA FERMINO, R917211577, SXX3E20; 08656.026849/2025-77, RAFAEL DOS SANTOS ALVES, R896917703, PUY4B56; 08650.264183/2025-11, ROBERSON JOSE ALVARENGA, R913404136, EUA1F12; 08650.112973/2025-12, WASHINGTON CESAR FIRMINO, R910600139, SSV7C64; 08650.074599/2025-31, LAURA DINIZ MESQUITA, R896174158, GAG3E79; 08650.061881/2025-59, CELIA CRISTINA PALMA VIDOVIX, R893941298, QMR6G47; 08656.052513/2025-60, DANILO DOS SANTOS RODRIGUES, R924890428, AXJ7I15; 08655.015645/2025-11, FABIANE DA SILVA ARAÚJO, R903058553, BCX4J37; 08666.021060/2025-19, WALTER NICACIO DA CUNHA, R914406949, MIU7H67; 08656.068191/2025-71, RENATO FELIPE ALVES DE OLIVEIRA, R915471237, GFD3C85; 08650.080635/2025-04, ARI LINS DE ALBUQUERQUE, R897867955, LRP8I10; 08656.068194/2025-12, RENATO FELIPE ALVES OLIVEIRA, R916504913, GFD3C85; 08650.074471/2025-78, RICARDO APARECIDO ALVES DIAS, R896013278, SVT8C61; 08650.055870/2025-30, WILSON DO MONTE CERQUEIRA JUNIOR, R894586785, DTU1A05; 08650.052856/2025-84, DENISE DA CUNHA MARCOLIN, R892222484, OZV0877; 08650.058070/2025-71, JOSEZITO FRANCISCO AFONSO, R891257055, ORM6A19; 08656.063723/2025-83, LEANDRO SANTOS DE MORAIS, R901158852, MWQ7H76; 08650.101529/2025-63, ABÍLIO GONTIJO JÚNIOR, R902591827, SYS0G71; 08650.060137/2025-37, GERVANO FRANCA ARAUJO, R891803688, HJZ3970; 08650.072591/2025-31, VINICIUS FERNANDO WENZEL, R895612526, JDO9G33; 08650.059082/2025-12, RAFAEL DA SILVA GAMA, R891081097, RNQ0E94; 08656.068247/2025-97, DANIEL GOMES DA SILVA, R917218205, PUR4J17; 08650.088562/2025-91, WESLEY DE LIMA PESSOA, R896860256, RBU2C03.</p><p>RECURSOS NÃO CONHECIDOS ILEGÍTIMOS: 08655.015503/2025-53, ADN INDUSTRIA E COMERCIO DE PLASTICOS LT, R926087807, DPX5580;</p><p>RECURSOS NÃO CONHECIDOS FALTA DE PEDIDO: 08650.258145/2025-11, JEFERSON MONTEIRO, R904176584, IVZ7F45;</p><p>RECURSOS DEFERIDOS: 08656.037888/2025-08, DAVI RANGEL PESSANHA, R906190444, ODO3E41;</p><p>* cabe recurso pela Autoridade de Trânsito, dos DEFERIDOS.</p><p class="assina">DANIEL DOS SANTO SOLTER</p><p class="cargo">Coordenador-Geral da JARI/BA</p>]]></Texto>
  </body>
  <Midias />
</article></xml>