﻿<xml><article id="46725395" name="PE GCONT.F 91.140-2025" idOficio="11438024" pubName="DO3" artType="Aviso de Licitação" pubDate="03/12/2025" artClass="00035:00052:00000:00000:00000:00000:00000:00000:00000:00000:00079:00000" artCategory="Ministério de Minas e Energia/Indústrias Nucleares do Brasil S/A" artSize="12" artNotes="" numberPage="141" pdfPage="http://pesquisa.in.gov.br/imprensa/jsp/visualiza/index.jsp?data=03/12/2025&amp;jornal=530&amp;pagina=141" editionNumber="230" highlightType="" highlightPriority="" highlight="" highlightimage="" highlightimagename="" idMateria="23368530">
  <body>
    <Identifica><![CDATA[ AVISO DE LICITAÇÃO]]></Identifica>
    <Data><![CDATA[]]></Data>
    <Ementa />
    <Titulo />
    <SubTitulo />
    <Texto><![CDATA[<p class="identifica">AVISO DE LICITAÇÃO</p><p class="identifica">Nº PE GCONTF911402025</p><p>Contratação de serviços e materiais para troca dos leitos filtrantes dos filtros da ETA, conforme Termo de Referência.</p><p>https://www.gov.br/compras/edital/113206-5-91140-2025</p><p>Entrega das Propostas: a partir de 03/12/2025 às 08h00 no site www.gov.br/compras.</p><p>Abertura das Propostas:16/12/2025 às 09h00 no site www.gov.br/compras.</p><p class="assina">EDINEI BRIGUENTI</p><p class="cargo">Pregoeiro</p>]]></Texto>
  </body>
  <Midias />
</article></xml>