﻿<xml><article id="46726715" name="CONCORENCIA 14 2025" idOficio="11439298" pubName="DO3" artType="Aviso de Licitação-Concorrência" pubDate="03/12/2025" artClass="00075:00012:00644:00000:00000:00000:00000:00000:00000:00000:00159:00000" artCategory="Prefeituras/Estado de Minas Gerais/PREFEITURA MUNICIPAL DE MANHUAÇU" artSize="12" artNotes="" numberPage="253" pdfPage="http://pesquisa.in.gov.br/imprensa/jsp/visualiza/index.jsp?data=03/12/2025&amp;jornal=530&amp;pagina=253" editionNumber="230" highlightType="" highlightPriority="" highlight="" highlightimage="" highlightimagename="" idMateria="23370317">
  <body>
    <Identifica><![CDATA[ AVISO DE LICITAÇÃO]]></Identifica>
    <Data><![CDATA[            Manhuaçu-MG, 28 de novembro de 2025.]]></Data>
    <Ementa />
    <Titulo />
    <SubTitulo />
    <Texto><![CDATA[<p></p><p class="identifica">AVISO DE LICITAÇÃO</p><p class="identifica">CONCORRÊNCIA ELETRÔNICA Nº 14/2025</p><p>Torna público que se fará realizar a abertura de licitação, Processo Administrativo nº 19602/2025, na modalidade Concorrência Eletrônica Nº 14/2025, do tipo Menor Preço, julgamento pelo Menor Valor Global, sob Regime de Execução por Empreitada por preço valor UNITÁRIO, visando a Contratação de empresa especializada de Engenharia para executar Intervenções de qualificação viária no perímetro urbano, tendo como objeto, Pavimentação em concreto betuminoso usinado a quente (CBUQ), drenagem e ponte - Via de Ligação a BR 262 e a Avenida Radialista Roberval Antunes/MG-111 - Trecho 02, neste município. Sessão dia 19/12/2025 às 08h30min. As informações inerentes a presente publicação estarão disponíveis aos interessados no setor de licitações, situada à Praça Cinco de Novembro, 381 - Centro, no horário de 09h00min às 11h00min e 13h00min às 16h00min. Através do e-mail licitacao@manhuacu.mg.gov.br ou através do site www.manhuacu.mg.gov.br e no sistema BLL Compras (www.bll.org.br). Obs: Para os interessados enquadrados como Microempreendedor Individual, para fins de esclarecimento dos benefícios que trata a Lei nº. 123/2006, poderá procurar a Sala Mineira/SEBRAE.</p><p class="data">Manhuaçu-MG, 28 de novembro de 2025.</p><p class="assina">João Antônio de Souza Ribeiro</p><p class="cargo">Agente de Contratação</p>]]></Texto>
  </body>
  <Midias />
</article></xml>