﻿<xml><article id="46725320" name="13829 - Madalena - AVISO DE LICI" idOficio="11441905" pubName="DO3" artType="Aviso de Licitação-Concorrência" pubDate="03/12/2025" artClass="00075:00006:00137:00000:00000:00000:00000:00000:00000:00000:00159:00000" artCategory="Prefeituras/Estado do Ceará/Prefeitura Municipal de Madalena" artSize="12" artNotes="" numberPage="232" pdfPage="http://pesquisa.in.gov.br/imprensa/jsp/visualiza/index.jsp?data=03/12/2025&amp;jornal=530&amp;pagina=232" editionNumber="230" highlightType="" highlightPriority="" highlight="" highlightimage="" highlightimagename="" idMateria="23374443">
  <body>
    <Identifica><![CDATA[ AVISO DE LICITAÇÃO]]></Identifica>
    <Data><![CDATA[ Madalena /CE, 1º de dezembro de 2025]]></Data>
    <Ementa />
    <Titulo />
    <SubTitulo />
    <Texto><![CDATA[<p class="identifica">AVISO DE LICITAÇÃO</p><p class="identifica">CONCORRÊNCIA ELETRÔNICA Nº 112.03/2025 - CE - SEMAS</p><p>A Agente de Contratação da Prefeitura Municipal de Madalena comunica aos interessados a publicação do referido, com critério de julgamento MENOR PREÇO GLOBAL POR LOTE, tendo como objeto Contratação de Serviços de Engenharia destinados à Construção de um Centro de Referência de Assistência Social - CRAS, no Município de Madalena, Estado do Ceará. Comissão de Licitações comunica aos interessados que a data e horário da sessão de abertura das propostas comerciais será dia 22 de Dezembro de 2025 às 08h00min. O edital e seus anexos estarão disponíveis através dos seguintes sites: www.tce.ce.gov.br e www.novobbmnet.com.br e o e-mail: licitamadalena2021@gmail.com ou na sala da Comissão de Licitação, no horário de 7h30min às 13h30min.</p><p class="data">Madalena /CE, 1º de dezembro de 2025</p><p class="assina">SHEILA RAQUEL DOS SANTOS MAGALHÃES</p><p class="cargo">Agente de Contratação</p>]]></Texto>
  </body>
  <Midias />
</article></xml>