﻿<xml><article id="46725524" name="PE 89 2025 DOU 01 12 2025" idOficio="11438108" pubName="DO3" artType="Aviso de Licitação-Pregão" pubDate="03/12/2025" artClass="00075:00019:00256:00000:00000:00000:00000:00000:00000:00000:00162:00000" artCategory="Prefeituras/Estado do Rio Grande do Sul/Prefeitura Municipal de Ijuí" artSize="12" artNotes="" numberPage="287" pdfPage="http://pesquisa.in.gov.br/imprensa/jsp/visualiza/index.jsp?data=03/12/2025&amp;jornal=530&amp;pagina=287" editionNumber="230" highlightType="" highlightPriority="" highlight="" highlightimage="" highlightimagename="" idMateria="23368674">
  <body>
    <Identifica><![CDATA[AVISO DE LICITAÇÃO]]></Identifica>
    <Data><![CDATA[ Ijuí-RS, 2 de dezembro de 2025.]]></Data>
    <Ementa />
    <Titulo />
    <SubTitulo />
    <Texto><![CDATA[<p class="identifica">AVISO DE LICITAÇÃO</p><p class="identifica">Pregão Eletrônico Nº 89/2025</p><p>OBJETO: Contratação de empresa para prestação de serviços em execução global para Vigilância Patrimonial Desarmada, Serviço de Portaria e Videomonitoramento com CFTV, 24 horas por dia, junto ao Parque Regional de Feiras e Exposições Wanderley Agostinho Burmann, no período de doze (12) meses a contar da data. Abertura das Propostas: 17/12/25 às 09:00. Informações pelo telefone (55) 3331-8219 ou nos sites www.portaldecompraspublicas.com.br e www.ijui.rs.gov.br, no link "Licitações - Pregão Eletrônico".</p><p class="data">Ijuí-RS, 2 de dezembro de 2025.</p><p class="assina">Andrei Cossetin Sczmanski</p><p class="cargo">Prefeito</p>]]></Texto>
  </body>
  <Midias />
</article></xml>