﻿<xml><article id="46725860" name="Minuta DOU. Aghata Romera" idOficio="11443283" pubName="DO3" artType="Extrato de Compromisso" pubDate="03/12/2025" artClass="00008:00029:00053:00000:00000:00000:00000:00000:00000:00000:00028:00000" artCategory="Ministério da Agricultura e Pecuária/Empresa Brasileira de Pesquisa Agropecuária/Embrapa Informática Agropecuária" artSize="12" artNotes="" numberPage="7" pdfPage="http://pesquisa.in.gov.br/imprensa/jsp/visualiza/index.jsp?data=03/12/2025&amp;jornal=530&amp;pagina=7" editionNumber="230" highlightType="" highlightPriority="" highlight="" highlightimage="" highlightimagename="" idMateria="23376363">
  <body>
    <Identifica><![CDATA[ EXTRATO DE TERMO DE COMPROMISSO DE CONFIDENCIALIDADE E OUTRAS AVENÇAS]]></Identifica>
    <Data><![CDATA[]]></Data>
    <Ementa />
    <Titulo />
    <SubTitulo />
    <Texto><![CDATA[<p class="identifica">EXTRATO DE TERMO DE COMPROMISSO DE CONFIDENCIALIDADE E OUTRAS AVENÇAS</p><p>Espécie: Termo de Compromisso de Confidencialidade e Outras Avenças; Partes: Empresa Brasileira de Pesquisa Agropecuária (Embrapa) CNPJ 00.348.003/0116-60 e Bolsista Ághata Lyandra Oste Siquette Romera, CPF XXX.904.XXX-30; Objeto: a Embrapa, atendidas as suas disponibilidades e sem prejuízo de suas atividades, compromete-se a permitir ao(à) Bolsista a utilização gratuita de sua infraestrutura, com a finalidade de apoiá-lo(a) na execução do seu Projeto; Extração, carga, transformação e disponibilização de dados de produtos e temas agropecuários contidos em páginas web (ater+Digital): Não aplicável; Fonte de recurso: Não aplicável; Valor global: R$ 0,00; Vigência: de 10/09/2025 a 31/08/2027; Data da assinatura: 10/09/2025; Signatários: Eduardo Caputi - Chefe Adjunto de Administração, pela Embrapa, Jacqueline Silva Rezende Mattos - Supervisora do Setor de Gestão de Pessoas em exercício, pela Embrapa, e Ághata Lyandra Oste Siquette Romera, Bolsista.</p>]]></Texto>
  </body>
  <Midias />
</article></xml>