﻿<xml><article id="46731596" name="115.25 - Pregao Eletronico - For" idOficio="11442074" pubName="DO3" artType="Aviso de Licitação" pubDate="03/12/2025" artClass="00075:00024:00430:00000:00000:00000:00000:00000:00000:00000:00079:00000" artCategory="Prefeituras/Estado de São Paulo/Prefeitura Municipal de Louveira" artSize="12" artNotes="" numberPage="300" pdfPage="http://pesquisa.in.gov.br/imprensa/jsp/visualiza/index.jsp?data=03/12/2025&amp;jornal=530&amp;pagina=300" editionNumber="230" highlightType="" highlightPriority="" highlight="" highlightimage="" highlightimagename="" idMateria="23374728">
  <body>
    <Identifica><![CDATA[AVISO DE LICITAÇÃO ]]></Identifica>
    <Data><![CDATA[ Louveira, 28 de novembro de 2025.]]></Data>
    <Ementa />
    <Titulo />
    <SubTitulo />
    <Texto><![CDATA[<p class="identifica">AVISO DE LICITAÇÃO</p><p class="identifica">Pregão Eletrônico</p><p>EDITAL Nº 115/2025</p><p>A Prefeitura Municipal de Louveira informa que realizará a sessão do Edital nº 115/2025 de Pregão Eletrônico, objetivando a contratação de empresa especializada para fornecimento de equipos, com cessão de bombas de infusão compatíveis, em regime de comodato, para utilização pelos pacientes da visita domiciliar, pelo período de 12 meses, no dia 16 de dezembro de 2025, às 09:00 horas. O edital em inteiro teor estará à disposição dos interessados na internet, nos endereços eletrônicos www.bbmnet.com.br e www.louveira.sp.gov.br. Outras informações pelo telefone (19) 3878-9700.</p><p class="data">Louveira, 28 de novembro de 2025.</p><p class="assina">JOSÉ CARLOS BELLUSSI</p><p class="cargo">Secretário de Saúde</p>]]></Texto>
  </body>
  <Midias />
</article></xml>