﻿<xml><article id="46726490" name="PUBLICACAO QUARTO ADITIVO" idOficio="11435953" pubName="DO3" artType="Extrato de Termo Aditivo" pubDate="03/12/2025" artClass="00071:00554:00000:00000:00000:00000:00000:00000:00000:00000:00053:00000" artCategory="Entidades de Fiscalização do Exercício das Profissões Liberais/CONSELHO REGIONAL DOS REPRESENTANTES COMERCIAIS DO ESTADO DE SÃO PAULO" artSize="12" artNotes="" numberPage="207" pdfPage="http://pesquisa.in.gov.br/imprensa/jsp/visualiza/index.jsp?data=03/12/2025&amp;jornal=530&amp;pagina=207" editionNumber="230" highlightType="" highlightPriority="" highlight="" highlightimage="" highlightimagename="" idMateria="23365551">
  <body>
    <Identifica><![CDATA[ EXTRATO DE TERMO ADITIVO]]></Identifica>
    <Data><![CDATA[]]></Data>
    <Ementa />
    <Titulo />
    <SubTitulo />
    <Texto><![CDATA[<p class="identifica">EXTRATO DE TERMO ADITIVO</p><p>Espécie: QUARTO TERMO ADITIVO AO CONTRATO</p><p>PARTES: LINK CARD ADMINISTRADORA DE BENEFÍCIOS LTDA, CNPJ nº 12.039.966/0001-11 e CONSELHO REGIONAL DOS REPRESENTANTES COMERCIAIS NO ESTADO DE SÃO PAULO - CORE-SP, CNPJ nº 60.746.179/0001-52. OBJETO: Prorrogação da vigência do contrato de prestação de serviço de empresa especializada em administração e gerenciamento de cartão magnético para abastecimento de combustível, lavagem simples, troca de fluidos por meio de sistema informatizado, em veículos próprios do CORE-SP; FUNDAMENTO LEGAL: Artigo 57, II da Lei nº 8.666/93. VIGÊNCIA: 23 de novembro de 2025 a 22 de novembro de 2026; DO VALOR: o valor total estimado para o período de vigência do contrato será de R$ 30.256,00 (trinta mil, duzentos e cinquenta e seis reais).</p><p>São Paulo, 3 de dezembro de 2025.</p>]]></Texto>
  </body>
  <Midias />
</article></xml>