﻿<xml><article id="46731587" name="Adjudicacao e Homologacao - P El" idOficio="11442603" pubName="DO3" artType="Aviso de Adjudicação" pubDate="03/12/2025" artClass="00075:00024:00430:00000:00000:00000:00000:00000:00000:00000:00065:00000" artCategory="Prefeituras/Estado de São Paulo/Prefeitura Municipal de Louveira" artSize="12" artNotes="" numberPage="300" pdfPage="http://pesquisa.in.gov.br/imprensa/jsp/visualiza/index.jsp?data=03/12/2025&amp;jornal=530&amp;pagina=300" editionNumber="230" highlightType="" highlightPriority="" highlight="" highlightimage="" highlightimagename="" idMateria="23375408">
  <body>
    <Identifica><![CDATA[aviso de ADJUDICAÇÃO E HOMOLOGAÇÃO]]></Identifica>
    <Data><![CDATA[ Louveira, 27 de novembro de 2025.]]></Data>
    <Ementa />
    <Titulo />
    <SubTitulo />
    <Texto><![CDATA[<p class="identifica">aviso de ADJUDICAÇÃO E HOMOLOGAÇÃO</p><p class="identifica">PREGÃO ELETRÔNICO EDITAL Nº 100/2025</p><p>Processo Licitatório Nº 321/2025</p><p>Edital Nº 100/2025 de Pregão Eletrônico</p><p>Nos termos da Lei Federal nº 14.133/21, em face do constante nos autos e, após análise, adjudico e homologo o procedimento licitatório que tem por objeto o registro de preço de materiais elétricos.</p><p class="data">Louveira, 27 de novembro de 2025.</p><p class="assina">PAULO ALBERTO FINAMORE</p><p class="cargo">Prefeito</p>]]></Texto>
  </body>
  <Midias />
</article></xml>