﻿<xml><article id="46727408" name="PUB.DOU (1)" idOficio="11441153" pubName="DO3" artType="Aviso de Licitação" pubDate="03/12/2025" artClass="00075:00024:00205:00000:00000:00000:00000:00000:00000:00000:00079:00000" artCategory="Prefeituras/Estado de São Paulo/PREFEITURA MUNICIPAL DE COSMÓPOLIS" artSize="12" artNotes="" numberPage="297" pdfPage="http://pesquisa.in.gov.br/imprensa/jsp/visualiza/index.jsp?data=03/12/2025&amp;jornal=530&amp;pagina=297" editionNumber="230" highlightType="" highlightPriority="" highlight="" highlightimage="" highlightimagename="" idMateria="23373632">
  <body>
    <Identifica><![CDATA[ AVISO DE LICITAÇÃO]]></Identifica>
    <Data><![CDATA[ Cosmópolis-SP, 1º de dezembro de 2025.]]></Data>
    <Ementa />
    <Titulo />
    <SubTitulo />
    <Texto><![CDATA[<p class="identifica">AVISO DE LICITAÇÃO</p><p class="identifica">PREGÃO ELETRÔNICO Nº 68/2025</p><p>Aquisição de Armas - Espingardas CBC PUMP MILITARY 3.0 coronha retrátil calibre 12 para Guarda Municipal de Cosmópolis; Recebimento do cadastro de propostas iniciais: 02/12/2025 às 09:00h; abertura das propostas iniciais as 09:00h e início do pregão (fase competitiva) as 09:01 horas do dia 13/01/2026.</p><p>O Edital Completo pode ser retirado no site www.bbmnetlicitacoes.com.br ou www.cosmopolis.sp.gov.br</p><p class="data">Cosmópolis-SP, 1º de dezembro de 2025.</p><p class="assina">Antônio Cláudio Felisbino Junior</p><p class="cargo">Prefeito</p>]]></Texto>
  </body>
  <Midias />
</article></xml>