﻿<xml><article id="46728416" name="Aviso Reabertura Inexigibilidade" idOficio="11438770" pubName="DO3" artType="Aviso" pubDate="03/12/2025" artClass="00075:00015:00028:00000:00000:00000:00000:00000:00000:00000:00106:00000" artCategory="Prefeituras/Estado do Paraná/Prefeitura Municipal de Arapongas" artSize="12" artNotes="" numberPage="275" pdfPage="http://pesquisa.in.gov.br/imprensa/jsp/visualiza/index.jsp?data=03/12/2025&amp;jornal=530&amp;pagina=275" editionNumber="230" highlightType="" highlightPriority="" highlight="" highlightimage="" highlightimagename="" idMateria="23369502">
  <body>
    <Identifica><![CDATA[ AVISO DE CREDENCIAMENTO]]></Identifica>
    <Data><![CDATA[ Arapongas, 10 de novembro de 2025.]]></Data>
    <Ementa />
    <Titulo />
    <SubTitulo />
    <Texto><![CDATA[<p class="identifica">AVISO DE CREDENCIAMENTO</p><p class="identifica">INEXIGIBILIDADE Nº 31/2023</p><p>Comunicamos que o Edital de Abertura do Credenciamento/Chamamento Público N.° 031/2023 Que Tem Como Objeto O Chamamento Publico Para Contratação de Pessoa Fisica e Ou Juridica Para Atendimento Odontologico, No Centro de Especialidades Odontológicas e Outros Estabelecimentos Estipulados Pela Secretaria de Saúde. Foi reaberto no valor de R$ 124.830,00 (cento e vinte e quatro mil e oitocentos e trinta reais). Os interessados deverão encaminhar os documentos por meio do seguinte link: https://arapongas.atende.net/autoatendimento/servicos/e-credenciamento-de-participantes, até 06/11/2026, O respectivo edital poderá ser obtido na Prefeitura Municipal de Arapongas ou no endereço eletrônico www.arapongas.pr.gov.br. Informações pelo telefone (043) 3902-1255.</p><p class="data">Arapongas, 10 de novembro de 2025.</p><p class="assina">Adenilson do Carmo Silva</p><p class="cargo">Presidente da Comissão</p>]]></Texto>
  </body>
  <Midias />
</article></xml>