﻿<xml><article id="46726859" name="LIVRAMENTOPE" idOficio="11442390" pubName="DO3" artType="Aviso" pubDate="03/12/2025" artClass="00075:00005:00311:00000:00000:00000:00000:00000:00000:00000:00106:00000" artCategory="Prefeituras/Estado da Bahia/Prefeitura Municipal de Livramento de Nossa Senhora" artSize="12" artNotes="" numberPage="226" pdfPage="http://pesquisa.in.gov.br/imprensa/jsp/visualiza/index.jsp?data=03/12/2025&amp;jornal=530&amp;pagina=226" editionNumber="230" highlightType="" highlightPriority="" highlight="" highlightimage="" highlightimagename="" idMateria="23375128">
  <body>
    <Identifica><![CDATA[AVISOs DE LICITAÇÃO]]></Identifica>
    <Data><![CDATA[]]></Data>
    <Ementa />
    <Titulo />
    <SubTitulo />
    <Texto><![CDATA[<p class="identifica">AVISOs DE LICITAÇÃO</p><p class="identifica">PREGÃO ELETRÔNICO Nº 75/2025</p><p>PROCESSO ADMINISTRATIVO Nº 466/2025. PREGÃO ELETRÔNICO Nº 075/2025-SRP. OBJETO: Registro de preços para aquisição de eletrodomésticos, eletroeletrônicos, eletroportáteis, mobiliários diversos, material permanente, entre outros, para atender a demanda das Secretarias e Setores da Administração Municipal. CRITÉRIO DE JULGAMENTO: Menor preço global do lote. Sessão de abertura: 15/12/2025 às 10h:00. As condições e especificações constam do EDITAL que poderá ser consultado no endereço eletrônico: www.livramentodenossasenhora.ba.gov.br/diariooficial, Portal BLL - www.bll.org.br e Portal Nacional de Contratações Públicas - PNCP ou no Setor de Licitações e Contratos da Prefeitura, no horário das 8:00h às 12:00h, situada na Praça Dom Hélio Paschoal, nº 94, Centro, Livramento de Nossa Senhora-Bahia. Manoel Loiola Gomes-Agente de Contratação.</p><p class="identifica">PREGÃO ELETRÔNICO Nº 76/2025</p><p>PROCESSO ADMINISTRATIVO Nº 467/2025. PREGÃO ELETRÔNICO Nº 076/2025. OBJETO: Aquisição de aparelho de Raio X para atender a demanda da Unidade de Pronto Atendimento Dr. Marilton Tanajura Matias - UPA. CRITÉRIO DE JULGAMENTO: Menor preço lote único. Sessão de abertura: 15/12/2025 às 15h:00. As condições e especificações constam do EDITAL que poderá ser consultado no endereço eletrônico: www.livramentodenossasenhora.ba.gov.br/diariooficial, Portal BLL - www.bll.org.br e Portal Nacional de Contratações Públicas - PNCP ou no Setor de Licitações e Contratos da Prefeitura, no horário das 8:00h às 12:00h, situada na Praça Dom Hélio Paschoal, nº 94, Centro, Livramento de Nossa Senhora-Bahia.</p><p class="assina">Manoel Loiola Gomes</p><p class="cargo">Agente de Contratação</p>]]></Texto>
  </body>
  <Midias />
</article></xml>