﻿<xml><article id="46726856" name="PILARPE" idOficio="11442390" pubName="DO3" artType="Aviso" pubDate="03/12/2025" artClass="00075:00002:00097:00000:00000:00000:00000:00000:00000:00000:00106:00000" artCategory="Prefeituras/Estado de Alagoas/Prefeitura Municipal de Pilar" artSize="12" artNotes="" numberPage="218" pdfPage="http://pesquisa.in.gov.br/imprensa/jsp/visualiza/index.jsp?data=03/12/2025&amp;jornal=530&amp;pagina=218" editionNumber="230" highlightType="" highlightPriority="" highlight="" highlightimage="" highlightimagename="" idMateria="23375102">
  <body>
    <Identifica><![CDATA[AVISO DE LICITAÇÃO]]></Identifica>
    <Data><![CDATA[Pilar/AL, 1º de dezembro de 2025. ]]></Data>
    <Ementa />
    <Titulo />
    <SubTitulo />
    <Texto><![CDATA[<p class="identifica">AVISO DE LICITAÇÃO</p><p class="identifica">Pregão Eletrônico Nº 90046/2025 - UASG - 982837</p><p>Processo nº 1003-0021/2025</p><p>O Município de Pilar, avisa que realizará licitação conforme resumo: Interessado: Secretaria Municipal de Educação e Cultura. Objeto: REGISTRO DE PREÇOS PARA FUTURA E EVENTUAL AQUISIÇÃO DE INSTRUMENTOS MUSICAIS, cujas especificações, quantitativos e condições gerais encontram-se detalhados no Termo de Referência (ANEXO I) Data e hora da sessão de disputa: 17 de dezembro de 2025 às 09h00, horário de Brasília. LOCAL: Sistema eletrônico de compras governamentais, através do site www.comprasgovernamentais.gov.br. O presente Edital encontra-se disponível no endereço eletrônico www.comprasgovernamentais.gov.br.</p><p class="data">Pilar/AL, 1º de dezembro de 2025.</p><p class="assina">Bruno Bandeira</p><p class="cargo">Pregoeiro</p>]]></Texto>
  </body>
  <Midias />
</article></xml>