﻿<xml><article id="46725536" name="12 SECRETARIA GERAL-MG_Secretari" idOficio="11443089" pubName="DO3" artType="Aviso" pubDate="03/12/2025" artClass="00074:00013:00049:00000:00000:00000:00000:00000:00000:00000:00106:00000" artCategory="Governo do Estado/Governo do Estado de Minas Gerais/Secretaria de Estado de Governo" artSize="12" artNotes="" numberPage="215" pdfPage="http://pesquisa.in.gov.br/imprensa/jsp/visualiza/index.jsp?data=03/12/2025&amp;jornal=530&amp;pagina=215" editionNumber="230" highlightType="" highlightPriority="" highlight="" highlightimage="" highlightimagename="" idMateria="23376027">
  <body>
    <Identifica><![CDATA[AVISO DE LICITAÇÃO]]></Identifica>
    <Data><![CDATA[ Belo Horizonte-MG, 28 de novembro de 2025.]]></Data>
    <Ementa />
    <Titulo />
    <SubTitulo />
    <Texto><![CDATA[<p class="identifica">AVISO DE LICITAÇÃO</p><p class="identifica">Pregão Eletrônico Nº 307/2025 - SRP - CBMM</p><p>O Corpo de Bombeiros Militar do Estado de Minas Gerais, torna público a licitação referente a Modalidade - Pregão Eletrônico Para Registro De Preços Nº 307/2025 - CBMMG.</p><p>A Coronel BM Diretora de Logística e Finanças, Gestora de Registros de Preços do CBMMG, torna público que estará recebendo propostas para registrar preços, visando a aquisição de materiais de combate a incêndio urbano, salvamento e atendimento hospitalar, conforme as especificações detalhadas no Anexo I do Edital. A sessão pública deste pregão eletrônico ocorrerá às 09:00 horas do dia 15 de dezembro de 2025, no Portal de Compras do Estado de Minas Gerais. A íntegra do Edital poderá ser acessada no portal http://www.compras.mg.gov.br e outras informações poderão ser obtidas na Seção de Gestão Orçamentária e Licitações da DLF, excepcionalmente através do e-mail: dlf.gol@bombeiros.mg.gov.br.</p><p class="data">Belo Horizonte-MG, 28 de novembro de 2025.</p><p class="assina">STELLA COELI FLORI MACIEL NUNES VIEIRA</p><p class="cargo">Diretora de Logística e Finanças</p>]]></Texto>
  </body>
  <Midias />
</article></xml>