﻿<xml><article id="46741721" name="2025-12-01/11443652/COMPRASNETWS" idOficio="11443652" pubName="DO3" artType="Extrato de Contrato" pubDate="03/12/2025" artClass="00025:00067:00000:00000:00000:00000:00000:00000:00000:00000:00030:00001" artCategory="Ministério da Educação/Instituto Federal de Educação, Ciência e Tecnologia de Goiás" artSize="12" artNotes="" numberPage="68" pdfPage="http://pesquisa.in.gov.br/imprensa/jsp/visualiza/index.jsp?data=03/12/2025&amp;jornal=530&amp;pagina=68" editionNumber="230" highlightType="" highlightPriority="" highlight="" highlightimage="" highlightimagename="" idMateria="23376934">
  <body>
    <Identifica><![CDATA[ EXTRATO DE CONTRATO Nº 127/2025 - UASG 158153]]></Identifica>
    <Data><![CDATA[]]></Data>
    <Ementa />
    <Titulo />
    <SubTitulo />
    <Texto><![CDATA[<p class="identifica">EXTRATO DE CONTRATO Nº 127/2025 - UASG 158153</p><p>Nº Processo: 23738.000575/2025-70.</p><p>Dispensa Nº 521/2025. Contratante: INST.FED.DE EDUC.,CIENC.E TEC.DE GOIAS.</p><p>Contratado: 21.271.706/0001-68 - COOPERATIVA MISTA DA AGRICULTURA FAMILIAR DO MEIO AMBIENTE E DA CULTURA DO BRASI. Objeto: O contrato tem por objeto aquisição de gêneros alimentícios diretamente da agricultura familiar para atendimento ao programa nacional de alimentação escolar - pnae 2025, conforme especificações constantes no edital de chamada pública nº 03/2025, seus anexos e o projeto de venda apresentado pela contratada, os quais integram o presente contrato, independentemente de transcrição..</p><p>Fundamento Legal: LEI 11.947 / 2009 - Artigo: 14 - Parágrafo: 1. Vigência: 29/12/2025 a 29/12/2026. Valor Total: R$ 45.167,00. Data de Assinatura: 01/12/2025.</p><p>(COMPRASNET 4.0 - 01/12/2025).</p>]]></Texto>
  </body>
  <Midias />
</article></xml>