﻿<xml><article id="46726466" name="DOU .EXTRATO CONT 134-PE 080-25" idOficio="11433046" pubName="DO3" artType="Extrato de Contrato" pubDate="03/12/2025" artClass="00075:00019:00024:00000:00000:00000:00000:00000:00000:00000:00030:00000" artCategory="Prefeituras/Estado do Rio Grande do Sul/Prefeitura Municipal de Alegrete" artSize="12" artNotes="" numberPage="285" pdfPage="http://pesquisa.in.gov.br/imprensa/jsp/visualiza/index.jsp?data=03/12/2025&amp;jornal=530&amp;pagina=285" editionNumber="230" highlightType="" highlightPriority="" highlight="" highlightimage="" highlightimagename="" idMateria="23361524">
  <body>
    <Identifica><![CDATA[ EXTRATO  DE CONTRATO ]]></Identifica>
    <Data><![CDATA[]]></Data>
    <Ementa />
    <Titulo />
    <SubTitulo />
    <Texto><![CDATA[<p class="identifica">EXTRATO DE CONTRATO</p><p>EXTRATO DO CONTRATO Nº 134-2025 PREGÃO ELETRÔNICO Nº 080-2025</p><p>Objeto : Contratação de Empresa Para Executar A Revitalização da Praça José Pedro de Albuquerque- Bairro Boa Vista, Município de Alegrete. Contratada: Prestadora de Serviço Macaco Gordo, no valor de R$ 151.500,00(cento e cinquenta e um mil e quinhentos reais), DESDOBRAMENTO 65356, referente a EMENDA PARLAMENTAR 202440730001, PLANO DE AÇÃO 09032024-069714. Informações pelo telefone 553120-1003 e pelo email: comprasalegreters@gmail.com e no Centro Administrativo Municipal, localizado na rua Major João Cezimbra Jaques-200. Editais no site www.alegrete.rs.gov.br e Jornal de Grande Circulação Alegrete 17 de novembro de 2025 Jesse Trindade dos Santos Prefeito de Alegrete-RS</p>]]></Texto>
  </body>
  <Midias />
</article></xml>