﻿<xml><article id="46734945" name="DOU - EXTRATO DE TERMO ADITIVO -" idOficio="11441173" pubName="DO3" artType="Extrato de Termo Aditivo" pubDate="03/12/2025" artClass="00075:00020:00020:00000:00000:00000:00000:00000:00000:00000:00053:00000" artCategory="Prefeituras/Estado do Rio de Janeiro/Prefeitura Municipal de Bom Jesus do Itabapoana" artSize="12" artNotes="" numberPage="290" pdfPage="http://pesquisa.in.gov.br/imprensa/jsp/visualiza/index.jsp?data=03/12/2025&amp;jornal=530&amp;pagina=290" editionNumber="230" highlightType="" highlightPriority="" highlight="" highlightimage="" highlightimagename="" idMateria="23373624">
  <body>
    <Identifica><![CDATA[ EXTRATO DE TERMO ADITIVO]]></Identifica>
    <Data><![CDATA[]]></Data>
    <Ementa />
    <Titulo />
    <SubTitulo />
    <Texto><![CDATA[<p class="identifica">EXTRATO DE TERMO ADITIVO</p><p>ESPÉCIE: ATA DE REGISTRO DE PREÇOS Nº 006/2025 PROCESSO BJI-030209/000208/2025 OBJETO: Torno público que A SECRETÁRIA MUNICIPAL DE ASSISTÊNCIA SOCIAL E HABITAÇÃO DE BOM JESUS DO ITABAPOANA-RJ, em 25 de Novembro de 2025, assinou nos termos do artigo 84 da Lei Nº 14.133/2021, o 1º TERMO ADITIVO da ATA DE REGISTRO DE PREÇOS Nº 006/2025 - PREGÃO ELETRÔNICO Nº 058/2024, cujo objeto consiste no Registro de Preço Para Contratação de Empresa Especializada Em Serviços Funerários, A Pedido da Secretaria Municipal de Assistência Social e Habitação do Município de Bom Jesus do Itabapoana-RJ; e a Empresa WALLACE JACINTO - CNPJ Nº 52.336.924/0001-67; cujo prazo contratual será prorrogado por mais 12 meses, pelo período de 27/01/2026 a 27/01/2027, nos moldes do artigo 84 da Lei nº 14.133/21.</p>]]></Texto>
  </body>
  <Midias />
</article></xml>