﻿<xml><article id="46745547" name="2025-12-01/11443025/siasgnet_233" idOficio="11443025" pubName="DO3" artType="Aviso de Licitação-Concorrência" pubDate="03/12/2025" artClass="00016:00010:00024:00013:00000:00000:00000:00000:00000:00000:00159:00001" artCategory="Ministério da Defesa/Comando da Aeronáutica/Departamento de Controle do Espaço Aéreo/II Centro Integrado de Defesa Aérea e Controle de Tráfego Aéreo" artSize="12" artNotes="" numberPage="27" pdfPage="http://pesquisa.in.gov.br/imprensa/jsp/visualiza/index.jsp?data=03/12/2025&amp;jornal=530&amp;pagina=27" editionNumber="230" highlightType="" highlightPriority="" highlight="" highlightimage="" highlightimagename="" idMateria="23375972">
  <body>
    <Identifica><![CDATA[ AVISO DE LICITAÇÃO]]></Identifica>
    <Data><![CDATA[]]></Data>
    <Ementa />
    <Titulo />
    <SubTitulo />
    <Texto><![CDATA[<p class="identifica">AVISO DE LICITAÇÃO</p><p class="identifica">Concorrência Nº 90005/2025 - UASG 120072</p><p>Nº Processo: 67616000359202586. Objeto: Contratação de obra para Construção de dois (02) Próprios Nacionais Residenciais, R-2061 e R-2199, na Vila Militar de Suboficiais e Sargentos da Guarnição de Aeronáutica de Curitiba. Total de Itens Licitados: 2. Edital: 03/12/2025 das 08h00 às 12h00 e das 13h30 às 16h00. Endereço: Av. Erasto Gaertner, 1000, Bacacheri - Curitiba/PR ou https://www.gov.br/compras/edital/120072-3-90005-2025. Entrega das Propostas: a partir de 03/12/2025 às 08h00 no site www.gov.br/compras. Abertura das Propostas: 17/12/2025 às 09h00 no site www.gov.br/compras. Informações Gerais: .</p><p class="assina">REGILANIO ISAIAS AGUIAR DE MELO</p><p class="cargo">Ordenador de Despesas</p><p>(SIASGnet - 01/12/2025) 120072-00001-2024NE000097</p>]]></Texto>
  </body>
  <Midias />
</article></xml>