﻿<xml><article id="46731140" name="EXTRATO DO CONTRATO nA 315-do pr" idOficio="11441351" pubName="DO3" artType="Extrato de Contrato" pubDate="03/12/2025" artClass="00075:00021:00007:00000:00000:00000:00000:00000:00000:00000:00030:00000" artCategory="Prefeituras/Estado de Rondônia/Prefeitura Municipal de Ariquemes" artSize="12" artNotes="" numberPage="291" pdfPage="http://pesquisa.in.gov.br/imprensa/jsp/visualiza/index.jsp?data=03/12/2025&amp;jornal=530&amp;pagina=291" editionNumber="230" highlightType="" highlightPriority="" highlight="" highlightimage="" highlightimagename="" idMateria="23373826">
  <body>
    <Identifica><![CDATA[ EXTRATO DO CONTRATO nº 315/PGM/2025]]></Identifica>
    <Data><![CDATA[]]></Data>
    <Ementa />
    <Titulo />
    <SubTitulo />
    <Texto><![CDATA[<p class="identifica">EXTRATO DO CONTRATO nº 315/PGM/2025</p><p>Processo Administrativo nº 5311/2025 PARTES:</p><p>1)MUNICÍPIO DE ARIQUEMES/SEMED</p><p>2)CENTRO DE FORMACAO E CAPACITACAO DE PROFISSIONAIS EM EDUCACAO LTDA CNPJ: 07.681.440/0001-09</p><p>OBJETO: Aquisição de materiais pedagógicos Projeto REVER (Língua Portuguesa e Matemática) para atender estudantes do 6º ao 9º nas Unidades Escolares da Secretaria Municipal de Educação de Ariquemes - Transferência Especial da União Conta: 1831 - 672.021-8 - Caixa Econômica Federal.</p><p>PRAZO: 12 (doze) meses</p><p>VALOR: R$ 366.433,60 (trezentos e sessenta e seis mil e quatrocentos e trinta e três reais e sessenta centavos). Ariquemes/RO, 25 de novembro de 2025.</p><p>SANDRA MÁRCIA NEVES SECRETÁRIA MUNICIPAL DE EDUCAÇÃO</p>]]></Texto>
  </body>
  <Midias />
</article></xml>