﻿<xml><article id="46735732" name="CONCORRENCIA 003-2025 _DOU_Homol" idOficio="11435985" pubName="DO3" artType="Aviso de Homologação" pubDate="03/12/2025" artClass="00075:00007:00088:00002:00000:00000:00000:00000:00000:00000:00075:00000" artCategory="Prefeituras/Estado do Espírito Santo/Prefeitura Municipal de Vila Velha/SECRETARIA MUNICIPAL DE ADMINISTRAÇÃO" artSize="12" artNotes="" numberPage="235" pdfPage="http://pesquisa.in.gov.br/imprensa/jsp/visualiza/index.jsp?data=03/12/2025&amp;jornal=530&amp;pagina=235" editionNumber="230" highlightType="" highlightPriority="" highlight="" highlightimage="" highlightimagename="" idMateria="23365534">
  <body>
    <Identifica><![CDATA[aviso de  HOMOLOGAÇÃO]]></Identifica>
    <Data><![CDATA[ Vila Velha/ES, 27 de novembro de 2025.]]></Data>
    <Ementa />
    <Titulo />
    <SubTitulo />
    <Texto><![CDATA[<p class="identifica">aviso de HOMOLOGAÇÃO</p><p class="identifica">CONCORRÊNCIA Nº 3/2025</p><p>PROCESSO Nº. 41.045/2024 CÓDIGO CIDADES: 2025.076E0600012.01.0002</p><p>O Município de Vila Velha, através da Secretaria Municipal de Serviços Urbanos, tendo em vista o resultado de Licitação, conforme consta do Processo Eletrônico em epígrafe, referente à licitação na modalidade CONCORRÊNCIA PRESENCIAL Nº. 003/2025, objetivando a CONTRATAÇÃO DE EMPRESA DE ENGENHARIA PARA A EXECUÇÃO DE SERVIÇOS INTEGRANTES DO SISTEMA DE LIMPEZA PÚBLICA NO MUNICÍPIO DE VILA VELHA/ES, atendidos os termos da Lei nº 14.133/2021, HOMOLOGA e ADJUDICA o objeto da presente licitação em favor da empresa LOCALIX SERVIÇOS AMBIENTAL S/A, que apresentou proposta no valor global de R$ 547.976.428,20 (quinhentos e quarenta e sete milhões, novecentos e setenta e seis mil, quatrocentos e vinte e oito reais e vinte centavos) para o prazo dos 05 (cinco) anos de contrato. Os autos encontram-se com vistas franqueadas aos interessados.</p><p class="data">Vila Velha/ES, 27 de novembro de 2025.</p><p class="assina">RAPHAEL DO NASCIMENTO</p><p class="cargo">Secretário Municipal de Serviços Urbanos</p>]]></Texto>
  </body>
  <Midias />
</article></xml>