﻿<xml><article id="46725134" name="Publicacoes Bea DOU" idOficio="11441649" pubName="DO3" artType="Aviso de Alteração" pubDate="03/12/2025" artClass="00075:00019:00585:00000:00000:00000:00000:00000:00000:00000:00068:00000" artCategory="Prefeituras/Estado do Rio Grande do Sul/Prefeitura Municipal de Venâncio Aires" artSize="12" artNotes="" numberPage="289" pdfPage="http://pesquisa.in.gov.br/imprensa/jsp/visualiza/index.jsp?data=03/12/2025&amp;jornal=530&amp;pagina=289" editionNumber="230" highlightType="" highlightPriority="" highlight="" highlightimage="" highlightimagename="" idMateria="23374175">
  <body>
    <Identifica><![CDATA[ AVISO DE ALTERAÇÃO]]></Identifica>
    <Data><![CDATA[Em 1º de dezembro de 2025.]]></Data>
    <Ementa />
    <Titulo />
    <SubTitulo />
    <Texto><![CDATA[<p class="identifica">AVISO DE ALTERAÇÃO</p><p class="identifica">CONCORRÊNCIA ELETRÔNICA Nº 8/2025</p><p>TERCEIRA ALTERAÇÃO- EDITAL DE CONCORRÊNCIA ELETRÔNICA Nº 8/2025</p><p>O MUNICÍPIO DE VENÂNCIO AIRES, RS, torna público, para o conhecimento dos interessados, que houve a alteração do edital em epígrafe, que tem por objeto contratação de empresa para execução de obra de infraestrutura para Loteamento, conforme especificado no Edital. Assim sendo a sessão de abertura das propostas fica agendada para as 09 horas do dia 14/01/2026. Cópia da alteração e maiores informações poderão ser obtidas através da Internet, no sítio www.venancioaires.rs.gov.br e www.portaldecompraspublicas.com.br, ou pelo fone (51) 2183-0299.</p><p class="data">Em 1º de dezembro de 2025.</p><p class="assina">JARBAS DANIEL DA ROSA</p><p class="cargo">Prefeito</p>]]></Texto>
  </body>
  <Midias />
</article></xml>