﻿<xml><article id="46741877" name="2025-11-28/11439815/siasgnet_233" idOficio="11439815" pubName="DO3" artType="Aviso de Licitação-Concorrência" pubDate="03/12/2025" artClass="00050:00020:00096:00000:00000:00000:00000:00000:00000:00000:00159:00001" artCategory="Ministério dos Transportes/Departamento Nacional de Infraestrutura de Transportes/Superintendência Regional no Mato Grosso do Sul" artSize="12" artNotes="" numberPage="188" pdfPage="http://pesquisa.in.gov.br/imprensa/jsp/visualiza/index.jsp?data=03/12/2025&amp;jornal=530&amp;pagina=188" editionNumber="230" highlightType="" highlightPriority="" highlight="" highlightimage="" highlightimagename="" idMateria="23371331">
  <body>
    <Identifica><![CDATA[ AVISO DE LICITAÇÃO]]></Identifica>
    <Data><![CDATA[]]></Data>
    <Ementa />
    <Titulo />
    <SubTitulo />
    <Texto><![CDATA[<p class="identifica">AVISO DE LICITAÇÃO</p><p class="identifica">Concorrência Nº 90361/2025 - UASG 393010</p><p>Nº Processo: 50619000918202525. Objeto: Prestação de serviços técnicos de Apoio e Assessoramento em Engenharia Consultiva para atuação nas áreas de Planejamento e Gestão Pública das demandas referentes aos Empreendimentos da Malha Rodoviária sob jurisdição da SR/MS.. Total de Itens Licitados: 1. Edital: 03/12/2025 das 08h00 às 11h30 e das 13h30 às 17h30. Endereço: Rua Antonio Maria Coelho, 3099, Jardim Dos Estados - Campo Grande/MS ou https://www.gov.br/compras/edital/393010-3-90361-2025. Entrega das Propostas: a partir de 03/12/2025 às 08h00 no site www.gov.br/compras. Abertura das Propostas: 27/01/2026 às 10h00 no site www.gov.br/compras. Informações Gerais: Edital e anexos: https://www.gov.br/dnit/pt-br/assuntos/licitacoes/superintendencias/editais-de-licitacoes/ Esclarecimentos: scl.ms@dnit.gov.br.</p><p class="assina">EURO NUNES VARANIS JUNIOR</p><p class="cargo">Superintendente Reginal</p><p>(SIASGnet - 28/11/2025) 393010-39252-2025NE800002</p>]]></Texto>
  </body>
  <Midias />
</article></xml>