﻿<xml><article id="46726232" name="Pub040" idOficio="11442069" pubName="DO3" artType="Aviso de Licitação-Pregão" pubDate="03/12/2025" artClass="00075:00024:00089:00000:00000:00000:00000:00000:00000:00000:00162:00000" artCategory="Prefeituras/Estado de São Paulo/Prefeitura Municipal de Assis" artSize="12" artNotes="" numberPage="296" pdfPage="http://pesquisa.in.gov.br/imprensa/jsp/visualiza/index.jsp?data=03/12/2025&amp;jornal=530&amp;pagina=296" editionNumber="230" highlightType="" highlightPriority="" highlight="" highlightimage="" highlightimagename="" idMateria="23374663">
  <body>
    <Identifica><![CDATA[AVISO DE LICITAÇÃO  Pregão Eletrônico nº 90072/2025  ]]></Identifica>
    <Data><![CDATA[ Assis-SP, 1º de dezembro de 2025.]]></Data>
    <Ementa />
    <Titulo />
    <SubTitulo />
    <Texto><![CDATA[<p class="identifica">AVISO DE LICITAÇÃO Pregão Eletrônico nº 90072/2025</p><p>Ref.: Processo 083/25 - Pregão Eletrônico nº 90072/2025 - Registro de preços para aquisição de Estabilizante de Solo. Encerramento: 09:00 horas do dia 16/12/2025. Íntegra do Edital no Departamento de Licitações, na Avenida Rui Barbosa, 1066, Assis(SP), e nas páginas http://www.assis.sp.gov.br; http://www.compras.gov.br. Informações: (18) 3322-2574.</p><p class="data">Assis-SP, 1º de dezembro de 2025.</p><p class="assina">TELMA GONÇALVES CARNEIRO SPERA DE ANDRADE</p><p class="cargo">Prefeita</p>]]></Texto>
  </body>
  <Midias />
</article></xml>