﻿<xml><article id="46727525" name="73 - Extrato 2 aditivo de contra" idOficio="11434289" pubName="DO3" artType="Extrato de Termo Aditivo" pubDate="03/12/2025" artClass="00075:00009:00053:00000:00000:00000:00000:00000:00000:00000:00053:00000" artCategory="Prefeituras/Estado do Maranhão/Prefeitura Municipal de Boa Vista do Gurupi" artSize="12" artNotes="" numberPage="241" pdfPage="http://pesquisa.in.gov.br/imprensa/jsp/visualiza/index.jsp?data=03/12/2025&amp;jornal=530&amp;pagina=241" editionNumber="230" highlightType="" highlightPriority="" highlight="" highlightimage="" highlightimagename="" idMateria="23363258">
  <body>
    <Identifica><![CDATA[EXTRATO DE TERMO ADITIVO]]></Identifica>
    <Data><![CDATA[]]></Data>
    <Ementa />
    <Titulo />
    <SubTitulo />
    <Texto><![CDATA[<p class="identifica">EXTRATO DE TERMO ADITIVO</p><p>PREFEITURA MUNICIPAL DE BOA VISTA DO GURUPI-MA</p><p>PROCESSO ADMINISTRATIVO N° 010/2022</p><p>TERMO ADITIVO</p><p>SEGUNDO TERMO ADITIVO AO CONTRATO Nº 002/2022. PARTES: PREFEITURA MUNICIPAL DE BOA VISTA DO GURUPI, E DE OUTRO LADO A EMPRESA ATOS CONSTRUCOES E PROJETOS LTDA, CNPJ Nº 20.854.678/0001-49. OBJETO: Prorrogar por mais 01 (um) ano período de 24.10.2025 à 24.10.2026. O contrato nº 002/2022, Tomada de Preço 002/2022. OBJETIVANDO a Contratação de empresa para pavimentação em bloquetes no município de Boa Vista do Gurupi - MA - Conv. Nº 916712/2021/MDR. AMPARO LEGAL: Art. 57, Inciso II da Lei Federal Nº 8.666/93 e suas alterações posteriores. BOA VISTA DO GURUPI/MA, 24 de outubro de 2025. ASSINATURA: Secretário Municipal de Administração, o Sr. Alex Gomes do Nascimento e, Sr. Francis Santos da Silveira - Representante Legal.</p>]]></Texto>
  </body>
  <Midias />
</article></xml>