﻿<xml><article id="46740572" name="2025-12-01/11443581/COMPRASNETWS" idOficio="11443581" pubName="DO3" artType="Extrato de Termo Aditivo" pubDate="03/12/2025" artClass="00050:00020:00096:00000:00000:00000:00000:00000:00000:00000:00053:00001" artCategory="Ministério dos Transportes/Departamento Nacional de Infraestrutura de Transportes/Superintendência Regional no Mato Grosso do Sul" artSize="12" artNotes="" numberPage="187" pdfPage="http://pesquisa.in.gov.br/imprensa/jsp/visualiza/index.jsp?data=03/12/2025&amp;jornal=530&amp;pagina=187" editionNumber="230" highlightType="" highlightPriority="" highlight="" highlightimage="" highlightimagename="" idMateria="23376842">
  <body>
    <Identifica><![CDATA[ EXTRATO DE TERMO ADITIVO Nº 2/2025 - UASG 393010]]></Identifica>
    <Data><![CDATA[]]></Data>
    <Ementa />
    <Titulo />
    <SubTitulo />
    <Texto><![CDATA[<p class="identifica">EXTRATO DE TERMO ADITIVO Nº 2/2025 - UASG 393010</p><p>Número do Contrato: 702/2023.</p><p>Nº Processo: 50619.001724/2023-85.</p><p>Pregão. Nº 420/2023. Contratante: SUPERINTENDENCIA REG. NO ESTADO MS - DNIT. Contratado: 00.237.518/0001-43 - CONSTRUTORA CAIAPO LTDA. Objeto: Reequilíbrio econômico-financeiro. Vigência: 28/11/2023 a 28/04/2026. Data de Assinatura: 01/12/2025.</p><p>(COMPRASNET 4.0 - 01/12/2025).</p>]]></Texto>
  </body>
  <Midias />
</article></xml>