﻿<xml><article id="46740671" name="2025-11-28/11437657/COMPRASNETWS" idOficio="11437657" pubName="DO3" artType="Extrato de Termo Aditivo" pubDate="03/12/2025" artClass="00025:00075:00029:00000:00000:00000:00000:00000:00000:00000:00053:00001" artCategory="Ministério da Educação/Instituto Federal de Educação, Ciência e Tecnologia do Paraná/Campus Ivaiporã" artSize="12" artNotes="" numberPage="71" pdfPage="http://pesquisa.in.gov.br/imprensa/jsp/visualiza/index.jsp?data=03/12/2025&amp;jornal=530&amp;pagina=71" editionNumber="230" highlightType="" highlightPriority="" highlight="" highlightimage="" highlightimagename="" idMateria="23368014">
  <body>
    <Identifica><![CDATA[ EXTRATO DE TERMO ADITIVO Nº 1/2025 - UASG 154675]]></Identifica>
    <Data><![CDATA[]]></Data>
    <Ementa />
    <Titulo />
    <SubTitulo />
    <Texto><![CDATA[<p class="identifica">EXTRATO DE TERMO ADITIVO Nº 1/2025 - UASG 154675</p><p>Número do Contrato: 5/2024.</p><p>Nº Processo: 23411.018904/2024-31.</p><p>Pregão. Nº 90025/2024. Contratante: INST. FED. DO PARANA/CAMPUS IVAIPORA. Contratado: 21.613.941/0001-70 - SMART LINK SOLUCOES LTDA. Objeto: Prorrogar o prazo da vigência do contrato nº 05/2024, por 12 (doze) meses, contemplando-se, nesta ocasião, o período de 02/12/2025 a 01/12/2026, nos termos dos arts. 106 e 107, da lei n.º 14.133/2021. Vigência: 02/12/2025 a 01/12/2026. Valor Total Atualizado do Contrato: R$ 352.742,34. Data de Assinatura: 27/11/2025.</p><p>(COMPRASNET 4.0 - 27/11/2025).</p>]]></Texto>
  </body>
  <Midias />
</article></xml>