﻿<xml><article id="46743232" name="2025-12-01/11443199/COMPRASNETWS" idOficio="11443199" pubName="DO3" artType="Extrato de Apostilamento" pubDate="03/12/2025" artClass="00047:00045:00031:00000:00000:00000:00000:00000:00000:00000:00141:00001" artCategory="Ministério da Saúde/Secretaria de Saúde Indígena/Distrito Sanitário Especial Indígena - Porto Velho" artSize="12" artNotes="" numberPage="152" pdfPage="http://pesquisa.in.gov.br/imprensa/jsp/visualiza/index.jsp?data=03/12/2025&amp;jornal=530&amp;pagina=152" editionNumber="230" highlightType="" highlightPriority="" highlight="" highlightimage="" highlightimagename="" idMateria="23376264">
  <body>
    <Identifica><![CDATA[ EXTRATO DE APOSTILAMENTO Nº 2/2025 - UASG 257049]]></Identifica>
    <Data><![CDATA[]]></Data>
    <Ementa />
    <Titulo />
    <SubTitulo />
    <Texto><![CDATA[<p class="identifica">EXTRATO DE APOSTILAMENTO Nº 2/2025 - UASG 257049</p><p>Número do Contrato: 5/2021.</p><p>Nº Processo: 25061.000268/2020-18.</p><p>Contratante: DISTRITO SANIT.ESP.INDIGENA - PORTO VELHO. Contratado: 04.688.693/0001-08 - PAX NACIONAL LTDA. Objeto: Prestação de serviços funerários para atender a população indígena aldeada dos polos bases/casai's de jaru/ro, alta floresta/ro e jí-paraná/ro, adstrita ao dsei porto velho/ro. Vigência: 04/05/2021 a 04/05/2026. Valor Total Atualizado do Contrato: R$ 127.150,74. Data de Assinatura: 28/11/2025.</p><p>(COMPRASNET 4.0 - 28/11/2025).</p>]]></Texto>
  </body>
  <Midias />
</article></xml>