﻿<xml><article id="46732748" name="PUBLICACAO EDITAL CONCORRENCIA E" idOficio="11442854" pubName="DO3" artType="Aviso de Licitação-Concorrência" pubDate="03/12/2025" artClass="00075:00019:00132:00000:00000:00000:00000:00000:00000:00000:00159:122025" artCategory="Prefeituras/Estado do Rio Grande do Sul/Prefeitura Municipal de Cerro Branco" artSize="12" artNotes="" numberPage="286" pdfPage="http://pesquisa.in.gov.br/imprensa/jsp/visualiza/index.jsp?data=03/12/2025&amp;jornal=530&amp;pagina=286" editionNumber="230" highlightType="" highlightPriority="" highlight="" highlightimage="" highlightimagename="" idMateria="23375772">
  <body>
    <Identifica><![CDATA[ aviso de licitação ]]></Identifica>
    <Data><![CDATA[ Cerro Branco - RS, 1º de dezembro de 2025.]]></Data>
    <Ementa />
    <Titulo />
    <SubTitulo />
    <Texto><![CDATA[<p class="identifica">aviso de licitação</p><p class="identifica">Concorrência Eletrônica nº 12/2025</p><p>Execução das reformas da EMEI Tia Clara, EMEB Augusto Schultz e Centro de Multiuso Darci Preussler (EMEB Carlos Muller). Abertura: 22/12/2025 às 8:00hrs. Informações fone: 0800 000 3904, e-mail: licita@pmcerrobranco.rs.gov.br, sites: www.pmcerrobranco.rs.gov.br ou www.portaldecompraspublicas.com.br.</p><p class="data">Cerro Branco - RS, 1º de dezembro de 2025.</p><p class="assina">Bruno Luciano Radtke</p><p class="cargo">Prefeito</p>]]></Texto>
  </body>
  <Midias />
</article></xml>