﻿<xml><article id="46739730" name="EXTRATO DE INEXIGIBILIDADE 6.202" idOficio="11441418" pubName="DO3" artType="Extrato de Inexigibilidade de Licitação" pubDate="03/12/2025" artClass="00075:00013:00188:00000:00000:00000:00000:00000:00000:00000:00040:00000" artCategory="Prefeituras/Estado do Pará/Prefeitura Municipal de Parauapebas" artSize="12" artNotes="" numberPage="266" pdfPage="http://pesquisa.in.gov.br/imprensa/jsp/visualiza/index.jsp?data=03/12/2025&amp;jornal=530&amp;pagina=266" editionNumber="230" highlightType="" highlightPriority="" highlight="" highlightimage="" highlightimagename="" idMateria="23373893">
  <body>
    <Identifica><![CDATA[ EXTRATO DE INEXIGIBILIDADE DE LICITAÇÃO]]></Identifica>
    <Data><![CDATA[]]></Data>
    <Ementa />
    <Titulo />
    <SubTitulo />
    <Texto><![CDATA[<p></p><p class="identifica">EXTRATO DE INEXIGIBILIDADE DE LICITAÇÃO</p><p>INEXIGIBILIDADE Nº 6.2025-016SEMSA</p><p>A Gerência de Contratações Públicas da Secretaria Municipal de Saúde do Município de Parauapebas/PA, através do Fundo Municipal de Saúde, em cumprimento à ratificação procedida pelo Secretário Municipal de Saúde, Sr. LUIZ ANTONIO MENDES VELOSO, faz publicar o extrato resumido do processo de INEXIGIBILIDADE DE LICITAÇÃO a seguir:</p><p>OBJETO: Locação de imóvel localizado na Avenida Salvador Flauzino, s/n, quadra 31, lote 37, Bairro Amazônia, para funcionamento da Unidade Básica de Saúde - UBS Novo Brasil, no Município de Parauapebas, Estado do Pará.</p><p>FAVORECIDO: EDENILSON SILVA NERES</p><p>VALOR: R$ 432.000,00 (Quatrocentos e trinta e dois mil reais).</p><p>FUNDAMENTAÇÃO LEGAL: Artigo 74, inciso V, parágrafo 5, incisos I, II e III da Lei 14.133/2021 e demais legislações aplicáveis.</p><p>DECLARAÇÃO DE INEXIGIBILIDADE.: Emitida pela Gerência de Contratações Públicas e ratificada pelo Sr. LUIZ ANTONIO MENDES VELOSO, na qualidade de ordenador de despesas da SEMSA/FMS.</p><p>Esta inexigibilidade de licitação entra em vigor na data de sua publicação, retroagindo os seus efeitos ao dia 28 de novembro de 2025.</p><p></p>]]></Texto>
  </body>
  <Midias />
</article></xml>