﻿<xml><article id="46725086" name="AVISO_DE_LICITACAO_030_CPL_25_CO" idOficio="11435407" pubName="DO3" artType="Aviso de Licitação-Concorrência" pubDate="03/12/2025" artClass="00075:00020:00067:00000:00000:00000:00000:00000:00000:00000:00159:00000" artCategory="Prefeituras/Estado do Rio de Janeiro/Prefeitura Municipal de Nova Iguaçu" artSize="12" artNotes="" numberPage="290" pdfPage="http://pesquisa.in.gov.br/imprensa/jsp/visualiza/index.jsp?data=03/12/2025&amp;jornal=530&amp;pagina=290" editionNumber="230" highlightType="" highlightPriority="" highlight="" highlightimage="" highlightimagename="" idMateria="23364676">
  <body>
    <Identifica><![CDATA[ AVISO DE LICITAÇÃO]]></Identifica>
    <Data><![CDATA[ Nova Iguaçu-RJ, 27 de Novembro de 2025.]]></Data>
    <Ementa />
    <Titulo />
    <SubTitulo />
    <Texto><![CDATA[<p class="identifica">AVISO DE LICITAÇÃO</p><p class="identifica">CONCORRÊNCIA ELETRÔNICA</p><p>LICITAÇÃO N <sup>O</sup> 030/CPL/25 (90.030/2025 - PNCP) PROCESSO Nº 2025/155.461 UASG: 925124 Requisitante: Secretaria Municipal de Infraestrutura - SEMIF</p><p>O Município de Nova Iguaçu/RJ, através da Comissão Permanente de Licitação - CPLMOS/SEMUG, torna público que, realizará Concorrência Eletrônica, para Contratação de Empresa de Engenharia Especializada, Para Execução de Construção de 04 (Quatro) Creches - Escolas Infantis: Ipiranga, Nova Era, Prados Verdes e Comendador Soares, Visando Atender às Demandas da Rede Municipal de Educação, No Município de Nova Iguaçu/Rj. Tipo: Menor Preço Global. Regime de Execução: Empreitada Por Preço Unitário. Modo de Disputa: Aberto. Edital A Partir de: 03/12/2025 das 09:00 às 17:00 Horas. Entrega da Proposta: 17/12/2025 às 11:00 Horas - Horário de Brasília. Informações: O Edital com as especificações da referida licitação, encontra-se disponibilizado nos endereços eletrônicos http://www.gov.br/compras, www.gov.br/pncp e no site www.novaiguacu.rj.gov.br no link portal da transparência / licitações todas as modalidades / ano 2025. Quaisquer esclarecimentos relativos à licitação poderão ser prestados através do telefone (0XX21) 2666-4924, nos horários de 09:00 as 17:00 horas ou email: cplnovaiguacu@gmail.com.</p><p class="data">Nova Iguaçu-RJ, 27 de Novembro de 2025.</p><p class="assina">MÁRCIA BRAGA MOREIRA</p><p class="cargo">Agente de Contratação</p>]]></Texto>
  </body>
  <Midias />
</article></xml>