﻿<xml><article id="46726001" name="CON 04-2025 IMPRENSA NACIONAL" idOficio="11441728" pubName="DO3" artType="Aviso de Licitação-Concorrência" pubDate="03/12/2025" artClass="00075:00012:00337:00000:00000:00000:00000:00000:00000:00000:00159:00000" artCategory="Prefeituras/Estado de Minas Gerais/Prefeitura Municipal de Conselheiro Pena" artSize="12" artNotes="" numberPage="251" pdfPage="http://pesquisa.in.gov.br/imprensa/jsp/visualiza/index.jsp?data=03/12/2025&amp;jornal=530&amp;pagina=251" editionNumber="230" highlightType="" highlightPriority="" highlight="" highlightimage="" highlightimagename="" idMateria="23374234">
  <body>
    <Identifica><![CDATA[AVISO DE LICITAÇÃO]]></Identifica>
    <Data><![CDATA[ Conselheiro Pena-MG,   1º de dezembro de 2025.]]></Data>
    <Ementa />
    <Titulo />
    <SubTitulo />
    <Texto><![CDATA[<p class="identifica">AVISO DE LICITAÇÃO</p><p class="identifica">CONCORRÊNCIA ELETRÔNICA N° 4/2025</p><p>Processo Licitatorio n° 109/2025. Objeto: CONTRATAÇÃO DE EMPRESA ESPECIALIZADA EM CONSTRUÇÃO DE ALAMBRADO PARA INFRAESTRUTURA URBANA NO DISTRITO DA PENHA DO NORTE NO MUNICÍPIO DE CONSELHEIRO PENA/MG.</p><p>O Edital e seus anexos estão à disposição dos interessados no site www.conselheiropena.mg.gov.br, no link "Licitações e no site www.licitardigital.com Data: 17/12/2025, às 09:00 Horas</p><p class="data">Conselheiro Pena-MG, 1º de dezembro de 2025.</p><p class="assina">Nádia Filomena Dutra França</p><p class="cargo">Prefeita</p>]]></Texto>
  </body>
  <Midias />
</article></xml>