﻿<xml><article id="46728944" name="EXTRATO DO CONTRATO - DOU - CASA" idOficio="11440401" pubName="DO3" artType="Extrato de Contrato" pubDate="03/12/2025" artClass="00075:00004:00068:00000:00000:00000:00000:00000:00000:00000:00030:00000" artCategory="Prefeituras/Estado do Amazonas/Prefeitura Municipal de Santa Isabel do Rio Negro" artSize="12" artNotes="" numberPage="221" pdfPage="http://pesquisa.in.gov.br/imprensa/jsp/visualiza/index.jsp?data=03/12/2025&amp;jornal=530&amp;pagina=221" editionNumber="230" highlightType="" highlightPriority="" highlight="" highlightimage="" highlightimagename="" idMateria="23372386">
  <body>
    <Identifica><![CDATA[  EXTRATO DO CONTRATO Nº 77/2025 ]]></Identifica>
    <Data><![CDATA[]]></Data>
    <Ementa />
    <Titulo />
    <SubTitulo />
    <Texto><![CDATA[<p class="identifica">EXTRATO DO CONTRATO Nº 77/2025</p><p>CE Nº 012/2025</p><p>CONTRATANTE: Prefeitura Municipal de Santa Isabel do Rio Negro/AM, CNPJ nº 04.194.239/0001-09. CONTRATADA: ACO LTDA, inscrita no CNPJ sob o nº 51.180.387/0001-46. OBJETO: CONTRATAÇÃO DE EMPRESA DE ENGENHARIA PARA EXECUÇÃO DA CONSTRUÇÃO DE 25 (VINTE E CINCO) UNIDADES HABITACIONAIS DE INTERESSE SOCIAL NO MUNICÍPIO DE SANTA ISABEL DO RIO NEGRO/AM, VINCULADAS AO TERMO DE COMPROMISSO Nº 974210, CONFORME PROJETO BÁSICO, MEMORIAL DESCRITIVO, CRONOGRAMA FÍSICO-FINANCEIRO, PLANILHA ORÇAMENTÁRIA, COMPOSIÇÃO DE PREÇOS UNITÁRIOS E BDI. VALOR GLOBAL: R$ 3.257.775,57 (três milhões e duzentos e cinquenta e sete mil e setecentos e setenta e cinco reais e cinquenta e sete centavos) VIGÊNCIA: 365 (trezentos e sessenta e cinco) dias podendo ser prorrogado conforme legislação vigente.</p><p></p>]]></Texto>
  </body>
  <Midias />
</article></xml>