﻿<xml><article id="46737559" name="AVISO DE ANULACAO-LC-90020-2025" idOficio="11442831" pubName="DO3" artType="Aviso" pubDate="03/12/2025" artClass="00041:00024:00000:00000:00000:00000:00000:00000:00000:00000:00106:00000" artCategory="Ministério de Portos e Aeroportos/Companhia das Docas do Estado da Bahia" artSize="12" artNotes="" numberPage="147" pdfPage="http://pesquisa.in.gov.br/imprensa/jsp/visualiza/index.jsp?data=03/12/2025&amp;jornal=530&amp;pagina=147" editionNumber="230" highlightType="" highlightPriority="" highlight="" highlightimage="" highlightimagename="" idMateria="23375723">
  <body>
    <Identifica><![CDATA[ AVISO DE ANULAÇÃO]]></Identifica>
    <Data><![CDATA[]]></Data>
    <Ementa />
    <Titulo />
    <SubTitulo />
    <Texto><![CDATA[<p class="identifica">AVISO DE ANULAÇÃO</p><p class="identifica">LICITAÇÃO CODEBA Nº 90020/2025</p><p>A Codeba torna público que foi anulado por vicio de legalidade, decorrente de inconsistências técnicas identificadas no Termo de Referência, a LICITAÇÃO CODEBA Nº 90020/2025 (Contratação de empresa especializada na prestação de serviços técnicos de digitalização de documentos administrativos, históricos e culturais sob a guarda da Administração da Companhia das Docas do Estado da Bahia - CODEBA.), Processo Administrativo SEI nº 50903.001430/2024-29, conforme deliberação da Diretoria Executiva da Codeba em sua 503ª reunião ordinária de 13/11/2025. Ficam os autos franqueados para vistas</p><p>Antonio Gobbo</p><p class="cargo">Autoridade Competente</p>]]></Texto>
  </body>
  <Midias />
</article></xml>