﻿<xml><article id="46726667" name="Minuta DOU. Michel Colmanetti" idOficio="11443412" pubName="DO3" artType="Extrato de Termo Aditivo" pubDate="03/12/2025" artClass="00008:00029:00053:00000:00000:00000:00000:00000:00000:00000:00053:00000" artCategory="Ministério da Agricultura e Pecuária/Empresa Brasileira de Pesquisa Agropecuária/Embrapa Informática Agropecuária" artSize="12" artNotes="" numberPage="7" pdfPage="http://pesquisa.in.gov.br/imprensa/jsp/visualiza/index.jsp?data=03/12/2025&amp;jornal=530&amp;pagina=7" editionNumber="230" highlightType="" highlightPriority="" highlight="" highlightimage="" highlightimagename="" idMateria="23376531">
  <body>
    <Identifica><![CDATA[ EXTRATO DE TERMO ADITIVO]]></Identifica>
    <Data><![CDATA[]]></Data>
    <Ementa />
    <Titulo />
    <SubTitulo />
    <Texto><![CDATA[<p class="identifica">EXTRATO DE TERMO ADITIVO</p><p>Espécie: Aditivo de Termo de Compromisso de Confidencialidade e Outras Avenças; Partes: Empresa Brasileira de Pesquisa Agropecuária (Embrapa) CNPJ 00.348.003/0116-60 e Bolsista Michel Anderson Almeida Colmanetti CPF XXX.050.XXX-31; Objeto: Prorroga a vigência do Termo de Compromisso de Confidencialidade e Outras Avenças, celebrado em 18/04/2023, entre a Embrapa e o Bolsista; Data da assinatura: 01/12/2025; Vigência: 01/01/2026 a 01/06/2026; Signatários: Eduardo Caputi, Chefe Adjunto de Administração, pela Embrapa, Luciana Guilherme Sacomani Zenerato, Supervisora do Setor de Gestão de Pessoas, pela Embrapa e Michel Anderson Almeida Colmanetti, Bolsista.</p>]]></Texto>
  </body>
  <Midias />
</article></xml>